{
  "servicechain": {
    "SC1": {
      "resptime": 1.1645725731205312,
      "services": {
        "MS1_1": {
          "meanserv": 0.9375149971802268,
          "stddevserv": 0.09375149971802269,
          "rate": 1.066649603481235,
          "cv": 0.1,
          "lambda": 0.8
        },
        "MS1_2": {
          "meanserv": 0.062485002819773205,
          "stddevserv": 0.0062485002819773205,
          "rate": 16.00384019961271,
          "cv": 0.1,
          "lambda": 0.8
        }
      },
      "sensors": [
        "S1"
      ],
      "lambda": 0.8
    }
  },
  "microservice": {
    "MS1_1": "F4",
    "MS1_2": "F1"
  },
  "sensor": {
    "S1": "F4"
  },
  "fog": {
    "F1": {
      "rho": 0.05247173799272567,
      "capacity": 0.9526652664477889
    },
    "F2": {
      "rho": 0,
      "capacity": 0.7462937837220025
    },
    "F3": {
      "rho": 0,
      "capacity": 0.9274900701228387
    },
    "F4": {
      "rho": 0.5460387444140177,
      "capacity": 1.3735508797073697
    }
  },
  "time": 10.15623950958252
}