{
  "servicechain": {
    "SC1": {
      "resptime": 16.52008611580873,
      "resptime_old": 6.520086115808731,
      "waittime": 3.2691401023826177,
      "servicetime": 10.0,
      "networktime": 3.2509460134261134,
      "services": {
        "MS1_1": {
          "meanserv": 2.610319153384041,
          "stddevserv": 2.610319153384041,
          "rate": 0.38309491722634414,
          "cv": 1.0,
          "lambda": 0.05
        },
        "MS1_2": {
          "meanserv": 1.0788418972729428,
          "stddevserv": 1.0788418972729428,
          "rate": 0.9269198781839707,
          "cv": 1.0,
          "lambda": 0.05
        },
        "MS1_3": {
          "meanserv": 0.007821662828048304,
          "stddevserv": 0.007821662828048304,
          "rate": 127.85005209046125,
          "cv": 1.0,
          "lambda": 0.05
        },
        "MS1_4": {
          "meanserv": 5.067589306474795,
          "stddevserv": 5.067589306474795,
          "rate": 0.19733248681425558,
          "cv": 1.0,
          "lambda": 0.05
        },
        "MS1_5": {
          "meanserv": 1.235427980040173,
          "stddevserv": 1.235427980040173,
          "rate": 0.809436095147758,
          "cv": 1.0,
          "lambda": 0.05
        }
      },
      "sensors": [
        "S1"
      ],
      "sources": [
        {
          "startTime": 0,
          "stopTime": -1,
          "lambda": 0.05
        }
      ]
    },
    "SC2": {
      "resptime": 15.88842424406493,
      "resptime_old": 5.888424244064931,
      "waittime": 4.272936336470341,
      "servicetime": 10.0,
      "networktime": 1.6154879075945896,
      "services": {
        "MS2_1": {
          "meanserv": 0.2556158799428876,
          "stddevserv": 0.2556158799428876,
          "rate": 3.912120014701084,
          "cv": 1.0,
          "lambda": 0.05
        },
        "MS2_2": {
          "meanserv": 0.6907610999794267,
          "stddevserv": 0.6907610999794267,
          "rate": 1.447678510022906,
          "cv": 1.0,
          "lambda": 0.05
        },
        "MS2_3": {
          "meanserv": 1.2477050485796393,
          "stddevserv": 1.2477050485796393,
          "rate": 0.80147147047163,
          "cv": 1.0,
          "lambda": 0.05
        },
        "MS2_4": {
          "meanserv": 0.9689566407973258,
          "stddevserv": 0.9689566407973258,
          "rate": 1.0320379239850501,
          "cv": 1.0,
          "lambda": 0.05
        },
        "MS2_5": {
          "meanserv": 6.836961330700721,
          "stddevserv": 6.836961330700721,
          "rate": 0.14626380809111728,
          "cv": 1.0,
          "lambda": 0.05
        }
      },
      "sensors": [
        "S2"
      ],
      "sources": [
        {
          "startTime": 0,
          "stopTime": -1,
          "lambda": 0.05
        }
      ]
    },
    "SC3": {
      "resptime": 16.22404915102542,
      "resptime_old": 6.224049151025418,
      "waittime": 4.711965285153906,
      "servicetime": 10.0,
      "networktime": 1.5120838658715121,
      "services": {
        "MS3_1": {
          "meanserv": 3.053054043298266,
          "stddevserv": 3.053054043298266,
          "rate": 0.3275408773700197,
          "cv": 1.0,
          "lambda": 0.05
        },
        "MS3_2": {
          "meanserv": 0.023672487974925716,
          "stddevserv": 0.023672487974925716,
          "rate": 42.24313055134789,
          "cv": 1.0,
          "lambda": 0.05
        },
        "MS3_3": {
          "meanserv": 1.904679258872319,
          "stddevserv": 1.904679258872319,
          "rate": 0.525022780261732,
          "cv": 1.0,
          "lambda": 0.05
        },
        "MS3_4": {
          "meanserv": 1.219601030940792,
          "stddevserv": 1.219601030940792,
          "rate": 0.8199402711463819,
          "cv": 1.0,
          "lambda": 0.05
        },
        "MS3_5": {
          "meanserv": 3.7989931789136975,
          "stddevserv": 3.7989931789136975,
          "rate": 0.26322763766739504,
          "cv": 1.0,
          "lambda": 0.05
        }
      },
      "sensors": [
        "S3"
      ],
      "sources": [
        {
          "startTime": 0,
          "stopTime": -1,
          "lambda": 0.05
        }
      ]
    },
    "SC4": {
      "resptime": 15.616324708584138,
      "resptime_old": 5.616324708584138,
      "waittime": 2.2605656473243467,
      "servicetime": 10.0,
      "networktime": 3.35575906125979,
      "services": {
        "MS4_1": {
          "meanserv": 3.4965003605476053,
          "stddevserv": 3.4965003605476053,
          "rate": 0.2860002565088781,
          "cv": 1.0,
          "lambda": 0.05
        },
        "MS4_2": {
          "meanserv": 1.5937010104808564,
          "stddevserv": 1.5937010104808564,
          "rate": 0.6274702679006754,
          "cv": 1.0,
          "lambda": 0.05
        },
        "MS4_3": {
          "meanserv": 0.6173447744695846,
          "stddevserv": 0.6173447744695846,
          "rate": 1.6198403896091746,
          "cv": 1.0,
          "lambda": 0.05
        },
        "MS4_4": {
          "meanserv": 0.2826371209704641,
          "stddevserv": 0.2826371209704641,
          "rate": 3.5381056690869035,
          "cv": 1.0,
          "lambda": 0.05
        },
        "MS4_5": {
          "meanserv": 4.00981673353149,
          "stddevserv": 4.00981673353149,
          "rate": 0.2493879562219516,
          "cv": 1.0,
          "lambda": 0.05
        }
      },
      "sensors": [
        "S4"
      ],
      "sources": [
        {
          "startTime": 0,
          "stopTime": -1,
          "lambda": 0.05
        }
      ]
    }
  },
  "microservice": {
    "MS1_1": "F10",
    "MS1_2": "F10",
    "MS1_3": "F10",
    "MS1_4": "F2",
    "MS1_5": "F4",
    "MS2_1": "F6",
    "MS2_2": "F6",
    "MS2_3": "F6",
    "MS2_4": "F6",
    "MS2_5": "F1",
    "MS3_1": "F3",
    "MS3_2": "F3",
    "MS3_3": "F3",
    "MS3_4": "F8",
    "MS3_5": "F8",
    "MS4_1": "F9",
    "MS4_2": "F7",
    "MS4_3": "F7",
    "MS4_4": "F7",
    "MS4_5": "F5"
  },
  "sensor": {
    "S1": "F10",
    "S2": "F6",
    "S3": "F3",
    "S4": "F9"
  },
  "fog": {
    "F1": {
      "rho": 0.34184806653503613,
      "capacity": 1.0,
      "tserv": 6.8369613307007215,
      "stddev": 6.83696133070072,
      "mu": 0.14626380809111725,
      "cv": 0.9999999999999998,
      "lambda": 0.05,
      "twait": 3.5511587720637876
    },
    "F2": {
      "rho": 0.2533794653237397,
      "capacity": 1.0,
      "tserv": 5.067589306474794,
      "stddev": 5.0675893064747966,
      "mu": 0.1973324868142556,
      "cv": 1.0000000000000004,
      "lambda": 0.05,
      "twait": 1.7197800078076424
    },
    "F3": {
      "rho": 0.24907028950727556,
      "capacity": 1.0,
      "tserv": 1.6604685967151702,
      "stddev": 2.4240143723651677,
      "mu": 0.6022396340275599,
      "cv": 1.4598375284907439,
      "lambda": 0.15000000000000002,
      "twait": 0.8622313297917303
    },
    "F4": {
      "rho": 0.061771399002008655,
      "capacity": 1.0,
      "tserv": 1.235427980040173,
      "stddev": 1.2354279800401733,
      "mu": 0.809436095147758,
      "cv": 1.0000000000000002,
      "lambda": 0.05,
      "twait": 0.08133850813344637
    },
    "F5": {
      "rho": 0.20049083667657447,
      "capacity": 1.0,
      "tserv": 4.00981673353149,
      "stddev": 4.00981673353149,
      "mu": 0.2493879562219516,
      "cv": 1.0,
      "lambda": 0.05,
      "twait": 1.0055313293516848
    },
    "F6": {
      "rho": 0.15815193346496398,
      "capacity": 1.0,
      "tserv": 0.7907596673248198,
      "stddev": 0.9453923874203776,
      "mu": 1.2646067336527809,
      "cv": 1.1955495790758879,
      "lambda": 0.2,
      "twait": 0.18044439110163832
    },
    "F7": {
      "rho": 0.12468414529604527,
      "capacity": 1.0,
      "tserv": 0.8312276353069683,
      "stddev": 1.1443985759562547,
      "mu": 1.2030398864574623,
      "cv": 1.3767571328804942,
      "lambda": 0.15000000000000002,
      "twait": 0.17141704947970016
    },