{
  "servicechain": {
    "SC1": {
      "resptime": 45.86376640343211,
      "resptime_old": 35.8637664034321,
      "waittime": 30.49860442910461,
      "servicetime": 10.0,
      "networktime": 5.365161974327497,
      "services": {
        "MS1_1": {
          "meanserv": 1.0607876903438207,
          "stddevserv": 1.0607876903438207,
          "rate": 0.9426957053733171,
          "cv": 1.0,
          "lambda": 0.175
        },
        "MS1_2": {
          "meanserv": 3.573118351930326,
          "stddevserv": 3.573118351930326,
          "rate": 0.27986758385984173,
          "cv": 1.0,
          "lambda": 0.175
        },
        "MS1_3": {
          "meanserv": 1.2095854694203299,
          "stddevserv": 1.2095854694203299,
          "rate": 0.826729507985269,
          "cv": 1.0,
          "lambda": 0.175
        },
        "MS1_4": {
          "meanserv": 1.0370692204762326,
          "stddevserv": 1.0370692204762326,
          "rate": 0.9642557895419844,
          "cv": 1.0,
          "lambda": 0.175
        },
        "MS1_5": {
          "meanserv": 3.119439267829291,
          "stddevserv": 3.119439267829291,
          "rate": 0.320570434024146,
          "cv": 1.0,
          "lambda": 0.175
        }
      },
      "sensors": [
        "S1"
      ],
      "sources": [
        {
          "startTime": 0,
          "stopTime": -1,
          "lambda": 0.175
        }
      ]
    },
    "SC2": {
      "resptime": 66.61325340952237,
      "resptime_old": 56.61325340952237,
      "waittime": 50.85356954581082,
      "servicetime": 10.0,
      "networktime": 5.759683863711549,
      "services": {
        "MS2_1": {
          "meanserv": 4.954471715668836,
          "stddevserv": 4.954471715668836,
          "rate": 0.2018378663536287,
          "cv": 1.0,
          "lambda": 0.175
        },
        "MS2_2": {
          "meanserv": 0.45469944773537385,
          "stddevserv": 0.45469944773537385,
          "rate": 2.1992549253809086,
          "cv": 1.0,
          "lambda": 0.175
        },
        "MS2_3": {
          "meanserv": 0.09309084412679347,
          "stddevserv": 0.09309084412679347,
          "rate": 10.742194996512866,
          "cv": 1.0,
          "lambda": 0.175
        },
        "MS2_4": {
          "meanserv": 2.7740897484914324,
          "stddevserv": 2.7740897484914324,
          "rate": 0.3604786040335596,
          "cv": 1.0,
          "lambda": 0.175
        },
        "MS2_5": {
          "meanserv": 1.7236482439775642,
          "stddevserv": 1.7236482439775642,
          "rate": 0.580164777525812,
          "cv": 1.0,
          "lambda": 0.175
        }
      },
      "sensors": [
        "S2"
      ],
      "sources": [
        {
          "startTime": 0,
          "stopTime": -1,
          "lambda": 0.175
        }
      ]
    },
    "SC3": {
      "resptime": 41.28785671095566,
      "resptime_old": 31.287856710955662,
      "waittime": 23.619339458876446,
      "servicetime": 10.0,
      "networktime": 7.668517252079215,
      "services": {
        "MS3_1": {
          "meanserv": 2.88927109399731,
          "stddevserv": 2.88927109399731,
          "rate": 0.3461080554460879,
          "cv": 1.0,
          "lambda": 0.175
        },
        "MS3_2": {
          "meanserv": 0.8826571426265506,
          "stddevserv": 0.8826571426265506,
          "rate": 1.1329427381330293,
          "cv": 1.0,
          "lambda": 0.175
        },
        "MS3_3": {
          "meanserv": 1.550615573110257,
          "stddevserv": 1.550615573110257,
          "rate": 0.6449051701410293,
          "cv": 1.0,
          "lambda": 0.175
        },
        "MS3_4": {
          "meanserv": 3.0307880902799305,
          "stddevserv": 3.0307880902799305,
          "rate": 0.32994718542253404,
          "cv": 1.0,
          "lambda": 0.175
        },
        "MS3_5": {
          "meanserv": 1.646668099985952,
          "stddevserv": 1.646668099985952,
          "rate": 0.6072869207878206,
          "cv": 1.0,
          "lambda": 0.175
        }
      },
      "sensors": [
        "S3"
      ],
      "sources": [
        {
          "startTime": 0,
          "stopTime": -1,
          "lambda": 0.175
        }
      ]
    },
    "SC4": {
      "resptime": 41.964541935961975,
      "resptime_old": 31.96454193596197,
      "waittime": 26.545810018167877,
      "servicetime": 10.0,
      "networktime": 5.418731917794094,
      "services": {
        "MS4_1": {
          "meanserv": 2.060981686854886,
          "stddevserv": 2.060981686854886,
          "rate": 0.48520566988929786,
          "cv": 1.0,
          "lambda": 0.175
        },
        "MS4_2": {
          "meanserv": 0.6413339701534939,
          "stddevserv": 0.6413339701534939,
          "rate": 1.5592500109742582,
          "cv": 1.0,
          "lambda": 0.175
        },
        "MS4_3": {
          "meanserv": 0.11605938314718545,
          "stddevserv": 0.11605938314718545,
          "rate": 8.61627877800978,
          "cv": 1.0,
          "lambda": 0.175
        },
        "MS4_4": {
          "meanserv": 3.619928544385765,
          "stddevserv": 3.619928544385765,
          "rate": 0.2762485468258549,
          "cv": 1.0,
          "lambda": 0.175
        },
        "MS4_5": {
          "meanserv": 3.5616964154586697,
          "stddevserv": 3.5616964154586697,
          "rate": 0.28076508588989935,
          "cv": 1.0,
          "lambda": 0.175
        }
      },
      "sensors": [
        "S4"
      ],
      "sources": [
        {
          "startTime": 0,
          "stopTime": -1,
          "lambda": 0.175
        }
      ]
    }
  },
  "microservice": {
    "MS1_1": "F6",
    "MS1_2": "F3",
    "MS1_3": "F7",
    "MS1_4": "F4",
    "MS1_5": "F4",
    "MS2_1": "F1",
    "MS2_2": "F9",
    "MS2_3": "F9",
    "MS2_4": "F7",
    "MS2_5": "F10",
    "MS3_1": "F6",
    "MS3_2": "F10",
    "MS3_3": "F9",
    "MS3_4": "F5",
    "MS3_5": "F10",
    "MS4_1": "F9",
    "MS4_2": "F5",
    "MS4_3": "F5",
    "MS4_4": "F2",
    "MS4_5": "F8"
  },
  "sensor": {
    "S1": "F6",
    "S2": "F1",
    "S3": "F6",
    "S4": "F9"
  },
  "fog": {
    "F1": {
      "rho": 0.8670325502420463,
      "capacity": 1.0,
      "tserv": 4.954471715668836,
      "stddev": 4.954471715668835,
      "mu": 0.2018378663536287,
      "cv": 0.9999999999999998,
      "lambda": 0.175,
      "twait": 32.30631447439249
    },
    "F2": {
      "rho": 0.6334874952675089,
      "capacity": 1.0,
      "tserv": 3.6199285443857656,
      "stddev": 3.6199285443857643,
      "mu": 0.2762485468258549,
      "cv": 0.9999999999999997,
      "lambda": 0.175,
      "twait": 6.2567564190041365
    },
    "F3": {
      "rho": 0.6252957115878071,
      "capacity": 1.0,
      "tserv": 3.573118351930326,
      "stddev": 3.573118351930326,
      "mu": 0.27986758385984173,
      "cv": 1.0,
      "lambda": 0.175,
      "twait": 5.962716871817426
    },
    "F4": {
      "rho": 0.7273889854534666,
      "capacity": 1.0,
      "tserv": 2.078254244152762,
      "stddev": 2.5470126050719806,
      "mu": 0.4811730820776782,
      "cv": 1.2255539052731812,
      "lambda": 0.35,
      "twait": 6.937072729982215
    },
    "F5": {
      "rho": 0.6629317526266068,
      "capacity": 1.0,
      "tserv": 1.2627271478602036,
      "stddev": 2.1937389262713514,
      "mu": 0.7919367233804891,
      "cv": 1.7373024172235663,
      "lambda": 0.5249999999999999,
      "twait": 4.989582150894584
    },
    "F6": {
      "rho": 0.6912602872596978,
      "capacity": 1.0,
      "tserv": 1.9750293921705653,
      "stddev": 2.360596720885581,
      "mu": 0.5063215787897698,
      "cv": 1.195221058604741,
      "lambda": 0.35,
      "twait": 5.3695801927765325
    },
    "F7": {
      "rho": 0.6971431631345583,
      "capacity": 1.0,
      "tserv": 1.9918376089558811,
      "stddev": 2.278432329490384,
      "mu": 0.5020489599672731,
      "cv": 1.1438845813764584,
      "lambda": 0.35,
      "twait": 5.29216190454622
    },