{
  "servicechain": {
    "SC1": {
      "resptime": 13.462245175899836,
      "resptime_old": 3.4622451758998354,
      "waittime": 1.7490691029996372,
      "servicetime": 10.0,
      "networktime": 1.7131760729001981,
      "services": {
        "MS1_1": {
          "meanserv": 3.5616810239230245,
          "stddevserv": 3.5616810239230245,
          "rate": 0.28076629919502083,
          "cv": 1.0,
          "lambda": 0.025
        },
        "MS1_2": {
          "meanserv": 2.724533200850324,
          "stddevserv": 2.724533200850324,
          "rate": 0.3670353511155236,
          "cv": 1.0,
          "lambda": 0.025
        },
        "MS1_3": {
          "meanserv": 0.7928591011535273,
          "stddevserv": 0.7928591011535273,
          "rate": 1.2612581460502936,
          "cv": 1.0,
          "lambda": 0.025
        },
        "MS1_4": {
          "meanserv": 2.41767586320681,
          "stddevserv": 2.41767586320681,
          "rate": 0.41362037617135244,
          "cv": 1.0,
          "lambda": 0.025
        },
        "MS1_5": {
          "meanserv": 0.5032508108663141,
          "stddevserv": 0.5032508108663141,
          "rate": 1.987080752594445,
          "cv": 1.0,
          "lambda": 0.025
        }
      },
      "sensors": [
        "S1"
      ],
      "sources": [
        {
          "startTime": 0,
          "stopTime": -1,
          "lambda": 0.025
        }
      ]
    },
    "SC2": {
      "resptime": 12.618973720136761,
      "resptime_old": 2.6189737201367613,
      "waittime": 1.5948015743394472,
      "servicetime": 10.0,
      "networktime": 1.0241721457973143,
      "services": {
        "MS2_1": {
          "meanserv": 1.5145621404315701,
          "stddevserv": 1.5145621404315701,
          "rate": 0.6602568315322163,
          "cv": 1.0,
          "lambda": 0.025
        },
        "MS2_2": {
          "meanserv": 0.9541287941702157,
          "stddevserv": 0.9541287941702157,
          "rate": 1.048076534436504,
          "cv": 1.0,
          "lambda": 0.025
        },
        "MS2_3": {
          "meanserv": 2.2441433659924828,
          "stddevserv": 2.2441433659924828,
          "rate": 0.4456043295423532,
          "cv": 1.0,
          "lambda": 0.025
        },
        "MS2_4": {
          "meanserv": 0.8473557749524492,
          "stddevserv": 0.8473557749524492,
          "rate": 1.1801418360028486,
          "cv": 1.0,
          "lambda": 0.025
        },
        "MS2_5": {
          "meanserv": 4.439809924453282,
          "stddevserv": 4.439809924453282,
          "rate": 0.22523486748661653,
          "cv": 1.0,
          "lambda": 0.025
        }
      },
      "sensors": [
        "S2"
      ],
      "sources": [
        {
          "startTime": 0,
          "stopTime": -1,
          "lambda": 0.025
        }
      ]
    },
    "SC3": {
      "resptime": 14.10513274108454,
      "resptime_old": 4.10513274108454,
      "waittime": 2.279739268525551,
      "servicetime": 10.0,
      "networktime": 1.8253934725589889,
      "services": {
        "MS3_1": {
          "meanserv": 0.41235385071049735,
          "stddevserv": 0.41235385071049735,
          "rate": 2.4251016409255586,
          "cv": 1.0,
          "lambda": 0.025
        },
        "MS3_2": {
          "meanserv": 1.9705943648442015,
          "stddevserv": 1.9705943648442015,
          "rate": 0.507461108100277,
          "cv": 1.0,
          "lambda": 0.025
        },
        "MS3_3": {
          "meanserv": 0.6283005921726557,
          "stddevserv": 0.6283005921726557,
          "rate": 1.5915948710823467,
          "cv": 1.0,
          "lambda": 0.025
        },
        "MS3_4": {
          "meanserv": 3.490162595550534,
          "stddevserv": 3.490162595550534,
          "rate": 0.28651960263251325,
          "cv": 1.0,
          "lambda": 0.025
        },
        "MS3_5": {
          "meanserv": 3.4985885967221115,
          "stddevserv": 3.4985885967221115,
          "rate": 0.2858295487891653,
          "cv": 1.0,
          "lambda": 0.025
        }
      },
      "sensors": [
        "S3"
      ],
      "sources": [
        {
          "startTime": 0,
          "stopTime": -1,
          "lambda": 0.025
        }
      ]
    },
    "SC4": {
      "resptime": 13.773557965909651,
      "resptime_old": 3.773557965909651,
      "waittime": 2.060381893009453,
      "servicetime": 10.0,
      "networktime": 1.7131760729001981,
      "services": {
        "MS4_1": {
          "meanserv": 2.7893167898015916,
          "stddevserv": 2.7893167898015916,
          "rate": 0.35851073053309646,
          "cv": 1.0,
          "lambda": 0.025
        },
        "MS4_2": {
          "meanserv": 3.655562573557213,
          "stddevserv": 3.655562573557213,
          "rate": 0.27355570582584887,
          "cv": 1.0,
          "lambda": 0.025
        },
        "MS4_3": {
          "meanserv": 1.5128587468026424,
          "stddevserv": 1.5128587468026424,
          "rate": 0.6610002434883323,
          "cv": 1.0,
          "lambda": 0.025
        },
        "MS4_4": {
          "meanserv": 0.8029162610923315,
          "stddevserv": 0.8029162610923315,
          "rate": 1.2454598922178322,
          "cv": 1.0,
          "lambda": 0.025
        },
        "MS4_5": {
          "meanserv": 1.2393456287462215,
          "stddevserv": 1.2393456287462215,
          "rate": 0.8068774172477178,
          "cv": 1.0,
          "lambda": 0.025
        }
      },
      "sensors": [
        "S4"
      ],
      "sources": [
        {
          "startTime": 0,
          "stopTime": -1,
          "lambda": 0.025
        }
      ]
    }
  },
  "microservice": {
    "MS1_1": "F8",
    "MS1_2": "F8",
    "MS1_3": "F6",
    "MS1_4": "F6",
    "MS1_5": "F6",
    "MS2_1": "F4",
    "MS2_2": "F4",
    "MS2_3": "F4",
    "MS2_4": "F4",
    "MS2_5": "F2",
    "MS3_1": "F9",
    "MS3_2": "F9",
    "MS3_3": "F9",
    "MS3_4": "F10",
    "MS3_5": "F10",
    "MS4_1": "F5",
    "MS4_2": "F5",
    "MS4_3": "F9",
    "MS4_4": "F9",
    "MS4_5": "F9"
  },
  "sensor": {
    "S1": "F8",
    "S2": "F4",
    "S3": "F9",
    "S4": "F5"
  },
  "fog": {
    "F1": {
      "rho": 0,
      "capacity": 1.0,
      "tserv": 0,
      "stddev": 0,
      "mu": 0,
      "cv": 0,
      "lambda": 0.0,
      "twait": 0
    },
    "F2": {
      "rho": 0.11099524811133206,
      "capacity": 1.0,
      "tserv": 4.439809924453282,
      "stddev": 4.439809924453282,
      "mu": 0.22523486748661653,
      "cv": 1.0,
      "lambda": 0.025,
      "twait": 0.5543252756353778
    },
    "F3": {
      "rho": 0,
      "capacity": 1.0,
      "tserv": 0,
      "stddev": 0,
      "mu": 0,
      "cv": 0,
      "lambda": 0.0,
      "twait": 0
    },
    "F4": {
      "rho": 0.13900475188866795,
      "capacity": 1.0,
      "tserv": 1.3900475188866794,
      "stddev": 1.5959303368318867,
      "mu": 0.7193998668483813,
      "cv": 1.1481120718161517,
      "lambda": 0.1,
      "twait": 0.26011907467601736
    },
    "F5": {
      "rho": 0.16112198408397013,
      "capacity": 1.0,
      "tserv": 3.2224396816794023,
      "stddev": 3.280138469790451,
      "mu": 0.3103238846285685,
      "cv": 1.0179053120649812,
      "lambda": 0.05,
      "twait": 0.6301102628125645
    },
    "F6": {
      "rho": 0.09284464438066631,
      "capacity": 1.0,
      "tserv": 1.2379285917422171,
      "stddev": 1.7182050159149755,
      "mu": 0.8078010368858475,
      "cv": 1.3879677934385815,
      "lambda": 0.07500000000000001,
      "twait": 0.18538840868826947
    },
    "F7": {
      "rho": 0,
      "capacity": 1.0,
      "tserv": 0,
      "stddev": 0,
      "mu": 0,
      "cv": 0,
      "lambda": 0.0,
      "twait": 0
    },
    "F8": {
      "rho": 0.15715535561933372,
      "capacity": 1.0,
      "tserv": 3.1431071123866743,
      "stddev": 3.1983637314685422,
      "mu": 0.318156513361921,
      "cv": 1.0175802532672549,
      "lambda": 0.05,
      "twait": 0.5964519384674143
    },
    "F9": {
      "rho": 0.16415923610921374,