{
  "servicechain": {
    "SC1": {
      "resptime": 8175.184511613101,
      "resptime_old": 8165.1845116131,
      "waittime": 8161.806312405846,
      "servicetime": 10.0,
      "networktime": 3.378199207254225,
      "services": {
        "MS1_1": {
          "meanserv": 7.377709882826017,
          "stddevserv": 7.377709882826017,
          "rate": 0.13554341603047043,
          "cv": 1.0,
          "lambda": 0.15
        },
        "MS1_2": {
          "meanserv": 2.0357808664922166,
          "stddevserv": 2.0357808664922166,
          "rate": 0.4912120044251449,
          "cv": 1.0,
          "lambda": 0.15
        },
        "MS1_3": {
          "meanserv": 0.20822144681607568,
          "stddevserv": 0.20822144681607568,
          "rate": 4.802579250557754,
          "cv": 1.0,
          "lambda": 0.15
        },
        "MS1_4": {
          "meanserv": 0.07447291259360966,
          "stddevserv": 0.07447291259360966,
          "rate": 13.427700960977422,
          "cv": 1.0,
          "lambda": 0.15
        },
        "MS1_5": {
          "meanserv": 0.30381489127208106,
          "stddevserv": 0.30381489127208106,
          "rate": 3.2914778989699065,
          "cv": 1.0,
          "lambda": 0.15
        }
      },
      "sensors": [
        "S1"
      ],
      "sources": [
        {
          "startTime": 0,
          "stopTime": -1,
          "lambda": 0.15
        }
      ]
    },
    "SC2": {
      "resptime": 27.785255247651406,
      "resptime_old": 17.785255247651406,
      "waittime": 10.096667532430097,
      "servicetime": 10.0,
      "networktime": 7.688587715221312,
      "services": {
        "MS2_1": {
          "meanserv": 2.145240690162699,
          "stddevserv": 2.145240690162699,
          "rate": 0.46614815977789337,
          "cv": 1.0,
          "lambda": 0.15
        },
        "MS2_2": {
          "meanserv": 3.100102652509663,
          "stddevserv": 3.100102652509663,
          "rate": 0.3225699636721572,
          "cv": 1.0,
          "lambda": 0.15
        },
        "MS2_3": {
          "meanserv": 0.3456730921488571,
          "stddevserv": 0.3456730921488571,
          "rate": 2.8929066875976863,
          "cv": 1.0,
          "lambda": 0.15
        },
        "MS2_4": {
          "meanserv": 3.4902154309734943,
          "stddevserv": 3.4902154309734943,
          "rate": 0.28651526525429377,
          "cv": 1.0,
          "lambda": 0.15
        },
        "MS2_5": {
          "meanserv": 0.9187681342052869,
          "stddevserv": 0.9187681342052869,
          "rate": 1.0884138911336718,
          "cv": 1.0,
          "lambda": 0.15
        }
      },
      "sensors": [
        "S2"
      ],
      "sources": [
        {
          "startTime": 0,
          "stopTime": -1,
          "lambda": 0.15
        }
      ]
    },
    "SC3": {
      "resptime": 31.71631318908473,
      "resptime_old": 21.716313189084733,
      "waittime": 18.26883399443944,
      "servicetime": 10.0,
      "networktime": 3.44747919464529,
      "services": {
        "MS3_1": {
          "meanserv": 3.112722859812557,
          "stddevserv": 3.112722859812557,
          "rate": 0.32126213769645345,
          "cv": 1.0,
          "lambda": 0.15
        },
        "MS3_2": {
          "meanserv": 4.923902841816952,
          "stddevserv": 4.923902841816952,
          "rate": 0.2030909285023572,
          "cv": 1.0,
          "lambda": 0.15
        },
        "MS3_3": {
          "meanserv": 0.13805367006140656,
          "stddevserv": 0.13805367006140656,
          "rate": 7.243559693524974,
          "cv": 1.0,
          "lambda": 0.15
        },
        "MS3_4": {
          "meanserv": 0.877312582261295,
          "stddevserv": 0.877312582261295,
          "rate": 1.1398445892825053,
          "cv": 1.0,
          "lambda": 0.15
        },
        "MS3_5": {
          "meanserv": 0.9480080460477893,
          "stddevserv": 0.9480080460477893,
          "rate": 1.0548433678057514,
          "cv": 1.0,
          "lambda": 0.15
        }
      },
      "sensors": [
        "S3"
      ],
      "sources": [
        {
          "startTime": 0,
          "stopTime": -1,
          "lambda": 0.15
        }
      ]
    },
    "SC4": {
      "resptime": 41.21174439809814,
      "resptime_old": 31.211744398098144,
      "waittime": 25.94080812446623,
      "servicetime": 10.0,
      "networktime": 5.270936273631913,
      "services": {
        "MS4_1": {
          "meanserv": 0.10179378850912912,
          "stddevserv": 0.10179378850912912,
          "rate": 9.823782125078461,
          "cv": 1.0,
          "lambda": 0.15
        },
        "MS4_2": {
          "meanserv": 0.05995299087782846,
          "stddevserv": 0.05995299087782846,
          "rate": 16.679734995002818,
          "cv": 1.0,
          "lambda": 0.15
        },
        "MS4_3": {
          "meanserv": 5.266871276786038,
          "stddevserv": 5.266871276786038,
          "rate": 0.18986604142150637,
          "cv": 1.0,
          "lambda": 0.15
        },
        "MS4_4": {
          "meanserv": 2.2159714319095576,
          "stddevserv": 2.2159714319095576,
          "rate": 0.45126935555223974,
          "cv": 1.0,
          "lambda": 0.15
        },
        "MS4_5": {
          "meanserv": 2.355410511917447,
          "stddevserv": 2.355410511917447,
          "rate": 0.42455444388160574,
          "cv": 1.0,
          "lambda": 0.15
        }
      },
      "sensors": [
        "S4"
      ],
      "sources": [
        {
          "startTime": 0,
          "stopTime": -1,
          "lambda": 0.15
        }
      ]
    }
  },
  "microservice": {
    "MS1_1": "F9",
    "MS1_2": "F2",
    "MS1_3": "F5",
    "MS1_4": "F5",
    "MS1_5": "F5",
    "MS2_1": "F10",
    "MS2_2": "F4",
    "MS2_3": "F5",
    "MS2_4": "F8",
    "MS2_5": "F10",
    "MS3_1": "F6",
    "MS3_2": "F3",
    "MS3_3": "F5",
    "MS3_4": "F5",
    "MS3_5": "F5",
    "MS4_1": "F5",
    "MS4_2": "F5",
    "MS4_3": "F7",
    "MS4_4": "F2",
    "MS4_5": "F1"
  },
  "sensor": {
    "S1": "F9",
    "S2": "F10",
    "S3": "F6",
    "S4": "F5"
  },
  "fog": {
    "F1": {
      "rho": 0.35331157678761704,
      "capacity": 1.0,
      "tserv": 2.355410511917447,
      "stddev": 2.355410511917447,
      "mu": 0.42455444388160574,
      "cv": 1.0,
      "lambda": 0.15,
      "twait": 1.2868543367667113
    },
    "F2": {
      "rho": 0.6377628447602661,
      "capacity": 1.0,
      "tserv": 2.125876149200887,
      "stddev": 2.1296909920629106,
      "mu": 0.47039428913857384,
      "cv": 1.0017944802962568,
      "lambda": 0.3,
      "twait": 3.7495876634006833
    },
    "F3": {
      "rho": 0.7385854262725428,
      "capacity": 1.0,
      "tserv": 4.923902841816952,
      "stddev": 4.923902841816952,
      "mu": 0.2030909285023572,
      "cv": 1.0,
      "lambda": 0.15,
      "twait": 13.9117067097395
    },
    "F4": {
      "rho": 0.4650153978764494,
      "capacity": 1.0,
      "tserv": 3.100102652509663,
      "stddev": 3.100102652509663,
      "mu": 0.3225699636721572,
      "cv": 1.0,
      "lambda": 0.15,
      "twait": 2.6946485238872198
    },
    "F5": {
      "rho": 0.4585955130882108,
      "capacity": 1.0,
      "tserv": 0.33970038006534137,
      "stddev": 0.566239832996064,
      "mu": 2.9437706245946798,
      "cv": 1.6668801868492102,
      "lambda": 1.3499999999999999,
      "twait": 0.5436159791418897
    },
    "F6": {
      "rho": 0.4669084289718835,
      "capacity": 1.0,
      "tserv": 3.112722859812557,
      "stddev": 3.112722859812557,
      "mu": 0.32126213769645345,
      "cv": 1.0,
      "lambda": 0.15,
      "twait": 2.726279347274271
    },
    "F7": {
      "rho": 0.7900306915179056,
      "capacity": 1.0,
      "tserv": 5.266871276786038,
      "stddev": 5.266871276786038,
      "mu": 0.18986604142150637,
      "cv": 1.0,
      "lambda": 0.15,
      "twait": 19.817134166015055
    },
    "F8": {
      "rho": 0.5235323146460241,
      "capacity": 1.0,