{
  "servicechain": {
    "SC1": {
      "resptime": 16.177854256286643,
      "resptime_old": 6.177854256286646,
      "waittime": 3.5340497227824206,
      "servicetime": 10.0,
      "networktime": 2.643804533504225,
      "services": {
        "MS1_1": {
          "meanserv": 3.1943974805779174,
          "stddevserv": 3.1943974805779174,
          "rate": 0.3130480806098946,
          "cv": 1.0,
          "lambda": 0.075
        },
        "MS1_2": {
          "meanserv": 1.4860136833634812,
          "stddevserv": 1.4860136833634812,
          "rate": 0.6729413135258449,
          "cv": 1.0,
          "lambda": 0.075
        },
        "MS1_3": {
          "meanserv": 1.5813768971326807,
          "stddevserv": 1.5813768971326807,
          "rate": 0.6323603195501205,
          "cv": 1.0,
          "lambda": 0.075
        },
        "MS1_4": {
          "meanserv": 0.6925600514355272,
          "stddevserv": 0.6925600514355272,
          "rate": 1.4439181092343056,
          "cv": 1.0,
          "lambda": 0.075
        },
        "MS1_5": {
          "meanserv": 3.0456518874903935,
          "stddevserv": 3.0456518874903935,
          "rate": 0.32833693309053663,
          "cv": 1.0,
          "lambda": 0.075
        }
      },
      "sensors": [
        "S1"
      ],
      "sources": [
        {
          "startTime": 0,
          "stopTime": -1,
          "lambda": 0.075
        }
      ]
    },
    "SC2": {
      "resptime": 23.28988915487982,
      "resptime_old": 13.289889154879818,
      "waittime": 9.65572242377218,
      "servicetime": 10.0,
      "networktime": 3.634166731107638,
      "services": {
        "MS2_1": {
          "meanserv": 1.1445264516977982,
          "stddevserv": 1.1445264516977982,
          "rate": 0.8737237994950604,
          "cv": 1.0,
          "lambda": 0.075
        },
        "MS2_2": {
          "meanserv": 0.1411825808993039,
          "stddevserv": 0.1411825808993039,
          "rate": 7.08302677023048,
          "cv": 1.0,
          "lambda": 0.075
        },
        "MS2_3": {
          "meanserv": 7.067867672174032,
          "stddevserv": 7.067867672174032,
          "rate": 0.14148538800987573,
          "cv": 1.0,
          "lambda": 0.075
        },
        "MS2_4": {
          "meanserv": 0.8418366686304459,
          "stddevserv": 0.8418366686304459,
          "rate": 1.1878788810979977,
          "cv": 1.0,
          "lambda": 0.075
        },
        "MS2_5": {
          "meanserv": 0.8045866265984198,
          "stddevserv": 0.8045866265984198,
          "rate": 1.2428742498837402,
          "cv": 1.0,
          "lambda": 0.075
        }
      },
      "sensors": [
        "S2"
      ],
      "sources": [
        {
          "startTime": 0,
          "stopTime": -1,
          "lambda": 0.075
        }
      ]
    },
    "SC3": {
      "resptime": 18.03406609078695,
      "resptime_old": 8.03406609078695,
      "waittime": 4.856007202145488,
      "servicetime": 10.0,
      "networktime": 3.1780588886414645,
      "services": {
        "MS3_1": {
          "meanserv": 1.9394976046518075,
          "stddevserv": 1.9394976046518075,
          "rate": 0.5155974400801218,
          "cv": 1.0,
          "lambda": 0.075
        },
        "MS3_2": {
          "meanserv": 3.098011433616658,
          "stddevserv": 3.098011433616658,
          "rate": 0.3227877047673085,
          "cv": 1.0,
          "lambda": 0.075
        },
        "MS3_3": {
          "meanserv": 1.24785596342688,
          "stddevserv": 1.24785596342688,
          "rate": 0.8013745410598396,
          "cv": 1.0,
          "lambda": 0.075
        },
        "MS3_4": {
          "meanserv": 3.0674633183118063,
          "stddevserv": 3.0674633183118063,
          "rate": 0.3260022683988785,
          "cv": 1.0,
          "lambda": 0.075
        },
        "MS3_5": {
          "meanserv": 0.647171679992848,
          "stddevserv": 0.647171679992848,
          "rate": 1.5451850427247547,
          "cv": 1.0,
          "lambda": 0.075
        }
      },
      "sensors": [
        "S3"
      ],
      "sources": [
        {
          "startTime": 0,
          "stopTime": -1,
          "lambda": 0.075
        }
      ]
    },
    "SC4": {
      "resptime": 18.970207403277954,
      "resptime_old": 8.970207403277952,
      "waittime": 5.735653458793264,
      "servicetime": 10.0,
      "networktime": 3.234553944484688,
      "services": {
        "MS4_1": {
          "meanserv": 5.5988793640323555,
          "stddevserv": 5.5988793640323555,
          "rate": 0.17860717028912593,
          "cv": 1.0,
          "lambda": 0.075
        },
        "MS4_2": {
          "meanserv": 1.2719348193300748,
          "stddevserv": 1.2719348193300748,
          "rate": 0.7862038091910226,
          "cv": 1.0,
          "lambda": 0.075
        },
        "MS4_3": {
          "meanserv": 1.1612801918318159,
          "stddevserv": 1.1612801918318159,
          "rate": 0.8611186232519726,
          "cv": 1.0,
          "lambda": 0.075
        },
        "MS4_4": {
          "meanserv": 0.46353738969495417,
          "stddevserv": 0.46353738969495417,
          "rate": 2.1573232758161804,
          "cv": 1.0,
          "lambda": 0.075
        },
        "MS4_5": {
          "meanserv": 1.5043682351107996,
          "stddevserv": 1.5043682351107996,
          "rate": 0.6647308661940393,
          "cv": 1.0,
          "lambda": 0.075
        }
      },
      "sensors": [
        "S4"
      ],
      "sources": [
        {
          "startTime": 0,
          "stopTime": -1,
          "lambda": 0.075
        }
      ]
    }
  },
  "microservice": {
    "MS1_1": "F3",
    "MS1_2": "F9",
    "MS1_3": "F9",
    "MS1_4": "F9",
    "MS1_5": "F2",
    "MS2_1": "F1",
    "MS2_2": "F1",
    "MS2_3": "F10",
    "MS2_4": "F5",
    "MS2_5": "F5",
    "MS3_1": "F8",
    "MS3_2": "F4",
    "MS3_3": "F4",
    "MS3_4": "F7",
    "MS3_5": "F7",
    "MS4_1": "F6",
    "MS4_2": "F1",
    "MS4_3": "F1",
    "MS4_4": "F5",
    "MS4_5": "F5"
  },
  "sensor": {
    "S1": "F3",
    "S2": "F1",
    "S3": "F8",
    "S4": "F6"
  },
  "fog": {
    "F1": {
      "rho": 0.27891930328192444,
      "capacity": 1.0,
      "tserv": 0.9297310109397482,
      "stddev": 1.1330189060524138,
      "mu": 1.0755799131506065,
      "cv": 1.2186523765698505,
      "lambda": 0.3,
      "twait": 0.4468566979990424
    },
    "F2": {
      "rho": 0.22842389156177953,
      "capacity": 1.0,
      "tserv": 3.0456518874903935,
      "stddev": 3.0456518874903935,
      "mu": 0.32833693309053663,
      "cv": 1.0,
      "lambda": 0.075,
      "twait": 0.901660443959611
    },
    "F3": {
      "rho": 0.23957981104334378,
      "capacity": 1.0,
      "tserv": 3.1943974805779174,
      "stddev": 3.1943974805779174,
      "mu": 0.3130480806098946,
      "cv": 1.0,
      "lambda": 0.075,
      "twait": 1.0064345422551815
    },
    "F4": {
      "rho": 0.3259400547782653,
      "capacity": 1.0,
      "tserv": 2.172933698521769,
      "stddev": 2.5363711262565807,
      "mu": 0.46020732279143756,
      "cv": 1.1672565656200442,
      "lambda": 0.15,
      "twait": 1.2411528930795035
    },
    "F5": {
      "rho": 0.27107466900259647,
      "capacity": 1.0,
      "tserv": 0.9035822300086549,
      "stddev": 1.0490752170441828,
      "mu": 1.1067061378469356,
      "cv": 1.1610179817659034,
      "lambda": 0.3,
      "twait": 0.39448889534006504
    },
    "F6": {
      "rho": 0.4199159523024267,
      "capacity": 1.0,
      "tserv": 5.5988793640323555,
      "stddev": 5.598879364032355,
      "mu": 0.17860717028912593,
      "cv": 0.9999999999999999,
      "lambda": 0.075,
      "twait": 4.05296227211505
    },
    "F7": {
      "rho": 0.27859762487284906,
      "capacity": 1.0,
      "tserv": 1.8573174991523271,
      "stddev": 2.5255759936924864,
      "mu": 0.5384109073738853,
      "cv": 1.3597976624056738,
      "lambda": 0.15,
      "twait": 1.021776757129575
    },