{
  "servicechain": {
    "SC1": {
      "resptime": 28.955451927537148,
      "resptime_old": 18.95545192753715,
      "waittime": 15.537905421579568,
      "servicetime": 10.0,
      "networktime": 3.4175465059575827,
      "services": {
        "MS1_1": {
          "meanserv": 0.5679688678393313,
          "stddevserv": 0.5679688678393313,
          "rate": 1.760659882299892,
          "cv": 1.0,
          "lambda": 0.15
        },
        "MS1_2": {
          "meanserv": 0.6272809077054031,
          "stddevserv": 0.6272809077054031,
          "rate": 1.5941821083922438,
          "cv": 1.0,
          "lambda": 0.15
        },
        "MS1_3": {
          "meanserv": 0.004292639429548384,
          "stddevserv": 0.004292639429548384,
          "rate": 232.95690598108473,
          "cv": 1.0,
          "lambda": 0.15
        },
        "MS1_4": {
          "meanserv": 1.3584788361453224,
          "stddevserv": 1.3584788361453224,
          "rate": 0.7361174671204268,
          "cv": 1.0,
          "lambda": 0.15
        },
        "MS1_5": {
          "meanserv": 0.8509786810187028,
          "stddevserv": 0.8509786810187028,
          "rate": 1.175117570281437,
          "cv": 1.0,
          "lambda": 0.15
        },
        "MS1_6": {
          "meanserv": 0.24211214331942177,
          "stddevserv": 0.24211214331942177,
          "rate": 4.130317407007078,
          "cv": 1.0,
          "lambda": 0.15
        },
        "MS1_7": {
          "meanserv": 1.6813078876870908,
          "stddevserv": 1.6813078876870908,
          "rate": 0.5947750601323002,
          "cv": 1.0,
          "lambda": 0.15
        },
        "MS1_8": {
          "meanserv": 4.035131389555401,
          "stddevserv": 4.035131389555401,
          "rate": 0.24782340485576654,
          "cv": 1.0,
          "lambda": 0.15
        },
        "MS1_9": {
          "meanserv": 0.6324486472997783,
          "stddevserv": 0.6324486472997783,
          "rate": 1.5811560421062987,
          "cv": 1.0,
          "lambda": 0.15
        }
      },
      "sensors": [
        "S1"
      ],
      "sources": [
        {
          "startTime": 0,
          "stopTime": -1,
          "lambda": 0.15
        }
      ]
    },
    "SC2": {
      "resptime": 27.732246635823426,
      "resptime_old": 17.732246635823426,
      "waittime": 14.0237261934688,
      "servicetime": 10.0,
      "networktime": 3.7085204423546254,
      "services": {
        "MS2_1": {
          "meanserv": 1.8086324840112544,
          "stddevserv": 1.8086324840112544,
          "rate": 0.5529039253912778,
          "cv": 1.0,
          "lambda": 0.15
        },
        "MS2_2": {
          "meanserv": 0.37910556092560554,
          "stddevserv": 0.37910556092560554,
          "rate": 2.637787737954698,
          "cv": 1.0,
          "lambda": 0.15
        },
        "MS2_3": {
          "meanserv": 3.026613711850068,
          "stddevserv": 3.026613711850068,
          "rate": 0.3304022565168164,
          "cv": 1.0,
          "lambda": 0.15
        },
        "MS2_4": {
          "meanserv": 0.3672138225602142,
          "stddevserv": 0.3672138225602142,
          "rate": 2.7232090367078277,
          "cv": 1.0,
          "lambda": 0.15
        },
        "MS2_5": {
          "meanserv": 0.6034842839187391,
          "stddevserv": 0.6034842839187391,
          "rate": 1.6570439805101087,
          "cv": 1.0,
          "lambda": 0.15
        },
        "MS2_6": {
          "meanserv": 1.6530629490707218,
          "stddevserv": 1.6530629490707218,
          "rate": 0.604937640494668,
          "cv": 1.0,
          "lambda": 0.15
        },
        "MS2_7": {
          "meanserv": 0.4940358453744169,
          "stddevserv": 0.4940358453744169,
          "rate": 2.024144623032618,
          "cv": 1.0,
          "lambda": 0.15
        },
        "MS2_8": {
          "meanserv": 0.7957851982385478,
          "stddevserv": 0.7957851982385478,
          "rate": 1.2566205079127848,
          "cv": 1.0,
          "lambda": 0.15
        },
        "MS2_9": {
          "meanserv": 0.8720661440504323,
          "stddevserv": 0.8720661440504323,
          "rate": 1.1467020097298597,
          "cv": 1.0,
          "lambda": 0.15
        }
      },
      "sensors": [
        "S2"
      ],
      "sources": [
        {
          "startTime": 0,
          "stopTime": -1,
          "lambda": 0.15
        }
      ]
    },
    "SC3": {
      "resptime": 37.10215898308245,
      "resptime_old": 27.102158983082447,
      "waittime": 22.718845977675223,
      "servicetime": 10.0,
      "networktime": 4.383313005407226,
      "services": {
        "MS3_1": {
          "meanserv": 0.2898428362395189,
          "stddevserv": 0.2898428362395189,
          "rate": 3.450145647807645,
          "cv": 1.0,
          "lambda": 0.15
        },
        "MS3_2": {
          "meanserv": 0.18814986778172949,
          "stddevserv": 0.18814986778172949,
          "rate": 5.314912052768959,
          "cv": 1.0,
          "lambda": 0.15
        },
        "MS3_3": {
          "meanserv": 2.95035125663177,
          "stddevserv": 2.95035125663177,
          "rate": 0.33894269292587115,
          "cv": 1.0,
          "lambda": 0.15
        },
        "MS3_4": {
          "meanserv": 4.124694572747993,
          "stddevserv": 4.124694572747993,
          "rate": 0.24244219356435173,
          "cv": 1.0,
          "lambda": 0.15
        },
        "MS3_5": {
          "meanserv": 0.3432419969439078,
          "stddevserv": 0.3432419969439078,
          "rate": 2.9133964051707193,
          "cv": 1.0,
          "lambda": 0.15
        },
        "MS3_6": {
          "meanserv": 0.5207682018422837,
          "stddevserv": 0.5207682018422837,
          "rate": 1.920240130757548,
          "cv": 1.0,
          "lambda": 0.15
        },
        "MS3_7": {
          "meanserv": 0.11436582911234794,
          "stddevserv": 0.11436582911234794,
          "rate": 8.743870505390593,
          "cv": 1.0,
          "lambda": 0.15
        },
        "MS3_8": {
          "meanserv": 0.006924604145092772,
          "stddevserv": 0.006924604145092772,
          "rate": 144.41258721029786,
          "cv": 1.0,
          "lambda": 0.15
        },
        "MS3_9": {
          "meanserv": 1.4616608345553566,
          "stddevserv": 1.4616608345553566,
          "rate": 0.6841532429130212,
          "cv": 1.0,
          "lambda": 0.15
        }
      },
      "sensors": [
        "S3"
      ],
      "sources": [
        {
          "startTime": 0,
          "stopTime": -1,
          "lambda": 0.15
        }
      ]
    },
    "SC4": {
      "resptime": 34.77873963427141,
      "resptime_old": 24.778739634271414,
      "waittime": 23.132003569901375,
      "servicetime": 10.0,
      "networktime": 1.646736064370038,
      "services": {
        "MS4_1": {
          "meanserv": 0.5302130629486201,
          "stddevserv": 0.5302130629486201,
          "rate": 1.8860342565662216,
          "cv": 1.0,
          "lambda": 0.15
        },
        "MS4_2": {
          "meanserv": 1.1191341476373906,
          "stddevserv": 1.1191341476373906,
          "rate": 0.8935479290942062,
          "cv": 1.0,
          "lambda": 0.15
        },
        "MS4_3": {
          "meanserv": 0.6296377153191492,
          "stddevserv": 0.6296377153191492,
          "rate": 1.5882148982977018,
          "cv": 1.0,
          "lambda": 0.15
        },
        "MS4_4": {
          "meanserv": 0.6237321858714724,
          "stddevserv": 0.6237321858714724,
          "rate": 1.6032522012677763,
          "cv": 1.0,
          "lambda": 0.15
        },
        "MS4_5": {
          "meanserv": 0.25751584794454185,
          "stddevserv": 0.25751584794454185,
          "rate": 3.8832561490171207,
          "cv": 1.0,
          "lambda": 0.15
        },
        "MS4_6": {
          "meanserv": 4.8231097306613355,
          "stddevserv": 4.8231097306613355,
          "rate": 0.20733511278891884,
          "cv": 1.0,