{
  "servicechain": {
    "SC1": {
      "resptime": 12.869889593559837,
      "resptime_old": 2.869889593559835,
      "waittime": 1.5765029599637823,
      "servicetime": 10.0,
      "networktime": 1.2933866335960529,
      "services": {
        "MS1_1": {
          "meanserv": 2.0151128075628355,
          "stddevserv": 2.0151128075628355,
          "rate": 0.49625013361383136,
          "cv": 1.0,
          "lambda": 0.025
        },
        "MS1_2": {
          "meanserv": 2.9141405785850196,
          "stddevserv": 2.9141405785850196,
          "rate": 0.34315434449135485,
          "cv": 1.0,
          "lambda": 0.025
        },
        "MS1_3": {
          "meanserv": 0.8867730660972128,
          "stddevserv": 0.8867730660972128,
          "rate": 1.127684227489127,
          "cv": 1.0,
          "lambda": 0.025
        },
        "MS1_4": {
          "meanserv": 1.6014055515326309,
          "stddevserv": 1.6014055515326309,
          "rate": 0.6244514383273784,
          "cv": 1.0,
          "lambda": 0.025
        },
        "MS1_5": {
          "meanserv": 2.582567996222301,
          "stddevserv": 2.582567996222301,
          "rate": 0.3872114892861556,
          "cv": 1.0,
          "lambda": 0.025
        }
      },
      "sensors": [
        "S1"
      ],
      "sources": [
        {
          "startTime": 0,
          "stopTime": -1,
          "lambda": 0.025
        }
      ]
    },
    "SC2": {
      "resptime": 13.695387895328544,
      "resptime_old": 3.695387895328546,
      "waittime": 2.4695374860090427,
      "servicetime": 10.0,
      "networktime": 1.225850409319503,
      "services": {
        "MS2_1": {
          "meanserv": 0.6265216199605139,
          "stddevserv": 0.6265216199605139,
          "rate": 1.5961141134491486,
          "cv": 1.0,
          "lambda": 0.025
        },
        "MS2_2": {
          "meanserv": 3.0857700122726306,
          "stddevserv": 3.0857700122726306,
          "rate": 0.3240682215533985,
          "cv": 1.0,
          "lambda": 0.025
        },
        "MS2_3": {
          "meanserv": 0.3669176011918909,
          "stddevserv": 0.3669176011918909,
          "rate": 2.7254075485929583,
          "cv": 1.0,
          "lambda": 0.025
        },
        "MS2_4": {
          "meanserv": 5.224369239620928,
          "stddevserv": 5.224369239620928,
          "rate": 0.19141066684493352,
          "cv": 1.0,
          "lambda": 0.025
        },
        "MS2_5": {
          "meanserv": 0.6964215269540368,
          "stddevserv": 0.6964215269540368,
          "rate": 1.4359119603521375,
          "cv": 1.0,
          "lambda": 0.025
        }
      },
      "sensors": [
        "S2"
      ],
      "sources": [
        {
          "startTime": 0,
          "stopTime": -1,
          "lambda": 0.025
        }
      ]
    },
    "SC3": {
      "resptime": 12.989347730422711,
      "resptime_old": 2.9893477304227103,
      "waittime": 1.7634973211032072,
      "servicetime": 10.0,
      "networktime": 1.225850409319503,
      "services": {
        "MS3_1": {
          "meanserv": 4.718165899687357,
          "stddevserv": 4.718165899687357,
          "rate": 0.2119467651754814,
          "cv": 1.0,
          "lambda": 0.025
        },
        "MS3_2": {
          "meanserv": 2.6102296559189213,
          "stddevserv": 2.6102296559189213,
          "rate": 0.383108052478223,
          "cv": 1.0,
          "lambda": 0.025
        },
        "MS3_3": {
          "meanserv": 1.149927165046,
          "stddevserv": 1.149927165046,
          "rate": 0.8696202945688283,
          "cv": 1.0,
          "lambda": 0.025
        },
        "MS3_4": {
          "meanserv": 1.278818002206636,
          "stddevserv": 1.278818002206636,
          "rate": 0.7819721010139615,
          "cv": 1.0,
          "lambda": 0.025
        },
        "MS3_5": {
          "meanserv": 0.24285927714108624,
          "stddevserv": 0.24285927714108624,
          "rate": 4.117610872320359,
          "cv": 1.0,
          "lambda": 0.025
        }
      },
      "sensors": [
        "S3"
      ],
      "sources": [
        {
          "startTime": 0,
          "stopTime": -1,
          "lambda": 0.025
        }
      ]
    },
    "SC4": {
      "resptime": 13.069173269836899,
      "resptime_old": 3.069173269836899,
      "waittime": 1.8433228605173961,
      "servicetime": 10.0,
      "networktime": 1.225850409319503,
      "services": {
        "MS4_1": {
          "meanserv": 5.916749695845633,
          "stddevserv": 5.916749695845633,
          "rate": 0.16901171274866278,
          "cv": 1.0,
          "lambda": 0.025
        },
        "MS4_2": {
          "meanserv": 1.6647203953923322,
          "stddevserv": 1.6647203953923322,
          "rate": 0.6007014768172678,
          "cv": 1.0,
          "lambda": 0.025
        },
        "MS4_3": {
          "meanserv": 2.1236691211242915,
          "stddevserv": 2.1236691211242915,
          "rate": 0.4708831474983212,
          "cv": 1.0,
          "lambda": 0.025
        },
        "MS4_4": {
          "meanserv": 0.19222549420430646,
          "stddevserv": 0.19222549420430646,
          "rate": 5.202223587143712,
          "cv": 1.0,
          "lambda": 0.025
        },
        "MS4_5": {
          "meanserv": 0.10263529343343691,
          "stddevserv": 0.10263529343343691,
          "rate": 9.74323711217857,
          "cv": 1.0,
          "lambda": 0.025
        }
      },
      "sensors": [
        "S4"
      ],
      "sources": [
        {
          "startTime": 0,
          "stopTime": -1,
          "lambda": 0.025
        }
      ]
    }
  },
  "microservice": {
    "MS1_1": "F3",
    "MS1_2": "F3",
    "MS1_3": "F6",
    "MS1_4": "F6",
    "MS1_5": "F6",
    "MS2_1": "F2",
    "MS2_2": "F2",
    "MS2_3": "F2",
    "MS2_4": "F8",
    "MS2_5": "F8",
    "MS3_1": "F1",
    "MS3_2": "F9",
    "MS3_3": "F9",
    "MS3_4": "F9",
    "MS3_5": "F9",
    "MS4_1": "F7",
    "MS4_2": "F4",
    "MS4_3": "F4",
    "MS4_4": "F4",
    "MS4_5": "F4"
  },
  "sensor": {
    "S1": "F3",
    "S2": "F2",
    "S3": "F1",
    "S4": "F7"
  },
  "fog": {
    "F1": {
      "rho": 0.11795414749218391,
      "capacity": 1.0,
      "tserv": 4.718165899687357,
      "stddev": 4.718165899687357,
      "mu": 0.2119467651754814,
      "cv": 1.0,
      "lambda": 0.025,
      "twait": 0.6309504600492223
    },
    "F2": {
      "rho": 0.10198023083562587,
      "capacity": 1.0,
      "tserv": 1.359736411141678,
      "stddev": 2.2023941175164676,
      "mu": 0.7354366565504914,
      "cv": 1.619721366192781,
      "lambda": 0.07500000000000001,
      "twait": 0.27975816290587663
    },
    "F3": {
      "rho": 0.12323133465369639,
      "capacity": 1.0,
      "tserv": 2.4646266930739276,
      "stddev": 2.54529177163387,
      "mu": 0.40574095980141384,
      "cv": 1.0327291263973675,
      "lambda": 0.05,
      "twait": 0.35793064451047363
    },
    "F4": {
      "rho": 0.10208125760385918,
      "capacity": 1.0,
      "tserv": 1.0208125760385918,
      "stddev": 1.6193567463865381,
      "mu": 0.9796117558432147,
      "cv": 1.5863409056642719,
      "lambda": 0.1,
      "twait": 0.20404822922437138
    },
    "F5": {
      "rho": 0,
      "capacity": 1.0,
      "tserv": 0,
      "stddev": 0,
      "mu": 0,
      "cv": 0,
      "lambda": 0.0,
      "twait": 0
    },
    "F6": {
      "rho": 0.12676866534630366,
      "capacity": 1.0,
      "tserv": 1.6902488712840482,
      "stddev": 1.9553536416773234,
      "mu": 0.5916288524069949,
      "cv": 1.1568436310753933,
      "lambda": 0.07500000000000001,
      "twait": 0.28688055698094506
    },
    "F7": {
      "rho": 0.14791874239614083,
      "capacity": 1.0,
      "tserv": 5.916749695845633,
      "stddev": 5.916749695845633,
      "mu": 0.16901171274866278,
      "cv": 1.0,
      "lambda": 0.025,
      "twait": 1.027129943619911
    },
    "F8": {
      "rho": 0.14801976916437412,
      "capacity": 1.0,
      "tserv": 2.9603953832874823,