{
  "servicechain": {
    "SC1": {
      "resptime": 62.63236838156782,
      "resptime_old": 52.63236838156782,
      "waittime": 47.09372954244754,
      "servicetime": 10.0,
      "networktime": 5.538638839120284,
      "services": {
        "MS1_1": {
          "meanserv": 1.2374672495454797,
          "stddevserv": 1.2374672495454797,
          "rate": 0.8081021945165004,
          "cv": 1.0,
          "lambda": 0.15
        },
        "MS1_2": {
          "meanserv": 2.88560546185487,
          "stddevserv": 2.88560546185487,
          "rate": 0.3465477222091197,
          "cv": 1.0,
          "lambda": 0.15
        },
        "MS1_3": {
          "meanserv": 5.87692728859965,
          "stddevserv": 5.87692728859965,
          "rate": 0.170156946120441,
          "cv": 1.0,
          "lambda": 0.15
        }
      },
      "sensors": [
        "S1"
      ],
      "sources": [
        {
          "startTime": 0,
          "stopTime": -1,
          "lambda": 0.15
        }
      ]
    },
    "SC2": {
      "resptime": 10212.035505929525,
      "resptime_old": 10202.035505929525,
      "waittime": 10196.909058101604,
      "servicetime": 10.0,
      "networktime": 5.126447827921617,
      "services": {
        "MS2_1": {
          "meanserv": 0.07446147991234886,
          "stddevserv": 0.07446147991234886,
          "rate": 13.429762625952828,
          "cv": 1.0,
          "lambda": 0.15
        },
        "MS2_2": {
          "meanserv": 8.248438021746555,
          "stddevserv": 8.248438021746555,
          "rate": 0.12123507473336828,
          "cv": 1.0,
          "lambda": 0.15
        },
        "MS2_3": {
          "meanserv": 1.6771004983410958,
          "stddevserv": 1.6771004983410958,
          "rate": 0.5962671891095078,
          "cv": 1.0,
          "lambda": 0.15
        }
      },
      "sensors": [
        "S2"
      ],
      "sources": [
        {
          "startTime": 0,
          "stopTime": -1,
          "lambda": 0.15
        }
      ]
    },
    "SC3": {
      "resptime": 43.69709420460175,
      "resptime_old": 33.69709420460175,
      "waittime": 28.507779072193554,
      "servicetime": 10.0,
      "networktime": 5.1893151324081925,
      "services": {
        "MS3_1": {
          "meanserv": 1.8604828615265212,
          "stddevserv": 1.8604828615265212,
          "rate": 0.537494873336002,
          "cv": 1.0,
          "lambda": 0.15
        },
        "MS3_2": {
          "meanserv": 5.504294516498592,
          "stddevserv": 5.504294516498592,
          "rate": 0.18167632509535897,
          "cv": 1.0,
          "lambda": 0.15
        },
        "MS3_3": {
          "meanserv": 2.6352226219748864,
          "stddevserv": 2.6352226219748864,
          "rate": 0.3794745808802221,
          "cv": 1.0,
          "lambda": 0.15
        }
      },
      "sensors": [
        "S3"
      ],
      "sources": [
        {
          "startTime": 0,
          "stopTime": -1,
          "lambda": 0.15
        }
      ]
    },
    "SC4": {
      "resptime": 47.11889502702333,
      "resptime_old": 37.118895027023335,
      "waittime": 31.96902589827018,
      "servicetime": 10.0,
      "networktime": 5.149869128753155,
      "services": {
        "MS4_1": {
          "meanserv": 2.8962150651931884,
          "stddevserv": 2.8962150651931884,
          "rate": 0.3452782260606383,
          "cv": 1.0,
          "lambda": 0.15
        },
        "MS4_2": {
          "meanserv": 5.597286707422886,
          "stddevserv": 5.597286707422886,
          "rate": 0.17865799132173132,
          "cv": 1.0,
          "lambda": 0.15
        },
        "MS4_3": {
          "meanserv": 1.5064982273839256,
          "stddevserv": 1.5064982273839256,
          "rate": 0.6637910233299954,
          "cv": 1.0,
          "lambda": 0.15
        }
      },
      "sensors": [
        "S4"
      ],
      "sources": [
        {
          "startTime": 0,
          "stopTime": -1,
          "lambda": 0.15
        }
      ]
    }
  },
  "microservice": {
    "MS1_1": "F10",
    "MS1_2": "F7",
    "MS1_3": "F9",
    "MS2_1": "F6",
    "MS2_2": "F4",
    "MS2_3": "F10",
    "MS3_1": "F2",
    "MS3_2": "F5",
    "MS3_3": "F8",
    "MS4_1": "F3",
    "MS4_2": "F1",
    "MS4_3": "F6"
  },
  "sensor": {
    "S1": "F10",
    "S2": "F6",
    "S3": "F2",
    "S4": "F3"
  },
  "fog": {
    "F1": {
      "rho": 0.8395930061134328,
      "capacity": 1.0,
      "tserv": 5.597286707422886,
      "stddev": 5.597286707422885,
      "mu": 0.17865799132173132,
      "cv": 0.9999999999999999,
      "lambda": 0.15,
      "twait": 29.29699422013468
    },
    "F2": {
      "rho": 0.2790724292289782,
      "capacity": 1.0,
      "tserv": 1.8604828615265212,
      "stddev": 1.8604828615265214,
      "mu": 0.537494873336002,
      "cv": 1.0000000000000002,
      "lambda": 0.15,
      "twait": 0.7201964424107123
    },
    "F3": {
      "rho": 0.43443225977897826,
      "capacity": 1.0,
      "tserv": 2.8962150651931884,
      "stddev": 2.8962150651931884,
      "mu": 0.3452782260606383,
      "cv": 1.0,
      "lambda": 0.15,
      "twait": 2.2246835632564443
    },
    "F4": {
      "rho": 1.2372657032619832,
      "capacity": 1.0,
      "tserv": 8.248438021746555,
      "stddev": 8.248438021746555,
      "mu": 0.12123507473336828,
      "cv": 1.0,
      "lambda": 0.15,
      "twait": 10195.303960319334
    },
    "F5": {
      "rho": 0.8256441774747888,
      "capacity": 1.0,
      "tserv": 5.504294516498592,
      "stddev": 5.504294516498591,
      "mu": 0.18167632509535897,
      "cv": 0.9999999999999999,
      "lambda": 0.15,
      "twait": 26.065024114674113
    },
    "F6": {
      "rho": 0.23714395609444114,
      "capacity": 1.0,
      "tserv": 0.7904798536481372,
      "stddev": 1.2846100661594035,
      "mu": 1.2650543785333783,
      "cv": 1.625101588903006,
      "lambda": 0.3,
      "twait": 0.4473481148790572
    },
    "F7": {
      "rho": 0.4328408192782304,
      "capacity": 1.0,
      "tserv": 2.88560546185487,
      "stddev": 2.88560546185487,
      "mu": 0.3465477222091197,
      "cv": 1.0,
      "lambda": 0.15,
      "twait": 2.2022174279776356
    },
    "F8": {
      "rho": 0.3952833932962329,
      "capacity": 1.0,
      "tserv": 2.6352226219748864,
      "stddev": 2.635222621974886,
      "mu": 0.3794745808802221,
      "cv": 0.9999999999999998,
      "lambda": 0.15,
      "twait": 1.7225585151087268
    },
    "F9": {
      "rho": 0.8815390932899474,
      "capacity": 1.0,
      "tserv": 5.87692728859965,
      "stddev": 5.87692728859965,
      "mu": 0.170156946120441,
      "cv": 1.0,
      "lambda": 0.15,
      "twait": 43.733762447079485
    },
    "F10": {
      "rho": 0.43718516218298636,
      "capacity": 1.0,
      "tserv": 1.4572838739432878,
      "stddev": 1.4900721411993616,
      "mu": 0.6862081011670594,
      "cv": 1.0224995746143484,
      "lambda": 0.3,
      "twait": 1.1577496673904204
    }
  },
  "extra": {
    "deltatime": 0.263662,
    "conv": 18,
    "obj_func": 2591.370965885679
  },