{
  "servicechain": {
    "SC1": {
      "resptime": 19322.929443106488,
      "resptime_old": 19312.92944310649,
      "waittime": 19306.556107320437,
      "servicetime": 10.0,
      "networktime": 6.373335786051393,
      "services": {
        "MS1_1": {
          "meanserv": 1.0325540213816053,
          "stddevserv": 1.0325540213816053,
          "rate": 0.9684723310282143,
          "cv": 1.0,
          "lambda": 0.15
        },
        "MS1_2": {
          "meanserv": 8.83729814516094,
          "stddevserv": 8.83729814516094,
          "rate": 0.11315675714161261,
          "cv": 1.0,
          "lambda": 0.15
        },
        "MS1_3": {
          "meanserv": 0.13014783345745506,
          "stddevserv": 0.13014783345745506,
          "rate": 7.683570086680675,
          "cv": 1.0,
          "lambda": 0.15
        }
      },
      "sensors": [
        "S1"
      ],
      "sources": [
        {
          "startTime": 0,
          "stopTime": -1,
          "lambda": 0.15
        }
      ]
    },
    "SC2": {
      "resptime": 29.355134965453516,
      "resptime_old": 19.35513496545352,
      "waittime": 13.8033119955128,
      "servicetime": 10.0,
      "networktime": 5.551822969940718,
      "services": {
        "MS2_1": {
          "meanserv": 4.581157557616713,
          "stddevserv": 4.581157557616713,
          "rate": 0.2182854414900842,
          "cv": 1.0,
          "lambda": 0.15
        },
        "MS2_2": {
          "meanserv": 2.565087113969529,
          "stddevserv": 2.565087113969529,
          "rate": 0.3898503074433515,
          "cv": 1.0,
          "lambda": 0.15
        },
        "MS2_3": {
          "meanserv": 2.853755328413758,
          "stddevserv": 2.853755328413758,
          "rate": 0.3504154648590157,
          "cv": 1.0,
          "lambda": 0.15
        }
      },
      "sensors": [
        "S2"
      ],
      "sources": [
        {
          "startTime": 0,
          "stopTime": -1,
          "lambda": 0.15
        }
      ]
    },
    "SC3": {
      "resptime": 35.752473076261396,
      "resptime_old": 25.752473076261396,
      "waittime": 19.775786719541813,
      "servicetime": 10.0,
      "networktime": 5.9766863567195845,
      "services": {
        "MS3_1": {
          "meanserv": 2.6100814143982474,
          "stddevserv": 2.6100814143982474,
          "rate": 0.38312981138580665,
          "cv": 1.0,
          "lambda": 0.15
        },
        "MS3_2": {
          "meanserv": 2.2714220968519347,
          "stddevserv": 2.2714220968519347,
          "rate": 0.4402528272424331,
          "cv": 1.0,
          "lambda": 0.15
        },
        "MS3_3": {
          "meanserv": 5.118496488749818,
          "stddevserv": 5.118496488749818,
          "rate": 0.19536987124987712,
          "cv": 1.0,
          "lambda": 0.15
        }
      },
      "sensors": [
        "S3"
      ],
      "sources": [
        {
          "startTime": 0,
          "stopTime": -1,
          "lambda": 0.15
        }
      ]
    },
    "SC4": {
      "resptime": 19323.659153641405,
      "resptime_old": 19313.659153641405,
      "waittime": 19306.996078691973,
      "servicetime": 10.0,
      "networktime": 6.663074949431925,
      "services": {
        "MS4_1": {
          "meanserv": 1.7939310195663183,
          "stddevserv": 1.7939310195663183,
          "rate": 0.5574350346212027,
          "cv": 1.0,
          "lambda": 0.15
        },
        "MS4_2": {
          "meanserv": 7.21490337456247,
          "stddevserv": 7.21490337456247,
          "rate": 0.13860199479949964,
          "cv": 1.0,
          "lambda": 0.15
        },
        "MS4_3": {
          "meanserv": 0.9911656058712115,
          "stddevserv": 0.9911656058712115,
          "rate": 1.0089131362876775,
          "cv": 1.0,
          "lambda": 0.15
        }
      },
      "sensors": [
        "S4"
      ],
      "sources": [
        {
          "startTime": 0,
          "stopTime": -1,
          "lambda": 0.15
        }
      ]
    }
  },
  "microservice": {
    "MS1_1": "F10",
    "MS1_2": "F1",
    "MS1_3": "F10",
    "MS2_1": "F3",
    "MS2_2": "F8",
    "MS2_3": "F4",
    "MS3_1": "F5",
    "MS3_2": "F7",
    "MS3_3": "F2",
    "MS4_1": "F9",
    "MS4_2": "F1",
    "MS4_3": "F6"
  },
  "sensor": {
    "S1": "F10",
    "S2": "F3",
    "S3": "F5",
    "S4": "F9"
  },
  "fog": {
    "F1": {
      "rho": 2.4078302279585113,
      "capacity": 1.0,
      "tserv": 8.026100759861706,
      "stddev": 8.10767388362934,
      "mu": 0.12459350186593354,
      "cv": 1.0101634811483529,
      "lambda": 0.3,
      "twait": 19306.162534213538
    },
    "F2": {
      "rho": 0.7677744733124726,
      "capacity": 1.0,
      "tserv": 5.118496488749818,
      "stddev": 5.118496488749818,
      "mu": 0.19536987124987712,
      "cv": 1.0,
      "lambda": 0.15,
      "twait": 16.922562311978172
    },
    "F3": {
      "rho": 0.6871736336425069,
      "capacity": 1.0,
      "tserv": 4.581157557616713,
      "stddev": 4.581157557616713,
      "mu": 0.2182854414900842,
      "cv": 1.0,
      "lambda": 0.15,
      "twait": 10.063252409992725
    },
    "F4": {
      "rho": 0.42806329926206366,
      "capacity": 1.0,
      "tserv": 2.853755328413758,
      "stddev": 2.853755328413758,
      "mu": 0.3504154648590157,
      "cv": 1.0,
      "lambda": 0.15,
      "twait": 2.135879581763758
    },
    "F5": {
      "rho": 0.3915122121597371,
      "capacity": 1.0,
      "tserv": 2.6100814143982474,
      "stddev": 2.610081414398247,
      "mu": 0.38312981138580665,
      "cv": 0.9999999999999998,
      "lambda": 0.15,
      "twait": 1.6793742929419833
    },
    "F6": {
      "rho": 0.1486748408806817,
      "capacity": 1.0,
      "tserv": 0.9911656058712115,
      "stddev": 0.9911656058712115,
      "mu": 1.0089131362876775,
      "cv": 1.0,
      "lambda": 0.15,
      "twait": 0.17309648042323772
    },
    "F7": {
      "rho": 0.34071331452779025,
      "capacity": 1.0,
      "tserv": 2.2714220968519347,
      "stddev": 2.2714220968519347,
      "mu": 0.4402528272424331,
      "cv": 1.0,
      "lambda": 0.15,
      "twait": 1.1738501146216576
    },
    "F8": {
      "rho": 0.38476306709542935,
      "capacity": 1.0,
      "tserv": 2.565087113969529,
      "stddev": 2.565087113969529,
      "mu": 0.3898503074433515,
      "cv": 1.0,
      "lambda": 0.15,
      "twait": 1.6041800037563172
    },
    "F9": {
      "rho": 0.2690896529349477,
      "capacity": 1.0,
      "tserv": 1.7939310195663183,
      "stddev": 1.7939310195663183,
      "mu": 0.5574350346212027,
      "cv": 1.0,
      "lambda": 0.15,
      "twait": 0.6604479980105874
    },
    "F10": {
      "rho": 0.17440527822585905,
      "capacity": 1.0,
      "tserv": 0.5813509274195302,
      "stddev": 0.8632133947138717,
      "mu": 1.720131426363672,
      "cv": 1.4848404879053996,
      "lambda": 0.3,
      "twait": 0.1967865534491573
    }
  },
  "extra": {
    "deltatime": 0.0078957,
    "obj_func": 9677.924051197402
  },