{
  "servicechain": {
    "SC1": {
      "resptime": 8268.283218821061,
      "resptime_old": 8258.283218821061,
      "waittime": 8255.083050632253,
      "servicetime": 10.0,
      "networktime": 3.200168188809201,
      "services": {
        "MS1_1": {
          "meanserv": 0.49430912078260003,
          "stddevserv": 0.49430912078260003,
          "rate": 2.0230255885563677,
          "cv": 1.0,
          "lambda": 0.225
        },
        "MS1_2": {
          "meanserv": 1.863535637996849,
          "stddevserv": 1.863535637996849,
          "rate": 0.5366143687356146,
          "cv": 1.0,
          "lambda": 0.225
        },
        "MS1_3": {
          "meanserv": 0.26363795863499373,
          "stddevserv": 0.26363795863499373,
          "rate": 3.793080500158546,
          "cv": 1.0,
          "lambda": 0.225
        },
        "MS1_4": {
          "meanserv": 1.3219452233457663,
          "stddevserv": 1.3219452233457663,
          "rate": 0.7564609957658142,
          "cv": 1.0,
          "lambda": 0.225
        },
        "MS1_5": {
          "meanserv": 6.056572059239791,
          "stddevserv": 6.056572059239791,
          "rate": 0.16510989883698635,
          "cv": 1.0,
          "lambda": 0.225
        }
      },
      "sensors": [
        "S1"
      ],
      "sources": [
        {
          "startTime": 0,
          "stopTime": -1,
          "lambda": 0.225
        }
      ]
    },
    "SC2": {
      "resptime": 14435.38122330124,
      "resptime_old": 14425.38122330124,
      "waittime": 14423.636444662752,
      "servicetime": 10.0,
      "networktime": 1.7447786384865578,
      "services": {
        "MS2_1": {
          "meanserv": 0.6598096768749018,
          "stddevserv": 0.6598096768749018,
          "rate": 1.5155885629570685,
          "cv": 1.0,
          "lambda": 0.225
        },
        "MS2_2": {
          "meanserv": 0.050169270759859996,
          "stddevserv": 0.050169270759859996,
          "rate": 19.932520143388082,
          "cv": 1.0,
          "lambda": 0.225
        },
        "MS2_3": {
          "meanserv": 0.07797075476769333,
          "stddevserv": 0.07797075476769333,
          "rate": 12.825321532148916,
          "cv": 1.0,
          "lambda": 0.225
        },
        "MS2_4": {
          "meanserv": 1.2032556255107862,
          "stddevserv": 1.2032556255107862,
          "rate": 0.8310785994252023,
          "cv": 1.0,
          "lambda": 0.225
        },
        "MS2_5": {
          "meanserv": 8.008794672086758,
          "stddevserv": 8.008794672086758,
          "rate": 0.12486273414966222,
          "cv": 1.0,
          "lambda": 0.225
        }
      },
      "sensors": [
        "S2"
      ],
      "sources": [
        {
          "startTime": 0,
          "stopTime": -1,
          "lambda": 0.225
        }
      ]
    },
    "SC3": {
      "resptime": 74.5173986057581,
      "resptime_old": 64.51739860575812,
      "waittime": 59.798932748280365,
      "servicetime": 10.0,
      "networktime": 4.718465857477744,
      "services": {
        "MS3_1": {
          "meanserv": 1.0542423973476056,
          "stddevserv": 1.0542423973476056,
          "rate": 0.948548457656346,
          "cv": 1.0,
          "lambda": 0.225
        },
        "MS3_2": {
          "meanserv": 0.22982691303603864,
          "stddevserv": 0.22982691303603864,
          "rate": 4.351100516427301,
          "cv": 1.0,
          "lambda": 0.225
        },
        "MS3_3": {
          "meanserv": 4.011274916397465,
          "stddevserv": 4.011274916397465,
          "rate": 0.2492972984504643,
          "cv": 1.0,
          "lambda": 0.225
        },
        "MS3_4": {
          "meanserv": 0.9665252087912712,
          "stddevserv": 0.9665252087912712,
          "rate": 1.0346341625694295,
          "cv": 1.0,
          "lambda": 0.225
        },
        "MS3_5": {
          "meanserv": 3.7381305644276193,
          "stddevserv": 3.7381305644276193,
          "rate": 0.26751339546994113,
          "cv": 1.0,
          "lambda": 0.225
        }
      },
      "sensors": [
        "S3"
      ],
      "sources": [
        {
          "startTime": 0,
          "stopTime": -1,
          "lambda": 0.225
        }
      ]
    },
    "SC4": {
      "resptime": 5914.636691448077,
      "resptime_old": 5904.636691448077,
      "waittime": 5899.006177447953,
      "servicetime": 10.0,
      "networktime": 5.630514000123726,
      "services": {
        "MS4_1": {
          "meanserv": 0.025372715279041724,
          "stddevserv": 0.025372715279041724,
          "rate": 39.41241562057082,
          "cv": 1.0,
          "lambda": 0.225
        },
        "MS4_2": {
          "meanserv": 2.2462190965257487,
          "stddevserv": 2.2462190965257487,
          "rate": 0.44519254668732483,
          "cv": 1.0,
          "lambda": 0.225
        },
        "MS4_3": {
          "meanserv": 1.7759998069548368,
          "stddevserv": 1.7759998069548368,
          "rate": 0.5630631242661107,
          "cv": 1.0,
          "lambda": 0.225
        },
        "MS4_4": {
          "meanserv": 5.118601659634331,
          "stddevserv": 5.118601659634331,
          "rate": 0.19536585702420908,
          "cv": 1.0,
          "lambda": 0.225
        },
        "MS4_5": {
          "meanserv": 0.8338067216060416,
          "stddevserv": 0.8338067216060416,
          "rate": 1.1993187079061252,
          "cv": 1.0,
          "lambda": 0.225
        }
      },
      "sensors": [
        "S4"
      ],
      "sources": [
        {
          "startTime": 0,
          "stopTime": -1,
          "lambda": 0.225
        }
      ]
    }
  },
  "microservice": {
    "MS1_1": "F9",
    "MS1_2": "F9",
    "MS1_3": "F9",
    "MS1_4": "F4",
    "MS1_5": "F1",
    "MS2_1": "F10",
    "MS2_2": "F10",
    "MS2_3": "F10",
    "MS2_4": "F10",
    "MS2_5": "F5",
    "MS3_1": "F2",
    "MS3_2": "F2",
    "MS3_3": "F6",
    "MS3_4": "F2",
    "MS3_5": "F3",
    "MS4_1": "F8",
    "MS4_2": "F8",
    "MS4_3": "F4",
    "MS4_4": "F7",
    "MS4_5": "F10"
  },
  "sensor": {
    "S1": "F9",
    "S2": "F10",
    "S3": "F2",
    "S4": "F8"
  },
  "fog": {
    "F1": {
      "rho": 1.362728713328953,
      "capacity": 1.0,
      "tserv": 6.056572059239791,
      "stddev": 6.056572059239791,
      "mu": 0.16510989883698635,
      "cv": 1.0,
      "lambda": 0.225,
      "twait": 8245.211184822449
    },
    "F2": {
      "rho": 0.5063837668143559,
      "capacity": 1.0,
      "tserv": 0.7501981730583052,
      "stddev": 0.9144114585385451,
      "mu": 1.3329811187400484,
      "cv": 1.2188932089914293,
      "lambda": 0.675,
      "twait": 0.9565004412469588
    },
    "F3": {
      "rho": 0.8410793769962144,
      "capacity": 1.0,
      "tserv": 3.7381305644276193,
      "stddev": 3.7381305644276193,
      "mu": 0.26751339546994113,
      "cv": 1.0,
      "lambda": 0.225,
      "twait": 19.78386735989825
    },
    "F4": {
      "rho": 0.6970376318176357,
      "capacity": 1.0,
      "tserv": 1.5489725151503015,
      "stddev": 1.5818971632629142,
      "mu": 0.6455892472068602,
      "cv": 1.0212557987895723,
      "lambda": 0.45,
      "twait": 3.640339116632303
    },
    "F5": {
      "rho": 1.8019788012195206,
      "capacity": 1.0,
      "tserv": 8.008794672086758,
      "stddev": 8.008794672086758,
      "mu": 0.12486273414966222,
      "cv": 1.0,
      "lambda": 0.225,
      "twait": 14417.246544197747
    },
    "F6": {
      "rho": 0.9025368561894296,
      "capacity": 1.0,
      "tserv": 4.011274916397465,
      "stddev": 4.011274916397465,
      "mu": 0.2492972984504643,
      "cv": 1.0,
      "lambda": 0.225,
      "twait": 37.145564064641235
    },
    "F7": {
      "rho": 1.1516853734177244,
      "capacity": 1.0,
      "tserv": 5.118601659634331,
      "stddev": 5.118601659634331,
      "mu": 0.19536585702420908,
      "cv": 1.0,
      "lambda": 0.225,
      "twait": 5889.12364508879
    },
    "F8": {
      "rho": 0.5111081576560779,
      "capacity": 1.0,