{
  "servicechain": {
    "SC1": {
      "resptime": 44.934569395280235,
      "resptime_old": 34.93456939528024,
      "waittime": 29.25367756567909,
      "servicetime": 10.0,
      "networktime": 5.680891829601148,
      "services": {
        "MS1_1": {
          "meanserv": 4.594906564473101,
          "stddevserv": 4.594906564473101,
          "rate": 0.21763228173817506,
          "cv": 1.0,
          "lambda": 0.175
        },
        "MS1_2": {
          "meanserv": 1.350770174789461,
          "stddevserv": 1.350770174789461,
          "rate": 0.7403183892151498,
          "cv": 1.0,
          "lambda": 0.175
        },
        "MS1_3": {
          "meanserv": 1.6067430204523943,
          "stddevserv": 1.6067430204523943,
          "rate": 0.6223770617148473,
          "cv": 1.0,
          "lambda": 0.175
        },
        "MS1_4": {
          "meanserv": 0.4915397510059396,
          "stddevserv": 0.4915397510059396,
          "rate": 2.034423458028558,
          "cv": 1.0,
          "lambda": 0.175
        },
        "MS1_5": {
          "meanserv": 1.9560404892791041,
          "stddevserv": 1.9560404892791041,
          "rate": 0.5112368611390803,
          "cv": 1.0,
          "lambda": 0.175
        }
      },
      "sensors": [
        "S1"
      ],
      "sources": [
        {
          "startTime": 0,
          "stopTime": -1,
          "lambda": 0.175
        }
      ]
    },
    "SC2": {
      "resptime": 37.68328828253017,
      "resptime_old": 27.68328828253017,
      "waittime": 21.887438078250817,
      "servicetime": 10.0,
      "networktime": 5.795850204279355,
      "services": {
        "MS2_1": {
          "meanserv": 3.8858283155744653,
          "stddevserv": 3.8858283155744653,
          "rate": 0.2573453891392945,
          "cv": 1.0,
          "lambda": 0.175
        },
        "MS2_2": {
          "meanserv": 1.919840373249344,
          "stddevserv": 1.919840373249344,
          "rate": 0.5208766384610886,
          "cv": 1.0,
          "lambda": 0.175
        },
        "MS2_3": {
          "meanserv": 0.1305655591409831,
          "stddevserv": 0.1305655591409831,
          "rate": 7.6589876118878495,
          "cv": 1.0,
          "lambda": 0.175
        },
        "MS2_4": {
          "meanserv": 3.0474191376560693,
          "stddevserv": 3.0474191376560693,
          "rate": 0.32814652492113466,
          "cv": 1.0,
          "lambda": 0.175
        },
        "MS2_5": {
          "meanserv": 1.0163466143791382,
          "stddevserv": 1.0163466143791382,
          "rate": 0.983916299667979,
          "cv": 1.0,
          "lambda": 0.175
        }
      },
      "sensors": [
        "S2"
      ],
      "sources": [
        {
          "startTime": 0,
          "stopTime": -1,
          "lambda": 0.175
        }
      ]
    },
    "SC3": {
      "resptime": 81.73834474702659,
      "resptime_old": 71.73834474702659,
      "waittime": 68.01052775767334,
      "servicetime": 10.0,
      "networktime": 3.7278169893532365,
      "services": {
        "MS3_1": {
          "meanserv": 0.5357150016983558,
          "stddevserv": 0.5357150016983558,
          "rate": 1.8666641718632855,
          "cv": 1.0,
          "lambda": 0.175
        },
        "MS3_2": {
          "meanserv": 2.9564866139045187,
          "stddevserv": 2.9564866139045187,
          "rate": 0.33823931260062035,
          "cv": 1.0,
          "lambda": 0.175
        },
        "MS3_3": {
          "meanserv": 0.060948990962745864,
          "stddevserv": 0.060948990962745864,
          "rate": 16.40716251744405,
          "cv": 1.0,
          "lambda": 0.175
        },
        "MS3_4": {
          "meanserv": 1.2364037359233153,
          "stddevserv": 1.2364037359233153,
          "rate": 0.8087972973109994,
          "cv": 1.0,
          "lambda": 0.175
        },
        "MS3_5": {
          "meanserv": 5.210445657511064,
          "stddevserv": 5.210445657511064,
          "rate": 0.1919221628496327,
          "cv": 1.0,
          "lambda": 0.175
        }
      },
      "sensors": [
        "S3"
      ],
      "sources": [
        {
          "startTime": 0,
          "stopTime": -1,
          "lambda": 0.175
        }
      ]
    },
    "SC4": {
      "resptime": 69.14426881257711,
      "resptime_old": 59.14426881257712,
      "waittime": 54.533802851150035,
      "servicetime": 10.0,
      "networktime": 4.610465961427088,
      "services": {
        "MS4_1": {
          "meanserv": 0.1235222740271813,
          "stddevserv": 0.1235222740271813,
          "rate": 8.095705878762791,
          "cv": 1.0,
          "lambda": 0.175
        },
        "MS4_2": {
          "meanserv": 0.43125109306679676,
          "stddevserv": 0.43125109306679676,
          "rate": 2.3188347022812286,
          "cv": 1.0,
          "lambda": 0.175
        },
        "MS4_3": {
          "meanserv": 5.090451938868742,
          "stddevserv": 5.090451938868742,
          "rate": 0.19644621185093272,
          "cv": 1.0,
          "lambda": 0.175
        },
        "MS4_4": {
          "meanserv": 2.6957918733801147,
          "stddevserv": 2.6957918733801147,
          "rate": 0.37094851790103195,
          "cv": 1.0,
          "lambda": 0.175
        },
        "MS4_5": {
          "meanserv": 1.6589828206571653,
          "stddevserv": 1.6589828206571653,
          "rate": 0.6027789965925473,
          "cv": 1.0,
          "lambda": 0.175
        }
      },
      "sensors": [
        "S4"
      ],
      "sources": [
        {
          "startTime": 0,
          "stopTime": -1,
          "lambda": 0.175
        }
      ]
    }
  },
  "microservice": {
    "MS1_1": "F3",
    "MS1_2": "F7",
    "MS1_3": "F10",
    "MS1_4": "F10",
    "MS1_5": "F7",
    "MS2_1": "F4",
    "MS2_2": "F9",
    "MS2_3": "F9",
    "MS2_4": "F5",
    "MS2_5": "F8",
    "MS3_1": "F6",
    "MS3_2": "F6",
    "MS3_3": "F9",
    "MS3_4": "F9",
    "MS3_5": "F1",
    "MS4_1": "F9",
    "MS4_2": "F9",
    "MS4_3": "F2",
    "MS4_4": "F8",
    "MS4_5": "F10"
  },
  "sensor": {
    "S1": "F3",
    "S2": "F4",
    "S3": "F6",
    "S4": "F9"
  },
  "fog": {
    "F1": {
      "rho": 0.9118279900644362,
      "capacity": 1.0,
      "tserv": 5.210445657511064,
      "stddev": 5.210445657511063,
      "mu": 0.1919221628496327,
      "cv": 0.9999999999999998,
      "lambda": 0.175,
      "twait": 53.883655308530884
    },
    "F2": {
      "rho": 0.8908290893020296,
      "capacity": 1.0,
      "tserv": 5.090451938868742,
      "stddev": 5.090451938868742,
      "mu": 0.19644621185093272,
      "cv": 1.0,
      "lambda": 0.175,
      "twait": 41.53782940754106
    },
    "F3": {
      "rho": 0.8041086487827926,
      "capacity": 1.0,
      "tserv": 4.594906564473101,
      "stddev": 4.594906564473101,
      "mu": 0.21763228173817506,
      "cv": 1.0,
      "lambda": 0.175,
      "twait": 18.861496875095796
    },
    "F4": {
      "rho": 0.6800199552255314,
      "capacity": 1.0,
      "tserv": 3.8858283155744653,
      "stddev": 3.885828315574465,
      "mu": 0.2573453891392945,
      "cv": 0.9999999999999999,
      "lambda": 0.175,
      "twait": 8.258142469582815
    },
    "F5": {
      "rho": 0.5332983490898121,
      "capacity": 1.0,
      "tserv": 3.0474191376560693,
      "stddev": 3.0474191376560693,
      "mu": 0.32814652492113466,
      "cv": 1.0,
      "lambda": 0.175,
      "twait": 3.482275222140646
    },
    "F6": {
      "rho": 0.6111352827305031,
      "capacity": 1.0,
      "tserv": 1.7461008078014373,
      "stddev": 2.445186215860961,
      "mu": 0.5727046202212843,
      "cv": 1.4003694431249714,
      "lambda": 0.35,
      "twait": 4.06276417107372
    },
    "F7": {
      "rho": 0.5786918662119989,
      "capacity": 1.0,
      "tserv": 1.6534053320342825,
      "stddev": 1.707900836934215,
      "mu": 0.6048123715493531,
      "cv": 1.0329595555573075,
      "lambda": 0.35,
      "twait": 2.347137288210031
    },
    "F8": {
      "rho": 0.6496242353578691,