{
  "servicechain": {
    "SC1": {
      "resptime": 31.606188873563383,
      "resptime_old": 21.606188873563386,
      "waittime": 17.747624801102955,
      "servicetime": 10.0,
      "networktime": 3.8585640724604278,
      "services": {
        "MS1_1": {
          "meanserv": 1.1899918505867557,
          "stddevserv": 1.1899918505867557,
          "rate": 0.8403418893221198,
          "cv": 1.0,
          "lambda": 0.15
        },
        "MS1_2": {
          "meanserv": 0.7232151048688484,
          "stddevserv": 0.7232151048688484,
          "rate": 1.3827144832398726,
          "cv": 1.0,
          "lambda": 0.15
        },
        "MS1_3": {
          "meanserv": 2.6066787235515045,
          "stddevserv": 2.6066787235515045,
          "rate": 0.3836299391117661,
          "cv": 1.0,
          "lambda": 0.15
        },
        "MS1_4": {
          "meanserv": 0.27538498410993384,
          "stddevserv": 0.27538498410993384,
          "rate": 3.631280054110719,
          "cv": 1.0,
          "lambda": 0.15
        },
        "MS1_5": {
          "meanserv": 0.2983008972113286,
          "stddevserv": 0.2983008972113286,
          "rate": 3.352319786324877,
          "cv": 1.0,
          "lambda": 0.15
        },
        "MS1_6": {
          "meanserv": 0.6452039123009117,
          "stddevserv": 0.6452039123009117,
          "rate": 1.5498976074615272,
          "cv": 1.0,
          "lambda": 0.15
        },
        "MS1_7": {
          "meanserv": 0.3800650825812122,
          "stddevserv": 0.3800650825812122,
          "rate": 2.6311283141521433,
          "cv": 1.0,
          "lambda": 0.15
        },
        "MS1_8": {
          "meanserv": 0.019859622091033202,
          "stddevserv": 0.019859622091033202,
          "rate": 50.35342542854876,
          "cv": 1.0,
          "lambda": 0.15
        },
        "MS1_9": {
          "meanserv": 0.8805279484873632,
          "stddevserv": 0.8805279484873632,
          "rate": 1.1356822934670896,
          "cv": 1.0,
          "lambda": 0.15
        },
        "MS1_10": {
          "meanserv": 1.3077045547314006,
          "stddevserv": 1.3077045547314006,
          "rate": 0.7646987206566682,
          "cv": 1.0,
          "lambda": 0.15
        },
        "MS1_11": {
          "meanserv": 1.566215617221765,
          "stddevserv": 1.566215617221765,
          "rate": 0.6384816937107627,
          "cv": 1.0,
          "lambda": 0.15
        },
        "MS1_12": {
          "meanserv": 0.10685170225794316,
          "stddevserv": 0.10685170225794316,
          "rate": 9.358765268764465,
          "cv": 1.0,
          "lambda": 0.15
        }
      },
      "sensors": [
        "S1"
      ],
      "sources": [
        {
          "startTime": 0,
          "stopTime": -1,
          "lambda": 0.15
        }
      ]
    },
    "SC2": {
      "resptime": 39.38369100397422,
      "resptime_old": 29.383691003974217,
      "waittime": 22.294560450047967,
      "servicetime": 10.0,
      "networktime": 7.089130553926255,
      "services": {
        "MS2_1": {
          "meanserv": 0.18444280328170914,
          "stddevserv": 0.18444280328170914,
          "rate": 5.421734988882422,
          "cv": 1.0,
          "lambda": 0.15
        },
        "MS2_2": {
          "meanserv": 1.3926161927738,
          "stddevserv": 1.3926161927738,
          "rate": 0.7180729372449772,
          "cv": 1.0,
          "lambda": 0.15
        },
        "MS2_3": {
          "meanserv": 0.6275830543988716,
          "stddevserv": 0.6275830543988716,
          "rate": 1.5934145974636722,
          "cv": 1.0,
          "lambda": 0.15
        },
        "MS2_4": {
          "meanserv": 0.7965514276283945,
          "stddevserv": 0.7965514276283945,
          "rate": 1.2554117227274846,
          "cv": 1.0,
          "lambda": 0.15
        },
        "MS2_5": {
          "meanserv": 0.8025115346226053,
          "stddevserv": 0.8025115346226053,
          "rate": 1.2460880085297055,
          "cv": 1.0,
          "lambda": 0.15
        },
        "MS2_6": {
          "meanserv": 0.05630377171309853,
          "stddevserv": 0.05630377171309853,
          "rate": 17.760799491295174,
          "cv": 1.0,
          "lambda": 0.15
        },
        "MS2_7": {
          "meanserv": 2.3295444166281545,
          "stddevserv": 2.3295444166281545,
          "rate": 0.4292684839413481,
          "cv": 1.0,
          "lambda": 0.15
        },
        "MS2_8": {
          "meanserv": 0.2601561225884037,
          "stddevserv": 0.2601561225884037,
          "rate": 3.843845726368365,
          "cv": 1.0,
          "lambda": 0.15
        },
        "MS2_9": {
          "meanserv": 1.3282676572354495,
          "stddevserv": 1.3282676572354495,
          "rate": 0.752860309857518,
          "cv": 1.0,
          "lambda": 0.15
        },
        "MS2_10": {
          "meanserv": 0.4937093267821284,
          "stddevserv": 0.4937093267821284,
          "rate": 2.025483307187541,
          "cv": 1.0,
          "lambda": 0.15
        },
        "MS2_11": {
          "meanserv": 1.4417909383675376,
          "stddevserv": 1.4417909383675376,
          "rate": 0.6935818317267595,
          "cv": 1.0,
          "lambda": 0.15
        },
        "MS2_12": {
          "meanserv": 0.28652275397984717,
          "stddevserv": 0.28652275397984717,
          "rate": 3.4901242086704776,
          "cv": 1.0,
          "lambda": 0.15
        }
      },
      "sensors": [
        "S2"
      ],
      "sources": [
        {
          "startTime": 0,
          "stopTime": -1,
          "lambda": 0.15
        }
      ]
    },
    "SC3": {
      "resptime": 35.199348028949956,
      "resptime_old": 25.199348028949956,
      "waittime": 19.638330116166227,
      "servicetime": 10.0,
      "networktime": 5.561017912783733,
      "services": {
        "MS3_1": {
          "meanserv": 0.7342659494083792,
          "stddevserv": 0.7342659494083792,
          "rate": 1.3619043628616183,
          "cv": 1.0,
          "lambda": 0.15
        },
        "MS3_2": {
          "meanserv": 2.341631339794197,
          "stddevserv": 2.341631339794197,
          "rate": 0.42705270595152217,
          "cv": 1.0,
          "lambda": 0.15
        },
        "MS3_3": {
          "meanserv": 0.6986945769466049,
          "stddevserv": 0.6986945769466049,
          "rate": 1.4312405348416226,
          "cv": 1.0,
          "lambda": 0.15
        },
        "MS3_4": {
          "meanserv": 1.4736368520043852,
          "stddevserv": 1.4736368520043852,
          "rate": 0.6785932359385813,
          "cv": 1.0,
          "lambda": 0.15
        },
        "MS3_5": {
          "meanserv": 0.14486156237488146,
          "stddevserv": 0.14486156237488146,
          "rate": 6.903142445834872,
          "cv": 1.0,
          "lambda": 0.15
        },
        "MS3_6": {
          "meanserv": 0.1841854691303899,
          "stddevserv": 0.1841854691303899,
          "rate": 5.429309948941047,
          "cv": 1.0,
          "lambda": 0.15
        },
        "MS3_7": {
          "meanserv": 1.7891557552005821,
          "stddevserv": 1.7891557552005821,
          "rate": 0.5589228311136557,
          "cv": 1.0,
          "lambda": 0.15
        },
        "MS3_8": {
          "meanserv": 0.16246777607903073,
          "stddevserv": 0.16246777607903073,
          "rate": 6.155066710050617,
          "cv": 1.0,
          "lambda": 0.15
        },
        "MS3_9": {
          "meanserv": 0.37635433403117613,
          "stddevserv": 0.37635433403117613,
          "rate": 2.657070503981928,
          "cv": 1.0,
          "lambda": 0.15
        },
        "MS3_10": {
          "meanserv": 1.9635307805367654,
          "stddevserv": 1.9635307805367654,
          "rate": 0.5092866431799111,
          "cv": 1.0,
          "lambda": 0.15
        },
        "MS3_11": {
          "meanserv": 0.026002006424254986,
          "stddevserv": 0.026002006424254986,
          "rate": 38.45857060735082,