{
  "servicechain": {
    "SC1": {
      "resptime": 31.446531622833223,
      "resptime_old": 21.44653162283322,
      "waittime": 17.927399956971144,
      "servicetime": 10.0,
      "networktime": 3.519131665862079,
      "services": {
        "MS1_1": {
          "meanserv": 0.9051125169509744,
          "stddevserv": 0.9051125169509744,
          "rate": 1.1048350136275547,
          "cv": 1.0,
          "lambda": 0.15
        },
        "MS1_2": {
          "meanserv": 1.1290644984878329,
          "stddevserv": 1.1290644984878329,
          "rate": 0.8856889941533985,
          "cv": 1.0,
          "lambda": 0.15
        },
        "MS1_3": {
          "meanserv": 1.2006523612253392,
          "stddevserv": 1.2006523612253392,
          "rate": 0.832880550852737,
          "cv": 1.0,
          "lambda": 0.15
        },
        "MS1_4": {
          "meanserv": 1.4182293992006088,
          "stddevserv": 1.4182293992006088,
          "rate": 0.705104548364076,
          "cv": 1.0,
          "lambda": 0.15
        },
        "MS1_5": {
          "meanserv": 2.654063301087242,
          "stddevserv": 2.654063301087242,
          "rate": 0.37678076464504373,
          "cv": 1.0,
          "lambda": 0.15
        },
        "MS1_6": {
          "meanserv": 2.1333482912538964,
          "stddevserv": 2.1333482912538964,
          "rate": 0.46874671337057683,
          "cv": 1.0,
          "lambda": 0.15
        },
        "MS1_7": {
          "meanserv": 0.2780532187036968,
          "stddevserv": 0.2780532187036968,
          "rate": 3.5964338217772434,
          "cv": 1.0,
          "lambda": 0.15
        },
        "MS1_8": {
          "meanserv": 0.2814764130904095,
          "stddevserv": 0.2814764130904095,
          "rate": 3.5526955492316956,
          "cv": 1.0,
          "lambda": 0.15
        }
      },
      "sensors": [
        "S1"
      ],
      "sources": [
        {
          "startTime": 0,
          "stopTime": -1,
          "lambda": 0.15
        }
      ]
    },
    "SC2": {
      "resptime": 38.75647255993314,
      "resptime_old": 28.756472559933133,
      "waittime": 24.368180716505492,
      "servicetime": 10.0,
      "networktime": 4.388291843427647,
      "services": {
        "MS2_1": {
          "meanserv": 0.9942658796040038,
          "stddevserv": 0.9942658796040038,
          "rate": 1.0057671901587129,
          "cv": 1.0,
          "lambda": 0.15
        },
        "MS2_2": {
          "meanserv": 0.7915540612037397,
          "stddevserv": 0.7915540612037397,
          "rate": 1.2633375899547157,
          "cv": 1.0,
          "lambda": 0.15
        },
        "MS2_3": {
          "meanserv": 4.879942138917529,
          "stddevserv": 4.879942138917529,
          "rate": 0.20492046248356144,
          "cv": 1.0,
          "lambda": 0.15
        },
        "MS2_4": {
          "meanserv": 0.0031416460659903223,
          "stddevserv": 0.0031416460659903223,
          "rate": 318.30447446815623,
          "cv": 1.0,
          "lambda": 0.15
        },
        "MS2_5": {
          "meanserv": 0.127815035548136,
          "stddevserv": 0.127815035548136,
          "rate": 7.8238056713084685,
          "cv": 1.0,
          "lambda": 0.15
        },
        "MS2_6": {
          "meanserv": 2.424614072083127,
          "stddevserv": 2.424614072083127,
          "rate": 0.4124367714903353,
          "cv": 1.0,
          "lambda": 0.15
        },
        "MS2_7": {
          "meanserv": 0.19012852125384505,
          "stddevserv": 0.19012852125384505,
          "rate": 5.259600155753994,
          "cv": 1.0,
          "lambda": 0.15
        },
        "MS2_8": {
          "meanserv": 0.588538645323629,
          "stddevserv": 0.588538645323629,
          "rate": 1.6991237668855446,
          "cv": 1.0,
          "lambda": 0.15
        }
      },
      "sensors": [
        "S2"
      ],
      "sources": [
        {
          "startTime": 0,
          "stopTime": -1,
          "lambda": 0.15
        }
      ]
    },
    "SC3": {
      "resptime": 30.06606231514036,
      "resptime_old": 20.06606231514036,
      "waittime": 14.721720081947538,
      "servicetime": 10.0,
      "networktime": 5.3443422331928225,
      "services": {
        "MS3_1": {
          "meanserv": 1.0757503498230492,
          "stddevserv": 1.0757503498230492,
          "rate": 0.9295837088637625,
          "cv": 1.0,
          "lambda": 0.15
        },
        "MS3_2": {
          "meanserv": 1.9516142110438792,
          "stddevserv": 1.9516142110438792,
          "rate": 0.5123963508469843,
          "cv": 1.0,
          "lambda": 0.15
        },
        "MS3_3": {
          "meanserv": 0.5747843533112773,
          "stddevserv": 0.5747843533112773,
          "rate": 1.7397829190010068,
          "cv": 1.0,
          "lambda": 0.15
        },
        "MS3_4": {
          "meanserv": 0.5424518203814621,
          "stddevserv": 0.5424518203814621,
          "rate": 1.8434816926170172,
          "cv": 1.0,
          "lambda": 0.15
        },
        "MS3_5": {
          "meanserv": 1.1381653218607237,
          "stddevserv": 1.1381653218607237,
          "rate": 0.8786069833555947,
          "cv": 1.0,
          "lambda": 0.15
        },
        "MS3_6": {
          "meanserv": 0.3765249582490915,
          "stddevserv": 0.3765249582490915,
          "rate": 2.6558664388416084,
          "cv": 1.0,
          "lambda": 0.15
        },
        "MS3_7": {
          "meanserv": 3.0535768823715124,
          "stddevserv": 3.0535768823715124,
          "rate": 0.32748479521608304,
          "cv": 1.0,
          "lambda": 0.15
        },
        "MS3_8": {
          "meanserv": 1.2871321029590046,
          "stddevserv": 1.2871321029590046,
          "rate": 0.7769210306394247,
          "cv": 1.0,
          "lambda": 0.15
        }
      },
      "sensors": [
        "S3"
      ],
      "sources": [
        {
          "startTime": 0,
          "stopTime": -1,
          "lambda": 0.15
        }
      ]
    },
    "SC4": {
      "resptime": 34.89490947338846,
      "resptime_old": 24.894909473388456,
      "waittime": 21.57452480912445,
      "servicetime": 10.0,
      "networktime": 3.320384664264005,
      "services": {
        "MS4_1": {
          "meanserv": 2.468760024396378,
          "stddevserv": 2.468760024396378,
          "rate": 0.40506164638035413,
          "cv": 1.0,
          "lambda": 0.15
        },
        "MS4_2": {
          "meanserv": 0.787004693944926,
          "stddevserv": 0.787004693944926,
          "rate": 1.2706404519487902,
          "cv": 1.0,
          "lambda": 0.15
        },
        "MS4_3": {
          "meanserv": 0.03874379792547478,
          "stddevserv": 0.03874379792547478,
          "rate": 25.81058268793213,
          "cv": 1.0,
          "lambda": 0.15
        },
        "MS4_4": {
          "meanserv": 0.9583276770788847,
          "stddevserv": 0.9583276770788847,
          "rate": 1.0434844197009299,
          "cv": 1.0,
          "lambda": 0.15
        },
        "MS4_5": {
          "meanserv": 0.4083281014587108,
          "stddevserv": 0.4083281014587108,
          "rate": 2.449010970412277,
          "cv": 1.0,
          "lambda": 0.15
        },
        "MS4_6": {
          "meanserv": 4.783602393355364,
          "stddevserv": 4.783602393355364,
          "rate": 0.20904747463732443,
          "cv": 1.0,
          "lambda": 0.15
        },
        "MS4_7": {
          "meanserv": 0.1472294745501621,
          "stddevserv": 0.1472294745501621,
          "rate": 6.7921182430036655,
          "cv": 1.0,
          "lambda": 0.15
        },
        "MS4_8": {
          "meanserv": 0.40800383729009937,
          "stddevserv": 0.40800383729009937,
          "rate": 2.4509573406021152,
          "cv": 1.0,
          "lambda": 0.15
        }
      },
      "sensors": [
        "S4"
      ],
      "sources": [
        {
          "startTime": 0,
          "stopTime": -1,