{
  "servicechain": {
    "SC1": {
      "resptime": 38.515708154949735,
      "resptime_old": 28.51570815494974,
      "waittime": 23.56128471515401,
      "servicetime": 10.0,
      "networktime": 4.954423439795727,
      "services": {
        "MS1_1": {
          "meanserv": 1.3846141335945683,
          "stddevserv": 1.3846141335945683,
          "rate": 0.7222228747614474,
          "cv": 1.0,
          "lambda": 0.15
        },
        "MS1_2": {
          "meanserv": 2.918948061772899,
          "stddevserv": 2.918948061772899,
          "rate": 0.3425891721391658,
          "cv": 1.0,
          "lambda": 0.15
        },
        "MS1_3": {
          "meanserv": 0.12235486837909182,
          "stddevserv": 0.12235486837909182,
          "rate": 8.17294818953752,
          "cv": 1.0,
          "lambda": 0.15
        },
        "MS1_4": {
          "meanserv": 2.7671368328051873,
          "stddevserv": 2.7671368328051873,
          "rate": 0.36138436962882287,
          "cv": 1.0,
          "lambda": 0.15
        },
        "MS1_5": {
          "meanserv": 0.40682961749336854,
          "stddevserv": 0.40682961749336854,
          "rate": 2.4580314632975324,
          "cv": 1.0,
          "lambda": 0.15
        },
        "MS1_6": {
          "meanserv": 1.2173337819037942,
          "stddevserv": 1.2173337819037942,
          "rate": 0.8214673862382224,
          "cv": 1.0,
          "lambda": 0.15
        },
        "MS1_7": {
          "meanserv": 0.05245212333898586,
          "stddevserv": 0.05245212333898586,
          "rate": 19.06500511975908,
          "cv": 1.0,
          "lambda": 0.15
        },
        "MS1_8": {
          "meanserv": 0.24717081294497412,
          "stddevserv": 0.24717081294497412,
          "rate": 4.045785131687951,
          "cv": 1.0,
          "lambda": 0.15
        },
        "MS1_9": {
          "meanserv": 0.8831597677671308,
          "stddevserv": 0.8831597677671308,
          "rate": 1.132297956153815,
          "cv": 1.0,
          "lambda": 0.15
        }
      },
      "sensors": [
        "S1"
      ],
      "sources": [
        {
          "startTime": 0,
          "stopTime": -1,
          "lambda": 0.15
        }
      ]
    },
    "SC2": {
      "resptime": 34.840139429825854,
      "resptime_old": 24.840139429825857,
      "waittime": 19.512143465022117,
      "servicetime": 10.0,
      "networktime": 5.327995964803738,
      "services": {
        "MS2_1": {
          "meanserv": 0.9100932390446959,
          "stddevserv": 0.9100932390446959,
          "rate": 1.0987885164927467,
          "cv": 1.0,
          "lambda": 0.15
        },
        "MS2_2": {
          "meanserv": 0.1752126492996453,
          "stddevserv": 0.1752126492996453,
          "rate": 5.707350490944402,
          "cv": 1.0,
          "lambda": 0.15
        },
        "MS2_3": {
          "meanserv": 1.0376270652508959,
          "stddevserv": 1.0376270652508959,
          "rate": 0.9637373903293495,
          "cv": 1.0,
          "lambda": 0.15
        },
        "MS2_4": {
          "meanserv": 1.4010361786297816,
          "stddevserv": 1.4010361786297816,
          "rate": 0.7137574427078704,
          "cv": 1.0,
          "lambda": 0.15
        },
        "MS2_5": {
          "meanserv": 0.7559994330036366,
          "stddevserv": 0.7559994330036366,
          "rate": 1.322752314809196,
          "cv": 1.0,
          "lambda": 0.15
        },
        "MS2_6": {
          "meanserv": 1.5515321511630393,
          "stddevserv": 1.5515321511630393,
          "rate": 0.6445241880746029,
          "cv": 1.0,
          "lambda": 0.15
        },
        "MS2_7": {
          "meanserv": 2.277757638570902,
          "stddevserv": 2.277757638570902,
          "rate": 0.439028271957597,
          "cv": 1.0,
          "lambda": 0.15
        },
        "MS2_8": {
          "meanserv": 1.596305189772382,
          "stddevserv": 1.596305189772382,
          "rate": 0.6264466258752128,
          "cv": 1.0,
          "lambda": 0.15
        },
        "MS2_9": {
          "meanserv": 0.2944364552650214,
          "stddevserv": 0.2944364552650214,
          "rate": 3.396318567617257,
          "cv": 1.0,
          "lambda": 0.15
        }
      },
      "sensors": [
        "S2"
      ],
      "sources": [
        {
          "startTime": 0,
          "stopTime": -1,
          "lambda": 0.15
        }
      ]
    },
    "SC3": {
      "resptime": 38.815721544840244,
      "resptime_old": 28.815721544840244,
      "waittime": 22.85339366782835,
      "servicetime": 10.0,
      "networktime": 5.962327877011896,
      "services": {
        "MS3_1": {
          "meanserv": 0.6248638792112471,
          "stddevserv": 0.6248638792112471,
          "rate": 1.6003485451299884,
          "cv": 1.0,
          "lambda": 0.15
        },
        "MS3_2": {
          "meanserv": 2.1227334092449013,
          "stddevserv": 2.1227334092449013,
          "rate": 0.47109071522821133,
          "cv": 1.0,
          "lambda": 0.15
        },
        "MS3_3": {
          "meanserv": 2.2659971532584384,
          "stddevserv": 2.2659971532584384,
          "rate": 0.4413068209560762,
          "cv": 1.0,
          "lambda": 0.15
        },
        "MS3_4": {
          "meanserv": 0.706593550929921,
          "stddevserv": 0.706593550929921,
          "rate": 1.415240768450176,
          "cv": 1.0,
          "lambda": 0.15
        },
        "MS3_5": {
          "meanserv": 0.7794959746145134,
          "stddevserv": 0.7794959746145134,
          "rate": 1.282880261818585,
          "cv": 1.0,
          "lambda": 0.15
        },
        "MS3_6": {
          "meanserv": 1.114418654120402,
          "stddevserv": 1.114418654120402,
          "rate": 0.897328841636529,
          "cv": 1.0,
          "lambda": 0.15
        },
        "MS3_7": {
          "meanserv": 1.3614237115112502,
          "stddevserv": 1.3614237115112502,
          "rate": 0.7345251823842179,
          "cv": 1.0,
          "lambda": 0.15
        },
        "MS3_8": {
          "meanserv": 0.9754510350410488,
          "stddevserv": 0.9754510350410488,
          "rate": 1.0251667834438436,
          "cv": 1.0,
          "lambda": 0.15
        },
        "MS3_9": {
          "meanserv": 0.049022632068277616,
          "stddevserv": 0.049022632068277616,
          "rate": 20.398741516106735,
          "cv": 1.0,
          "lambda": 0.15
        }
      },
      "sensors": [
        "S3"
      ],
      "sources": [
        {
          "startTime": 0,
          "stopTime": -1,
          "lambda": 0.15
        }
      ]
    },
    "SC4": {
      "resptime": 37.35541301578597,
      "resptime_old": 27.355413015785963,
      "waittime": 23.10252056008602,
      "servicetime": 10.0,
      "networktime": 4.252892455699946,
      "services": {
        "MS4_1": {
          "meanserv": 1.3885081946666744,
          "stddevserv": 1.3885081946666744,
          "rate": 0.7201974059937473,
          "cv": 1.0,
          "lambda": 0.15
        },
        "MS4_2": {
          "meanserv": 0.7233646912333536,
          "stddevserv": 0.7233646912333536,
          "rate": 1.3824285483093968,
          "cv": 1.0,
          "lambda": 0.15
        },
        "MS4_3": {
          "meanserv": 0.6272143972034803,
          "stddevserv": 0.6272143972034803,
          "rate": 1.5943511572097746,
          "cv": 1.0,
          "lambda": 0.15
        },
        "MS4_4": {
          "meanserv": 2.4311940453804484,
          "stddevserv": 2.4311940453804484,
          "rate": 0.41132052042498063,
          "cv": 1.0,
          "lambda": 0.15
        },
        "MS4_5": {
          "meanserv": 1.1299470231686204,
          "stddevserv": 1.1299470231686204,
          "rate": 0.8849972427873474,
          "cv": 1.0,
          "lambda": 0.15
        },
        "MS4_6": {
          "meanserv": 1.3205529064468315,
          "stddevserv": 1.3205529064468315,
          "rate": 0.7572585658007958,
          "cv": 1.0,