{
  "servicechain": {
    "SC1": {
      "resptime": 36.92429049402397,
      "resptime_old": 26.924290494023968,
      "waittime": 20.221715671888084,
      "servicetime": 10.0,
      "networktime": 6.702574822135886,
      "services": {
        "MS1_1": {
          "meanserv": 2.378217348631828,
          "stddevserv": 2.378217348631828,
          "rate": 0.42048301454671205,
          "cv": 1.0,
          "lambda": 0.15
        },
        "MS1_2": {
          "meanserv": 1.2545371074258749,
          "stddevserv": 1.2545371074258749,
          "rate": 0.7971067528260304,
          "cv": 1.0,
          "lambda": 0.15
        },
        "MS1_3": {
          "meanserv": 2.0183211550106437,
          "stddevserv": 2.0183211550106437,
          "rate": 0.4954612884661195,
          "cv": 1.0,
          "lambda": 0.15
        },
        "MS1_4": {
          "meanserv": 0.5415175144650854,
          "stddevserv": 0.5415175144650854,
          "rate": 1.8466623392371835,
          "cv": 1.0,
          "lambda": 0.15
        },
        "MS1_5": {
          "meanserv": 0.3478798581948981,
          "stddevserv": 0.3478798581948981,
          "rate": 2.874555615806175,
          "cv": 1.0,
          "lambda": 0.15
        },
        "MS1_6": {
          "meanserv": 2.4209647565394707,
          "stddevserv": 2.4209647565394707,
          "rate": 0.4130584707186737,
          "cv": 1.0,
          "lambda": 0.15
        },
        "MS1_7": {
          "meanserv": 1.038562259732199,
          "stddevserv": 1.038562259732199,
          "rate": 0.9628695734214888,
          "cv": 1.0,
          "lambda": 0.15
        }
      },
      "sensors": [
        "S1"
      ],
      "sources": [
        {
          "startTime": 0,
          "stopTime": -1,
          "lambda": 0.15
        }
      ]
    },
    "SC2": {
      "resptime": 41.60699056248435,
      "resptime_old": 31.606990562484356,
      "waittime": 27.694125692337497,
      "servicetime": 10.0,
      "networktime": 3.9128648701468576,
      "services": {
        "MS2_1": {
          "meanserv": 2.4883874260051986,
          "stddevserv": 2.4883874260051986,
          "rate": 0.40186668263525893,
          "cv": 1.0,
          "lambda": 0.15
        },
        "MS2_2": {
          "meanserv": 0.3281514541778563,
          "stddevserv": 0.3281514541778563,
          "rate": 3.047373361502782,
          "cv": 1.0,
          "lambda": 0.15
        },
        "MS2_3": {
          "meanserv": 4.469751476583028,
          "stddevserv": 4.469751476583028,
          "rate": 0.22372608527319415,
          "cv": 1.0,
          "lambda": 0.15
        },
        "MS2_4": {
          "meanserv": 1.8200922268697592,
          "stddevserv": 1.8200922268697592,
          "rate": 0.5494227079469624,
          "cv": 1.0,
          "lambda": 0.15
        },
        "MS2_5": {
          "meanserv": 0.5328766325261203,
          "stddevserv": 0.5328766325261203,
          "rate": 1.8766069648418717,
          "cv": 1.0,
          "lambda": 0.15
        },
        "MS2_6": {
          "meanserv": 0.054026129485608365,
          "stddevserv": 0.054026129485608365,
          "rate": 18.509562123386665,
          "cv": 1.0,
          "lambda": 0.15
        },
        "MS2_7": {
          "meanserv": 0.3067146543524295,
          "stddevserv": 0.3067146543524295,
          "rate": 3.260359379017323,
          "cv": 1.0,
          "lambda": 0.15
        }
      },
      "sensors": [
        "S2"
      ],
      "sources": [
        {
          "startTime": 0,
          "stopTime": -1,
          "lambda": 0.15
        }
      ]
    },
    "SC3": {
      "resptime": 35.35942771525584,
      "resptime_old": 25.35942771525584,
      "waittime": 21.112292478042143,
      "servicetime": 10.0,
      "networktime": 4.247135237213698,
      "services": {
        "MS3_1": {
          "meanserv": 0.6489648578524232,
          "stddevserv": 0.6489648578524232,
          "rate": 1.5409154870253443,
          "cv": 1.0,
          "lambda": 0.15
        },
        "MS3_2": {
          "meanserv": 2.485841124927738,
          "stddevserv": 2.485841124927738,
          "rate": 0.40227832341017744,
          "cv": 1.0,
          "lambda": 0.15
        },
        "MS3_3": {
          "meanserv": 2.5625349832730215,
          "stddevserv": 2.5625349832730215,
          "rate": 0.39023857489849395,
          "cv": 1.0,
          "lambda": 0.15
        },
        "MS3_4": {
          "meanserv": 0.2683411408261964,
          "stddevserv": 0.2683411408261964,
          "rate": 3.726599644471573,
          "cv": 1.0,
          "lambda": 0.15
        },
        "MS3_5": {
          "meanserv": 0.1658709085127068,
          "stddevserv": 0.1658709085127068,
          "rate": 6.028784727632895,
          "cv": 1.0,
          "lambda": 0.15
        },
        "MS3_6": {
          "meanserv": 2.9590741879011073,
          "stddevserv": 2.9590741879011073,
          "rate": 0.3379435379108583,
          "cv": 1.0,
          "lambda": 0.15
        },
        "MS3_7": {
          "meanserv": 0.9093727967068066,
          "stddevserv": 0.9093727967068066,
          "rate": 1.0996590217140758,
          "cv": 1.0,
          "lambda": 0.15
        }
      },
      "sensors": [
        "S3"
      ],
      "sources": [
        {
          "startTime": 0,
          "stopTime": -1,
          "lambda": 0.15
        }
      ]
    },
    "SC4": {
      "resptime": 38.429469812399134,
      "resptime_old": 28.429469812399134,
      "waittime": 22.283586591054167,
      "servicetime": 10.0,
      "networktime": 6.145883221344969,
      "services": {
        "MS4_1": {
          "meanserv": 1.352230252048453,
          "stddevserv": 1.352230252048453,
          "rate": 0.739519026796753,
          "cv": 1.0,
          "lambda": 0.15
        },
        "MS4_2": {
          "meanserv": 0.7130917764746492,
          "stddevserv": 0.7130917764746492,
          "rate": 1.4023440361965114,
          "cv": 1.0,
          "lambda": 0.15
        },
        "MS4_3": {
          "meanserv": 3.5752770097601942,
          "stddevserv": 3.5752770097601942,
          "rate": 0.2796986072044452,
          "cv": 1.0,
          "lambda": 0.15
        },
        "MS4_4": {
          "meanserv": 0.3256393634622876,
          "stddevserv": 0.3256393634622876,
          "rate": 3.0708818165215774,
          "cv": 1.0,
          "lambda": 0.15
        },
        "MS4_5": {
          "meanserv": 0.6190492434397301,
          "stddevserv": 0.6190492434397301,
          "rate": 1.615380376597389,
          "cv": 1.0,
          "lambda": 0.15
        },
        "MS4_6": {
          "meanserv": 0.2736628293079919,
          "stddevserv": 0.2736628293079919,
          "rate": 3.6541316280646834,
          "cv": 1.0,
          "lambda": 0.15
        },
        "MS4_7": {
          "meanserv": 3.141049525506694,
          "stddevserv": 3.141049525506694,
          "rate": 0.31836492607950406,
          "cv": 1.0,
          "lambda": 0.15
        }
      },
      "sensors": [
        "S4"
      ],
      "sources": [
        {
          "startTime": 0,
          "stopTime": -1,
          "lambda": 0.15
        }
      ]
    }
  },
  "microservice": {
    "MS1_1": "F9",
    "MS1_2": "F7",
    "MS1_3": "F10",
    "MS1_4": "F8",
    "MS1_5": "F7",
    "MS1_6": "F7",
    "MS1_7": "F5",
    "MS2_1": "F6",
    "MS2_2": "F6",
    "MS2_3": "F1",
    "MS2_4": "F10",
    "MS2_5": "F10",
    "MS2_6": "F5",
    "MS2_7": "F5",
    "MS3_1": "F6",
    "MS3_2": "F8",
    "MS3_3": "F5",
    "MS3_4": "F5",
    "MS3_5": "F9",
    "MS3_6": "F4",
    "MS3_7": "F4",
    "MS4_1": "F9",
    "MS4_2": "F8",
    "MS4_3": "F2",
    "MS4_4": "F3",
    "MS4_5": "F6",
    "MS4_6": "F3",
    "MS4_7": "F3"
  },
  "sensor": {
    "S1": "F9",
    "S2": "F6",
    "S3": "F6",
    "S4": "F9"
  },
  "fog": {
    "F1": {
      "rho": 0.6704627214874542,
      "capacity": 1.0,
      "tserv": 4.469751476583028,
      "stddev": 4.469751476583028,