{
  "servicechain": {
    "SC1": {
      "resptime": 27.67877277145871,
      "resptime_old": 17.678772771458707,
      "waittime": 14.34245729439526,
      "servicetime": 10.0,
      "networktime": 3.336315477063451,
      "services": {
        "MS1_1": {
          "meanserv": 1.209269162087332,
          "stddevserv": 1.209269162087332,
          "rate": 0.826945754801098,
          "cv": 1.0,
          "lambda": 0.15
        },
        "MS1_2": {
          "meanserv": 0.19561478233897978,
          "stddevserv": 0.19561478233897978,
          "rate": 5.112088094994301,
          "cv": 1.0,
          "lambda": 0.15
        },
        "MS1_3": {
          "meanserv": 1.0118558089366538,
          "stddevserv": 1.0118558089366538,
          "rate": 0.9882831043396263,
          "cv": 1.0,
          "lambda": 0.15
        },
        "MS1_4": {
          "meanserv": 0.26558116910705953,
          "stddevserv": 0.26558116910705953,
          "rate": 3.76532720057756,
          "cv": 1.0,
          "lambda": 0.15
        },
        "MS1_5": {
          "meanserv": 3.137114635602735,
          "stddevserv": 3.137114635602735,
          "rate": 0.3187642519183459,
          "cv": 1.0,
          "lambda": 0.15
        },
        "MS1_6": {
          "meanserv": 2.264211678264614,
          "stddevserv": 2.264211678264614,
          "rate": 0.4416548194674279,
          "cv": 1.0,
          "lambda": 0.15
        },
        "MS1_7": {
          "meanserv": 1.7919493882878168,
          "stddevserv": 1.7919493882878168,
          "rate": 0.5580514754133131,
          "cv": 1.0,
          "lambda": 0.15
        },
        "MS1_8": {
          "meanserv": 0.1244033753748095,
          "stddevserv": 0.1244033753748095,
          "rate": 8.038367102075355,
          "cv": 1.0,
          "lambda": 0.15
        }
      },
      "sensors": [
        "S1"
      ],
      "sources": [
        {
          "startTime": 0,
          "stopTime": -1,
          "lambda": 0.15
        }
      ]
    },
    "SC2": {
      "resptime": 33.14479744214212,
      "resptime_old": 23.14479744214212,
      "waittime": 18.024195044239438,
      "servicetime": 10.0,
      "networktime": 5.120602397902685,
      "services": {
        "MS2_1": {
          "meanserv": 1.4430412811045634,
          "stddevserv": 1.4430412811045634,
          "rate": 0.6929808683189983,
          "cv": 1.0,
          "lambda": 0.15
        },
        "MS2_2": {
          "meanserv": 0.5909081341064304,
          "stddevserv": 0.5909081341064304,
          "rate": 1.692310432504364,
          "cv": 1.0,
          "lambda": 0.15
        },
        "MS2_3": {
          "meanserv": 0.6264559116376089,
          "stddevserv": 0.6264559116376089,
          "rate": 1.5962815282338307,
          "cv": 1.0,
          "lambda": 0.15
        },
        "MS2_4": {
          "meanserv": 1.9020942822723295,
          "stddevserv": 1.9020942822723295,
          "rate": 0.52573629463065,
          "cv": 1.0,
          "lambda": 0.15
        },
        "MS2_5": {
          "meanserv": 2.2743159869564984,
          "stddevserv": 2.2743159869564984,
          "rate": 0.43969263978054574,
          "cv": 1.0,
          "lambda": 0.15
        },
        "MS2_6": {
          "meanserv": 0.8536883067012724,
          "stddevserv": 0.8536883067012724,
          "rate": 1.1713877209635084,
          "cv": 1.0,
          "lambda": 0.15
        },
        "MS2_7": {
          "meanserv": 1.4687496200938028,
          "stddevserv": 1.4687496200938028,
          "rate": 0.6808512399384548,
          "cv": 1.0,
          "lambda": 0.15
        },
        "MS2_8": {
          "meanserv": 0.8407464771274942,
          "stddevserv": 0.8407464771274942,
          "rate": 1.189419197350209,
          "cv": 1.0,
          "lambda": 0.15
        }
      },
      "sensors": [
        "S2"
      ],
      "sources": [
        {
          "startTime": 0,
          "stopTime": -1,
          "lambda": 0.15
        }
      ]
    },
    "SC3": {
      "resptime": 33.513914793256866,
      "resptime_old": 23.51391479325687,
      "waittime": 19.725648552728767,
      "servicetime": 10.0,
      "networktime": 3.7882662405281,
      "services": {
        "MS3_1": {
          "meanserv": 0.648495638315284,
          "stddevserv": 0.648495638315284,
          "rate": 1.542030417656907,
          "cv": 1.0,
          "lambda": 0.15
        },
        "MS3_2": {
          "meanserv": 3.378409123275996,
          "stddevserv": 3.378409123275996,
          "rate": 0.2959973062795645,
          "cv": 1.0,
          "lambda": 0.15
        },
        "MS3_3": {
          "meanserv": 2.793779096716861,
          "stddevserv": 2.793779096716861,
          "rate": 0.35793810655078656,
          "cv": 1.0,
          "lambda": 0.15
        },
        "MS3_4": {
          "meanserv": 0.07294684835430854,
          "stddevserv": 0.07294684835430854,
          "rate": 13.708611441894268,
          "cv": 1.0,
          "lambda": 0.15
        },
        "MS3_5": {
          "meanserv": 1.600132987993236,
          "stddevserv": 1.600132987993236,
          "rate": 0.6249480558826072,
          "cv": 1.0,
          "lambda": 0.15
        },
        "MS3_6": {
          "meanserv": 0.41714974740999544,
          "stddevserv": 0.41714974740999544,
          "rate": 2.3972206772479487,
          "cv": 1.0,
          "lambda": 0.15
        },
        "MS3_7": {
          "meanserv": 0.15296798195144135,
          "stddevserv": 0.15296798195144135,
          "rate": 6.53731576531776,
          "cv": 1.0,
          "lambda": 0.15
        },
        "MS3_8": {
          "meanserv": 0.9361185759828778,
          "stddevserv": 0.9361185759828778,
          "rate": 1.0682407396413962,
          "cv": 1.0,
          "lambda": 0.15
        }
      },
      "sensors": [
        "S3"
      ],
      "sources": [
        {
          "startTime": 0,
          "stopTime": -1,
          "lambda": 0.15
        }
      ]
    },
    "SC4": {
      "resptime": 35.86791243041323,
      "resptime_old": 25.86791243041323,
      "waittime": 22.498634982955526,
      "servicetime": 10.0,
      "networktime": 3.369277447457705,
      "services": {
        "MS4_1": {
          "meanserv": 1.7801678614795047,
          "stddevserv": 1.7801678614795047,
          "rate": 0.5617447779159972,
          "cv": 1.0,
          "lambda": 0.15
        },
        "MS4_2": {
          "meanserv": 2.2463438217863545,
          "stddevserv": 2.2463438217863545,
          "rate": 0.4451678279617821,
          "cv": 1.0,
          "lambda": 0.15
        },
        "MS4_3": {
          "meanserv": 0.15583429206677124,
          "stddevserv": 0.15583429206677124,
          "rate": 6.417072819707257,
          "cv": 1.0,
          "lambda": 0.15
        },
        "MS4_4": {
          "meanserv": 0.5758656529734516,
          "stddevserv": 0.5758656529734516,
          "rate": 1.7365161385065306,
          "cv": 1.0,
          "lambda": 0.15
        },
        "MS4_5": {
          "meanserv": 0.09161139853784839,
          "stddevserv": 0.09161139853784839,
          "rate": 10.915672241231634,
          "cv": 1.0,
          "lambda": 0.15
        },
        "MS4_6": {
          "meanserv": 0.3386998186928505,
          "stddevserv": 0.3386998186928505,
          "rate": 2.952466888997212,
          "cv": 1.0,
          "lambda": 0.15
        },
        "MS4_7": {
          "meanserv": 4.745636542913541,
          "stddevserv": 4.745636542913541,
          "rate": 0.21071988782901166,
          "cv": 1.0,
          "lambda": 0.15
        },
        "MS4_8": {
          "meanserv": 0.06584061154967813,
          "stddevserv": 0.06584061154967813,
          "rate": 15.188194284092864,
          "cv": 1.0,
          "lambda": 0.15
        }
      },
      "sensors": [
        "S4"
      ],
      "sources": [
        {
          "startTime": 0,
          "stopTime": -1,
          "lambda": 0.15
        }
      ]
    }
  },