{
  "servicechain": {
    "SC1": {
      "resptime": 56.79119254380307,
      "resptime_old": 46.79119254380308,
      "waittime": 39.18496286189886,
      "servicetime": 10.0,
      "networktime": 7.606229681904213,
      "services": {
        "MS1_1": {
          "meanserv": 0.6934304274523639,
          "stddevserv": 0.6934304274523639,
          "rate": 1.4421057404042112,
          "cv": 1.0,
          "lambda": 0.175
        },
        "MS1_2": {
          "meanserv": 1.4782398093139535,
          "stddevserv": 1.4782398093139535,
          "rate": 0.6764802258059177,
          "cv": 1.0,
          "lambda": 0.175
        },
        "MS1_3": {
          "meanserv": 1.3475309333398835,
          "stddevserv": 1.3475309333398835,
          "rate": 0.7420979921562759,
          "cv": 1.0,
          "lambda": 0.175
        },
        "MS1_4": {
          "meanserv": 4.711018742736502,
          "stddevserv": 4.711018742736502,
          "rate": 0.21226831278092673,
          "cv": 1.0,
          "lambda": 0.175
        },
        "MS1_5": {
          "meanserv": 1.7697800871572973,
          "stddevserv": 1.7697800871572973,
          "rate": 0.5650419547923868,
          "cv": 1.0,
          "lambda": 0.175
        }
      },
      "sensors": [
        "S1"
      ],
      "sources": [
        {
          "startTime": 0,
          "stopTime": -1,
          "lambda": 0.175
        }
      ]
    },
    "SC2": {
      "resptime": 43.33698745958327,
      "resptime_old": 33.33698745958327,
      "waittime": 27.866707706392702,
      "servicetime": 10.0,
      "networktime": 5.470279753190569,
      "services": {
        "MS2_1": {
          "meanserv": 0.3683517016686422,
          "stddevserv": 0.3683517016686422,
          "rate": 2.7147967430854143,
          "cv": 1.0,
          "lambda": 0.175
        },
        "MS2_2": {
          "meanserv": 2.1715342244237457,
          "stddevserv": 2.1715342244237457,
          "rate": 0.46050390951833486,
          "cv": 1.0,
          "lambda": 0.175
        },
        "MS2_3": {
          "meanserv": 0.42382811763639916,
          "stddevserv": 0.42382811763639916,
          "rate": 2.359447045601389,
          "cv": 1.0,
          "lambda": 0.175
        },
        "MS2_4": {
          "meanserv": 2.925971196366421,
          "stddevserv": 2.925971196366421,
          "rate": 0.3417668640217091,
          "cv": 1.0,
          "lambda": 0.175
        },
        "MS2_5": {
          "meanserv": 4.110314759904792,
          "stddevserv": 4.110314759904792,
          "rate": 0.24329037030321327,
          "cv": 1.0,
          "lambda": 0.175
        }
      },
      "sensors": [
        "S2"
      ],
      "sources": [
        {
          "startTime": 0,
          "stopTime": -1,
          "lambda": 0.175
        }
      ]
    },
    "SC3": {
      "resptime": 37.83805891303283,
      "resptime_old": 27.83805891303283,
      "waittime": 20.83904628688878,
      "servicetime": 10.0,
      "networktime": 6.999012626144052,
      "services": {
        "MS3_1": {
          "meanserv": 2.304603295474773,
          "stddevserv": 2.304603295474773,
          "rate": 0.43391415865956634,
          "cv": 1.0,
          "lambda": 0.175
        },
        "MS3_2": {
          "meanserv": 0.911388830388371,
          "stddevserv": 0.911388830388371,
          "rate": 1.0972265257781018,
          "cv": 1.0,
          "lambda": 0.175
        },
        "MS3_3": {
          "meanserv": 1.0591739752562157,
          "stddevserv": 1.0591739752562157,
          "rate": 0.944131958829614,
          "cv": 1.0,
          "lambda": 0.175
        },
        "MS3_4": {
          "meanserv": 2.5450818719901074,
          "stddevserv": 2.5450818719901074,
          "rate": 0.39291466848493073,
          "cv": 1.0,
          "lambda": 0.175
        },
        "MS3_5": {
          "meanserv": 3.179752026890533,
          "stddevserv": 3.179752026890533,
          "rate": 0.3144899324045391,
          "cv": 1.0,
          "lambda": 0.175
        }
      },
      "sensors": [
        "S3"
      ],
      "sources": [
        {
          "startTime": 0,
          "stopTime": -1,
          "lambda": 0.175
        }
      ]
    },
    "SC4": {
      "resptime": 45.091763905025196,
      "resptime_old": 35.091763905025196,
      "waittime": 29.90492505960505,
      "servicetime": 10.0,
      "networktime": 5.186838845420146,
      "services": {
        "MS4_1": {
          "meanserv": 0.7384366572017143,
          "stddevserv": 0.7384366572017143,
          "rate": 1.354212294646196,
          "cv": 1.0,
          "lambda": 0.175
        },
        "MS4_2": {
          "meanserv": 1.1984881616791232,
          "stddevserv": 1.1984881616791232,
          "rate": 0.8343845454417885,
          "cv": 1.0,
          "lambda": 0.175
        },
        "MS4_3": {
          "meanserv": 3.1188531471536667,
          "stddevserv": 3.1188531471536667,
          "rate": 0.3206306782711529,
          "cv": 1.0,
          "lambda": 0.175
        },
        "MS4_4": {
          "meanserv": 4.02669036009132,
          "stddevserv": 4.02669036009132,
          "rate": 0.2483429095793006,
          "cv": 1.0,
          "lambda": 0.175
        },
        "MS4_5": {
          "meanserv": 0.9175316738741763,
          "stddevserv": 0.9175316738741763,
          "rate": 1.0898806313438862,
          "cv": 1.0,
          "lambda": 0.175
        }
      },
      "sensors": [
        "S4"
      ],
      "sources": [
        {
          "startTime": 0,
          "stopTime": -1,
          "lambda": 0.175
        }
      ]
    }
  },
  "microservice": {
    "MS1_1": "F5",
    "MS1_2": "F10",
    "MS1_3": "F9",
    "MS1_4": "F1",
    "MS1_5": "F10",
    "MS2_1": "F4",
    "MS2_2": "F9",
    "MS2_3": "F9",
    "MS2_4": "F7",
    "MS2_5": "F2",
    "MS3_1": "F6",
    "MS3_2": "F10",
    "MS3_3": "F8",
    "MS3_4": "F8",
    "MS3_5": "F4",
    "MS4_1": "F6",
    "MS4_2": "F6",
    "MS4_3": "F5",
    "MS4_4": "F3",
    "MS4_5": "F7"
  },
  "sensor": {
    "S1": "F5",
    "S2": "F4",
    "S3": "F6",
    "S4": "F6"
  },
  "fog": {
    "F1": {
      "rho": 0.8244282799788878,
      "capacity": 1.0,
      "tserv": 4.711018742736502,
      "stddev": 4.711018742736502,
      "mu": 0.21226831278092673,
      "cv": 1.0,
      "lambda": 0.175,
      "twait": 22.12142752007854
    },
    "F2": {
      "rho": 0.7193050829833386,
      "capacity": 1.0,
      "tserv": 4.110314759904792,
      "stddev": 4.110314759904792,
      "mu": 0.24329037030321327,
      "cv": 1.0,
      "lambda": 0.175,
      "twait": 10.53303825692527
    },
    "F3": {
      "rho": 0.7046708130159809,
      "capacity": 1.0,
      "tserv": 4.02669036009132,
      "stddev": 4.02669036009132,
      "mu": 0.2483429095793006,
      "cv": 1.0,
      "lambda": 0.175,
      "twait": 9.607892801881128
    },
    "F4": {
      "rho": 0.6209181524978558,
      "capacity": 1.0,
      "tserv": 1.7740518642795877,
      "stddev": 2.664441012948637,
      "mu": 0.5636813782815098,
      "cv": 1.5018957825286698,
      "lambda": 0.35,
      "twait": 4.730214726257156
    },
    "F5": {
      "rho": 0.6671496255560553,
      "capacity": 1.0,
      "tserv": 1.9061417873030153,
      "stddev": 2.564120550583448,
      "mu": 0.524619945200872,
      "cv": 1.3451887827355182,
      "lambda": 0.35,
      "twait": 5.3670237789250015
    },
    "F6": {
      "rho": 0.7422674200122316,
      "capacity": 1.0,
      "tserv": 1.4138427047852034,
      "stddev": 1.6920268179683047,
      "mu": 0.7072922586193378,
      "cv": 1.1967574697252932,
      "lambda": 0.5249999999999999,
      "twait": 4.9518392709319805
    },
    "F7": {
      "rho": 0.6726130022921045,
      "capacity": 1.0,
      "tserv": 1.9217514351202987,
      "stddev": 2.3895696759335907,
      "mu": 0.5203586591506313,
      "cv": 1.2434332725158117,
      "lambda": 0.35,
      "twait": 5.026329936934958
    },
    "F8": {
      "rho": 0.6307447732681065,