{
  "servicechain": {
    "SC1": {
      "resptime": 12.638268294122387,
      "resptime_old": 2.638268294122386,
      "waittime": 1.6753781583626577,
      "servicetime": 10.0,
      "networktime": 0.9628901357597284,
      "services": {
        "MS1_1": {
          "meanserv": 2.904680831469957,
          "stddevserv": 2.904680831469957,
          "rate": 0.34427190387521345,
          "cv": 1.0,
          "lambda": 0.025
        },
        "MS1_2": {
          "meanserv": 1.6780634258414606,
          "stddevserv": 1.6780634258414606,
          "rate": 0.5959250315574649,
          "cv": 1.0,
          "lambda": 0.025
        },
        "MS1_3": {
          "meanserv": 0.5978289709076066,
          "stddevserv": 0.5978289709076066,
          "rate": 1.6727192034233955,
          "cv": 1.0,
          "lambda": 0.025
        },
        "MS1_4": {
          "meanserv": 2.770690429681548,
          "stddevserv": 2.770690429681548,
          "rate": 0.3609208698623671,
          "cv": 1.0,
          "lambda": 0.025
        },
        "MS1_5": {
          "meanserv": 2.048736342099428,
          "stddevserv": 2.048736342099428,
          "rate": 0.4881057554605866,
          "cv": 1.0,
          "lambda": 0.025
        }
      },
      "sensors": [
        "S1"
      ],
      "sources": [
        {
          "startTime": 0,
          "stopTime": -1,
          "lambda": 0.025
        }
      ]
    },
    "SC2": {
      "resptime": 13.973732769067043,
      "resptime_old": 3.9737327690670434,
      "waittime": 2.2198229635699187,
      "servicetime": 10.0,
      "networktime": 1.7539098054971247,
      "services": {
        "MS2_1": {
          "meanserv": 0.7233136578635924,
          "stddevserv": 0.7233136578635924,
          "rate": 1.3825260855071357,
          "cv": 1.0,
          "lambda": 0.025
        },
        "MS2_2": {
          "meanserv": 2.009574686393658,
          "stddevserv": 2.009574686393658,
          "rate": 0.49761773313067537,
          "cv": 1.0,
          "lambda": 0.025
        },
        "MS2_3": {
          "meanserv": 0.36940553698871526,
          "stddevserv": 0.36940553698871526,
          "rate": 2.70705200618189,
          "cv": 1.0,
          "lambda": 0.025
        },
        "MS2_4": {
          "meanserv": 5.269467285925772,
          "stddevserv": 5.269467285925772,
          "rate": 0.1897725036970818,
          "cv": 1.0,
          "lambda": 0.025
        },
        "MS2_5": {
          "meanserv": 1.6282388328282629,
          "stddevserv": 1.6282388328282629,
          "rate": 0.6141605149307198,
          "cv": 1.0,
          "lambda": 0.025
        }
      },
      "sensors": [
        "S2"
      ],
      "sources": [
        {
          "startTime": 0,
          "stopTime": -1,
          "lambda": 0.025
        }
      ]
    },
    "SC3": {
      "resptime": 12.64342632916096,
      "resptime_old": 2.6434263291609605,
      "waittime": 1.680536193401232,
      "servicetime": 10.0,
      "networktime": 0.9628901357597284,
      "services": {
        "MS3_1": {
          "meanserv": 0.744441548824808,
          "stddevserv": 0.744441548824808,
          "rate": 1.3432888069971676,
          "cv": 1.0,
          "lambda": 0.025
        },
        "MS3_2": {
          "meanserv": 1.0833097889080023,
          "stddevserv": 1.0833097889080023,
          "rate": 0.9230969850351115,
          "cv": 1.0,
          "lambda": 0.025
        },
        "MS3_3": {
          "meanserv": 2.6550369593529193,
          "stddevserv": 2.6550369593529193,
          "rate": 0.37664259116141197,
          "cv": 1.0,
          "lambda": 0.025
        },
        "MS3_4": {
          "meanserv": 3.2998700580071114,
          "stddevserv": 3.2998700580071114,
          "rate": 0.3030422357309213,
          "cv": 1.0,
          "lambda": 0.025
        },
        "MS3_5": {
          "meanserv": 2.217341644907159,
          "stddevserv": 2.217341644907159,
          "rate": 0.4509904922846792,
          "cv": 1.0,
          "lambda": 0.025
        }
      },
      "sensors": [
        "S3"
      ],
      "sources": [
        {
          "startTime": 0,
          "stopTime": -1,
          "lambda": 0.025
        }
      ]
    },
    "SC4": {
      "resptime": 15.820595013327853,
      "resptime_old": 5.820595013327854,
      "waittime": 2.1830899709906166,
      "servicetime": 10.0,
      "networktime": 3.637505042337237,
      "services": {
        "MS4_1": {
          "meanserv": 2.7209949482539866,
          "stddevserv": 2.7209949482539866,
          "rate": 0.3675126264536735,
          "cv": 1.0,
          "lambda": 0.025
        },
        "MS4_2": {
          "meanserv": 0.24240853961584552,
          "stddevserv": 0.24240853961584552,
          "rate": 4.125267210407438,
          "cv": 1.0,
          "lambda": 0.025
        },
        "MS4_3": {
          "meanserv": 6.522756387652996,
          "stddevserv": 6.522756387652996,
          "rate": 0.15330942021580202,
          "cv": 1.0,
          "lambda": 0.025
        },
        "MS4_4": {
          "meanserv": 0.2950716098327195,
          "stddevserv": 0.2950716098327195,
          "rate": 3.389007843102611,
          "cv": 1.0,
          "lambda": 0.025
        },
        "MS4_5": {
          "meanserv": 0.21876851464445224,
          "stddevserv": 0.21876851464445224,
          "rate": 4.571041685889871,
          "cv": 1.0,
          "lambda": 0.025
        }
      },
      "sensors": [
        "S4"
      ],
      "sources": [
        {
          "startTime": 0,
          "stopTime": -1,
          "lambda": 0.025
        }
      ]
    }
  },
  "microservice": {
    "MS1_1": "F3",
    "MS1_2": "F3",
    "MS1_3": "F3",
    "MS1_4": "F7",
    "MS1_5": "F7",
    "MS2_1": "F9",
    "MS2_2": "F9",
    "MS2_3": "F9",
    "MS2_4": "F2",
    "MS2_5": "F2",
    "MS3_1": "F1",
    "MS3_2": "F1",
    "MS3_3": "F1",
    "MS3_4": "F8",
    "MS3_5": "F8",
    "MS4_1": "F5",
    "MS4_2": "F5",
    "MS4_3": "F4",
    "MS4_4": "F1",
    "MS4_5": "F1"
  },
  "sensor": {
    "S1": "F3",
    "S2": "F9",
    "S3": "F1",
    "S4": "F5"
  },
  "fog": {
    "F1": {
      "rho": 0.12491571053907254,
      "capacity": 1.0,
      "tserv": 0.9993256843125803,
      "stddev": 1.6019078542166614,
      "mu": 1.0006747706958854,
      "cv": 1.6029887746941953,
      "lambda": 0.125,
      "twait": 0.2546012309656916
    },
    "F2": {
      "rho": 0.17244265296885086,
      "capacity": 1.0,
      "tserv": 3.4488530593770172,
      "stddev": 4.303935379277626,
      "mu": 0.28995146583039255,
      "cv": 1.2479323720608342,
      "lambda": 0.05,
      "twait": 0.9189226366999709
    },
    "F3": {
      "rho": 0.1295143307054756,
      "capacity": 1.0,
      "tserv": 1.7268577427396745,
      "stddev": 2.1813467669954543,
      "mu": 0.5790864963859105,
      "cv": 1.2631884567021305,
      "lambda": 0.07500000000000001,
      "twait": 0.33344796709065316
    },
    "F4": {
      "rho": 0.16306890969132495,
      "capacity": 1.0,
      "tserv": 6.522756387652997,
      "stddev": 6.522756387652996,
      "mu": 0.153309420215802,
      "cv": 0.9999999999999999,
      "lambda": 0.025,
      "twait": 1.270903643840502
    },
    "F5": {
      "rho": 0.07408508719674581,
      "capacity": 1.0,
      "tserv": 1.481701743934916,
      "stddev": 2.295024041382275,
      "mu": 0.6748996578382411,
      "cv": 1.5489109402594348,
      "lambda": 0.05,
      "twait": 0.20149193260936576
    },
    "F6": {
      "rho": 0,
      "capacity": 1.0,
      "tserv": 0,
      "stddev": 0,
      "mu": 0,
      "cv": 0,
      "lambda": 0.0,
      "twait": 0
    },
    "F7": {
      "rho": 0.1204856692945244,
      "capacity": 1.0,
      "tserv": 2.4097133858904876,
      "stddev": 2.4631945628447762,
      "mu": 0.41498711251523346,
      "cv": 1.0221939991981766,
      "lambda": 0.05,
      "twait": 0.3375171285453491
    },
    "F8": {
      "rho": 0.13793029257285677,
      "capacity": 1.0,