{
  "servicechain": {
    "SC1": {
      "resptime": 19580.928243321338,
      "resptime_old": 19570.928243321338,
      "waittime": 19564.758064802914,
      "servicetime": 10.0,
      "networktime": 6.170178518424883,
      "services": {
        "MS1_1": {
          "meanserv": 0.33976140434459956,
          "stddevserv": 0.33976140434459956,
          "rate": 2.9432418962624727,
          "cv": 1.0,
          "lambda": 0.15
        },
        "MS1_2": {
          "meanserv": 6.149373320427687,
          "stddevserv": 6.149373320427687,
          "rate": 0.1626181966669817,
          "cv": 1.0,
          "lambda": 0.15
        },
        "MS1_3": {
          "meanserv": 2.6761254040704205,
          "stddevserv": 2.6761254040704205,
          "rate": 0.3736745664007327,
          "cv": 1.0,
          "lambda": 0.15
        },
        "MS1_4": {
          "meanserv": 0.8347398711572929,
          "stddevserv": 0.8347398711572929,
          "rate": 1.197977998359643,
          "cv": 1.0,
          "lambda": 0.15
        }
      },
      "sensors": [
        "S1"
      ],
      "sources": [
        {
          "startTime": 0,
          "stopTime": -1,
          "lambda": 0.15
        }
      ]
    },
    "SC2": {
      "resptime": 19578.069989036812,
      "resptime_old": 19568.069989036812,
      "waittime": 19565.94601172874,
      "servicetime": 10.0,
      "networktime": 2.12397730807156,
      "services": {
        "MS2_1": {
          "meanserv": 7.371621726455512,
          "stddevserv": 7.371621726455512,
          "rate": 0.13565536012396948,
          "cv": 1.0,
          "lambda": 0.15
        },
        "MS2_2": {
          "meanserv": 2.140040891924439,
          "stddevserv": 2.140040891924439,
          "rate": 0.4672807906491668,
          "cv": 1.0,
          "lambda": 0.15
        },
        "MS2_3": {
          "meanserv": 0.25188022220918604,
          "stddevserv": 0.25188022220918604,
          "rate": 3.970141010791637,
          "cv": 1.0,
          "lambda": 0.15
        },
        "MS2_4": {
          "meanserv": 0.23645715941086287,
          "stddevserv": 0.23645715941086287,
          "rate": 4.229095885662829,
          "cv": 1.0,
          "lambda": 0.15
        }
      },
      "sensors": [
        "S2"
      ],
      "sources": [
        {
          "startTime": 0,
          "stopTime": -1,
          "lambda": 0.15
        }
      ]
    },
    "SC3": {
      "resptime": 25.910737788299116,
      "resptime_old": 15.910737788299116,
      "waittime": 9.451793489776534,
      "servicetime": 10.0,
      "networktime": 6.45894429852258,
      "services": {
        "MS3_1": {
          "meanserv": 1.3491380255627505,
          "stddevserv": 1.3491380255627505,
          "rate": 0.7412140055743233,
          "cv": 1.0,
          "lambda": 0.15
        },
        "MS3_2": {
          "meanserv": 1.9913390585116262,
          "stddevserv": 1.9913390585116262,
          "rate": 0.5021746526417372,
          "cv": 1.0,
          "lambda": 0.15
        },
        "MS3_3": {
          "meanserv": 4.116885641821981,
          "stddevserv": 4.116885641821981,
          "rate": 0.24290205922684727,
          "cv": 1.0,
          "lambda": 0.15
        },
        "MS3_4": {
          "meanserv": 2.542637274103642,
          "stddevserv": 2.542637274103642,
          "rate": 0.3932924330909649,
          "cv": 1.0,
          "lambda": 0.15
        }
      },
      "sensors": [
        "S3"
      ],
      "sources": [
        {
          "startTime": 0,
          "stopTime": -1,
          "lambda": 0.15
        }
      ]
    },
    "SC4": {
      "resptime": 19579.683425647963,
      "resptime_old": 19569.683425647963,
      "waittime": 19564.263018651036,
      "servicetime": 10.0,
      "networktime": 5.420406996926637,
      "services": {
        "MS4_1": {
          "meanserv": 1.0882699685400155,
          "stddevserv": 1.0882699685400155,
          "rate": 0.9188896403541895,
          "cv": 1.0,
          "lambda": 0.15
        },
        "MS4_2": {
          "meanserv": 0.24975934319210302,
          "stddevserv": 0.24975934319210302,
          "rate": 4.0038542191026165,
          "cv": 1.0,
          "lambda": 0.15
        },
        "MS4_3": {
          "meanserv": 6.268920120394968,
          "stddevserv": 6.268920120394968,
          "rate": 0.15951710674166253,
          "cv": 1.0,
          "lambda": 0.15
        },
        "MS4_4": {
          "meanserv": 2.393050567872913,
          "stddevserv": 2.393050567872913,
          "rate": 0.41787666897856657,
          "cv": 1.0,
          "lambda": 0.15
        }
      },
      "sensors": [
        "S4"
      ],
      "sources": [
        {
          "startTime": 0,
          "stopTime": -1,
          "lambda": 0.15
        }
      ]
    }
  },
  "microservice": {
    "MS1_1": "F5",
    "MS1_2": "F1",
    "MS1_3": "F6",
    "MS1_4": "F7",
    "MS2_1": "F1",
    "MS2_2": "F10",
    "MS2_3": "F10",
    "MS2_4": "F10",
    "MS3_1": "F5",
    "MS3_2": "F3",
    "MS3_3": "F2",
    "MS3_4": "F8",
    "MS4_1": "F4",
    "MS4_2": "F4",
    "MS4_3": "F1",
    "MS4_4": "F9"
  },
  "sensor": {
    "S1": "F5",
    "S2": "F1",
    "S3": "F5",
    "S4": "F4"
  },
  "fog": {
    "F1": {
      "rho": 2.968487275091725,
      "capacity": 1.0,
      "tserv": 6.596638389092723,
      "stddev": 6.642364113935836,
      "mu": 0.15159236280913319,
      "cv": 1.0069316706701277,
      "lambda": 0.44999999999999996,
      "twait": 19562.4550792869
    },
    "F2": {
      "rho": 0.6175328462732972,
      "capacity": 1.0,
      "tserv": 4.116885641821981,
      "stddev": 4.116885641821981,
      "mu": 0.24290205922684727,
      "cv": 1.0,
      "lambda": 0.15,
      "twait": 6.647138410198337
    },
    "F3": {
      "rho": 0.29870085877674396,
      "capacity": 1.0,
      "tserv": 1.9913390585116262,
      "stddev": 1.9913390585116262,
      "mu": 0.5021746526417372,
      "cv": 1.0,
      "lambda": 0.15,
      "twait": 0.8481611511110327
    },
    "F4": {
      "rho": 0.20070439675981774,
      "capacity": 1.0,
      "tserv": 0.6690146558660592,
      "stddev": 0.8939410742181249,
      "mu": 1.4947355655541963,
      "cv": 1.3362055171435545,
      "lambda": 0.3,
      "twait": 0.233964364788932
    },
    "F5": {
      "rho": 0.25333491448610246,
      "capacity": 1.0,
      "tserv": 0.844449714953675,
      "stddev": 1.1056744108534973,
      "mu": 1.184203135239211,
      "cv": 1.309343103886479,
      "lambda": 0.3,
      "twait": 0.38885129252482176
    },
    "F6": {
      "rho": 0.40141881061056306,
      "capacity": 1.0,
      "tserv": 2.6761254040704205,
      "stddev": 2.6761254040704205,
      "mu": 0.3736745664007327,
      "cv": 1.0,
      "lambda": 0.15,
      "twait": 1.7946555885633677
    },
    "F7": {
      "rho": 0.12521098067359393,
      "capacity": 1.0,
      "tserv": 0.8347398711572929,
      "stddev": 0.8347398711572929,
      "mu": 1.197977998359643,
      "cv": 1.0,
      "lambda": 0.15,
      "twait": 0.1194786349232346
    },
    "F8": {
      "rho": 0.3813955911155463,
      "capacity": 1.0,
      "tserv": 2.542637274103642,
      "stddev": 2.542637274103642,
      "mu": 0.3932924330909649,
      "cv": 1.0,
      "lambda": 0.15,
      "twait": 1.5676426359423425
    },
    "F9": {
      "rho": 0.35895758518093696,
      "capacity": 1.0,
      "tserv": 2.393050567872913,
      "stddev": 2.393050567872913,
      "mu": 0.41787666897856657,
      "cv": 1.0,
      "lambda": 0.15,
      "twait": 1.340010634556823
    },
    "F10": {
      "rho": 0.39425674103167324,
      "capacity": 1.0,
      "tserv": 0.8761260911814962,
      "stddev": 1.5379066426395116,
      "mu": 1.1413882203319092,
      "cv": 1.7553485258789336,
      "lambda": 0.44999999999999996,
      "twait": 1.1636441472800427
    }
  },
  "extra": {
    "deltatime": 0.0129374,
    "obj_func": 14691.148098948603
  },