{
  "servicechain": {
    "SC1": {
      "resptime": 16.621857410351467,
      "resptime_old": 6.621857410351468,
      "waittime": 4.5193046197064675,
      "servicetime": 10.0,
      "networktime": 2.1025527906450003,
      "services": {
        "MS1_1": {
          "meanserv": 0.22402561635993856,
          "stddevserv": 0.22402561635993856,
          "rate": 4.4637752425299215,
          "cv": 1.0,
          "lambda": 0.05
        },
        "MS1_2": {
          "meanserv": 2.612306030408437,
          "stddevserv": 2.612306030408437,
          "rate": 0.38280354152979884,
          "cv": 1.0,
          "lambda": 0.05
        },
        "MS1_3": {
          "meanserv": 0.5972260638149995,
          "stddevserv": 0.5972260638149995,
          "rate": 1.674407834132581,
          "cv": 1.0,
          "lambda": 0.05
        },
        "MS1_4": {
          "meanserv": 3.2637150802368398,
          "stddevserv": 3.2637150802368398,
          "rate": 0.3063992951025101,
          "cv": 1.0,
          "lambda": 0.05
        },
        "MS1_5": {
          "meanserv": 3.3027272091797855,
          "stddevserv": 3.3027272091797855,
          "rate": 0.3027800773919638,
          "cv": 1.0,
          "lambda": 0.05
        }
      },
      "sensors": [
        "S1"
      ],
      "sources": [
        {
          "startTime": 0,
          "stopTime": -1,
          "lambda": 0.05
        }
      ]
    },
    "SC2": {
      "resptime": 16.82328129718472,
      "resptime_old": 6.823281297184719,
      "waittime": 2.6634524859385955,
      "servicetime": 10.0,
      "networktime": 4.159828811246124,
      "services": {
        "MS2_1": {
          "meanserv": 2.019398534178812,
          "stddevserv": 2.019398534178812,
          "rate": 0.4951969524958825,
          "cv": 1.0,
          "lambda": 0.05
        },
        "MS2_2": {
          "meanserv": 1.7161900775586783,
          "stddevserv": 1.7161900775586783,
          "rate": 0.5826860398951403,
          "cv": 1.0,
          "lambda": 0.05
        },
        "MS2_3": {
          "meanserv": 4.5078408553496505,
          "stddevserv": 4.5078408553496505,
          "rate": 0.22183569298220823,
          "cv": 1.0,
          "lambda": 0.05
        },
        "MS2_4": {
          "meanserv": 1.1009886224237224,
          "stddevserv": 1.1009886224237224,
          "rate": 0.9082745994219218,
          "cv": 1.0,
          "lambda": 0.05
        },
        "MS2_5": {
          "meanserv": 0.6555819104891363,
          "stddevserv": 0.6555819104891363,
          "rate": 1.5253624055213633,
          "cv": 1.0,
          "lambda": 0.05
        }
      },
      "sensors": [
        "S2"
      ],
      "sources": [
        {
          "startTime": 0,
          "stopTime": -1,
          "lambda": 0.05
        }
      ]
    },
    "SC3": {
      "resptime": 17.086955042833495,
      "resptime_old": 7.086955042833497,
      "waittime": 2.7845745512307603,
      "servicetime": 10.0,
      "networktime": 4.302380491602737,
      "services": {
        "MS3_1": {
          "meanserv": 2.4278699069990974,
          "stddevserv": 2.4278699069990974,
          "rate": 0.41188368335436176,
          "cv": 1.0,
          "lambda": 0.05
        },
        "MS3_2": {
          "meanserv": 0.1862979019913089,
          "stddevserv": 0.1862979019913089,
          "rate": 5.3677469757370195,
          "cv": 1.0,
          "lambda": 0.05
        },
        "MS3_3": {
          "meanserv": 3.2179902663557103,
          "stddevserv": 3.2179902663557103,
          "rate": 0.31075295983802764,
          "cv": 1.0,
          "lambda": 0.05
        },
        "MS3_4": {
          "meanserv": 0.5864032684922948,
          "stddevserv": 0.5864032684922948,
          "rate": 1.7053110951634125,
          "cv": 1.0,
          "lambda": 0.05
        },
        "MS3_5": {
          "meanserv": 3.5814386561615885,
          "stddevserv": 3.5814386561615885,
          "rate": 0.2792174028388221,
          "cv": 1.0,
          "lambda": 0.05
        }
      },
      "sensors": [
        "S3"
      ],
      "sources": [
        {
          "startTime": 0,
          "stopTime": -1,
          "lambda": 0.05
        }
      ]
    },
    "SC4": {
      "resptime": 16.325069510449616,
      "resptime_old": 6.325069510449617,
      "waittime": 3.4907791965023476,
      "servicetime": 10.0,
      "networktime": 2.8342903139472693,
      "services": {
        "MS4_1": {
          "meanserv": 1.3473949236788763,
          "stddevserv": 1.3473949236788763,
          "rate": 0.7421729015199476,
          "cv": 1.0,
          "lambda": 0.05
        },
        "MS4_2": {
          "meanserv": 4.148797942496818,
          "stddevserv": 4.148797942496818,
          "rate": 0.2410336714055982,
          "cv": 1.0,
          "lambda": 0.05
        },
        "MS4_3": {
          "meanserv": 2.569479257387223,
          "stddevserv": 2.569479257387223,
          "rate": 0.38918391620598286,
          "cv": 1.0,
          "lambda": 0.05
        },
        "MS4_4": {
          "meanserv": 1.4508017901161754,
          "stddevserv": 1.4508017901161754,
          "rate": 0.6892740323403677,
          "cv": 1.0,
          "lambda": 0.05
        },
        "MS4_5": {
          "meanserv": 0.4835260863209072,
          "stddevserv": 0.4835260863209072,
          "rate": 2.06814074419207,
          "cv": 1.0,
          "lambda": 0.05
        }
      },
      "sensors": [
        "S4"
      ],
      "sources": [
        {
          "startTime": 0,
          "stopTime": -1,
          "lambda": 0.05
        }
      ]
    }
  },
  "microservice": {
    "MS1_1": "F8",
    "MS1_2": "F8",
    "MS1_3": "F8",
    "MS1_4": "F7",
    "MS1_5": "F7",
    "MS2_1": "F3",
    "MS2_2": "F3",
    "MS2_3": "F9",
    "MS2_4": "F4",
    "MS2_5": "F4",
    "MS3_1": "F5",
    "MS3_2": "F5",
    "MS3_3": "F6",
    "MS3_4": "F6",
    "MS3_5": "F10",
    "MS4_1": "F2",
    "MS4_2": "F2",
    "MS4_3": "F1",
    "MS4_4": "F4",
    "MS4_5": "F4"
  },
  "sensor": {
    "S1": "F8",
    "S2": "F3",
    "S3": "F5",
    "S4": "F2"
  },
  "fog": {
    "F1": {
      "rho": 0.12847396286936114,
      "capacity": 1.0,
      "tserv": 2.569479257387223,
      "stddev": 2.569479257387223,
      "mu": 0.38918391620598286,
      "cv": 1.0,
      "lambda": 0.05,
      "twait": 0.37877374701735633
    },
    "F2": {
      "rho": 0.27480964330878477,
      "capacity": 1.0,
      "tserv": 2.7480964330878477,
      "stddev": 3.38761914070506,
      "mu": 0.36388824932041,
      "cv": 1.2327147984754758,
      "lambda": 0.1,
      "twait": 1.3119312241574335
    },
    "F3": {
      "rho": 0.18677943058687452,
      "capacity": 1.0,
      "tserv": 1.8677943058687452,
      "stddev": 1.8800593748918384,
      "mu": 0.5353908601487474,
      "cv": 1.0065666058540577,
      "lambda": 0.1,
      "twait": 0.43181881314333126
    },
    "F4": {
      "rho": 0.18454492046749707,
      "capacity": 1.0,
      "tserv": 0.9227246023374853,
      "stddev": 1.0671798149577332,
      "mu": 1.0837469787483258,
      "cv": 1.1565529002416406,
      "lambda": 0.2,
      "twait": 0.24407150058506216
    },
    "F5": {
      "rho": 0.13070839044952032,
      "capacity": 1.0,
      "tserv": 1.3070839044952032,
      "stddev": 2.0544563417624,
      "mu": 0.7650618269882229,
      "cv": 1.5717861222962828,
      "lambda": 0.1,
      "twait": 0.34103971144184037
    },
    "F6": {
      "rho": 0.19021967674240026,
      "capacity": 1.0,
      "tserv": 1.9021967674240026,
      "stddev": 2.661010636141881,
      "mu": 0.5257079693990977,
      "cv": 1.3989144980755495,
      "lambda": 0.1,
      "twait": 0.6606316454206416
    },
    "F7": {
      "rho": 0.32832211447083126,
      "capacity": 1.0,
      "tserv": 3.2832211447083126,
      "stddev": 3.2833370308517056,
      "mu": 0.3045789351142967,
      "cv": 1.0000352964781491,
      "lambda": 0.1,
      "twait": 1.6049242953887297
    },
    "F8": {
      "rho": 0.17167788552916877,