{
  "servicechain": {
    "SC1": {
      "resptime": 6948.06673263992,
      "resptime_old": 6938.06673263992,
      "waittime": 6935.892005399811,
      "servicetime": 10.0,
      "networktime": 2.1747272401091995,
      "services": {
        "MS1_1": {
          "meanserv": 1.946985563305239,
          "stddevserv": 1.946985563305239,
          "rate": 0.5136144914718224,
          "cv": 1.0,
          "lambda": 0.15
        },
        "MS1_2": {
          "meanserv": 1.2511797499990132,
          "stddevserv": 1.2511797499990132,
          "rate": 0.7992456719354583,
          "cv": 1.0,
          "lambda": 0.15
        },
        "MS1_3": {
          "meanserv": 6.801834686695748,
          "stddevserv": 6.801834686695748,
          "rate": 0.1470191567513365,
          "cv": 1.0,
          "lambda": 0.15
        }
      },
      "sensors": [
        "S1"
      ],
      "sources": [
        {
          "startTime": 0,
          "stopTime": -1,
          "lambda": 0.15
        }
      ]
    },
    "SC2": {
      "resptime": 33.01294141627558,
      "resptime_old": 23.01294141627558,
      "waittime": 17.504462767671697,
      "servicetime": 10.0,
      "networktime": 5.5084786486038855,
      "services": {
        "MS2_1": {
          "meanserv": 4.861834508629846,
          "stddevserv": 4.861834508629846,
          "rate": 0.2056836772672911,
          "cv": 1.0,
          "lambda": 0.15
        },
        "MS2_2": {
          "meanserv": 1.6360681314079182,
          "stddevserv": 1.6360681314079182,
          "rate": 0.6112214893761485,
          "cv": 1.0,
          "lambda": 0.15
        },
        "MS2_3": {
          "meanserv": 3.502097359962236,
          "stddevserv": 3.502097359962236,
          "rate": 0.28554317519338845,
          "cv": 1.0,
          "lambda": 0.15
        }
      },
      "sensors": [
        "S2"
      ],
      "sources": [
        {
          "startTime": 0,
          "stopTime": -1,
          "lambda": 0.15
        }
      ]
    },
    "SC3": {
      "resptime": 82.98222860016168,
      "resptime_old": 72.98222860016168,
      "waittime": 66.97477107979057,
      "servicetime": 10.0,
      "networktime": 6.0074575203711,
      "services": {
        "MS3_1": {
          "meanserv": 1.8080564620828987,
          "stddevserv": 1.8080564620828987,
          "rate": 0.553080072979574,
          "cv": 1.0,
          "lambda": 0.15
        },
        "MS3_2": {
          "meanserv": 2.0942969593587213,
          "stddevserv": 2.0942969593587213,
          "rate": 0.4774872042531172,
          "cv": 1.0,
          "lambda": 0.15
        },
        "MS3_3": {
          "meanserv": 6.09764657855838,
          "stddevserv": 6.09764657855838,
          "rate": 0.16399769765541616,
          "cv": 1.0,
          "lambda": 0.15
        }
      },
      "sensors": [
        "S3"
      ],
      "sources": [
        {
          "startTime": 0,
          "stopTime": -1,
          "lambda": 0.15
        }
      ]
    },
    "SC4": {
      "resptime": 12128.505614244332,
      "resptime_old": 12118.505614244332,
      "waittime": 12115.17411066573,
      "servicetime": 10.0,
      "networktime": 3.331503578601285,
      "services": {
        "MS4_1": {
          "meanserv": 0.66003725737518,
          "stddevserv": 0.66003725737518,
          "rate": 1.5150659888152003,
          "cv": 1.0,
          "lambda": 0.15
        },
        "MS4_2": {
          "meanserv": 0.3484466267628805,
          "stddevserv": 0.3484466267628805,
          "rate": 2.869879985035712,
          "cv": 1.0,
          "lambda": 0.15
        },
        "MS4_3": {
          "meanserv": 8.99151611586194,
          "stddevserv": 8.99151611586194,
          "rate": 0.1112159492475245,
          "cv": 1.0,
          "lambda": 0.15
        }
      },
      "sensors": [
        "S4"
      ],
      "sources": [
        {
          "startTime": 0,
          "stopTime": -1,
          "lambda": 0.15
        }
      ]
    }
  },
  "microservice": {
    "MS1_1": "F3",
    "MS1_2": "F3",
    "MS1_3": "F6",
    "MS2_1": "F10",
    "MS2_2": "F2",
    "MS2_3": "F5",
    "MS3_1": "F9",
    "MS3_2": "F1",
    "MS3_3": "F7",
    "MS4_1": "F4",
    "MS4_2": "F4",
    "MS4_3": "F8"
  },
  "sensor": {
    "S1": "F3",
    "S2": "F10",
    "S3": "F9",
    "S4": "F4"
  },
  "fog": {
    "F1": {
      "rho": 0.3141445439038082,
      "capacity": 1.0,
      "tserv": 2.0942969593587213,
      "stddev": 2.0942969593587213,
      "mu": 0.4774872042531172,
      "cv": 1.0,
      "lambda": 0.15,
      "twait": 0.9592574605174609
    },
    "F2": {
      "rho": 0.2454102197111877,
      "capacity": 1.0,
      "tserv": 1.6360681314079182,
      "stddev": 1.6360681314079182,
      "mu": 0.6112214893761485,
      "cv": 1.0,
      "lambda": 0.15,
      "twait": 0.5320875660913617
    },
    "F3": {
      "rho": 0.4797247969956379,
      "capacity": 1.0,
      "tserv": 1.5990826566521263,
      "stddev": 1.6730625235540333,
      "mu": 0.6253585428120528,
      "cv": 1.0462639417632063,
      "lambda": 0.3,
      "twait": 1.5442414474868909
    },
    "F4": {
      "rho": 0.15127258262070908,
      "capacity": 1.0,
      "tserv": 0.5042419420690303,
      "stddev": 0.5502765638151715,
      "mu": 1.9831749733010129,
      "cv": 1.091294709752326,
      "lambda": 0.3,
      "twait": 0.09845285213229385
    },
    "F5": {
      "rho": 0.5253146039943354,
      "capacity": 1.0,
      "tserv": 3.502097359962236,
      "stddev": 3.502097359962236,
      "mu": 0.28554317519338845,
      "cv": 1.0,
      "lambda": 0.15,
      "twait": 3.875625631794696
    },
    "F6": {
      "rho": 1.020275203004362,
      "capacity": 1.0,
      "tserv": 6.801834686695747,
      "stddev": 6.801834686695748,
      "mu": 0.14701915675133653,
      "cv": 1.0000000000000002,
      "lambda": 0.15,
      "twait": 6932.803522504837
    },
    "F7": {
      "rho": 0.9146469867837569,
      "capacity": 1.0,
      "tserv": 6.09764657855838,
      "stddev": 6.09764657855838,
      "mu": 0.16399769765541616,
      "cv": 1.0,
      "lambda": 0.15,
      "twait": 65.34267343814568
    },
    "F8": {
      "rho": 1.348727417379291,
      "capacity": 1.0,
      "tserv": 8.99151611586194,
      "stddev": 8.99151611586194,
      "mu": 0.1112159492475245,
      "cv": 1.0,
      "lambda": 0.15,
      "twait": 12114.977204961466
    },
    "F9": {
      "rho": 0.2712084693124348,
      "capacity": 1.0,
      "tserv": 1.8080564620828987,
      "stddev": 1.8080564620828987,
      "mu": 0.553080072979574,
      "cv": 1.0,
      "lambda": 0.15,
      "twait": 0.6728401811274314
    },
    "F10": {
      "rho": 0.7292751762944769,
      "capacity": 1.0,
      "tserv": 4.861834508629846,
      "stddev": 4.861834508629846,
      "mu": 0.2056836772672911,
      "cv": 1.0,
      "lambda": 0.15,
      "twait": 13.09674956978564
    }
  },
  "extra": {
    "deltatime": 0.1585884,
    "conv": 12,
    "obj_func": 4798.1418792251725
  },