{
  "servicechain": {
    "SC1": {
      "resptime": 35.97456889325731,
      "resptime_old": 25.974568893257317,
      "waittime": 20.9270016240373,
      "servicetime": 10.0,
      "networktime": 5.047567269220013,
      "services": {
        "MS1_1": {
          "meanserv": 1.0742511576212377,
          "stddevserv": 1.0742511576212377,
          "rate": 0.9308810075795912,
          "cv": 1.0,
          "lambda": 0.15
        },
        "MS1_2": {
          "meanserv": 0.9309190289678693,
          "stddevserv": 0.9309190289678693,
          "rate": 1.0742072821400186,
          "cv": 1.0,
          "lambda": 0.15
        },
        "MS1_3": {
          "meanserv": 0.3403298721340362,
          "stddevserv": 0.3403298721340362,
          "rate": 2.9383256712950487,
          "cv": 1.0,
          "lambda": 0.15
        },
        "MS1_4": {
          "meanserv": 1.8807264149965208,
          "stddevserv": 1.8807264149965208,
          "rate": 0.531709445896122,
          "cv": 1.0,
          "lambda": 0.15
        },
        "MS1_5": {
          "meanserv": 1.1840933427284597,
          "stddevserv": 1.1840933427284597,
          "rate": 0.8445280147388882,
          "cv": 1.0,
          "lambda": 0.15
        },
        "MS1_6": {
          "meanserv": 0.8145650211225295,
          "stddevserv": 0.8145650211225295,
          "rate": 1.2276490814961925,
          "cv": 1.0,
          "lambda": 0.15
        },
        "MS1_7": {
          "meanserv": 2.0016757736081088,
          "stddevserv": 2.0016757736081088,
          "rate": 0.49958140733124623,
          "cv": 1.0,
          "lambda": 0.15
        },
        "MS1_8": {
          "meanserv": 1.773439388821238,
          "stddevserv": 1.773439388821238,
          "rate": 0.5638760514193133,
          "cv": 1.0,
          "lambda": 0.15
        }
      },
      "sensors": [
        "S1"
      ],
      "sources": [
        {
          "startTime": 0,
          "stopTime": -1,
          "lambda": 0.15
        }
      ]
    },
    "SC2": {
      "resptime": 37.48661843594339,
      "resptime_old": 27.4866184359434,
      "waittime": 22.722027877258686,
      "servicetime": 10.0,
      "networktime": 4.76459055868471,
      "services": {
        "MS2_1": {
          "meanserv": 1.1145317541647681,
          "stddevserv": 1.1145317541647681,
          "rate": 0.8972377828296167,
          "cv": 1.0,
          "lambda": 0.15
        },
        "MS2_2": {
          "meanserv": 1.156230357957061,
          "stddevserv": 1.156230357957061,
          "rate": 0.8648795571903996,
          "cv": 1.0,
          "lambda": 0.15
        },
        "MS2_3": {
          "meanserv": 2.734842429734725,
          "stddevserv": 2.734842429734725,
          "rate": 0.3656517791034119,
          "cv": 1.0,
          "lambda": 0.15
        },
        "MS2_4": {
          "meanserv": 3.059553575823214,
          "stddevserv": 3.059553575823214,
          "rate": 0.3268450691310207,
          "cv": 1.0,
          "lambda": 0.15
        },
        "MS2_5": {
          "meanserv": 0.17853301937962307,
          "stddevserv": 0.17853301937962307,
          "rate": 5.601204771391075,
          "cv": 1.0,
          "lambda": 0.15
        },
        "MS2_6": {
          "meanserv": 0.29289656832797206,
          "stddevserv": 0.29289656832797206,
          "rate": 3.414174518017043,
          "cv": 1.0,
          "lambda": 0.15
        },
        "MS2_7": {
          "meanserv": 0.3642875141530588,
          "stddevserv": 0.3642875141530588,
          "rate": 2.745084476268491,
          "cv": 1.0,
          "lambda": 0.15
        },
        "MS2_8": {
          "meanserv": 1.0991247804595776,
          "stddevserv": 1.0991247804595776,
          "rate": 0.9098148069974998,
          "cv": 1.0,
          "lambda": 0.15
        }
      },
      "sensors": [
        "S2"
      ],
      "sources": [
        {
          "startTime": 0,
          "stopTime": -1,
          "lambda": 0.15
        }
      ]
    },
    "SC3": {
      "resptime": 38.81140540971485,
      "resptime_old": 28.81140540971485,
      "waittime": 24.781329884504718,
      "servicetime": 10.0,
      "networktime": 4.030075525210133,
      "services": {
        "MS3_1": {
          "meanserv": 0.5857849832836082,
          "stddevserv": 0.5857849832836082,
          "rate": 1.7071110194640298,
          "cv": 1.0,
          "lambda": 0.15
        },
        "MS3_2": {
          "meanserv": 0.49911662972882964,
          "stddevserv": 0.49911662972882964,
          "rate": 2.003539734877799,
          "cv": 1.0,
          "lambda": 0.15
        },
        "MS3_3": {
          "meanserv": 1.1660713178520676,
          "stddevserv": 1.1660713178520676,
          "rate": 0.8575804795902405,
          "cv": 1.0,
          "lambda": 0.15
        },
        "MS3_4": {
          "meanserv": 2.0816034759126714,
          "stddevserv": 2.0816034759126714,
          "rate": 0.480398890360977,
          "cv": 1.0,
          "lambda": 0.15
        },
        "MS3_5": {
          "meanserv": 3.723276330514514,
          "stddevserv": 3.723276330514514,
          "rate": 0.2685806561829408,
          "cv": 1.0,
          "lambda": 0.15
        },
        "MS3_6": {
          "meanserv": 1.0107867332488691,
          "stddevserv": 1.0107867332488691,
          "rate": 0.9893283786836038,
          "cv": 1.0,
          "lambda": 0.15
        },
        "MS3_7": {
          "meanserv": 0.4214406221453135,
          "stddevserv": 0.4214406221453135,
          "rate": 2.3728135055172688,
          "cv": 1.0,
          "lambda": 0.15
        },
        "MS3_8": {
          "meanserv": 0.5119199073141267,
          "stddevserv": 0.5119199073141267,
          "rate": 1.953430577151545,
          "cv": 1.0,
          "lambda": 0.15
        }
      },
      "sensors": [
        "S3"
      ],
      "sources": [
        {
          "startTime": 0,
          "stopTime": -1,
          "lambda": 0.15
        }
      ]
    },
    "SC4": {
      "resptime": 36.31747424636979,
      "resptime_old": 26.31747424636979,
      "waittime": 22.23482672770073,
      "servicetime": 10.0,
      "networktime": 4.0826475186690585,
      "services": {
        "MS4_1": {
          "meanserv": 2.9547558715978317,
          "stddevserv": 2.9547558715978317,
          "rate": 0.33843743559742345,
          "cv": 1.0,
          "lambda": 0.15
        },
        "MS4_2": {
          "meanserv": 2.07399098418159,
          "stddevserv": 2.07399098418159,
          "rate": 0.48216217313722143,
          "cv": 1.0,
          "lambda": 0.15
        },
        "MS4_3": {
          "meanserv": 2.020605635082405,
          "stddevserv": 2.020605635082405,
          "rate": 0.4949011240183034,
          "cv": 1.0,
          "lambda": 0.15
        },
        "MS4_4": {
          "meanserv": 0.07125585585648864,
          "stddevserv": 0.07125585585648864,
          "rate": 14.033934305891,
          "cv": 1.0,
          "lambda": 0.15
        },
        "MS4_5": {
          "meanserv": 0.5609461195517635,
          "stddevserv": 0.5609461195517635,
          "rate": 1.782702411417111,
          "cv": 1.0,
          "lambda": 0.15
        },
        "MS4_6": {
          "meanserv": 0.004594763251477119,
          "stddevserv": 0.004594763251477119,
          "rate": 217.6390697994116,
          "cv": 1.0,
          "lambda": 0.15
        },
        "MS4_7": {
          "meanserv": 0.06710818993583434,
          "stddevserv": 0.06710818993583434,
          "rate": 14.901310867662389,
          "cv": 1.0,
          "lambda": 0.15
        },
        "MS4_8": {
          "meanserv": 2.24674258054261,
          "stddevserv": 2.24674258054261,
          "rate": 0.4450888182118712,
          "cv": 1.0,
          "lambda": 0.15
        }
      },
      "sensors": [
        "S4"
      ],
      "sources": [
        {
          "startTime": 0,
          "stopTime": -1,
          "lambda": 0.15
        }
      ]
    }
  },