{
  "servicechain": {
    "SC1": {
      "resptime": 29.713359179325515,
      "resptime_old": 19.71335917932551,
      "waittime": 15.563649296523948,
      "servicetime": 10.0,
      "networktime": 4.149709882801566,
      "services": {
        "MS1_1": {
          "meanserv": 0.09203495324769717,
          "stddevserv": 0.09203495324769717,
          "rate": 10.865437148739153,
          "cv": 1.0,
          "lambda": 0.075
        },
        "MS1_2": {
          "meanserv": 0.26324570201511355,
          "stddevserv": 0.26324570201511355,
          "rate": 3.7987324858302443,
          "cv": 1.0,
          "lambda": 0.075
        },
        "MS1_3": {
          "meanserv": 0.15583846757338704,
          "stddevserv": 0.15583846757338704,
          "rate": 6.416900881863989,
          "cv": 1.0,
          "lambda": 0.075
        },
        "MS1_4": {
          "meanserv": 1.4703757356769942,
          "stddevserv": 1.4703757356769942,
          "rate": 0.6800982740235287,
          "cv": 1.0,
          "lambda": 0.075
        },
        "MS1_5": {
          "meanserv": 4.272088716402303,
          "stddevserv": 4.272088716402303,
          "rate": 0.23407753592770425,
          "cv": 1.0,
          "lambda": 0.075
        },
        "MS1_6": {
          "meanserv": 0.4692503932224463,
          "stddevserv": 0.4692503932224463,
          "rate": 2.1310584166648825,
          "cv": 1.0,
          "lambda": 0.075
        },
        "MS1_7": {
          "meanserv": 0.18281599628857492,
          "stddevserv": 0.18281599628857492,
          "rate": 5.469980856716174,
          "cv": 1.0,
          "lambda": 0.075
        },
        "MS1_8": {
          "meanserv": 0.5436274420987326,
          "stddevserv": 0.5436274420987326,
          "rate": 1.8394950706303415,
          "cv": 1.0,
          "lambda": 0.075
        },
        "MS1_9": {
          "meanserv": 2.5358727455990726,
          "stddevserv": 2.5358727455990726,
          "rate": 0.39434155429741835,
          "cv": 1.0,
          "lambda": 0.075
        },
        "MS1_10": {
          "meanserv": 0.01484984787567889,
          "stddevserv": 0.01484984787567889,
          "rate": 67.34075718296091,
          "cv": 1.0,
          "lambda": 0.075
        }
      },
      "sensors": [
        "S1"
      ],
      "sources": [
        {
          "startTime": 0,
          "stopTime": -1,
          "lambda": 0.075
        }
      ]
    },
    "SC2": {
      "resptime": 26.863645047684784,
      "resptime_old": 16.863645047684788,
      "waittime": 15.218463261262809,
      "servicetime": 10.0,
      "networktime": 1.6451817864219767,
      "services": {
        "MS2_1": {
          "meanserv": 0.477727969236742,
          "stddevserv": 0.477727969236742,
          "rate": 2.0932414771479326,
          "cv": 1.0,
          "lambda": 0.075
        },
        "MS2_2": {
          "meanserv": 0.4253568120222029,
          "stddevserv": 0.4253568120222029,
          "rate": 2.350967403686018,
          "cv": 1.0,
          "lambda": 0.075
        },
        "MS2_3": {
          "meanserv": 0.3538769522018015,
          "stddevserv": 0.3538769522018015,
          "rate": 2.8258409986241237,
          "cv": 1.0,
          "lambda": 0.075
        },
        "MS2_4": {
          "meanserv": 0.7930563300557778,
          "stddevserv": 0.7930563300557778,
          "rate": 1.2609444778401393,
          "cv": 1.0,
          "lambda": 0.075
        },
        "MS2_5": {
          "meanserv": 0.3073809333452493,
          "stddevserv": 0.3073809333452493,
          "rate": 3.253292223160775,
          "cv": 1.0,
          "lambda": 0.075
        },
        "MS2_6": {
          "meanserv": 1.5405617545791754,
          "stddevserv": 1.5405617545791754,
          "rate": 0.6491138683844343,
          "cv": 1.0,
          "lambda": 0.075
        },
        "MS2_7": {
          "meanserv": 0.8924096559501082,
          "stddevserv": 0.8924096559501082,
          "rate": 1.1205616090464028,
          "cv": 1.0,
          "lambda": 0.075
        },
        "MS2_8": {
          "meanserv": 1.9365222379764342,
          "stddevserv": 1.9365222379764342,
          "rate": 0.51638962899024,
          "cv": 1.0,
          "lambda": 0.075
        },
        "MS2_9": {
          "meanserv": 2.1490911673408712,
          "stddevserv": 2.1490911673408712,
          "rate": 0.46531297284950784,
          "cv": 1.0,
          "lambda": 0.075
        },
        "MS2_10": {
          "meanserv": 1.1240161872916374,
          "stddevserv": 1.1240161872916374,
          "rate": 0.8896669027601288,
          "cv": 1.0,
          "lambda": 0.075
        }
      },
      "sensors": [
        "S2"
      ],
      "sources": [
        {
          "startTime": 0,
          "stopTime": -1,
          "lambda": 0.075
        }
      ]
    },
    "SC3": {
      "resptime": 31.99148293518316,
      "resptime_old": 21.991482935183157,
      "waittime": 17.714304049524586,
      "servicetime": 10.0,
      "networktime": 4.277178885658575,
      "services": {
        "MS3_1": {
          "meanserv": 0.5453507371525623,
          "stddevserv": 0.5453507371525623,
          "rate": 1.8336823109863134,
          "cv": 1.0,
          "lambda": 0.075
        },
        "MS3_2": {
          "meanserv": 0.4728332485764186,
          "stddevserv": 0.4728332485764186,
          "rate": 2.11491049542465,
          "cv": 1.0,
          "lambda": 0.075
        },
        "MS3_3": {
          "meanserv": 1.4810735652885587,
          "stddevserv": 1.4810735652885587,
          "rate": 0.675185908003948,
          "cv": 1.0,
          "lambda": 0.075
        },
        "MS3_4": {
          "meanserv": 3.4293454199260496,
          "stddevserv": 3.4293454199260496,
          "rate": 0.29160083851266405,
          "cv": 1.0,
          "lambda": 0.075
        },
        "MS3_5": {
          "meanserv": 0.2066844361935143,
          "stddevserv": 0.2066844361935143,
          "rate": 4.838293673277465,
          "cv": 1.0,
          "lambda": 0.075
        },
        "MS3_6": {
          "meanserv": 0.43627696816197936,
          "stddevserv": 0.43627696816197936,
          "rate": 2.292121915610094,
          "cv": 1.0,
          "lambda": 0.075
        },
        "MS3_7": {
          "meanserv": 0.9465510366112939,
          "stddevserv": 0.9465510366112939,
          "rate": 1.0564670697314498,
          "cv": 1.0,
          "lambda": 0.075
        },
        "MS3_8": {
          "meanserv": 1.739489696867948,
          "stddevserv": 1.739489696867948,
          "rate": 0.5748812435052406,
          "cv": 1.0,
          "lambda": 0.075
        },
        "MS3_9": {
          "meanserv": 0.2741104051244907,
          "stddevserv": 0.2741104051244907,
          "rate": 3.6481650506694097,
          "cv": 1.0,
          "lambda": 0.075
        },
        "MS3_10": {
          "meanserv": 0.4682844860971844,
          "stddevserv": 0.4682844860971844,
          "rate": 2.135454044899679,
          "cv": 1.0,
          "lambda": 0.075
        }
      },
      "sensors": [
        "S3"
      ],
      "sources": [
        {
          "startTime": 0,
          "stopTime": -1,
          "lambda": 0.075
        }
      ]
    },
    "SC4": {
      "resptime": 34.03237081600777,
      "resptime_old": 24.03237081600777,
      "waittime": 19.916359168648263,
      "servicetime": 10.0,
      "networktime": 4.116011647359507,
      "services": {
        "MS4_1": {
          "meanserv": 0.07794521304924307,
          "stddevserv": 0.07794521304924307,
          "rate": 12.82952423734136,
          "cv": 1.0,
          "lambda": 0.075
        },
        "MS4_2": {
          "meanserv": 2.563175110436484,
          "stddevserv": 2.563175110436484,
          "rate": 0.3901411167455155,
          "cv": 1.0,
          "lambda": 0.075
        },
        "MS4_3": {
          "meanserv": 0.6200669095054914,
          "stddevserv": 0.6200669095054914,