{
  "servicechain": {
    "SC1": {
      "resptime": 42.5507559452348,
      "resptime_old": 32.55075594523479,
      "waittime": 27.172317618671965,
      "servicetime": 10.0,
      "networktime": 5.378438326562826,
      "services": {
        "MS1_1": {
          "meanserv": 0.10263030769783188,
          "stddevserv": 0.10263030769783188,
          "rate": 9.743710434389797,
          "cv": 1.0,
          "lambda": 0.15
        },
        "MS1_2": {
          "meanserv": 4.291250841633083,
          "stddevserv": 4.291250841633083,
          "rate": 0.23303228753214503,
          "cv": 1.0,
          "lambda": 0.15
        },
        "MS1_3": {
          "meanserv": 0.4321611533920322,
          "stddevserv": 0.4321611533920322,
          "rate": 2.313951617703261,
          "cv": 1.0,
          "lambda": 0.15
        },
        "MS1_4": {
          "meanserv": 0.7837727354140318,
          "stddevserv": 0.7837727354140318,
          "rate": 1.2758800540206914,
          "cv": 1.0,
          "lambda": 0.15
        },
        "MS1_5": {
          "meanserv": 0.6493676764868805,
          "stddevserv": 0.6493676764868805,
          "rate": 1.539959619502563,
          "cv": 1.0,
          "lambda": 0.15
        },
        "MS1_6": {
          "meanserv": 1.603599436174913,
          "stddevserv": 1.603599436174913,
          "rate": 0.6235971262158293,
          "cv": 1.0,
          "lambda": 0.15
        },
        "MS1_7": {
          "meanserv": 0.26504434462491755,
          "stddevserv": 0.26504434462491755,
          "rate": 3.772953546377942,
          "cv": 1.0,
          "lambda": 0.15
        },
        "MS1_8": {
          "meanserv": 0.7326544453526651,
          "stddevserv": 0.7326544453526651,
          "rate": 1.364899928394821,
          "cv": 1.0,
          "lambda": 0.15
        },
        "MS1_9": {
          "meanserv": 0.30916991065180355,
          "stddevserv": 0.30916991065180355,
          "rate": 3.234467409495842,
          "cv": 1.0,
          "lambda": 0.15
        },
        "MS1_10": {
          "meanserv": 0.8303491485718411,
          "stddevserv": 0.8303491485718411,
          "rate": 1.2043126698208217,
          "cv": 1.0,
          "lambda": 0.15
        }
      },
      "sensors": [
        "S1"
      ],
      "sources": [
        {
          "startTime": 0,
          "stopTime": -1,
          "lambda": 0.15
        }
      ]
    },
    "SC2": {
      "resptime": 30.81491853088569,
      "resptime_old": 20.81491853088569,
      "waittime": 17.57235664349109,
      "servicetime": 10.0,
      "networktime": 3.242561887394599,
      "services": {
        "MS2_1": {
          "meanserv": 1.1155184092548853,
          "stddevserv": 1.1155184092548853,
          "rate": 0.8964441928555476,
          "cv": 1.0,
          "lambda": 0.15
        },
        "MS2_2": {
          "meanserv": 1.31299572200145,
          "stddevserv": 1.31299572200145,
          "rate": 0.7616171044911414,
          "cv": 1.0,
          "lambda": 0.15
        },
        "MS2_3": {
          "meanserv": 0.040722839212152806,
          "stddevserv": 0.040722839212152806,
          "rate": 24.55624458771953,
          "cv": 1.0,
          "lambda": 0.15
        },
        "MS2_4": {
          "meanserv": 1.0401424974381044,
          "stddevserv": 1.0401424974381044,
          "rate": 0.9614067326957833,
          "cv": 1.0,
          "lambda": 0.15
        },
        "MS2_5": {
          "meanserv": 0.07735991376433216,
          "stddevserv": 0.07735991376433216,
          "rate": 12.92659145208437,
          "cv": 1.0,
          "lambda": 0.15
        },
        "MS2_6": {
          "meanserv": 2.0264323188747113,
          "stddevserv": 2.0264323188747113,
          "rate": 0.49347811455914076,
          "cv": 1.0,
          "lambda": 0.15
        },
        "MS2_7": {
          "meanserv": 3.017275349680598,
          "stddevserv": 3.017275349680598,
          "rate": 0.33142483999872857,
          "cv": 1.0,
          "lambda": 0.15
        },
        "MS2_8": {
          "meanserv": 0.9575864421338736,
          "stddevserv": 0.9575864421338736,
          "rate": 1.0442921453353209,
          "cv": 1.0,
          "lambda": 0.15
        },
        "MS2_9": {
          "meanserv": 0.2639215200205385,
          "stddevserv": 0.2639215200205385,
          "rate": 3.7890051554802335,
          "cv": 1.0,
          "lambda": 0.15
        },
        "MS2_10": {
          "meanserv": 0.14804498761935392,
          "stddevserv": 0.14804498761935392,
          "rate": 6.754703526816804,
          "cv": 1.0,
          "lambda": 0.15
        }
      },
      "sensors": [
        "S2"
      ],
      "sources": [
        {
          "startTime": 0,
          "stopTime": -1,
          "lambda": 0.15
        }
      ]
    },
    "SC3": {
      "resptime": 34.628224532131256,
      "resptime_old": 24.628224532131263,
      "waittime": 20.380984199517584,
      "servicetime": 10.0,
      "networktime": 4.247240332613674,
      "services": {
        "MS3_1": {
          "meanserv": 2.433067972043096,
          "stddevserv": 2.433067972043096,
          "rate": 0.4110037251282708,
          "cv": 1.0,
          "lambda": 0.15
        },
        "MS3_2": {
          "meanserv": 0.0721381670395882,
          "stddevserv": 0.0721381670395882,
          "rate": 13.862287344384798,
          "cv": 1.0,
          "lambda": 0.15
        },
        "MS3_3": {
          "meanserv": 3.195302268627663,
          "stddevserv": 3.195302268627663,
          "rate": 0.31295943730215103,
          "cv": 1.0,
          "lambda": 0.15
        },
        "MS3_4": {
          "meanserv": 0.9788218772248314,
          "stddevserv": 0.9788218772248314,
          "rate": 1.0216363398366342,
          "cv": 1.0,
          "lambda": 0.15
        },
        "MS3_5": {
          "meanserv": 0.01647081118136917,
          "stddevserv": 0.01647081118136917,
          "rate": 60.71346389612809,
          "cv": 1.0,
          "lambda": 0.15
        },
        "MS3_6": {
          "meanserv": 1.149124560780777,
          "stddevserv": 1.149124560780777,
          "rate": 0.8702276795133038,
          "cv": 1.0,
          "lambda": 0.15
        },
        "MS3_7": {
          "meanserv": 1.9560657617519572,
          "stddevserv": 1.9560657617519572,
          "rate": 0.5112302559318591,
          "cv": 1.0,
          "lambda": 0.15
        },
        "MS3_8": {
          "meanserv": 0.0937147885981986,
          "stddevserv": 0.0937147885981986,
          "rate": 10.670674446991413,
          "cv": 1.0,
          "lambda": 0.15
        },
        "MS3_9": {
          "meanserv": 0.024116159463952513,
          "stddevserv": 0.024116159463952513,
          "rate": 41.46597228695324,
          "cv": 1.0,
          "lambda": 0.15
        },
        "MS3_10": {
          "meanserv": 0.08117763328856675,
          "stddevserv": 0.08117763328856675,
          "rate": 12.318664138005145,
          "cv": 1.0,
          "lambda": 0.15
        }
      },
      "sensors": [
        "S3"
      ],
      "sources": [
        {
          "startTime": 0,
          "stopTime": -1,
          "lambda": 0.15
        }
      ]
    },
    "SC4": {
      "resptime": 30.422407235653182,
      "resptime_old": 20.422407235653182,
      "waittime": 18.205798360760546,
      "servicetime": 10.0,
      "networktime": 2.2166088748926365,
      "services": {
        "MS4_1": {
          "meanserv": 1.0034143001066842,
          "stddevserv": 1.0034143001066842,
          "rate": 0.9965973176719515,
          "cv": 1.0,
          "lambda": 0.15
        },
        "MS4_2": {
          "meanserv": 2.325061732425121,
          "stddevserv": 2.325061732425121,
          "rate": 0.4300961071502239,
          "cv": 1.0,
          "lambda": 0.15
        },
        "MS4_3": {
          "meanserv": 0.6770517905302054,
          "stddevserv": 0.6770517905302054,
          "rate": 1.4769918845010233,
          "cv": 1.0,