{
  "servicechain": {
    "SC1": {
      "resptime": 29.843456772973816,
      "resptime_old": 19.843456772973813,
      "waittime": 15.747376838844636,
      "servicetime": 10.0,
      "networktime": 4.096079934129178,
      "services": {
        "MS1_1": {
          "meanserv": 0.05919275540019253,
          "stddevserv": 0.05919275540019253,
          "rate": 16.893959290105077,
          "cv": 1.0,
          "lambda": 0.15
        },
        "MS1_2": {
          "meanserv": 2.8937506016756362,
          "stddevserv": 2.8937506016756362,
          "rate": 0.3455722823594219,
          "cv": 1.0,
          "lambda": 0.15
        },
        "MS1_3": {
          "meanserv": 1.1126633850834908,
          "stddevserv": 1.1126633850834908,
          "rate": 0.8987444121970124,
          "cv": 1.0,
          "lambda": 0.15
        },
        "MS1_4": {
          "meanserv": 0.0680075783257017,
          "stddevserv": 0.0680075783257017,
          "rate": 14.704243624303205,
          "cv": 1.0,
          "lambda": 0.15
        },
        "MS1_5": {
          "meanserv": 0.4767609194612179,
          "stddevserv": 0.4767609194612179,
          "rate": 2.0974873551508555,
          "cv": 1.0,
          "lambda": 0.15
        },
        "MS1_6": {
          "meanserv": 0.15510312946850568,
          "stddevserv": 0.15510312946850568,
          "rate": 6.447323167667316,
          "cv": 1.0,
          "lambda": 0.15
        },
        "MS1_7": {
          "meanserv": 0.7668127274357062,
          "stddevserv": 0.7668127274357062,
          "rate": 1.3040993768375415,
          "cv": 1.0,
          "lambda": 0.15
        },
        "MS1_8": {
          "meanserv": 3.559614464469562,
          "stddevserv": 3.559614464469562,
          "rate": 0.28092930006368416,
          "cv": 1.0,
          "lambda": 0.15
        },
        "MS1_9": {
          "meanserv": 0.503403368394423,
          "stddevserv": 0.503403368394423,
          "rate": 1.9864785632830473,
          "cv": 1.0,
          "lambda": 0.15
        },
        "MS1_10": {
          "meanserv": 0.4046910702855637,
          "stddevserv": 0.4046910702855637,
          "rate": 2.471020670889442,
          "cv": 1.0,
          "lambda": 0.15
        }
      },
      "sensors": [
        "S1"
      ],
      "sources": [
        {
          "startTime": 0,
          "stopTime": -1,
          "lambda": 0.15
        }
      ]
    },
    "SC2": {
      "resptime": 34.51650643051207,
      "resptime_old": 24.516506430512063,
      "waittime": 19.478387968204842,
      "servicetime": 10.0,
      "networktime": 5.038118462307223,
      "services": {
        "MS2_1": {
          "meanserv": 0.9215415317058895,
          "stddevserv": 0.9215415317058895,
          "rate": 1.085138287960689,
          "cv": 1.0,
          "lambda": 0.15
        },
        "MS2_2": {
          "meanserv": 2.0544533429140808,
          "stddevserv": 2.0544533429140808,
          "rate": 0.4867474861130594,
          "cv": 1.0,
          "lambda": 0.15
        },
        "MS2_3": {
          "meanserv": 0.17518567866541712,
          "stddevserv": 0.17518567866541712,
          "rate": 5.708229163582919,
          "cv": 1.0,
          "lambda": 0.15
        },
        "MS2_4": {
          "meanserv": 2.213214949498518,
          "stddevserv": 2.213214949498518,
          "rate": 0.4518313958734941,
          "cv": 1.0,
          "lambda": 0.15
        },
        "MS2_5": {
          "meanserv": 1.53313704911411,
          "stddevserv": 1.53313704911411,
          "rate": 0.6522574094584879,
          "cv": 1.0,
          "lambda": 0.15
        },
        "MS2_6": {
          "meanserv": 0.1504624842290605,
          "stddevserv": 0.1504624842290605,
          "rate": 6.646174992549132,
          "cv": 1.0,
          "lambda": 0.15
        },
        "MS2_7": {
          "meanserv": 0.043375586514850184,
          "stddevserv": 0.043375586514850184,
          "rate": 23.054443302055116,
          "cv": 1.0,
          "lambda": 0.15
        },
        "MS2_8": {
          "meanserv": 1.4806060409673227,
          "stddevserv": 1.4806060409673227,
          "rate": 0.6753991084263516,
          "cv": 1.0,
          "lambda": 0.15
        },
        "MS2_9": {
          "meanserv": 0.7350235379574706,
          "stddevserv": 0.7350235379574706,
          "rate": 1.3605006484266648,
          "cv": 1.0,
          "lambda": 0.15
        },
        "MS2_10": {
          "meanserv": 0.6929997984332807,
          "stddevserv": 0.6929997984332807,
          "rate": 1.443001862714504,
          "cv": 1.0,
          "lambda": 0.15
        }
      },
      "sensors": [
        "S2"
      ],
      "sources": [
        {
          "startTime": 0,
          "stopTime": -1,
          "lambda": 0.15
        }
      ]
    },
    "SC3": {
      "resptime": 34.7264949972548,
      "resptime_old": 24.7264949972548,
      "waittime": 19.623858751673012,
      "servicetime": 10.0,
      "networktime": 5.102636245581786,
      "services": {
        "MS3_1": {
          "meanserv": 0.9733945071904493,
          "stddevserv": 0.9733945071904493,
          "rate": 1.0273326925650559,
          "cv": 1.0,
          "lambda": 0.15
        },
        "MS3_2": {
          "meanserv": 0.0467263094517012,
          "stddevserv": 0.0467263094517012,
          "rate": 21.40121939297717,
          "cv": 1.0,
          "lambda": 0.15
        },
        "MS3_3": {
          "meanserv": 0.48732504864487103,
          "stddevserv": 0.48732504864487103,
          "rate": 2.0520184685370673,
          "cv": 1.0,
          "lambda": 0.15
        },
        "MS3_4": {
          "meanserv": 0.23521229775497754,
          "stddevserv": 0.23521229775497754,
          "rate": 4.251478385886556,
          "cv": 1.0,
          "lambda": 0.15
        },
        "MS3_5": {
          "meanserv": 1.6284298723048973,
          "stddevserv": 1.6284298723048973,
          "rate": 0.6140884646046127,
          "cv": 1.0,
          "lambda": 0.15
        },
        "MS3_6": {
          "meanserv": 0.5970477065622513,
          "stddevserv": 0.5970477065622513,
          "rate": 1.674908033326035,
          "cv": 1.0,
          "lambda": 0.15
        },
        "MS3_7": {
          "meanserv": 0.30068392890271234,
          "stddevserv": 0.30068392890271234,
          "rate": 3.325751408295435,
          "cv": 1.0,
          "lambda": 0.15
        },
        "MS3_8": {
          "meanserv": 1.3531392428502702,
          "stddevserv": 1.3531392428502702,
          "rate": 0.7390222442249084,
          "cv": 1.0,
          "lambda": 0.15
        },
        "MS3_9": {
          "meanserv": 1.6956163802757338,
          "stddevserv": 1.6956163802757338,
          "rate": 0.5897560389440119,
          "cv": 1.0,
          "lambda": 0.15
        },
        "MS3_10": {
          "meanserv": 2.682424706062136,
          "stddevserv": 2.682424706062136,
          "rate": 0.37279704356288307,
          "cv": 1.0,
          "lambda": 0.15
        }
      },
      "sensors": [
        "S3"
      ],
      "sources": [
        {
          "startTime": 0,
          "stopTime": -1,
          "lambda": 0.15
        }
      ]
    },
    "SC4": {
      "resptime": 32.83805867054864,
      "resptime_old": 22.83805867054864,
      "waittime": 18.52460640833281,
      "servicetime": 10.0,
      "networktime": 4.313452262215831,
      "services": {
        "MS4_1": {
          "meanserv": 2.023844686432162,
          "stddevserv": 2.023844686432162,
          "rate": 0.49410906217457873,
          "cv": 1.0,
          "lambda": 0.15
        },
        "MS4_2": {
          "meanserv": 1.8083283761575686,
          "stddevserv": 1.8083283761575686,
          "rate": 0.5529969076329226,
          "cv": 1.0,
          "lambda": 0.15
        },
        "MS4_3": {
          "meanserv": 0.014227444627493036,
          "stddevserv": 0.014227444627493036,
          "rate": 70.28669070112602,
          "cv": 1.0,