{
  "servicechain": {
    "SC1": {
      "resptime": 27.45194847810265,
      "resptime_old": 17.451948478102643,
      "waittime": 12.356670803306416,
      "servicetime": 10.0,
      "networktime": 5.095277674796234,
      "services": {
        "MS1_1": {
          "meanserv": 1.0564850493339084,
          "stddevserv": 1.0564850493339084,
          "rate": 0.9465349279012315,
          "cv": 1.0,
          "lambda": 0.15
        },
        "MS1_2": {
          "meanserv": 2.2321928123568404,
          "stddevserv": 2.2321928123568404,
          "rate": 0.44798997401311363,
          "cv": 1.0,
          "lambda": 0.15
        },
        "MS1_3": {
          "meanserv": 0.16182473204688774,
          "stddevserv": 0.16182473204688774,
          "rate": 6.17952514026259,
          "cv": 1.0,
          "lambda": 0.15
        },
        "MS1_4": {
          "meanserv": 2.919788733442956,
          "stddevserv": 2.919788733442956,
          "rate": 0.3424905331492324,
          "cv": 1.0,
          "lambda": 0.15
        },
        "MS1_5": {
          "meanserv": 0.4229801004293554,
          "stddevserv": 0.4229801004293554,
          "rate": 2.364177413984553,
          "cv": 1.0,
          "lambda": 0.15
        },
        "MS1_6": {
          "meanserv": 0.28233171735396745,
          "stddevserv": 0.28233171735396745,
          "rate": 3.5419329056333795,
          "cv": 1.0,
          "lambda": 0.15
        },
        "MS1_7": {
          "meanserv": 1.6823303834229684,
          "stddevserv": 1.6823303834229684,
          "rate": 0.5944135645730544,
          "cv": 1.0,
          "lambda": 0.15
        },
        "MS1_8": {
          "meanserv": 0.588220470214134,
          "stddevserv": 0.588220470214134,
          "rate": 1.7000428421608023,
          "cv": 1.0,
          "lambda": 0.15
        },
        "MS1_9": {
          "meanserv": 0.3363158007674958,
          "stddevserv": 0.3363158007674958,
          "rate": 2.973395831292884,
          "cv": 1.0,
          "lambda": 0.15
        },
        "MS1_10": {
          "meanserv": 0.3175302006314862,
          "stddevserv": 0.3175302006314862,
          "rate": 3.149306736843476,
          "cv": 1.0,
          "lambda": 0.15
        }
      },
      "sensors": [
        "S1"
      ],
      "sources": [
        {
          "startTime": 0,
          "stopTime": -1,
          "lambda": 0.15
        }
      ]
    },
    "SC2": {
      "resptime": 37.570038881242844,
      "resptime_old": 27.570038881242844,
      "waittime": 23.921777864749032,
      "servicetime": 10.0,
      "networktime": 3.648261016493814,
      "services": {
        "MS2_1": {
          "meanserv": 0.06729224734352002,
          "stddevserv": 0.06729224734352002,
          "rate": 14.860552879072422,
          "cv": 1.0,
          "lambda": 0.15
        },
        "MS2_2": {
          "meanserv": 0.2973726211687999,
          "stddevserv": 0.2973726211687999,
          "rate": 3.362784361484181,
          "cv": 1.0,
          "lambda": 0.15
        },
        "MS2_3": {
          "meanserv": 0.5489006181666012,
          "stddevserv": 0.5489006181666012,
          "rate": 1.821823417397723,
          "cv": 1.0,
          "lambda": 0.15
        },
        "MS2_4": {
          "meanserv": 0.40863945971272964,
          "stddevserv": 0.40863945971272964,
          "rate": 2.44714497396554,
          "cv": 1.0,
          "lambda": 0.15
        },
        "MS2_5": {
          "meanserv": 0.9657903799112135,
          "stddevserv": 0.9657903799112135,
          "rate": 1.0354213717597098,
          "cv": 1.0,
          "lambda": 0.15
        },
        "MS2_6": {
          "meanserv": 0.7529680532221725,
          "stddevserv": 0.7529680532221725,
          "rate": 1.328077593359645,
          "cv": 1.0,
          "lambda": 0.15
        },
        "MS2_7": {
          "meanserv": 0.24605360354258732,
          "stddevserv": 0.24605360354258732,
          "rate": 4.064155068661364,
          "cv": 1.0,
          "lambda": 0.15
        },
        "MS2_8": {
          "meanserv": 1.2080532301646985,
          "stddevserv": 1.2080532301646985,
          "rate": 0.8277780937381926,
          "cv": 1.0,
          "lambda": 0.15
        },
        "MS2_9": {
          "meanserv": 4.518965011166541,
          "stddevserv": 4.518965011166541,
          "rate": 0.22128960891021737,
          "cv": 1.0,
          "lambda": 0.15
        },
        "MS2_10": {
          "meanserv": 0.9859647756011363,
          "stddevserv": 0.9859647756011363,
          "rate": 1.0142350160433535,
          "cv": 1.0,
          "lambda": 0.15
        }
      },
      "sensors": [
        "S2"
      ],
      "sources": [
        {
          "startTime": 0,
          "stopTime": -1,
          "lambda": 0.15
        }
      ]
    },
    "SC3": {
      "resptime": 32.48832494369887,
      "resptime_old": 22.488324943698867,
      "waittime": 18.050226201990267,
      "servicetime": 10.0,
      "networktime": 4.4380987417086,
      "services": {
        "MS3_1": {
          "meanserv": 1.0974541184046116,
          "stddevserv": 1.0974541184046116,
          "rate": 0.9111998244206488,
          "cv": 1.0,
          "lambda": 0.15
        },
        "MS3_2": {
          "meanserv": 1.0184860634062554,
          "stddevserv": 1.0184860634062554,
          "rate": 0.981849468470457,
          "cv": 1.0,
          "lambda": 0.15
        },
        "MS3_3": {
          "meanserv": 0.3297012114570119,
          "stddevserv": 0.3297012114570119,
          "rate": 3.0330492131976436,
          "cv": 1.0,
          "lambda": 0.15
        },
        "MS3_4": {
          "meanserv": 1.0884914760833118,
          "stddevserv": 1.0884914760833118,
          "rate": 0.9187026467109066,
          "cv": 1.0,
          "lambda": 0.15
        },
        "MS3_5": {
          "meanserv": 3.0638173836476934,
          "stddevserv": 3.0638173836476934,
          "rate": 0.3263902102446552,
          "cv": 1.0,
          "lambda": 0.15
        },
        "MS3_6": {
          "meanserv": 0.4683691833367858,
          "stddevserv": 0.4683691833367858,
          "rate": 2.1350678814428736,
          "cv": 1.0,
          "lambda": 0.15
        },
        "MS3_7": {
          "meanserv": 0.0975107999651188,
          "stddevserv": 0.0975107999651188,
          "rate": 10.255274291234574,
          "cv": 1.0,
          "lambda": 0.15
        },
        "MS3_8": {
          "meanserv": 1.3606285750613099,
          "stddevserv": 1.3606285750613099,
          "rate": 0.734954430862912,
          "cv": 1.0,
          "lambda": 0.15
        },
        "MS3_9": {
          "meanserv": 0.4036193862024895,
          "stddevserv": 0.4036193862024895,
          "rate": 2.4775816875612504,
          "cv": 1.0,
          "lambda": 0.15
        },
        "MS3_10": {
          "meanserv": 1.071921802435412,
          "stddevserv": 1.071921802435412,
          "rate": 0.9329038720249879,
          "cv": 1.0,
          "lambda": 0.15
        }
      },
      "sensors": [
        "S3"
      ],
      "sources": [
        {
          "startTime": 0,
          "stopTime": -1,
          "lambda": 0.15
        }
      ]
    },
    "SC4": {
      "resptime": 36.203430866956865,
      "resptime_old": 26.203430866956865,
      "waittime": 19.801265865705222,
      "servicetime": 10.0,
      "networktime": 6.402165001251642,
      "services": {
        "MS4_1": {
          "meanserv": 0.3983302308627479,
          "stddevserv": 0.3983302308627479,
          "rate": 2.510479804242045,
          "cv": 1.0,
          "lambda": 0.15
        },
        "MS4_2": {
          "meanserv": 1.7000459020292988,
          "stddevserv": 1.7000459020292988,
          "rate": 0.5882194114913762,
          "cv": 1.0,
          "lambda": 0.15
        },
        "MS4_3": {
          "meanserv": 0.08337022743692213,
          "stddevserv": 0.08337022743692213,
          "rate": 11.994689600152519,
          "cv": 1.0,