{
  "servicechain": {
    "SC1": {
      "resptime": 34.06943881309514,
      "resptime_old": 24.069438813095143,
      "waittime": 19.346970888827194,
      "servicetime": 10.0,
      "networktime": 4.722467924267948,
      "services": {
        "MS1_1": {
          "meanserv": 0.6850153543754878,
          "stddevserv": 0.6850153543754878,
          "rate": 1.4598212924901168,
          "cv": 1.0,
          "lambda": 0.15
        },
        "MS1_2": {
          "meanserv": 0.6019639772449714,
          "stddevserv": 0.6019639772449714,
          "rate": 1.6612289734956123,
          "cv": 1.0,
          "lambda": 0.15
        },
        "MS1_3": {
          "meanserv": 0.6905919114730918,
          "stddevserv": 0.6905919114730918,
          "rate": 1.448033177606894,
          "cv": 1.0,
          "lambda": 0.15
        },
        "MS1_4": {
          "meanserv": 1.6635899223919692,
          "stddevserv": 1.6635899223919692,
          "rate": 0.6011096764532957,
          "cv": 1.0,
          "lambda": 0.15
        },
        "MS1_5": {
          "meanserv": 1.2998639640474674,
          "stddevserv": 1.2998639640474674,
          "rate": 0.7693112723013242,
          "cv": 1.0,
          "lambda": 0.15
        },
        "MS1_6": {
          "meanserv": 1.9949166743748004,
          "stddevserv": 1.9949166743748004,
          "rate": 0.5012740696617799,
          "cv": 1.0,
          "lambda": 0.15
        },
        "MS1_7": {
          "meanserv": 2.424518556312808,
          "stddevserv": 2.424518556312808,
          "rate": 0.4124530197536592,
          "cv": 1.0,
          "lambda": 0.15
        },
        "MS1_8": {
          "meanserv": 0.3740005644429836,
          "stddevserv": 0.3740005644429836,
          "rate": 2.673792756140212,
          "cv": 1.0,
          "lambda": 0.15
        },
        "MS1_9": {
          "meanserv": 0.2655390753364202,
          "stddevserv": 0.2655390753364202,
          "rate": 3.765924087568156,
          "cv": 1.0,
          "lambda": 0.15
        }
      },
      "sensors": [
        "S1"
      ],
      "sources": [
        {
          "startTime": 0,
          "stopTime": -1,
          "lambda": 0.15
        }
      ]
    },
    "SC2": {
      "resptime": 28.041440631001404,
      "resptime_old": 18.0414406310014,
      "waittime": 14.468747532771498,
      "servicetime": 10.0,
      "networktime": 3.572693098229905,
      "services": {
        "MS2_1": {
          "meanserv": 3.4838062395855163,
          "stddevserv": 3.4838062395855163,
          "rate": 0.2870423701057997,
          "cv": 1.0,
          "lambda": 0.15
        },
        "MS2_2": {
          "meanserv": 0.3907812538935209,
          "stddevserv": 0.3907812538935209,
          "rate": 2.558976383940048,
          "cv": 1.0,
          "lambda": 0.15
        },
        "MS2_3": {
          "meanserv": 2.7336616481072546,
          "stddevserv": 2.7336616481072546,
          "rate": 0.36580971924319333,
          "cv": 1.0,
          "lambda": 0.15
        },
        "MS2_4": {
          "meanserv": 0.8385320174158819,
          "stddevserv": 0.8385320174158819,
          "rate": 1.1925603068583077,
          "cv": 1.0,
          "lambda": 0.15
        },
        "MS2_5": {
          "meanserv": 0.4982755798114118,
          "stddevserv": 0.4982755798114118,
          "rate": 2.006921552082648,
          "cv": 1.0,
          "lambda": 0.15
        },
        "MS2_6": {
          "meanserv": 0.9287769699190793,
          "stddevserv": 0.9287769699190793,
          "rate": 1.076684750362755,
          "cv": 1.0,
          "lambda": 0.15
        },
        "MS2_7": {
          "meanserv": 0.5399319991491804,
          "stddevserv": 0.5399319991491804,
          "rate": 1.852085080298612,
          "cv": 1.0,
          "lambda": 0.15
        },
        "MS2_8": {
          "meanserv": 0.49568725243000067,
          "stddevserv": 0.49568725243000067,
          "rate": 2.017401083238905,
          "cv": 1.0,
          "lambda": 0.15
        },
        "MS2_9": {
          "meanserv": 0.09054703968815403,
          "stddevserv": 0.09054703968815403,
          "rate": 11.043983364271451,
          "cv": 1.0,
          "lambda": 0.15
        }
      },
      "sensors": [
        "S2"
      ],
      "sources": [
        {
          "startTime": 0,
          "stopTime": -1,
          "lambda": 0.15
        }
      ]
    },
    "SC3": {
      "resptime": 36.3498927196704,
      "resptime_old": 26.3498927196704,
      "waittime": 20.47094317949687,
      "servicetime": 10.0,
      "networktime": 5.878949540173528,
      "services": {
        "MS3_1": {
          "meanserv": 1.9145822929201595,
          "stddevserv": 1.9145822929201595,
          "rate": 0.5223071391069746,
          "cv": 1.0,
          "lambda": 0.15
        },
        "MS3_2": {
          "meanserv": 0.5365565429741395,
          "stddevserv": 0.5365565429741395,
          "rate": 1.8637364749239433,
          "cv": 1.0,
          "lambda": 0.15
        },
        "MS3_3": {
          "meanserv": 0.5042480894022758,
          "stddevserv": 0.5042480894022758,
          "rate": 1.9831507962387664,
          "cv": 1.0,
          "lambda": 0.15
        },
        "MS3_4": {
          "meanserv": 0.5587585191623723,
          "stddevserv": 0.5587585191623723,
          "rate": 1.789681885296509,
          "cv": 1.0,
          "lambda": 0.15
        },
        "MS3_5": {
          "meanserv": 1.6076001918792535,
          "stddevserv": 1.6076001918792535,
          "rate": 0.6220452106509264,
          "cv": 1.0,
          "lambda": 0.15
        },
        "MS3_6": {
          "meanserv": 0.8448486378229738,
          "stddevserv": 0.8448486378229738,
          "rate": 1.1836439750637746,
          "cv": 1.0,
          "lambda": 0.15
        },
        "MS3_7": {
          "meanserv": 0.056163673683412796,
          "stddevserv": 0.056163673683412796,
          "rate": 17.805103092736914,
          "cv": 1.0,
          "lambda": 0.15
        },
        "MS3_8": {
          "meanserv": 0.9392889802349531,
          "stddevserv": 0.9392889802349531,
          "rate": 1.0646350814739258,
          "cv": 1.0,
          "lambda": 0.15
        },
        "MS3_9": {
          "meanserv": 3.0379530719204597,
          "stddevserv": 3.0379530719204597,
          "rate": 0.32916900831777635,
          "cv": 1.0,
          "lambda": 0.15
        }
      },
      "sensors": [
        "S3"
      ],
      "sources": [
        {
          "startTime": 0,
          "stopTime": -1,
          "lambda": 0.15
        }
      ]
    },
    "SC4": {
      "resptime": 33.053474403692675,
      "resptime_old": 23.053474403692675,
      "waittime": 18.91293566716281,
      "servicetime": 10.0,
      "networktime": 4.140538736529864,
      "services": {
        "MS4_1": {
          "meanserv": 1.4347116091324508,
          "stddevserv": 1.4347116091324508,
          "rate": 0.697004187904136,
          "cv": 1.0,
          "lambda": 0.15
        },
        "MS4_2": {
          "meanserv": 2.388521696512561,
          "stddevserv": 2.388521696512561,
          "rate": 0.418669004120868,
          "cv": 1.0,
          "lambda": 0.15
        },
        "MS4_3": {
          "meanserv": 0.4463110257694316,
          "stddevserv": 0.4463110257694316,
          "rate": 2.240589952435119,
          "cv": 1.0,
          "lambda": 0.15
        },
        "MS4_4": {
          "meanserv": 0.6407736221014178,
          "stddevserv": 0.6407736221014178,
          "rate": 1.5606135544726372,
          "cv": 1.0,
          "lambda": 0.15
        },
        "MS4_5": {
          "meanserv": 1.9936991716306878,
          "stddevserv": 1.9936991716306878,
          "rate": 0.501580185330608,
          "cv": 1.0,
          "lambda": 0.15
        },
        "MS4_6": {
          "meanserv": 1.1458600593671537,
          "stddevserv": 1.1458600593671537,
          "rate": 0.8727069172410891,
          "cv": 1.0,