{
  "servicechain": {
    "SC1": {
      "resptime": 21.747725222872724,
      "resptime_old": 11.747725222872724,
      "waittime": 8.371706915573238,
      "servicetime": 10.0,
      "networktime": 3.3760183072994856,
      "services": {
        "MS1_1": {
          "meanserv": 0.6993360781040658,
          "stddevserv": 0.6993360781040658,
          "rate": 1.4299276575449227,
          "cv": 1.0,
          "lambda": 0.1
        },
        "MS1_2": {
          "meanserv": 0.6083261449993238,
          "stddevserv": 0.6083261449993238,
          "rate": 1.6438550409519412,
          "cv": 1.0,
          "lambda": 0.1
        },
        "MS1_3": {
          "meanserv": 1.4642553680844883,
          "stddevserv": 1.4642553680844883,
          "rate": 0.682940982697698,
          "cv": 1.0,
          "lambda": 0.1
        },
        "MS1_4": {
          "meanserv": 5.497178108775691,
          "stddevserv": 5.497178108775691,
          "rate": 0.18191151536523817,
          "cv": 1.0,
          "lambda": 0.1
        },
        "MS1_5": {
          "meanserv": 1.730904300036432,
          "stddevserv": 1.730904300036432,
          "rate": 0.5777326915063716,
          "cv": 1.0,
          "lambda": 0.1
        }
      },
      "sensors": [
        "S1"
      ],
      "sources": [
        {
          "startTime": 0,
          "stopTime": -1,
          "lambda": 0.1
        }
      ]
    },
    "SC2": {
      "resptime": 23.00696128290682,
      "resptime_old": 13.006961282906818,
      "waittime": 11.403024611924724,
      "servicetime": 10.0,
      "networktime": 1.6039366709820946,
      "services": {
        "MS2_1": {
          "meanserv": 0.8277294847593908,
          "stddevserv": 0.8277294847593908,
          "rate": 1.2081241739149666,
          "cv": 1.0,
          "lambda": 0.1
        },
        "MS2_2": {
          "meanserv": 0.5824231196028318,
          "stddevserv": 0.5824231196028318,
          "rate": 1.7169648084745053,
          "cv": 1.0,
          "lambda": 0.1
        },
        "MS2_3": {
          "meanserv": 2.0770748234646774,
          "stddevserv": 2.0770748234646774,
          "rate": 0.4814463054980099,
          "cv": 1.0,
          "lambda": 0.1
        },
        "MS2_4": {
          "meanserv": 0.981925963388778,
          "stddevserv": 0.981925963388778,
          "rate": 1.0184067203486968,
          "cv": 1.0,
          "lambda": 0.1
        },
        "MS2_5": {
          "meanserv": 5.530846608784322,
          "stddevserv": 5.530846608784322,
          "rate": 0.18080414640531853,
          "cv": 1.0,
          "lambda": 0.1
        }
      },
      "sensors": [
        "S2"
      ],
      "sources": [
        {
          "startTime": 0,
          "stopTime": -1,
          "lambda": 0.1
        }
      ]
    },
    "SC3": {
      "resptime": 20.07873247383281,
      "resptime_old": 10.078732473832813,
      "waittime": 6.378313498819906,
      "servicetime": 10.0,
      "networktime": 3.7004189750129064,
      "services": {
        "MS3_1": {
          "meanserv": 2.954272524467396,
          "stddevserv": 2.954272524467396,
          "rate": 0.3384928071861896,
          "cv": 1.0,
          "lambda": 0.1
        },
        "MS3_2": {
          "meanserv": 0.12810693959899977,
          "stddevserv": 0.12810693959899977,
          "rate": 7.805978373460478,
          "cv": 1.0,
          "lambda": 0.1
        },
        "MS3_3": {
          "meanserv": 2.872942526572128,
          "stddevserv": 2.872942526572128,
          "rate": 0.34807518450191804,
          "cv": 1.0,
          "lambda": 0.1
        },
        "MS3_4": {
          "meanserv": 2.2311662428911436,
          "stddevserv": 2.2311662428911436,
          "rate": 0.4481960961834026,
          "cv": 1.0,
          "lambda": 0.1
        },
        "MS3_5": {
          "meanserv": 1.8135117664703326,
          "stddevserv": 1.8135117664703326,
          "rate": 0.5514163285228175,
          "cv": 1.0,
          "lambda": 0.1
        }
      },
      "sensors": [
        "S3"
      ],
      "sources": [
        {
          "startTime": 0,
          "stopTime": -1,
          "lambda": 0.1
        }
      ]
    },
    "SC4": {
      "resptime": 25.514687987025596,
      "resptime_old": 15.514687987025594,
      "waittime": 11.592425927579077,
      "servicetime": 10.0,
      "networktime": 3.9222620594465165,
      "services": {
        "MS4_1": {
          "meanserv": 0.4794552894384485,
          "stddevserv": 0.4794552894384485,
          "rate": 2.085700214448,
          "cv": 1.0,
          "lambda": 0.1
        },
        "MS4_2": {
          "meanserv": 6.037395454230625,
          "stddevserv": 6.037395454230625,
          "rate": 0.1656343381150001,
          "cv": 1.0,
          "lambda": 0.1
        },
        "MS4_3": {
          "meanserv": 0.7480576257613603,
          "stddevserv": 0.7480576257613603,
          "rate": 1.3367954092871082,
          "cv": 1.0,
          "lambda": 0.1
        },
        "MS4_4": {
          "meanserv": 1.3857182422534322,
          "stddevserv": 1.3857182422534322,
          "rate": 0.7216474240635069,
          "cv": 1.0,
          "lambda": 0.1
        },
        "MS4_5": {
          "meanserv": 1.3493733883161347,
          "stddevserv": 1.3493733883161347,
          "rate": 0.7410847202551452,
          "cv": 1.0,
          "lambda": 0.1
        }
      },
      "sensors": [
        "S4"
      ],
      "sources": [
        {
          "startTime": 0,
          "stopTime": -1,
          "lambda": 0.1
        }
      ]
    }
  },
  "microservice": {
    "MS1_1": "F5",
    "MS1_2": "F5",
    "MS1_3": "F5",
    "MS1_4": "F8",
    "MS1_5": "F1",
    "MS2_1": "F9",
    "MS2_2": "F9",
    "MS2_3": "F9",
    "MS2_4": "F9",
    "MS2_5": "F7",
    "MS3_1": "F2",
    "MS3_2": "F3",
    "MS3_3": "F3",
    "MS3_4": "F4",
    "MS3_5": "F4",
    "MS4_1": "F1",
    "MS4_2": "F6",
    "MS4_3": "F10",
    "MS4_4": "F10",
    "MS4_5": "F10"
  },
  "sensor": {
    "S1": "F5",
    "S2": "F9",
    "S3": "F2",
    "S4": "F1"
  },
  "fog": {
    "F1": {
      "rho": 0.22103595894748806,
      "capacity": 1.0,
      "tserv": 1.1051797947374402,
      "stddev": 1.4157982524919384,
      "mu": 0.9048301504983377,
      "cv": 1.281056945877564,
      "lambda": 0.2,
      "twait": 0.414127854489454
    },
    "F2": {
      "rho": 0.2954272524467396,
      "capacity": 1.0,
      "tserv": 2.954272524467396,
      "stddev": 2.954272524467396,
      "mu": 0.3384928071861896,
      "cv": 1.0,
      "lambda": 0.1,
      "twait": 1.238726047683701
    },
    "F3": {
      "rho": 0.3001049466171128,
      "capacity": 1.0,
      "tserv": 1.5005247330855638,
      "stddev": 2.4532907847131695,
      "mu": 0.6664335335170896,
      "cv": 1.634955246401311,
      "lambda": 0.2,
      "twait": 1.1816357479577342
    },
    "F4": {
      "rho": 0.40446780093614765,
      "capacity": 1.0,
      "tserv": 2.022339004680738,
      "stddev": 2.0437888053050512,
      "mu": 0.4944769386761977,
      "cv": 1.010606431747925,
      "lambda": 0.2,
      "twait": 1.3881579776103685
    },
    "F5": {
      "rho": 0.2771917591187878,
      "capacity": 1.0,
      "tserv": 0.9239725303959592,
      "stddev": 1.0716304015852003,
      "mu": 1.0822832574594614,
      "cv": 1.1598076418202214,
      "lambda": 0.30000000000000004,
      "twait": 0.41548715993202173
    },
    "F6": {
      "rho": 0.6037395454230625,
      "capacity": 1.0,
      "tserv": 6.037395454230625,
      "stddev": 6.037395454230625,
      "mu": 0.1656343381150001,
      "cv": 1.0,
      "lambda": 0.1,
      "twait": 9.19853178629196
    },
    "F7": {
      "rho": 0.5530846608784322,
      "capacity": 1.0,
      "tserv": 5.530846608784322,
      "stddev": 5.530846608784322,
      "mu": 0.18080414640531853,
      "cv": 1.0,
      "lambda": 0.1,
      "twait": 6.844755937450609
    },
    "F8": {
      "rho": 0.5497178108775691,
      "capacity": 1.0,
      "tserv": 5.497178108775691,