{
  "servicechain": {
    "SC1": {
      "resptime": 37.53922536994705,
      "resptime_old": 27.539225369947044,
      "waittime": 24.568909170634225,
      "servicetime": 10.0,
      "networktime": 2.970316199312817,
      "services": {
        "MS1_1": {
          "meanserv": 0.3553337591552752,
          "stddevserv": 0.3553337591552752,
          "rate": 2.814255539291486,
          "cv": 1.0,
          "lambda": 0.075
        },
        "MS1_2": {
          "meanserv": 1.9182483165919317,
          "stddevserv": 1.9182483165919317,
          "rate": 0.5213089417832288,
          "cv": 1.0,
          "lambda": 0.075
        },
        "MS1_3": {
          "meanserv": 0.164215624034715,
          "stddevserv": 0.164215624034715,
          "rate": 6.089554546823152,
          "cv": 1.0,
          "lambda": 0.075
        },
        "MS1_4": {
          "meanserv": 1.1611834743767133,
          "stddevserv": 1.1611834743767133,
          "rate": 0.8611903476638508,
          "cv": 1.0,
          "lambda": 0.075
        },
        "MS1_5": {
          "meanserv": 0.526076837749061,
          "stddevserv": 0.526076837749061,
          "rate": 1.9008630075384552,
          "cv": 1.0,
          "lambda": 0.075
        },
        "MS1_6": {
          "meanserv": 0.6586927891460332,
          "stddevserv": 0.6586927891460332,
          "rate": 1.5181584138737223,
          "cv": 1.0,
          "lambda": 0.075
        },
        "MS1_7": {
          "meanserv": 0.7744677902807009,
          "stddevserv": 0.7744677902807009,
          "rate": 1.291209282748294,
          "cv": 1.0,
          "lambda": 0.075
        },
        "MS1_8": {
          "meanserv": 0.4337580547050255,
          "stddevserv": 0.4337580547050255,
          "rate": 2.3054326926102706,
          "cv": 1.0,
          "lambda": 0.075
        },
        "MS1_9": {
          "meanserv": 1.3118475780571153,
          "stddevserv": 1.3118475780571153,
          "rate": 0.7622836804570157,
          "cv": 1.0,
          "lambda": 0.075
        },
        "MS1_10": {
          "meanserv": 2.696175775903429,
          "stddevserv": 2.696175775903429,
          "rate": 0.3708956993595576,
          "cv": 1.0,
          "lambda": 0.075
        }
      },
      "sensors": [
        "S1"
      ],
      "sources": [
        {
          "startTime": 0,
          "stopTime": -1,
          "lambda": 0.075
        }
      ]
    },
    "SC2": {
      "resptime": 37.23508182894354,
      "resptime_old": 27.235081828943542,
      "waittime": 24.552276273921024,
      "servicetime": 10.0,
      "networktime": 2.682805555022518,
      "services": {
        "MS2_1": {
          "meanserv": 1.1213871200480618,
          "stddevserv": 1.1213871200480618,
          "rate": 0.8917527070911433,
          "cv": 1.0,
          "lambda": 0.075
        },
        "MS2_2": {
          "meanserv": 0.038173315631282456,
          "stddevserv": 0.038173315631282456,
          "rate": 26.196309737907992,
          "cv": 1.0,
          "lambda": 0.075
        },
        "MS2_3": {
          "meanserv": 0.2476317031733799,
          "stddevserv": 0.2476317031733799,
          "rate": 4.038255147402705,
          "cv": 1.0,
          "lambda": 0.075
        },
        "MS2_4": {
          "meanserv": 0.9917184068245333,
          "stddevserv": 0.9917184068245333,
          "rate": 1.0083507506954361,
          "cv": 1.0,
          "lambda": 0.075
        },
        "MS2_5": {
          "meanserv": 0.13583201308965842,
          "stddevserv": 0.13583201308965842,
          "rate": 7.362034746109016,
          "cv": 1.0,
          "lambda": 0.075
        },
        "MS2_6": {
          "meanserv": 3.1184521457733476,
          "stddevserv": 3.1184521457733476,
          "rate": 0.32067190813088753,
          "cv": 1.0,
          "lambda": 0.075
        },
        "MS2_7": {
          "meanserv": 1.5127431880106617,
          "stddevserv": 1.5127431880106617,
          "rate": 0.6610507374454309,
          "cv": 1.0,
          "lambda": 0.075
        },
        "MS2_8": {
          "meanserv": 0.8464308776403655,
          "stddevserv": 0.8464308776403655,
          "rate": 1.1814313801828051,
          "cv": 1.0,
          "lambda": 0.075
        },
        "MS2_9": {
          "meanserv": 0.7295747864586062,
          "stddevserv": 0.7295747864586062,
          "rate": 1.3706614024506683,
          "cv": 1.0,
          "lambda": 0.075
        },
        "MS2_10": {
          "meanserv": 1.2580564433501031,
          "stddevserv": 1.2580564433501031,
          "rate": 0.7948768954571549,
          "cv": 1.0,
          "lambda": 0.075
        }
      },
      "sensors": [
        "S2"
      ],
      "sources": [
        {
          "startTime": 0,
          "stopTime": -1,
          "lambda": 0.075
        }
      ]
    },
    "SC3": {
      "resptime": 36.76520387092526,
      "resptime_old": 26.76520387092527,
      "waittime": 24.436715229839898,
      "servicetime": 10.0,
      "networktime": 2.3284886410853662,
      "services": {
        "MS3_1": {
          "meanserv": 2.27631852366746,
          "stddevserv": 2.27631852366746,
          "rate": 0.4393058307098707,
          "cv": 1.0,
          "lambda": 0.075
        },
        "MS3_2": {
          "meanserv": 0.02199923432028994,
          "stddevserv": 0.02199923432028994,
          "rate": 45.45612749247813,
          "cv": 1.0,
          "lambda": 0.075
        },
        "MS3_3": {
          "meanserv": 0.3517338108071213,
          "stddevserv": 0.3517338108071213,
          "rate": 2.843059067040801,
          "cv": 1.0,
          "lambda": 0.075
        },
        "MS3_4": {
          "meanserv": 1.2235164752064875,
          "stddevserv": 1.2235164752064875,
          "rate": 0.817316333914698,
          "cv": 1.0,
          "lambda": 0.075
        },
        "MS3_5": {
          "meanserv": 0.48491593498554497,
          "stddevserv": 0.48491593498554497,
          "rate": 2.062213113350893,
          "cv": 1.0,
          "lambda": 0.075
        },
        "MS3_6": {
          "meanserv": 0.6267891818587454,
          "stddevserv": 0.6267891818587454,
          "rate": 1.5954327690125356,
          "cv": 1.0,
          "lambda": 0.075
        },
        "MS3_7": {
          "meanserv": 0.0760485097591781,
          "stddevserv": 0.0760485097591781,
          "rate": 13.149501590059923,
          "cv": 1.0,
          "lambda": 0.075
        },
        "MS3_8": {
          "meanserv": 0.7195159280110532,
          "stddevserv": 0.7195159280110532,
          "rate": 1.3898232979557306,
          "cv": 1.0,
          "lambda": 0.075
        },
        "MS3_9": {
          "meanserv": 2.5705048875170498,
          "stddevserv": 2.5705048875170498,
          "rate": 0.3890286320233138,
          "cv": 1.0,
          "lambda": 0.075
        },
        "MS3_10": {
          "meanserv": 1.6486575138670698,
          "stddevserv": 1.6486575138670698,
          "rate": 0.6065541154477941,
          "cv": 1.0,
          "lambda": 0.075
        }
      },
      "sensors": [
        "S3"
      ],
      "sources": [
        {
          "startTime": 0,
          "stopTime": -1,
          "lambda": 0.075
        }
      ]
    },
    "SC4": {
      "resptime": 35.261313081234235,
      "resptime_old": 25.26131308123423,
      "waittime": 23.51815685172906,
      "servicetime": 10.0,
      "networktime": 1.7431562295051726,
      "services": {
        "MS4_1": {
          "meanserv": 1.0107787968097148,
          "stddevserv": 1.0107787968097148,
          "rate": 0.9893361466982336,
          "cv": 1.0,
          "lambda": 0.075
        },
        "MS4_2": {
          "meanserv": 1.6217750852134363,
          "stddevserv": 1.6217750852134363,
          "rate": 0.6166083133953149,
          "cv": 1.0,
          "lambda": 0.075
        },
        "MS4_3": {
          "meanserv": 0.39583836038525,
          "stddevserv": 0.39583836038525,
          "rate": 2.5262837058711267,