{
  "servicechain": {
    "SC1": {
      "resptime": 33.07714838386327,
      "resptime_old": 23.07714838386326,
      "waittime": 19.126454963239386,
      "servicetime": 10.0,
      "networktime": 3.950693420623879,
      "services": {
        "MS1_1": {
          "meanserv": 1.129216752034099,
          "stddevserv": 1.129216752034099,
          "rate": 0.8855695757246461,
          "cv": 1.0,
          "lambda": 0.15
        },
        "MS1_2": {
          "meanserv": 0.07378190047674926,
          "stddevserv": 0.07378190047674926,
          "rate": 13.55345950075016,
          "cv": 1.0,
          "lambda": 0.15
        },
        "MS1_3": {
          "meanserv": 0.4067250207445472,
          "stddevserv": 0.4067250207445472,
          "rate": 2.45866359086886,
          "cv": 1.0,
          "lambda": 0.15
        },
        "MS1_4": {
          "meanserv": 2.3980042673917037,
          "stddevserv": 2.3980042673917037,
          "rate": 0.4170134363804509,
          "cv": 1.0,
          "lambda": 0.15
        },
        "MS1_5": {
          "meanserv": 1.2691487408783262,
          "stddevserv": 1.2691487408783262,
          "rate": 0.7879297105144198,
          "cv": 1.0,
          "lambda": 0.15
        },
        "MS1_6": {
          "meanserv": 0.07658641671768418,
          "stddevserv": 0.07658641671768418,
          "rate": 13.057145677493162,
          "cv": 1.0,
          "lambda": 0.15
        },
        "MS1_7": {
          "meanserv": 0.7689642056908248,
          "stddevserv": 0.7689642056908248,
          "rate": 1.3004506485469196,
          "cv": 1.0,
          "lambda": 0.15
        },
        "MS1_8": {
          "meanserv": 2.66436601729567,
          "stddevserv": 2.66436601729567,
          "rate": 0.37532380818120453,
          "cv": 1.0,
          "lambda": 0.15
        },
        "MS1_9": {
          "meanserv": 0.5913944466710497,
          "stddevserv": 0.5913944466710497,
          "rate": 1.6909188201360104,
          "cv": 1.0,
          "lambda": 0.15
        },
        "MS1_10": {
          "meanserv": 0.6218122320993462,
          "stddevserv": 0.6218122320993462,
          "rate": 1.6082025222048562,
          "cv": 1.0,
          "lambda": 0.15
        }
      },
      "sensors": [
        "S1"
      ],
      "sources": [
        {
          "startTime": 0,
          "stopTime": -1,
          "lambda": 0.15
        }
      ]
    },
    "SC2": {
      "resptime": 28.57670918701902,
      "resptime_old": 18.576709187019024,
      "waittime": 13.60681197915487,
      "servicetime": 10.0,
      "networktime": 4.969897207864152,
      "services": {
        "MS2_1": {
          "meanserv": 2.538692757686296,
          "stddevserv": 2.538692757686296,
          "rate": 0.39390351470154905,
          "cv": 1.0,
          "lambda": 0.15
        },
        "MS2_2": {
          "meanserv": 2.677247903683405,
          "stddevserv": 2.677247903683405,
          "rate": 0.3735178944856703,
          "cv": 1.0,
          "lambda": 0.15
        },
        "MS2_3": {
          "meanserv": 0.062189833507138026,
          "stddevserv": 0.062189833507138026,
          "rate": 16.079798635981586,
          "cv": 1.0,
          "lambda": 0.15
        },
        "MS2_4": {
          "meanserv": 0.9234943762029291,
          "stddevserv": 0.9234943762029291,
          "rate": 1.0828436271714335,
          "cv": 1.0,
          "lambda": 0.15
        },
        "MS2_5": {
          "meanserv": 0.16539535465369948,
          "stddevserv": 0.16539535465369948,
          "rate": 6.046119022470577,
          "cv": 1.0,
          "lambda": 0.15
        },
        "MS2_6": {
          "meanserv": 0.27387256459317477,
          "stddevserv": 0.27387256459317477,
          "rate": 3.6513332450274985,
          "cv": 1.0,
          "lambda": 0.15
        },
        "MS2_7": {
          "meanserv": 0.1704966385750426,
          "stddevserv": 0.1704966385750426,
          "rate": 5.86521827267497,
          "cv": 1.0,
          "lambda": 0.15
        },
        "MS2_8": {
          "meanserv": 0.6268387761368261,
          "stddevserv": 0.6268387761368261,
          "rate": 1.5953065414410807,
          "cv": 1.0,
          "lambda": 0.15
        },
        "MS2_9": {
          "meanserv": 1.6012328439269918,
          "stddevserv": 1.6012328439269918,
          "rate": 0.6245187911256678,
          "cv": 1.0,
          "lambda": 0.15
        },
        "MS2_10": {
          "meanserv": 0.960538951034497,
          "stddevserv": 0.960538951034497,
          "rate": 1.0410821954934817,
          "cv": 1.0,
          "lambda": 0.15
        }
      },
      "sensors": [
        "S2"
      ],
      "sources": [
        {
          "startTime": 0,
          "stopTime": -1,
          "lambda": 0.15
        }
      ]
    },
    "SC3": {
      "resptime": 44.59703770154718,
      "resptime_old": 34.59703770154719,
      "waittime": 28.010841497132116,
      "servicetime": 10.0,
      "networktime": 6.586196204415061,
      "services": {
        "MS3_1": {
          "meanserv": 0.8328915358507349,
          "stddevserv": 0.8328915358507349,
          "rate": 1.2006365258335547,
          "cv": 1.0,
          "lambda": 0.15
        },
        "MS3_2": {
          "meanserv": 0.20741939836007695,
          "stddevserv": 0.20741939836007695,
          "rate": 4.821149843776979,
          "cv": 1.0,
          "lambda": 0.15
        },
        "MS3_3": {
          "meanserv": 5.203386967118722,
          "stddevserv": 5.203386967118722,
          "rate": 0.19218251618017393,
          "cv": 1.0,
          "lambda": 0.15
        },
        "MS3_4": {
          "meanserv": 0.022681780765233306,
          "stddevserv": 0.022681780765233306,
          "rate": 44.088249081959326,
          "cv": 1.0,
          "lambda": 0.15
        },
        "MS3_5": {
          "meanserv": 2.5602560951229254,
          "stddevserv": 2.5602560951229254,
          "rate": 0.3905859268941559,
          "cv": 1.0,
          "lambda": 0.15
        },
        "MS3_6": {
          "meanserv": 0.10397544403325298,
          "stddevserv": 0.10397544403325298,
          "rate": 9.617655488734284,
          "cv": 1.0,
          "lambda": 0.15
        },
        "MS3_7": {
          "meanserv": 0.018068752901100993,
          "stddevserv": 0.018068752901100993,
          "rate": 55.34416268092672,
          "cv": 1.0,
          "lambda": 0.15
        },
        "MS3_8": {
          "meanserv": 0.8284620687917919,
          "stddevserv": 0.8284620687917919,
          "rate": 1.207055866128397,
          "cv": 1.0,
          "lambda": 0.15
        },
        "MS3_9": {
          "meanserv": 0.178778793520177,
          "stddevserv": 0.178778793520177,
          "rate": 5.593504577975239,
          "cv": 1.0,
          "lambda": 0.15
        },
        "MS3_10": {
          "meanserv": 0.04407916353598473,
          "stddevserv": 0.04407916353598473,
          "rate": 22.686455907531773,
          "cv": 1.0,
          "lambda": 0.15
        }
      },
      "sensors": [
        "S3"
      ],
      "sources": [
        {
          "startTime": 0,
          "stopTime": -1,
          "lambda": 0.15
        }
      ]
    },
    "SC4": {
      "resptime": 44.703410168184426,
      "resptime_old": 34.70341016818442,
      "waittime": 31.29387221691387,
      "servicetime": 10.0,
      "networktime": 3.409537951270555,
      "services": {
        "MS4_1": {
          "meanserv": 0.2720723358435828,
          "stddevserv": 0.2720723358435828,
          "rate": 3.675493125383061,
          "cv": 1.0,
          "lambda": 0.15
        },
        "MS4_2": {
          "meanserv": 0.3945648252316736,
          "stddevserv": 0.3945648252316736,
          "rate": 2.5344377806938003,
          "cv": 1.0,
          "lambda": 0.15
        },
        "MS4_3": {
          "meanserv": 0.3685366065683726,
          "stddevserv": 0.3685366065683726,
          "rate": 2.713434655274809,
          "cv": 1.0,