{
  "servicechain": {
    "SC1": {
      "resptime": 31.052433526751066,
      "resptime_old": 21.052433526751066,
      "waittime": 17.534085305625407,
      "servicetime": 10.0,
      "networktime": 3.5183482211256583,
      "services": {
        "MS1_1": {
          "meanserv": 3.8741197439676,
          "stddevserv": 3.8741197439676,
          "rate": 0.2581231521191626,
          "cv": 1.0,
          "lambda": 0.15
        },
        "MS1_2": {
          "meanserv": 0.3285035190674339,
          "stddevserv": 0.3285035190674339,
          "rate": 3.044107420337022,
          "cv": 1.0,
          "lambda": 0.15
        },
        "MS1_3": {
          "meanserv": 0.8132433444519505,
          "stddevserv": 0.8132433444519505,
          "rate": 1.2296442471028226,
          "cv": 1.0,
          "lambda": 0.15
        },
        "MS1_4": {
          "meanserv": 2.9985399074300485,
          "stddevserv": 2.9985399074300485,
          "rate": 0.33349564483771293,
          "cv": 1.0,
          "lambda": 0.15
        },
        "MS1_5": {
          "meanserv": 0.9854667639353689,
          "stddevserv": 0.9854667639353689,
          "rate": 1.0147475659215477,
          "cv": 1.0,
          "lambda": 0.15
        },
        "MS1_6": {
          "meanserv": 0.14083778984694462,
          "stddevserv": 0.14083778984694462,
          "rate": 7.1003670327882125,
          "cv": 1.0,
          "lambda": 0.15
        },
        "MS1_7": {
          "meanserv": 0.8592889313006538,
          "stddevserv": 0.8592889313006538,
          "rate": 1.1637529165962377,
          "cv": 1.0,
          "lambda": 0.15
        }
      },
      "sensors": [
        "S1"
      ],
      "sources": [
        {
          "startTime": 0,
          "stopTime": -1,
          "lambda": 0.15
        }
      ]
    },
    "SC2": {
      "resptime": 36.8036174064312,
      "resptime_old": 26.803617406431204,
      "waittime": 21.95610013316284,
      "servicetime": 10.0,
      "networktime": 4.847517273268365,
      "services": {
        "MS2_1": {
          "meanserv": 4.708144268969092,
          "stddevserv": 4.708144268969092,
          "rate": 0.2123979094249299,
          "cv": 1.0,
          "lambda": 0.15
        },
        "MS2_2": {
          "meanserv": 0.7194515609677934,
          "stddevserv": 0.7194515609677934,
          "rate": 1.3899476410264755,
          "cv": 1.0,
          "lambda": 0.15
        },
        "MS2_3": {
          "meanserv": 0.9152990486826766,
          "stddevserv": 0.9152990486826766,
          "rate": 1.092539101225143,
          "cv": 1.0,
          "lambda": 0.15
        },
        "MS2_4": {
          "meanserv": 0.17607832502495135,
          "stddevserv": 0.17607832502495135,
          "rate": 5.6792907352923425,
          "cv": 1.0,
          "lambda": 0.15
        },
        "MS2_5": {
          "meanserv": 1.157653840030556,
          "stddevserv": 1.157653840030556,
          "rate": 0.8638160781927741,
          "cv": 1.0,
          "lambda": 0.15
        },
        "MS2_6": {
          "meanserv": 1.4449360674150542,
          "stddevserv": 1.4449360674150542,
          "rate": 0.6920721425335925,
          "cv": 1.0,
          "lambda": 0.15
        },
        "MS2_7": {
          "meanserv": 0.8784368889098761,
          "stddevserv": 0.8784368889098761,
          "rate": 1.138385708324455,
          "cv": 1.0,
          "lambda": 0.15
        }
      },
      "sensors": [
        "S2"
      ],
      "sources": [
        {
          "startTime": 0,
          "stopTime": -1,
          "lambda": 0.15
        }
      ]
    },
    "SC3": {
      "resptime": 43.28066129271302,
      "resptime_old": 33.28066129271302,
      "waittime": 27.8419872214806,
      "servicetime": 10.0,
      "networktime": 5.438674071232421,
      "services": {
        "MS3_1": {
          "meanserv": 0.7942000828421703,
          "stddevserv": 0.7942000828421703,
          "rate": 1.259128551613017,
          "cv": 1.0,
          "lambda": 0.15
        },
        "MS3_2": {
          "meanserv": 1.9894589440197354,
          "stddevserv": 1.9894589440197354,
          "rate": 0.5026492268191688,
          "cv": 1.0,
          "lambda": 0.15
        },
        "MS3_3": {
          "meanserv": 0.7723551635450208,
          "stddevserv": 0.7723551635450208,
          "rate": 1.2947411336128263,
          "cv": 1.0,
          "lambda": 0.15
        },
        "MS3_4": {
          "meanserv": 0.19048178301226537,
          "stddevserv": 0.19048178301226537,
          "rate": 5.249845860250105,
          "cv": 1.0,
          "lambda": 0.15
        },
        "MS3_5": {
          "meanserv": 0.5506061152585708,
          "stddevserv": 0.5506061152585708,
          "rate": 1.8161803370643437,
          "cv": 1.0,
          "lambda": 0.15
        },
        "MS3_6": {
          "meanserv": 5.079350119842887,
          "stddevserv": 5.079350119842887,
          "rate": 0.19687557982928172,
          "cv": 1.0,
          "lambda": 0.15
        },
        "MS3_7": {
          "meanserv": 0.6235477914793499,
          "stddevserv": 0.6235477914793499,
          "rate": 1.6037263120241796,
          "cv": 1.0,
          "lambda": 0.15
        }
      },
      "sensors": [
        "S3"
      ],
      "sources": [
        {
          "startTime": 0,
          "stopTime": -1,
          "lambda": 0.15
        }
      ]
    },
    "SC4": {
      "resptime": 28.20742937193085,
      "resptime_old": 18.207429371930846,
      "waittime": 13.687605076662576,
      "servicetime": 10.0,
      "networktime": 4.519824295268271,
      "services": {
        "MS4_1": {
          "meanserv": 0.6435285808875912,
          "stddevserv": 0.6435285808875912,
          "rate": 1.5539325364861698,
          "cv": 1.0,
          "lambda": 0.15
        },
        "MS4_2": {
          "meanserv": 1.3762376659249167,
          "stddevserv": 1.3762376659249167,
          "rate": 0.7266186827752155,
          "cv": 1.0,
          "lambda": 0.15
        },
        "MS4_3": {
          "meanserv": 0.34617752774774146,
          "stddevserv": 0.34617752774774146,
          "rate": 2.888691263427986,
          "cv": 1.0,
          "lambda": 0.15
        },
        "MS4_4": {
          "meanserv": 2.4561355666901044,
          "stddevserv": 2.4561355666901044,
          "rate": 0.4071436501966392,
          "cv": 1.0,
          "lambda": 0.15
        },
        "MS4_5": {
          "meanserv": 1.717980501937376,
          "stddevserv": 1.717980501937376,
          "rate": 0.5820787831248926,
          "cv": 1.0,
          "lambda": 0.15
        },
        "MS4_6": {
          "meanserv": 1.169957156619267,
          "stddevserv": 1.169957156619267,
          "rate": 0.8547321535171606,
          "cv": 1.0,
          "lambda": 0.15
        },
        "MS4_7": {
          "meanserv": 2.2899830001930033,
          "stddevserv": 2.2899830001930033,
          "rate": 0.4366844644330191,
          "cv": 1.0,
          "lambda": 0.15
        }
      },
      "sensors": [
        "S4"
      ],
      "sources": [
        {
          "startTime": 0,
          "stopTime": -1,
          "lambda": 0.15
        }
      ]
    }
  },
  "microservice": {
    "MS1_1": "F3",
    "MS1_2": "F6",
    "MS1_3": "F6",
    "MS1_4": "F4",
    "MS1_5": "F10",
    "MS1_6": "F10",
    "MS1_7": "F10",
    "MS2_1": "F2",
    "MS2_2": "F10",
    "MS2_3": "F7",
    "MS2_4": "F7",
    "MS2_5": "F8",
    "MS2_6": "F8",
    "MS2_7": "F8",
    "MS3_1": "F7",
    "MS3_2": "F7",
    "MS3_3": "F9",
    "MS3_4": "F9",
    "MS3_5": "F8",
    "MS3_6": "F1",
    "MS3_7": "F6",
    "MS4_1": "F5",
    "MS4_2": "F10",
    "MS4_3": "F5",
    "MS4_4": "F5",
    "MS4_5": "F9",
    "MS4_6": "F9",
    "MS4_7": "F6"
  },
  "sensor": {
    "S1": "F3",
    "S2": "F2",
    "S3": "F7",
    "S4": "F5"
  },
  "fog": {
    "F1": {
      "rho": 0.761902517976433,
      "capacity": 1.0,
      "tserv": 5.079350119842887,
      "stddev": 5.079350119842887,