{
  "servicechain": {
    "SC1": {
      "resptime": 18.590761185897115,
      "resptime_old": 8.590761185897115,
      "waittime": 5.0270100055847875,
      "servicetime": 10.0,
      "networktime": 3.5637511803123285,
      "services": {
        "MS1_1": {
          "meanserv": 0.6394069044285011,
          "stddevserv": 0.6394069044285011,
          "rate": 1.5639493303466832,
          "cv": 1.0,
          "lambda": 0.075
        },
        "MS1_2": {
          "meanserv": 3.4039850431228125,
          "stddevserv": 3.4039850431228125,
          "rate": 0.29377332371666387,
          "cv": 1.0,
          "lambda": 0.075
        },
        "MS1_3": {
          "meanserv": 4.175745130053892,
          "stddevserv": 4.175745130053892,
          "rate": 0.23947821738514344,
          "cv": 1.0,
          "lambda": 0.075
        },
        "MS1_4": {
          "meanserv": 0.014224819805264133,
          "stddevserv": 0.014224819805264133,
          "rate": 70.29966029024376,
          "cv": 1.0,
          "lambda": 0.075
        },
        "MS1_5": {
          "meanserv": 1.7666381025895301,
          "stddevserv": 1.7666381025895301,
          "rate": 0.566046887890737,
          "cv": 1.0,
          "lambda": 0.075
        }
      },
      "sensors": [
        "S1"
      ],
      "sources": [
        {
          "startTime": 0,
          "stopTime": -1,
          "lambda": 0.075
        }
      ]
    },
    "SC2": {
      "resptime": 17.820728682079576,
      "resptime_old": 7.820728682079577,
      "waittime": 4.645977969506074,
      "servicetime": 10.0,
      "networktime": 3.174750712573502,
      "services": {
        "MS2_1": {
          "meanserv": 1.7843652548117006,
          "stddevserv": 1.7843652548117006,
          "rate": 0.5604233759334926,
          "cv": 1.0,
          "lambda": 0.075
        },
        "MS2_2": {
          "meanserv": 0.5264763378024793,
          "stddevserv": 0.5264763378024793,
          "rate": 1.8994205972751144,
          "cv": 1.0,
          "lambda": 0.075
        },
        "MS2_3": {
          "meanserv": 4.015507625461792,
          "stddevserv": 4.015507625461792,
          "rate": 0.2490345164977735,
          "cv": 1.0,
          "lambda": 0.075
        },
        "MS2_4": {
          "meanserv": 1.8587599752750705,
          "stddevserv": 1.8587599752750705,
          "rate": 0.5379930778055483,
          "cv": 1.0,
          "lambda": 0.075
        },
        "MS2_5": {
          "meanserv": 1.8148908066489575,
          "stddevserv": 1.8148908066489575,
          "rate": 0.5509973362234478,
          "cv": 1.0,
          "lambda": 0.075
        }
      },
      "sensors": [
        "S2"
      ],
      "sources": [
        {
          "startTime": 0,
          "stopTime": -1,
          "lambda": 0.075
        }
      ]
    },
    "SC3": {
      "resptime": 18.73875598557018,
      "resptime_old": 8.738755985570178,
      "waittime": 7.029924436712754,
      "servicetime": 10.0,
      "networktime": 1.7088315488574237,
      "services": {
        "MS3_1": {
          "meanserv": 1.529947714941381,
          "stddevserv": 1.529947714941381,
          "rate": 0.6536171074567175,
          "cv": 1.0,
          "lambda": 0.075
        },
        "MS3_2": {
          "meanserv": 1.1367433291856874,
          "stddevserv": 1.1367433291856874,
          "rate": 0.8797060640913158,
          "cv": 1.0,
          "lambda": 0.075
        },
        "MS3_3": {
          "meanserv": 1.017694671583878,
          "stddevserv": 1.017694671583878,
          "rate": 0.9826129859200903,
          "cv": 1.0,
          "lambda": 0.075
        },
        "MS3_4": {
          "meanserv": 2.2430197665283513,
          "stddevserv": 2.2430197665283513,
          "rate": 0.44582754682887016,
          "cv": 1.0,
          "lambda": 0.075
        },
        "MS3_5": {
          "meanserv": 4.072594517760702,
          "stddevserv": 4.072594517760702,
          "rate": 0.24554371804975209,
          "cv": 1.0,
          "lambda": 0.075
        }
      },
      "sensors": [
        "S3"
      ],
      "sources": [
        {
          "startTime": 0,
          "stopTime": -1,
          "lambda": 0.075
        }
      ]
    },
    "SC4": {
      "resptime": 18.021390472775735,
      "resptime_old": 8.021390472775733,
      "waittime": 4.76337168573157,
      "servicetime": 10.0,
      "networktime": 3.258018787044164,
      "services": {
        "MS4_1": {
          "meanserv": 3.8017669388726336,
          "stddevserv": 3.8017669388726336,
          "rate": 0.2630355874199215,
          "cv": 1.0,
          "lambda": 0.075
        },
        "MS4_2": {
          "meanserv": 1.3465658479364464,
          "stddevserv": 1.3465658479364464,
          "rate": 0.742629854702209,
          "cv": 1.0,
          "lambda": 0.075
        },
        "MS4_3": {
          "meanserv": 2.5233008330247895,
          "stddevserv": 2.5233008330247895,
          "rate": 0.3963062932933196,
          "cv": 1.0,
          "lambda": 0.075
        },
        "MS4_4": {
          "meanserv": 1.6267047685679703,
          "stddevserv": 1.6267047685679703,
          "rate": 0.6147396991282724,
          "cv": 1.0,
          "lambda": 0.075
        },
        "MS4_5": {
          "meanserv": 0.7016616115981602,
          "stddevserv": 0.7016616115981602,
          "rate": 1.4251884148575844,
          "cv": 1.0,
          "lambda": 0.075
        }
      },
      "sensors": [
        "S4"
      ],
      "sources": [
        {
          "startTime": 0,
          "stopTime": -1,
          "lambda": 0.075
        }
      ]
    }
  },
  "microservice": {
    "MS1_1": "F3",
    "MS1_2": "F3",
    "MS1_3": "F4",
    "MS1_4": "F7",
    "MS1_5": "F7",
    "MS2_1": "F8",
    "MS2_2": "F8",
    "MS2_3": "F1",
    "MS2_4": "F5",
    "MS2_5": "F5",
    "MS3_1": "F10",
    "MS3_2": "F10",
    "MS3_3": "F10",
    "MS3_4": "F10",
    "MS3_5": "F9",
    "MS4_1": "F6",
    "MS4_2": "F2",
    "MS4_3": "F2",
    "MS4_4": "F8",
    "MS4_5": "F8"
  },
  "sensor": {
    "S1": "F3",
    "S2": "F8",
    "S3": "F10",
    "S4": "F6"
  },
  "fog": {
    "F1": {
      "rho": 0.3011630719096344,
      "capacity": 1.0,
      "tserv": 4.015507625461792,
      "stddev": 4.015507625461792,
      "mu": 0.2490345164977735,
      "cv": 1.0,
      "lambda": 0.075,
      "twait": 1.7304789760684474
    },
    "F2": {
      "rho": 0.2902400010720927,
      "capacity": 1.0,
      "tserv": 1.934933340480618,
      "stddev": 2.1062572598495453,
      "mu": 0.5168136695353082,
      "cv": 1.0885425434482265,
      "lambda": 0.15,
      "twait": 0.8644069850155746
    },
    "F3": {
      "rho": 0.3032543960663485,
      "capacity": 1.0,
      "tserv": 2.021695973775657,
      "stddev": 2.812241233047754,
      "mu": 0.49463421452654477,
      "cv": 1.3910307333677376,
      "lambda": 0.15,
      "twait": 1.2912842896505365
    },
    "F4": {
      "rho": 0.3131808847540419,
      "capacity": 1.0,
      "tserv": 4.175745130053892,
      "stddev": 4.175745130053892,
      "mu": 0.23947821738514344,
      "cv": 1.0,
      "lambda": 0.075,
      "twait": 1.90408729941847
    },
    "F5": {
      "rho": 0.2755238086443021,
      "capacity": 1.0,
      "tserv": 1.836825390962014,
      "stddev": 1.8370873057263033,
      "mu": 0.5444175613645359,
      "cv": 1.0001425909972597,
      "lambda": 0.15,
      "twait": 0.6986582892166432
    },
    "F6": {
      "rho": 0.2851325204154475,
      "capacity": 1.0,
      "tserv": 3.8017669388726336,
      "stddev": 3.8017669388726336,
      "mu": 0.2630355874199215,
      "cv": 1.0,
      "lambda": 0.075,
      "twait": 1.51637530069608
    },
    "F7": {
      "rho": 0.13356471917960958,
      "capacity": 1.0,
      "tserv": 0.8904314611973972,
      "stddev": 1.5258913276932589,
      "mu": 1.1230510640934248,
      "cv": 1.713653879256843,
      "lambda": 0.15,
      "twait": 0.27017706343262177
    },
    "F8": {
      "rho": 0.3479405979585232,