{
  "servicechain": {
    "SC1": {
      "resptime": 8649.722661063302,
      "resptime_old": 8639.722661063302,
      "waittime": 8637.82077783965,
      "servicetime": 10.0,
      "networktime": 1.9018832236523773,
      "services": {
        "MS1_1": {
          "meanserv": 1.284455054421253,
          "stddevserv": 1.284455054421253,
          "rate": 0.7785402817777676,
          "cv": 1.0,
          "lambda": 0.2
        },
        "MS1_2": {
          "meanserv": 0.6395050246879685,
          "stddevserv": 0.6395050246879685,
          "rate": 1.5637093711467343,
          "cv": 1.0,
          "lambda": 0.2
        },
        "MS1_3": {
          "meanserv": 0.20574927876859883,
          "stddevserv": 0.20574927876859883,
          "rate": 4.8602843518332595,
          "cv": 1.0,
          "lambda": 0.2
        },
        "MS1_4": {
          "meanserv": 1.2988313757757752,
          "stddevserv": 1.2988313757757752,
          "rate": 0.7699228850263283,
          "cv": 1.0,
          "lambda": 0.2
        },
        "MS1_5": {
          "meanserv": 6.571459266346404,
          "stddevserv": 6.571459266346404,
          "rate": 0.1521732022476614,
          "cv": 1.0,
          "lambda": 0.2
        }
      },
      "sensors": [
        "S1"
      ],
      "sources": [
        {
          "startTime": 0,
          "stopTime": -1,
          "lambda": 0.2
        }
      ]
    },
    "SC2": {
      "resptime": 46.06507192435525,
      "resptime_old": 36.06507192435525,
      "waittime": 29.368010788048657,
      "servicetime": 10.0,
      "networktime": 6.697061136306594,
      "services": {
        "MS2_1": {
          "meanserv": 2.775961493867989,
          "stddevserv": 2.775961493867989,
          "rate": 0.3602355444082954,
          "cv": 1.0,
          "lambda": 0.2
        },
        "MS2_2": {
          "meanserv": 1.587924438121723,
          "stddevserv": 1.587924438121723,
          "rate": 0.6297528874754584,
          "cv": 1.0,
          "lambda": 0.2
        },
        "MS2_3": {
          "meanserv": 2.0995353035439885,
          "stddevserv": 2.0995353035439885,
          "rate": 0.4762958728591098,
          "cv": 1.0,
          "lambda": 0.2
        },
        "MS2_4": {
          "meanserv": 0.43818675844289157,
          "stddevserv": 0.43818675844289157,
          "rate": 2.282131946555224,
          "cv": 1.0,
          "lambda": 0.2
        },
        "MS2_5": {
          "meanserv": 3.098392006023408,
          "stddevserv": 3.098392006023408,
          "rate": 0.32274805707475257,
          "cv": 1.0,
          "lambda": 0.2
        }
      },
      "sensors": [
        "S2"
      ],
      "sources": [
        {
          "startTime": 0,
          "stopTime": -1,
          "lambda": 0.2
        }
      ]
    },
    "SC3": {
      "resptime": 63.26067602207465,
      "resptime_old": 53.26067602207465,
      "waittime": 49.43014585198657,
      "servicetime": 10.0,
      "networktime": 3.8305301700880725,
      "services": {
        "MS3_1": {
          "meanserv": 1.4244696923377131,
          "stddevserv": 1.4244696923377131,
          "rate": 0.7020156380855592,
          "cv": 1.0,
          "lambda": 0.2
        },
        "MS3_2": {
          "meanserv": 4.413765606476739,
          "stddevserv": 4.413765606476739,
          "rate": 0.22656391144391644,
          "cv": 1.0,
          "lambda": 0.2
        },
        "MS3_3": {
          "meanserv": 1.3327767936846797,
          "stddevserv": 1.3327767936846797,
          "rate": 0.7503131842769682,
          "cv": 1.0,
          "lambda": 0.2
        },
        "MS3_4": {
          "meanserv": 0.41115867400482387,
          "stddevserv": 0.41115867400482387,
          "rate": 2.4321510483037203,
          "cv": 1.0,
          "lambda": 0.2
        },
        "MS3_5": {
          "meanserv": 2.417829233496045,
          "stddevserv": 2.417829233496045,
          "rate": 0.41359413896822494,
          "cv": 1.0,
          "lambda": 0.2
        }
      },
      "sensors": [
        "S3"
      ],
      "sources": [
        {
          "startTime": 0,
          "stopTime": -1,
          "lambda": 0.2
        }
      ]
    },
    "SC4": {
      "resptime": 64.10581227364457,
      "resptime_old": 54.105812273644574,
      "waittime": 48.472102816583,
      "servicetime": 10.0,
      "networktime": 5.6337094570615704,
      "services": {
        "MS4_1": {
          "meanserv": 0.27126075449504516,
          "stddevserv": 0.27126075449504516,
          "rate": 3.6864897830926955,
          "cv": 1.0,
          "lambda": 0.2
        },
        "MS4_2": {
          "meanserv": 1.811234587997477,
          "stddevserv": 1.811234587997477,
          "rate": 0.5521095978548047,
          "cv": 1.0,
          "lambda": 0.2
        },
        "MS4_3": {
          "meanserv": 4.270815957975061,
          "stddevserv": 4.270815957975061,
          "rate": 0.23414729406277998,
          "cv": 1.0,
          "lambda": 0.2
        },
        "MS4_4": {
          "meanserv": 2.983517522805446,
          "stddevserv": 2.983517522805446,
          "rate": 0.3351748372034648,
          "cv": 1.0,
          "lambda": 0.2
        },
        "MS4_5": {
          "meanserv": 0.663171176726971,
          "stddevserv": 0.663171176726971,
          "rate": 1.507906306989126,
          "cv": 1.0,
          "lambda": 0.2
        }
      },
      "sensors": [
        "S4"
      ],
      "sources": [
        {
          "startTime": 0,
          "stopTime": -1,
          "lambda": 0.2
        }
      ]
    }
  },
  "microservice": {
    "MS1_1": "F10",
    "MS1_2": "F10",
    "MS1_3": "F10",
    "MS1_4": "F10",
    "MS1_5": "F4",
    "MS2_1": "F2",
    "MS2_2": "F5",
    "MS2_3": "F8",
    "MS2_4": "F2",
    "MS2_5": "F9",
    "MS3_1": "F1",
    "MS3_2": "F6",
    "MS3_3": "F1",
    "MS3_4": "F1",
    "MS3_5": "F5",
    "MS4_1": "F1",
    "MS4_2": "F8",
    "MS4_3": "F7",
    "MS4_4": "F3",
    "MS4_5": "F3"
  },
  "sensor": {
    "S1": "F10",
    "S2": "F2",
    "S3": "F1",
    "S4": "F1"
  },
  "fog": {
    "F1": {
      "rho": 0.6879331829044525,
      "capacity": 1.0,
      "tserv": 0.8599164786305655,
      "stddev": 1.133386306135502,
      "mu": 1.1629036364002703,
      "cv": 1.3180190568512453,
      "lambda": 0.8,
      "twait": 2.5943429525686
    },
    "F2": {
      "rho": 0.6428296504621761,
      "capacity": 1.0,
      "tserv": 1.6070741261554402,
      "stddev": 2.3054896668070786,
      "mu": 0.622248833283299,
      "cv": 1.4345882553174065,
      "lambda": 0.4,
      "twait": 4.422522676326524
    },
    "F3": {
      "rho": 0.7293377399064834,
      "capacity": 1.0,
      "tserv": 1.8233443497662085,
      "stddev": 2.4528734579476827,
      "mu": 0.5484427558229586,
      "cv": 1.3452606789618171,
      "lambda": 0.4,
      "twait": 6.902456822241201
    },
    "F4": {
      "rho": 1.3142918532692809,
      "capacity": 1.0,
      "tserv": 6.571459266346404,
      "stddev": 6.5714592663464035,
      "mu": 0.1521732022476614,
      "cv": 0.9999999999999999,
      "lambda": 0.2,
      "twait": 8628.178562472147
    },
    "F5": {
      "rho": 0.8011507343235534,
      "capacity": 1.0,
      "tserv": 2.0028768358088835,
      "stddev": 2.0870760896796403,
      "mu": 0.499281824084874,
      "cv": 1.042039157059177,
      "lambda": 0.4,
      "twait": 8.415824111864822
    },
    "F6": {
      "rho": 0.8827531212953478,
      "capacity": 1.0,
      "tserv": 4.413765606476739,
      "stddev": 4.413765606476739,
      "mu": 0.22656391144391644,
      "cv": 1.0,
      "lambda": 0.2,
      "twait": 33.23129288241594
    },
    "F7": {
      "rho": 0.8541631915950122,
      "capacity": 1.0,
      "tserv": 4.270815957975061,
      "stddev": 4.270815957975061,
      "mu": 0.23414729406277998,
      "cv": 1.0,
      "lambda": 0.2,
      "twait": 25.01408135076907
    },
    "F8": {
      "rho": 0.7821539783082931,
      "capacity": 1.0,
      "tserv": 1.9553849457707329,