{
  "servicechain": {
    "SC1": {
      "resptime": 15.911333722745526,
      "resptime_old": 5.911333722745527,
      "waittime": 3.708849596968657,
      "servicetime": 10.0,
      "networktime": 2.2024841257768704,
      "services": {
        "MS1_1": {
          "meanserv": 2.696831922244658,
          "stddevserv": 2.696831922244658,
          "rate": 0.37080545945468807,
          "cv": 1.0,
          "lambda": 0.05
        },
        "MS1_2": {
          "meanserv": 1.7468007565623553,
          "stddevserv": 1.7468007565623553,
          "rate": 0.5724751356118978,
          "cv": 1.0,
          "lambda": 0.05
        },
        "MS1_3": {
          "meanserv": 0.8264249423610455,
          "stddevserv": 0.8264249423610455,
          "rate": 1.2100312426958717,
          "cv": 1.0,
          "lambda": 0.05
        },
        "MS1_4": {
          "meanserv": 2.4509675568578526,
          "stddevserv": 2.4509675568578526,
          "rate": 0.4080021366264035,
          "cv": 1.0,
          "lambda": 0.05
        },
        "MS1_5": {
          "meanserv": 2.2789748219740886,
          "stddevserv": 2.2789748219740886,
          "rate": 0.4387937902419572,
          "cv": 1.0,
          "lambda": 0.05
        }
      },
      "sensors": [
        "S1"
      ],
      "sources": [
        {
          "startTime": 0,
          "stopTime": -1,
          "lambda": 0.05
        }
      ]
    },
    "SC2": {
      "resptime": 17.803015984728624,
      "resptime_old": 7.803015984728623,
      "waittime": 5.7197541260979285,
      "servicetime": 10.0,
      "networktime": 2.083261858630695,
      "services": {
        "MS2_1": {
          "meanserv": 0.6909609675184991,
          "stddevserv": 0.6909609675184991,
          "rate": 1.4472597541817396,
          "cv": 1.0,
          "lambda": 0.05
        },
        "MS2_2": {
          "meanserv": 3.716225061039896,
          "stddevserv": 3.716225061039896,
          "rate": 0.2690902686394817,
          "cv": 1.0,
          "lambda": 0.05
        },
        "MS2_3": {
          "meanserv": 0.4621309300138403,
          "stddevserv": 0.4621309300138403,
          "rate": 2.163888922063821,
          "cv": 1.0,
          "lambda": 0.05
        },
        "MS2_4": {
          "meanserv": 0.5670641451146716,
          "stddevserv": 0.5670641451146716,
          "rate": 1.7634689278366915,
          "cv": 1.0,
          "lambda": 0.05
        },
        "MS2_5": {
          "meanserv": 4.563618896313093,
          "stddevserv": 4.563618896313093,
          "rate": 0.2191243446747692,
          "cv": 1.0,
          "lambda": 0.05
        }
      },
      "sensors": [
        "S2"
      ],
      "sources": [
        {
          "startTime": 0,
          "stopTime": -1,
          "lambda": 0.05
        }
      ]
    },
    "SC3": {
      "resptime": 17.200587776353352,
      "resptime_old": 7.200587776353352,
      "waittime": 3.4632266255008837,
      "servicetime": 10.0,
      "networktime": 3.7373611508524696,
      "services": {
        "MS3_1": {
          "meanserv": 0.2958715017006641,
          "stddevserv": 0.2958715017006641,
          "rate": 3.379845623022217,
          "cv": 1.0,
          "lambda": 0.05
        },
        "MS3_2": {
          "meanserv": 4.348824984507069,
          "stddevserv": 4.348824984507069,
          "rate": 0.2299471704569753,
          "cv": 1.0,
          "lambda": 0.05
        },
        "MS3_3": {
          "meanserv": 3.2074094240618276,
          "stddevserv": 3.2074094240618276,
          "rate": 0.3117780949628848,
          "cv": 1.0,
          "lambda": 0.05
        },
        "MS3_4": {
          "meanserv": 0.34982148251389233,
          "stddevserv": 0.34982148251389233,
          "rate": 2.8586008864115064,
          "cv": 1.0,
          "lambda": 0.05
        },
        "MS3_5": {
          "meanserv": 1.7980726072165467,
          "stddevserv": 1.7980726072165467,
          "rate": 0.5561510675300374,
          "cv": 1.0,
          "lambda": 0.05
        }
      },
      "sensors": [
        "S3"
      ],
      "sources": [
        {
          "startTime": 0,
          "stopTime": -1,
          "lambda": 0.05
        }
      ]
    },
    "SC4": {
      "resptime": 15.715937081301973,
      "resptime_old": 5.715937081301973,
      "waittime": 3.559936742024715,
      "servicetime": 10.0,
      "networktime": 2.156000339277259,
      "services": {
        "MS4_1": {
          "meanserv": 2.0502908891961766,
          "stddevserv": 2.0502908891961766,
          "rate": 0.48773566973808935,
          "cv": 1.0,
          "lambda": 0.05
        },
        "MS4_2": {
          "meanserv": 2.0042917700029,
          "stddevserv": 2.0042917700029,
          "rate": 0.4989293549803645,
          "cv": 1.0,
          "lambda": 0.05
        },
        "MS4_3": {
          "meanserv": 1.0767347312113484,
          "stddevserv": 1.0767347312113484,
          "rate": 0.9287338571079431,
          "cv": 1.0,
          "lambda": 0.05
        },
        "MS4_4": {
          "meanserv": 1.8169500513878063,
          "stddevserv": 1.8169500513878063,
          "rate": 0.5503728620586951,
          "cv": 1.0,
          "lambda": 0.05
        },
        "MS4_5": {
          "meanserv": 3.0517325582017687,
          "stddevserv": 3.0517325582017687,
          "rate": 0.32768271168206475,
          "cv": 1.0,
          "lambda": 0.05
        }
      },
      "sensors": [
        "S4"
      ],
      "sources": [
        {
          "startTime": 0,
          "stopTime": -1,
          "lambda": 0.05
        }
      ]
    }
  },
  "microservice": {
    "MS1_1": "F5",
    "MS1_2": "F5",
    "MS1_3": "F5",
    "MS1_4": "F7",
    "MS1_5": "F7",
    "MS2_1": "F3",
    "MS2_2": "F3",
    "MS2_3": "F3",
    "MS2_4": "F1",
    "MS2_5": "F1",
    "MS3_1": "F2",
    "MS3_2": "F2",
    "MS3_3": "F6",
    "MS3_4": "F9",
    "MS3_5": "F9",
    "MS4_1": "F8",
    "MS4_2": "F8",
    "MS4_3": "F8",
    "MS4_4": "F4",
    "MS4_5": "F4"
  },
  "sensor": {
    "S1": "F5",
    "S2": "F3",
    "S3": "F2",
    "S4": "F8"
  },
  "fog": {
    "F1": {
      "rho": 0.25653415207138824,
      "capacity": 1.0,
      "tserv": 2.5653415207138823,
      "stddev": 3.8167004149608013,
      "mu": 0.38981164571090726,
      "cv": 1.4877942699413726,
      "lambda": 0.1,
      "twait": 1.4222697138262654
    },
    "F2": {
      "rho": 0.2322348243103867,
      "capacity": 1.0,
      "tserv": 2.3223482431038667,
      "stddev": 3.68870130657714,
      "mu": 0.430598642115568,
      "cv": 1.588349773782038,
      "lambda": 0.1,
      "twait": 1.2373456945560024
    },
    "F3": {
      "rho": 0.24346584792861178,
      "capacity": 1.0,
      "tserv": 1.6231056528574117,
      "stddev": 2.6519945725062626,
      "mu": 0.6161028385549274,
      "cv": 1.6339013839533696,
      "lambda": 0.15000000000000002,
      "twait": 0.9584048994817991
    },
    "F4": {
      "rho": 0.24343413047947876,
      "capacity": 1.0,
      "tserv": 2.4343413047947875,
      "stddev": 2.58618667303752,
      "mu": 0.41078874109819985,
      "cv": 1.0623763676620246,
      "lambda": 0.1,
      "twait": 0.8336603331063106
    },
    "F5": {
      "rho": 0.26350288105840297,
      "capacity": 1.0,
      "tserv": 1.7566858737226863,
      "stddev": 2.0620823774226924,
      "mu": 0.5692537379382729,
      "cv": 1.1738481012845081,
      "lambda": 0.15000000000000002,
      "twait": 0.7472665677999717
    },
    "F6": {
      "rho": 0.1603704712030914,
      "capacity": 1.0,
      "tserv": 3.2074094240618276,
      "stddev": 3.2074094240618276,
      "mu": 0.3117780949628848,
      "cv": 1.0,
      "lambda": 0.05,
      "twait": 0.6126199032269255
    },
    "F7": {
      "rho": 0.23649711894159706,
      "capacity": 1.0,
      "tserv": 2.3649711894159706,
      "stddev": 2.3680961714410986,
      "mu": 0.42283813201417897,
      "cv": 1.001321361562083,
      "lambda": 0.1,
      "twait": 0.7335249467843711
    },