{
  "servicechain": {
    "SC1": {
      "resptime": 13.985162362448659,
      "resptime_old": 3.985162362448658,
      "waittime": 1.5697903305986811,
      "servicetime": 10.0,
      "networktime": 2.415372031849977,
      "services": {
        "MS1_1": {
          "meanserv": 1.7015757907517648,
          "stddevserv": 1.7015757907517648,
          "rate": 0.5876905427516661,
          "cv": 1.0,
          "lambda": 0.025
        },
        "MS1_2": {
          "meanserv": 2.9297495896571837,
          "stddevserv": 2.9297495896571837,
          "rate": 0.341326099517267,
          "cv": 1.0,
          "lambda": 0.025
        },
        "MS1_3": {
          "meanserv": 1.2828137739767165,
          "stddevserv": 1.2828137739767165,
          "rate": 0.7795363756502277,
          "cv": 1.0,
          "lambda": 0.025
        },
        "MS1_4": {
          "meanserv": 1.4792045688017952,
          "stddevserv": 1.4792045688017952,
          "rate": 0.6760390152188572,
          "cv": 1.0,
          "lambda": 0.025
        },
        "MS1_5": {
          "meanserv": 2.60665627681254,
          "stddevserv": 2.60665627681254,
          "rate": 0.3836332426701136,
          "cv": 1.0,
          "lambda": 0.025
        }
      },
      "sensors": [
        "S1"
      ],
      "sources": [
        {
          "startTime": 0,
          "stopTime": -1,
          "lambda": 0.025
        }
      ]
    },
    "SC2": {
      "resptime": 14.219328989285597,
      "resptime_old": 4.219328989285596,
      "waittime": 1.9376456215565159,
      "servicetime": 10.0,
      "networktime": 2.2816833677290798,
      "services": {
        "MS2_1": {
          "meanserv": 0.19197740842105904,
          "stddevserv": 0.19197740842105904,
          "rate": 5.208946241251086,
          "cv": 1.0,
          "lambda": 0.025
        },
        "MS2_2": {
          "meanserv": 2.661679413748205,
          "stddevserv": 2.661679413748205,
          "rate": 0.37570264654517105,
          "cv": 1.0,
          "lambda": 0.025
        },
        "MS2_3": {
          "meanserv": 0.9583442003703637,
          "stddevserv": 0.9583442003703637,
          "rate": 1.0434664284643638,
          "cv": 1.0,
          "lambda": 0.025
        },
        "MS2_4": {
          "meanserv": 4.176647631714404,
          "stddevserv": 4.176647631714404,
          "rate": 0.2394264702645088,
          "cv": 1.0,
          "lambda": 0.025
        },
        "MS2_5": {
          "meanserv": 2.011351345745968,
          "stddevserv": 2.011351345745968,
          "rate": 0.49717817929473723,
          "cv": 1.0,
          "lambda": 0.025
        }
      },
      "sensors": [
        "S2"
      ],
      "sources": [
        {
          "startTime": 0,
          "stopTime": -1,
          "lambda": 0.025
        }
      ]
    },
    "SC3": {
      "resptime": 14.971343545492942,
      "resptime_old": 4.971343545492942,
      "waittime": 1.270275904567343,
      "servicetime": 10.0,
      "networktime": 3.701067640925599,
      "services": {
        "MS3_1": {
          "meanserv": 2.4749985867017377,
          "stddevserv": 2.4749985867017377,
          "rate": 0.4040406347595665,
          "cv": 1.0,
          "lambda": 0.025
        },
        "MS3_2": {
          "meanserv": 1.1644401075439084,
          "stddevserv": 1.1644401075439084,
          "rate": 0.8587818244334153,
          "cv": 1.0,
          "lambda": 0.025
        },
        "MS3_3": {
          "meanserv": 5.363640071080344,
          "stddevserv": 5.363640071080344,
          "rate": 0.1864405490949694,
          "cv": 1.0,
          "lambda": 0.025
        },
        "MS3_4": {
          "meanserv": 0.3366706447176835,
          "stddevserv": 0.3366706447176835,
          "rate": 2.9702619331084064,
          "cv": 1.0,
          "lambda": 0.025
        },
        "MS3_5": {
          "meanserv": 0.6602505899563269,
          "stddevserv": 0.6602505899563269,
          "rate": 1.5145764581083467,
          "cv": 1.0,
          "lambda": 0.025
        }
      },
      "sensors": [
        "S3"
      ],
      "sources": [
        {
          "startTime": 0,
          "stopTime": -1,
          "lambda": 0.025
        }
      ]
    },
    "SC4": {
      "resptime": 13.30901183404337,
      "resptime_old": 3.3090118340433685,
      "waittime": 1.7425972421454394,
      "servicetime": 10.0,
      "networktime": 1.566414591897929,
      "services": {
        "MS4_1": {
          "meanserv": 0.5099331281248576,
          "stddevserv": 0.5099331281248576,
          "rate": 1.9610414480762055,
          "cv": 1.0,
          "lambda": 0.025
        },
        "MS4_2": {
          "meanserv": 1.9431030695015528,
          "stddevserv": 1.9431030695015528,
          "rate": 0.5146407391845257,
          "cv": 1.0,
          "lambda": 0.025
        },
        "MS4_3": {
          "meanserv": 2.201144617455882,
          "stddevserv": 2.201144617455882,
          "rate": 0.45430908631338174,
          "cv": 1.0,
          "lambda": 0.025
        },
        "MS4_4": {
          "meanserv": 1.597374415405838,
          "stddevserv": 1.597374415405838,
          "rate": 0.6260273047793459,
          "cv": 1.0,
          "lambda": 0.025
        },
        "MS4_5": {
          "meanserv": 3.7484447695118694,
          "stddevserv": 3.7484447695118694,
          "rate": 0.26677730672025407,
          "cv": 1.0,
          "lambda": 0.025
        }
      },
      "sensors": [
        "S4"
      ],
      "sources": [
        {
          "startTime": 0,
          "stopTime": -1,
          "lambda": 0.025
        }
      ]
    }
  },
  "microservice": {
    "MS1_1": "F4",
    "MS1_2": "F4",
    "MS1_3": "F6",
    "MS1_4": "F6",
    "MS1_5": "F6",
    "MS2_1": "F5",
    "MS2_2": "F5",
    "MS2_3": "F5",
    "MS2_4": "F2",
    "MS2_5": "F2",
    "MS3_1": "F7",
    "MS3_2": "F7",
    "MS3_3": "F1",
    "MS3_4": "F9",
    "MS3_5": "F9",
    "MS4_1": "F8",
    "MS4_2": "F8",
    "MS4_3": "F8",
    "MS4_4": "F8",
    "MS4_5": "F3"
  },
  "sensor": {
    "S1": "F4",
    "S2": "F5",
    "S3": "F7",
    "S4": "F8"
  },
  "fog": {
    "F1": {
      "rho": 0.13409100177700858,
      "capacity": 1.0,
      "tserv": 5.363640071080343,
      "stddev": 5.363640071080345,
      "mu": 0.18644054909496943,
      "cv": 1.0000000000000004,
      "lambda": 0.025,
      "twait": 0.8305905952916942
    },
    "F2": {
      "rho": 0.15469997443650932,
      "capacity": 1.0,
      "tserv": 3.0939994887301863,
      "stddev": 3.452113387372582,
      "mu": 0.32320625896755134,
      "cv": 1.1157446534644937,
      "lambda": 0.05,
      "twait": 0.6355707744482242
    },
    "F3": {
      "rho": 0.09371111923779674,
      "capacity": 1.0,
      "tserv": 3.7484447695118694,
      "stddev": 3.7484447695118694,
      "mu": 0.26677730672025407,
      "cv": 1.0,
      "lambda": 0.025,
      "twait": 0.3875927005267877
    },
    "F4": {
      "rho": 0.1157831345102237,
      "capacity": 1.0,
      "tserv": 2.315662690204474,
      "stddev": 2.473155703744491,
      "mu": 0.43184182404031374,
      "cv": 1.0680120702407268,
      "lambda": 0.05,
      "twait": 0.3245468752569744
    },
    "F5": {
      "rho": 0.09530002556349071,
      "capacity": 1.0,
      "tserv": 1.2706670075132092,
      "stddev": 1.9352733256269345,
      "mu": 0.7869882463990902,
      "cv": 1.5230373608380767,
      "lambda": 0.07500000000000001,
      "twait": 0.2221680242200225
    },
    "F6": {
      "rho": 0.1342168654897763,
      "capacity": 1.0,
      "tserv": 1.7895582065303504,
      "stddev": 1.9705390833770193,
      "mu": 0.5587971357125233,
      "cv": 1.1011315956006595,
      "lambda": 0.07500000000000001,
      "twait": 0.3068988600282441
    },
    "F7": {
      "rho": 0.09098596735614116,
      "capacity": 1.0,
      "tserv": 1.8197193471228228,
      "stddev": 2.0420970265732614,
      "mu": 0.5495352904727371,
      "cv": 1.12220438267145,
      "lambda": 0.05,