{
  "servicechain": {
    "SC1": {
      "resptime": 40.458704217434274,
      "resptime_old": 30.458704217434278,
      "waittime": 23.073645299089783,
      "servicetime": 10.0,
      "networktime": 7.385058918344493,
      "services": {
        "MS1_1": {
          "meanserv": 0.917505951998534,
          "stddevserv": 0.917505951998534,
          "rate": 1.0899111856678154,
          "cv": 1.0,
          "lambda": 0.15
        },
        "MS1_2": {
          "meanserv": 3.765693828457707,
          "stddevserv": 3.765693828457707,
          "rate": 0.26555531212944206,
          "cv": 1.0,
          "lambda": 0.15
        },
        "MS1_3": {
          "meanserv": 2.7333872437176865,
          "stddevserv": 2.7333872437176865,
          "rate": 0.36584644283328754,
          "cv": 1.0,
          "lambda": 0.15
        },
        "MS1_4": {
          "meanserv": 0.6918002232899605,
          "stddevserv": 0.6918002232899605,
          "rate": 1.4455040145034197,
          "cv": 1.0,
          "lambda": 0.15
        },
        "MS1_5": {
          "meanserv": 1.776264957829511,
          "stddevserv": 1.776264957829511,
          "rate": 0.5629790733596073,
          "cv": 1.0,
          "lambda": 0.15
        },
        "MS1_6": {
          "meanserv": 0.11534779470660084,
          "stddevserv": 0.11534779470660084,
          "rate": 8.66943319153699,
          "cv": 1.0,
          "lambda": 0.15
        }
      },
      "sensors": [
        "S1"
      ],
      "sources": [
        {
          "startTime": 0,
          "stopTime": -1,
          "lambda": 0.15
        }
      ]
    },
    "SC2": {
      "resptime": 32.51191053384522,
      "resptime_old": 22.511910533845214,
      "waittime": 16.305780458969515,
      "servicetime": 10.0,
      "networktime": 6.206130074875704,
      "services": {
        "MS2_1": {
          "meanserv": 2.777095652330045,
          "stddevserv": 2.777095652330045,
          "rate": 0.3600884251721678,
          "cv": 1.0,
          "lambda": 0.15
        },
        "MS2_2": {
          "meanserv": 0.24553240367234608,
          "stddevserv": 0.24553240367234608,
          "rate": 4.072782186967318,
          "cv": 1.0,
          "lambda": 0.15
        },
        "MS2_3": {
          "meanserv": 3.468298177072781,
          "stddevserv": 3.468298177072781,
          "rate": 0.2883258442456043,
          "cv": 1.0,
          "lambda": 0.15
        },
        "MS2_4": {
          "meanserv": 1.4416918818725222,
          "stddevserv": 1.4416918818725222,
          "rate": 0.6936294866980616,
          "cv": 1.0,
          "lambda": 0.15
        },
        "MS2_5": {
          "meanserv": 2.030394542560372,
          "stddevserv": 2.030394542560372,
          "rate": 0.4925151141999122,
          "cv": 1.0,
          "lambda": 0.15
        },
        "MS2_6": {
          "meanserv": 0.03698734249193336,
          "stddevserv": 0.03698734249193336,
          "rate": 27.036275996797873,
          "cv": 1.0,
          "lambda": 0.15
        }
      },
      "sensors": [
        "S2"
      ],
      "sources": [
        {
          "startTime": 0,
          "stopTime": -1,
          "lambda": 0.15
        }
      ]
    },
    "SC3": {
      "resptime": 36.94114911803414,
      "resptime_old": 26.941149118034136,
      "waittime": 20.782046462877492,
      "servicetime": 10.0,
      "networktime": 6.159102655156646,
      "services": {
        "MS3_1": {
          "meanserv": 1.048521632306556,
          "stddevserv": 1.048521632306556,
          "rate": 0.9537237660993056,
          "cv": 1.0,
          "lambda": 0.15
        },
        "MS3_2": {
          "meanserv": 0.5874509999346456,
          "stddevserv": 0.5874509999346456,
          "rate": 1.7022696362951988,
          "cv": 1.0,
          "lambda": 0.15
        },
        "MS3_3": {
          "meanserv": 2.3624751385343483,
          "stddevserv": 2.3624751385343483,
          "rate": 0.4232848776645278,
          "cv": 1.0,
          "lambda": 0.15
        },
        "MS3_4": {
          "meanserv": 0.5511224182152352,
          "stddevserv": 0.5511224182152352,
          "rate": 1.814478901508703,
          "cv": 1.0,
          "lambda": 0.15
        },
        "MS3_5": {
          "meanserv": 2.745502251813426,
          "stddevserv": 2.745502251813426,
          "rate": 0.36423208152151104,
          "cv": 1.0,
          "lambda": 0.15
        },
        "MS3_6": {
          "meanserv": 2.704927559195789,
          "stddevserv": 2.704927559195789,
          "rate": 0.3696956676715266,
          "cv": 1.0,
          "lambda": 0.15
        }
      },
      "sensors": [
        "S3"
      ],
      "sources": [
        {
          "startTime": 0,
          "stopTime": -1,
          "lambda": 0.15
        }
      ]
    },
    "SC4": {
      "resptime": 33.69616645292161,
      "resptime_old": 23.69616645292161,
      "waittime": 17.94718295783428,
      "servicetime": 10.0,
      "networktime": 5.748983495087332,
      "services": {
        "MS4_1": {
          "meanserv": 1.0625304153568982,
          "stddevserv": 1.0625304153568982,
          "rate": 0.9411495290364045,
          "cv": 1.0,
          "lambda": 0.15
        },
        "MS4_2": {
          "meanserv": 1.70921752471073,
          "stddevserv": 1.70921752471073,
          "rate": 0.5850630393982423,
          "cv": 1.0,
          "lambda": 0.15
        },
        "MS4_3": {
          "meanserv": 0.062234051506342425,
          "stddevserv": 0.062234051506342425,
          "rate": 16.0683737567381,
          "cv": 1.0,
          "lambda": 0.15
        },
        "MS4_4": {
          "meanserv": 2.9005960316304606,
          "stddevserv": 2.9005960316304606,
          "rate": 0.34475672899472587,
          "cv": 1.0,
          "lambda": 0.15
        },
        "MS4_5": {
          "meanserv": 3.462252425558649,
          "stddevserv": 3.462252425558649,
          "rate": 0.28882931603077605,
          "cv": 1.0,
          "lambda": 0.15
        },
        "MS4_6": {
          "meanserv": 0.8031695512369197,
          "stddevserv": 0.8031695512369197,
          "rate": 1.2450671199623442,
          "cv": 1.0,
          "lambda": 0.15
        }
      },
      "sensors": [
        "S4"
      ],
      "sources": [
        {
          "startTime": 0,
          "stopTime": -1,
          "lambda": 0.15
        }
      ]
    }
  },
  "microservice": {
    "MS1_1": "F5",
    "MS1_2": "F6",
    "MS1_3": "F3",
    "MS1_4": "F10",
    "MS1_5": "F9",
    "MS1_6": "F5",
    "MS2_1": "F9",
    "MS2_2": "F5",
    "MS2_3": "F4",
    "MS2_4": "F10",
    "MS2_5": "F10",
    "MS2_6": "F5",
    "MS3_1": "F5",
    "MS3_2": "F5",
    "MS3_3": "F3",
    "MS3_4": "F1",
    "MS3_5": "F2",
    "MS3_6": "F7",
    "MS4_1": "F7",
    "MS4_2": "F2",
    "MS4_3": "F1",
    "MS4_4": "F1",
    "MS4_5": "F8",
    "MS4_6": "F5"
  },
  "sensor": {
    "S1": "F5",
    "S2": "F9",
    "S3": "F5",
    "S4": "F7"
  },
  "fog": {
    "F1": {
      "rho": 0.5270928752028057,
      "capacity": 1.0,
      "tserv": 1.1713175004506795,
      "stddev": 2.1076194004047375,
      "mu": 0.8537394853361596,
      "cv": 1.799357902186046,
      "lambda": 0.44999999999999996,
      "twait": 2.766209011804389
    },
    "F2": {
      "rho": 0.6682079664786233,
      "capacity": 1.0,
      "tserv": 2.227359888262078,
      "stddev": 2.344797451732668,
      "mu": 0.4489620223789973,
      "cv": 1.0527250059990179,
      "lambda": 0.3,
      "twait": 4.728507365209389
    },
    "F3": {
      "rho": 0.7643793573378053,
      "capacity": 1.0,
      "tserv": 2.547931191126018,
      "stddev": 2.561394395558523,
      "mu": 0.3924752769944568,
      "cv": 1.0052839748888804,
      "lambda": 0.3,
      "twait": 8.309561371724685
    },
    "F4": {
      "rho": 0.5202447265609171,
      "capacity": 1.0,
      "tserv": 3.468298177072781,
      "stddev": 3.468298177072781,
      "mu": 0.2883258442456043,
      "cv": 1.0,
      "lambda": 0.15,