{
  "servicechain": {
    "SC1": {
      "resptime": 32.68421551617686,
      "resptime_old": 22.684215516176863,
      "waittime": 18.927806675457163,
      "servicetime": 10.000000000000002,
      "networktime": 3.7564088407197005,
      "services": {
        "MS1_1": {
          "meanserv": 0.14632699328926968,
          "stddevserv": 0.14632699328926968,
          "rate": 6.834009074615019,
          "cv": 1.0,
          "lambda": 0.15
        },
        "MS1_2": {
          "meanserv": 0.29606188351204543,
          "stddevserv": 0.29606188351204543,
          "rate": 3.3776722222309123,
          "cv": 1.0,
          "lambda": 0.15
        },
        "MS1_3": {
          "meanserv": 2.6387439423092465,
          "stddevserv": 2.6387439423092465,
          "rate": 0.37896818405383775,
          "cv": 1.0,
          "lambda": 0.15
        },
        "MS1_4": {
          "meanserv": 1.221702981283912,
          "stddevserv": 1.221702981283912,
          "rate": 0.8185295569542443,
          "cv": 1.0,
          "lambda": 0.15
        },
        "MS1_5": {
          "meanserv": 3.9252529563480865,
          "stddevserv": 3.9252529563480865,
          "rate": 0.2547606513824179,
          "cv": 1.0,
          "lambda": 0.15
        },
        "MS1_6": {
          "meanserv": 1.5765461326407664,
          "stddevserv": 1.5765461326407664,
          "rate": 0.6342979626767834,
          "cv": 1.0,
          "lambda": 0.15
        },
        "MS1_7": {
          "meanserv": 0.19536511061667383,
          "stddevserv": 0.19536511061667383,
          "rate": 5.118621215648384,
          "cv": 1.0,
          "lambda": 0.15
        }
      },
      "sensors": [
        "S1"
      ],
      "sources": [
        {
          "startTime": 0,
          "stopTime": -1,
          "lambda": 0.15
        }
      ]
    },
    "SC2": {
      "resptime": 33.41925235878507,
      "resptime_old": 23.419252358785073,
      "waittime": 19.134201644805213,
      "servicetime": 10.0,
      "networktime": 4.285050713979858,
      "services": {
        "MS2_1": {
          "meanserv": 1.8842228189583643,
          "stddevserv": 1.8842228189583643,
          "rate": 0.5307227945327718,
          "cv": 1.0,
          "lambda": 0.15
        },
        "MS2_2": {
          "meanserv": 1.3775101936111345,
          "stddevserv": 1.3775101936111345,
          "rate": 0.725947440997519,
          "cv": 1.0,
          "lambda": 0.15
        },
        "MS2_3": {
          "meanserv": 0.5246286507685816,
          "stddevserv": 0.5246286507685816,
          "rate": 1.9061101572226353,
          "cv": 1.0,
          "lambda": 0.15
        },
        "MS2_4": {
          "meanserv": 0.14886515939383616,
          "stddevserv": 0.14886515939383616,
          "rate": 6.717488524997378,
          "cv": 1.0,
          "lambda": 0.15
        },
        "MS2_5": {
          "meanserv": 3.0553840288476692,
          "stddevserv": 3.0553840288476692,
          "rate": 0.32729110009033713,
          "cv": 1.0,
          "lambda": 0.15
        },
        "MS2_6": {
          "meanserv": 1.5219944485199548,
          "stddevserv": 1.5219944485199548,
          "rate": 0.6570326199103013,
          "cv": 1.0,
          "lambda": 0.15
        },
        "MS2_7": {
          "meanserv": 1.4873946999004595,
          "stddevserv": 1.4873946999004595,
          "rate": 0.6723165008366123,
          "cv": 1.0,
          "lambda": 0.15
        }
      },
      "sensors": [
        "S2"
      ],
      "sources": [
        {
          "startTime": 0,
          "stopTime": -1,
          "lambda": 0.15
        }
      ]
    },
    "SC3": {
      "resptime": 32.403488589954975,
      "resptime_old": 22.40348858995497,
      "waittime": 16.194678331948047,
      "servicetime": 10.0,
      "networktime": 6.208810258006926,
      "services": {
        "MS3_1": {
          "meanserv": 1.3628984627968355,
          "stddevserv": 1.3628984627968355,
          "rate": 0.7337303748570358,
          "cv": 1.0,
          "lambda": 0.15
        },
        "MS3_2": {
          "meanserv": 1.0446474910035577,
          "stddevserv": 1.0446474910035577,
          "rate": 0.9572607110168174,
          "cv": 1.0,
          "lambda": 0.15
        },
        "MS3_3": {
          "meanserv": 1.8789434522945587,
          "stddevserv": 1.8789434522945587,
          "rate": 0.5322139944013768,
          "cv": 1.0,
          "lambda": 0.15
        },
        "MS3_4": {
          "meanserv": 0.9250611512907563,
          "stddevserv": 0.9250611512907563,
          "rate": 1.081009616072062,
          "cv": 1.0,
          "lambda": 0.15
        },
        "MS3_5": {
          "meanserv": 2.14896512827778,
          "stddevserv": 2.14896512827778,
          "rate": 0.46534026394435646,
          "cv": 1.0,
          "lambda": 0.15
        },
        "MS3_6": {
          "meanserv": 1.4958901317190065,
          "stddevserv": 1.4958901317190065,
          "rate": 0.6684982932876541,
          "cv": 1.0,
          "lambda": 0.15
        },
        "MS3_7": {
          "meanserv": 1.1435941826175053,
          "stddevserv": 1.1435941826175053,
          "rate": 0.8744360676189861,
          "cv": 1.0,
          "lambda": 0.15
        }
      },
      "sensors": [
        "S3"
      ],
      "sources": [
        {
          "startTime": 0,
          "stopTime": -1,
          "lambda": 0.15
        }
      ]
    },
    "SC4": {
      "resptime": 35.12688990145655,
      "resptime_old": 25.126889901456547,
      "waittime": 21.07330462978265,
      "servicetime": 10.0,
      "networktime": 4.053585271673896,
      "services": {
        "MS4_1": {
          "meanserv": 1.2813166190052638,
          "stddevserv": 1.2813166190052638,
          "rate": 0.7804472252739054,
          "cv": 1.0,
          "lambda": 0.15
        },
        "MS4_2": {
          "meanserv": 0.8029687514094506,
          "stddevserv": 0.8029687514094506,
          "rate": 1.2453784761171598,
          "cv": 1.0,
          "lambda": 0.15
        },
        "MS4_3": {
          "meanserv": 0.05597989719090091,
          "stddevserv": 0.05597989719090091,
          "rate": 17.86355549367715,
          "cv": 1.0,
          "lambda": 0.15
        },
        "MS4_4": {
          "meanserv": 1.544692482341138,
          "stddevserv": 1.544692482341138,
          "rate": 0.6473780454245486,
          "cv": 1.0,
          "lambda": 0.15
        },
        "MS4_5": {
          "meanserv": 3.8504858729717863,
          "stddevserv": 3.8504858729717863,
          "rate": 0.2597074844552552,
          "cv": 1.0,
          "lambda": 0.15
        },
        "MS4_6": {
          "meanserv": 1.7314120144974146,
          "stddevserv": 1.7314120144974146,
          "rate": 0.577563278772947,
          "cv": 1.0,
          "lambda": 0.15
        },
        "MS4_7": {
          "meanserv": 0.7331443625840457,
          "stddevserv": 0.7331443625840457,
          "rate": 1.3639878460981314,
          "cv": 1.0,
          "lambda": 0.15
        }
      },
      "sensors": [
        "S4"
      ],
      "sources": [
        {
          "startTime": 0,
          "stopTime": -1,
          "lambda": 0.15
        }
      ]
    }
  },
  "microservice": {
    "MS1_1": "F5",
    "MS1_2": "F5",
    "MS1_3": "F8",
    "MS1_4": "F8",
    "MS1_5": "F9",
    "MS1_6": "F1",
    "MS1_7": "F1",
    "MS2_1": "F10",
    "MS2_2": "F7",
    "MS2_3": "F7",
    "MS2_4": "F2",
    "MS2_5": "F2",
    "MS2_6": "F6",
    "MS2_7": "F6",
    "MS3_1": "F5",
    "MS3_2": "F5",
    "MS3_3": "F1",
    "MS3_4": "F4",
    "MS3_5": "F4",
    "MS3_6": "F6",
    "MS3_7": "F5",
    "MS4_1": "F4",
    "MS4_2": "F7",
    "MS4_3": "F7",
    "MS4_4": "F7",
    "MS4_5": "F3",
    "MS4_6": "F10",
    "MS4_7": "F10"
  },
  "sensor": {
    "S1": "F5",
    "S2": "F10",
    "S3": "F5",
    "S4": "F4"
  },
  "fog": {
    "F1": {
      "rho": 0.5476282043327998,
      "capacity": 1.0,
      "tserv": 1.2169515651839997,