{
  "servicechain": {
    "SC1": {
      "resptime": 37.96874373788449,
      "resptime_old": 27.96874373788449,
      "waittime": 22.113633368468932,
      "servicetime": 10.0,
      "networktime": 5.855110369415558,
      "services": {
        "MS1_1": {
          "meanserv": 0.39531646549842203,
          "stddevserv": 0.39531646549842203,
          "rate": 2.529618893407797,
          "cv": 1.0,
          "lambda": 0.15
        },
        "MS1_2": {
          "meanserv": 0.0020471691827139704,
          "stddevserv": 0.0020471691827139704,
          "rate": 488.47941266597286,
          "cv": 1.0,
          "lambda": 0.15
        },
        "MS1_3": {
          "meanserv": 1.5278628228048474,
          "stddevserv": 1.5278628228048474,
          "rate": 0.6545090207537101,
          "cv": 1.0,
          "lambda": 0.15
        },
        "MS1_4": {
          "meanserv": 3.3776799584577253,
          "stddevserv": 3.3776799584577253,
          "rate": 0.2960612054129035,
          "cv": 1.0,
          "lambda": 0.15
        },
        "MS1_5": {
          "meanserv": 0.32062621386936385,
          "stddevserv": 0.32062621386936385,
          "rate": 3.118896574088108,
          "cv": 1.0,
          "lambda": 0.15
        },
        "MS1_6": {
          "meanserv": 0.6506820681423582,
          "stddevserv": 0.6506820681423582,
          "rate": 1.5368488682267127,
          "cv": 1.0,
          "lambda": 0.15
        },
        "MS1_7": {
          "meanserv": 1.025226702505603,
          "stddevserv": 1.025226702505603,
          "rate": 0.9753940251029843,
          "cv": 1.0,
          "lambda": 0.15
        },
        "MS1_8": {
          "meanserv": 2.230550135265827,
          "stddevserv": 2.230550135265827,
          "rate": 0.4483198939085153,
          "cv": 1.0,
          "lambda": 0.15
        },
        "MS1_9": {
          "meanserv": 0.470008464273139,
          "stddevserv": 0.470008464273139,
          "rate": 2.1276212579415668,
          "cv": 1.0,
          "lambda": 0.15
        }
      },
      "sensors": [
        "S1"
      ],
      "sources": [
        {
          "startTime": 0,
          "stopTime": -1,
          "lambda": 0.15
        }
      ]
    },
    "SC2": {
      "resptime": 36.94805821701165,
      "resptime_old": 26.94805821701165,
      "waittime": 22.678459285244497,
      "servicetime": 10.0,
      "networktime": 4.269598931767151,
      "services": {
        "MS2_1": {
          "meanserv": 0.6171774933296659,
          "stddevserv": 0.6171774933296659,
          "rate": 1.620279434697158,
          "cv": 1.0,
          "lambda": 0.15
        },
        "MS2_2": {
          "meanserv": 1.2386761507370203,
          "stddevserv": 1.2386761507370203,
          "rate": 0.8073135172619522,
          "cv": 1.0,
          "lambda": 0.15
        },
        "MS2_3": {
          "meanserv": 0.3790860024981366,
          "stddevserv": 0.3790860024981366,
          "rate": 2.637923831030705,
          "cv": 1.0,
          "lambda": 0.15
        },
        "MS2_4": {
          "meanserv": 2.9542736290537226,
          "stddevserv": 2.9542736290537226,
          "rate": 0.3384926806256291,
          "cv": 1.0,
          "lambda": 0.15
        },
        "MS2_5": {
          "meanserv": 0.35119344734497826,
          "stddevserv": 0.35119344734497826,
          "rate": 2.8474335371573645,
          "cv": 1.0,
          "lambda": 0.15
        },
        "MS2_6": {
          "meanserv": 0.6856744156296104,
          "stddevserv": 0.6856744156296104,
          "rate": 1.458418131412654,
          "cv": 1.0,
          "lambda": 0.15
        },
        "MS2_7": {
          "meanserv": 1.1615166368746586,
          "stddevserv": 1.1615166368746586,
          "rate": 0.8609433289657752,
          "cv": 1.0,
          "lambda": 0.15
        },
        "MS2_8": {
          "meanserv": 2.486742226818981,
          "stddevserv": 2.486742226818981,
          "rate": 0.4021325528698611,
          "cv": 1.0,
          "lambda": 0.15
        },
        "MS2_9": {
          "meanserv": 0.12565999771322645,
          "stddevserv": 0.12565999771322645,
          "rate": 7.9579820006215405,
          "cv": 1.0,
          "lambda": 0.15
        }
      },
      "sensors": [
        "S2"
      ],
      "sources": [
        {
          "startTime": 0,
          "stopTime": -1,
          "lambda": 0.15
        }
      ]
    },
    "SC3": {
      "resptime": 35.98242998066552,
      "resptime_old": 25.98242998066552,
      "waittime": 20.060839392821965,
      "servicetime": 10.0,
      "networktime": 5.921590587843554,
      "services": {
        "MS3_1": {
          "meanserv": 2.0426154513845605,
          "stddevserv": 2.0426154513845605,
          "rate": 0.4895684105993436,
          "cv": 1.0,
          "lambda": 0.15
        },
        "MS3_2": {
          "meanserv": 2.608054764156381,
          "stddevserv": 2.608054764156381,
          "rate": 0.38342753140901426,
          "cv": 1.0,
          "lambda": 0.15
        },
        "MS3_3": {
          "meanserv": 1.3820905825967662,
          "stddevserv": 1.3820905825967662,
          "rate": 0.7235415772250844,
          "cv": 1.0,
          "lambda": 0.15
        },
        "MS3_4": {
          "meanserv": 0.6523721281564496,
          "stddevserv": 0.6523721281564496,
          "rate": 1.532867449174934,
          "cv": 1.0,
          "lambda": 0.15
        },
        "MS3_5": {
          "meanserv": 0.7703465563289864,
          "stddevserv": 0.7703465563289864,
          "rate": 1.2981170510651794,
          "cv": 1.0,
          "lambda": 0.15
        },
        "MS3_6": {
          "meanserv": 0.24179540919705556,
          "stddevserv": 0.24179540919705556,
          "rate": 4.135727817665189,
          "cv": 1.0,
          "lambda": 0.15
        },
        "MS3_7": {
          "meanserv": 1.0801123552744523,
          "stddevserv": 1.0801123552744523,
          "rate": 0.9258296094075361,
          "cv": 1.0,
          "lambda": 0.15
        },
        "MS3_8": {
          "meanserv": 0.03626846867082101,
          "stddevserv": 0.03626846867082101,
          "rate": 27.57215941693529,
          "cv": 1.0,
          "lambda": 0.15
        },
        "MS3_9": {
          "meanserv": 1.1863442842345275,
          "stddevserv": 1.1863442842345275,
          "rate": 0.842925627315039,
          "cv": 1.0,
          "lambda": 0.15
        }
      },
      "sensors": [
        "S3"
      ],
      "sources": [
        {
          "startTime": 0,
          "stopTime": -1,
          "lambda": 0.15
        }
      ]
    },
    "SC4": {
      "resptime": 46.75953497324393,
      "resptime_old": 36.75953497324393,
      "waittime": 32.97387703696575,
      "servicetime": 10.0,
      "networktime": 3.785657936278179,
      "services": {
        "MS4_1": {
          "meanserv": 4.295452881954253,
          "stddevserv": 4.295452881954253,
          "rate": 0.23280432296234185,
          "cv": 1.0,
          "lambda": 0.15
        },
        "MS4_2": {
          "meanserv": 0.12341281509305979,
          "stddevserv": 0.12341281509305979,
          "rate": 8.102886229812901,
          "cv": 1.0,
          "lambda": 0.15
        },
        "MS4_3": {
          "meanserv": 0.11692880701972186,
          "stddevserv": 0.11692880701972186,
          "rate": 8.55221245720342,
          "cv": 1.0,
          "lambda": 0.15
        },
        "MS4_4": {
          "meanserv": 4.094495211664121,
          "stddevserv": 4.094495211664121,
          "rate": 0.24423035033751356,
          "cv": 1.0,
          "lambda": 0.15
        },
        "MS4_5": {
          "meanserv": 0.47244913617528717,
          "stddevserv": 0.47244913617528717,
          "rate": 2.116629968033177,
          "cv": 1.0,
          "lambda": 0.15
        },
        "MS4_6": {
          "meanserv": 0.3111533561866633,
          "stddevserv": 0.3111533561866633,
          "rate": 3.2138493129416617,
          "cv": 1.0,