{
  "servicechain": {
    "SC1": {
      "resptime": 37.41100087728121,
      "resptime_old": 27.4110008772812,
      "waittime": 23.818516920250044,
      "servicetime": 10.0,
      "networktime": 3.5924839570311597,
      "services": {
        "MS1_1": {
          "meanserv": 2.2602472079117044,
          "stddevserv": 2.2602472079117044,
          "rate": 0.44242948138576554,
          "cv": 1.0,
          "lambda": 0.15
        },
        "MS1_2": {
          "meanserv": 1.104617155731586,
          "stddevserv": 1.104617155731586,
          "rate": 0.9052910275847579,
          "cv": 1.0,
          "lambda": 0.15
        },
        "MS1_3": {
          "meanserv": 0.3661125935774847,
          "stddevserv": 0.3661125935774847,
          "rate": 2.731400169080385,
          "cv": 1.0,
          "lambda": 0.15
        },
        "MS1_4": {
          "meanserv": 1.2764347356229968,
          "stddevserv": 1.2764347356229968,
          "rate": 0.7834321427424367,
          "cv": 1.0,
          "lambda": 0.15
        },
        "MS1_5": {
          "meanserv": 0.1889266963827847,
          "stddevserv": 0.1889266963827847,
          "rate": 5.293058202711057,
          "cv": 1.0,
          "lambda": 0.15
        },
        "MS1_6": {
          "meanserv": 0.9670553235586619,
          "stddevserv": 0.9670553235586619,
          "rate": 1.034067002826793,
          "cv": 1.0,
          "lambda": 0.15
        },
        "MS1_7": {
          "meanserv": 1.151650782317244,
          "stddevserv": 1.151650782317244,
          "rate": 0.8683187780134995,
          "cv": 1.0,
          "lambda": 0.15
        },
        "MS1_8": {
          "meanserv": 0.3315437356592881,
          "stddevserv": 0.3315437356592881,
          "rate": 3.0161933176371427,
          "cv": 1.0,
          "lambda": 0.15
        },
        "MS1_9": {
          "meanserv": 0.22466528414714482,
          "stddevserv": 0.22466528414714482,
          "rate": 4.451065965959604,
          "cv": 1.0,
          "lambda": 0.15
        },
        "MS1_10": {
          "meanserv": 2.1287464850911046,
          "stddevserv": 2.1287464850911046,
          "rate": 0.4697600240346152,
          "cv": 1.0,
          "lambda": 0.15
        }
      },
      "sensors": [
        "S1"
      ],
      "sources": [
        {
          "startTime": 0,
          "stopTime": -1,
          "lambda": 0.15
        }
      ]
    },
    "SC2": {
      "resptime": 36.88221372987767,
      "resptime_old": 26.882213729877666,
      "waittime": 22.3891206321718,
      "servicetime": 10.0,
      "networktime": 4.493093097705872,
      "services": {
        "MS2_1": {
          "meanserv": 1.3119862932486814,
          "stddevserv": 1.3119862932486814,
          "rate": 0.762203084853764,
          "cv": 1.0,
          "lambda": 0.15
        },
        "MS2_2": {
          "meanserv": 0.6579915992109886,
          "stddevserv": 0.6579915992109886,
          "rate": 1.5197762421269827,
          "cv": 1.0,
          "lambda": 0.15
        },
        "MS2_3": {
          "meanserv": 0.27517681391455384,
          "stddevserv": 0.27517681391455384,
          "rate": 3.634027103426358,
          "cv": 1.0,
          "lambda": 0.15
        },
        "MS2_4": {
          "meanserv": 0.5654185391419451,
          "stddevserv": 0.5654185391419451,
          "rate": 1.7686013647829042,
          "cv": 1.0,
          "lambda": 0.15
        },
        "MS2_5": {
          "meanserv": 0.10317348493120182,
          "stddevserv": 0.10317348493120182,
          "rate": 9.692412742157739,
          "cv": 1.0,
          "lambda": 0.15
        },
        "MS2_6": {
          "meanserv": 1.2752186423537957,
          "stddevserv": 1.2752186423537957,
          "rate": 0.7841792511393986,
          "cv": 1.0,
          "lambda": 0.15
        },
        "MS2_7": {
          "meanserv": 1.1958824791127611,
          "stddevserv": 1.1958824791127611,
          "rate": 0.8362025679495793,
          "cv": 1.0,
          "lambda": 0.15
        },
        "MS2_8": {
          "meanserv": 0.2344596711342284,
          "stddevserv": 0.2344596711342284,
          "rate": 4.265125832354764,
          "cv": 1.0,
          "lambda": 0.15
        },
        "MS2_9": {
          "meanserv": 2.179170585339315,
          "stddevserv": 2.179170585339315,
          "rate": 0.45889018818794847,
          "cv": 1.0,
          "lambda": 0.15
        },
        "MS2_10": {
          "meanserv": 2.201521891612529,
          "stddevserv": 2.201521891612529,
          "rate": 0.45423123149937833,
          "cv": 1.0,
          "lambda": 0.15
        }
      },
      "sensors": [
        "S2"
      ],
      "sources": [
        {
          "startTime": 0,
          "stopTime": -1,
          "lambda": 0.15
        }
      ]
    },
    "SC3": {
      "resptime": 36.36891865614899,
      "resptime_old": 26.368918656148995,
      "waittime": 23.25900848126736,
      "servicetime": 10.0,
      "networktime": 3.109910174881633,
      "services": {
        "MS3_1": {
          "meanserv": 1.0235775390247326,
          "stddevserv": 1.0235775390247326,
          "rate": 0.9769655564665894,
          "cv": 1.0,
          "lambda": 0.15
        },
        "MS3_2": {
          "meanserv": 0.16718935886528175,
          "stddevserv": 0.16718935886528175,
          "rate": 5.981241909096514,
          "cv": 1.0,
          "lambda": 0.15
        },
        "MS3_3": {
          "meanserv": 0.8667443091253402,
          "stddevserv": 0.8667443091253402,
          "rate": 1.1537427929687043,
          "cv": 1.0,
          "lambda": 0.15
        },
        "MS3_4": {
          "meanserv": 2.0044611620857835,
          "stddevserv": 2.0044611620857835,
          "rate": 0.49888719168768,
          "cv": 1.0,
          "lambda": 0.15
        },
        "MS3_5": {
          "meanserv": 2.151172379461773,
          "stddevserv": 2.151172379461773,
          "rate": 0.46486279274848336,
          "cv": 1.0,
          "lambda": 0.15
        },
        "MS3_6": {
          "meanserv": 1.4227216816004624,
          "stddevserv": 1.4227216816004624,
          "rate": 0.702878161577653,
          "cv": 1.0,
          "lambda": 0.15
        },
        "MS3_7": {
          "meanserv": 0.07547546299677421,
          "stddevserv": 0.07547546299677421,
          "rate": 13.249339060599596,
          "cv": 1.0,
          "lambda": 0.15
        },
        "MS3_8": {
          "meanserv": 1.4850012378098612,
          "stddevserv": 1.4850012378098612,
          "rate": 0.6734001120934012,
          "cv": 1.0,
          "lambda": 0.15
        },
        "MS3_9": {
          "meanserv": 0.40528166548329736,
          "stddevserv": 0.40528166548329736,
          "rate": 2.4674197852190094,
          "cv": 1.0,
          "lambda": 0.15
        },
        "MS3_10": {
          "meanserv": 0.39837520354669387,
          "stddevserv": 0.39837520354669387,
          "rate": 2.5101963955012807,
          "cv": 1.0,
          "lambda": 0.15
        }
      },
      "sensors": [
        "S3"
      ],
      "sources": [
        {
          "startTime": 0,
          "stopTime": -1,
          "lambda": 0.15
        }
      ]
    },
    "SC4": {
      "resptime": 38.850238134179214,
      "resptime_old": 28.850238134179218,
      "waittime": 23.606284719885796,
      "servicetime": 10.0,
      "networktime": 5.24395341429342,
      "services": {
        "MS4_1": {
          "meanserv": 0.8087655290959328,
          "stddevserv": 0.8087655290959328,
          "rate": 1.2364523017169586,
          "cv": 1.0,
          "lambda": 0.15
        },
        "MS4_2": {
          "meanserv": 0.931616302894348,
          "stddevserv": 0.931616302894348,
          "rate": 1.0734032851219941,
          "cv": 1.0,
          "lambda": 0.15
        },
        "MS4_3": {
          "meanserv": 0.13838865279321988,
          "stddevserv": 0.13838865279321988,
          "rate": 7.226025976957796,
          "cv": 1.0,