{
  "servicechain": {
    "SC1": {
      "resptime": 40.397925621258565,
      "resptime_old": 30.39792562125856,
      "waittime": 24.346647546585086,
      "servicetime": 10.0,
      "networktime": 6.0512780746734744,
      "services": {
        "MS1_1": {
          "meanserv": 0.24412586763731925,
          "stddevserv": 0.24412586763731925,
          "rate": 4.0962476024279,
          "cv": 1.0,
          "lambda": 0.15
        },
        "MS1_2": {
          "meanserv": 2.569962075903781,
          "stddevserv": 2.569962075903781,
          "rate": 0.38911080026281286,
          "cv": 1.0,
          "lambda": 0.15
        },
        "MS1_3": {
          "meanserv": 0.10382022756812459,
          "stddevserv": 0.10382022756812459,
          "rate": 9.632034367713379,
          "cv": 1.0,
          "lambda": 0.15
        },
        "MS1_4": {
          "meanserv": 0.15052465886288946,
          "stddevserv": 0.15052465886288946,
          "rate": 6.64342977127013,
          "cv": 1.0,
          "lambda": 0.15
        },
        "MS1_5": {
          "meanserv": 3.818679762551158,
          "stddevserv": 3.818679762551158,
          "rate": 0.26187061031059766,
          "cv": 1.0,
          "lambda": 0.15
        },
        "MS1_6": {
          "meanserv": 1.1317266475066505,
          "stddevserv": 1.1317266475066505,
          "rate": 0.8836055969903488,
          "cv": 1.0,
          "lambda": 0.15
        },
        "MS1_7": {
          "meanserv": 1.3786553316261934,
          "stddevserv": 1.3786553316261934,
          "rate": 0.725344454890295,
          "cv": 1.0,
          "lambda": 0.15
        },
        "MS1_8": {
          "meanserv": 0.34581760346453017,
          "stddevserv": 0.34581760346453017,
          "rate": 2.891697790921069,
          "cv": 1.0,
          "lambda": 0.15
        },
        "MS1_9": {
          "meanserv": 0.2566878248793536,
          "stddevserv": 0.2566878248793536,
          "rate": 3.8957827488312393,
          "cv": 1.0,
          "lambda": 0.15
        }
      },
      "sensors": [
        "S1"
      ],
      "sources": [
        {
          "startTime": 0,
          "stopTime": -1,
          "lambda": 0.15
        }
      ]
    },
    "SC2": {
      "resptime": 37.603458582777186,
      "resptime_old": 27.603458582777183,
      "waittime": 20.805683173568426,
      "servicetime": 10.0,
      "networktime": 6.797775409208759,
      "services": {
        "MS2_1": {
          "meanserv": 0.06479877008129464,
          "stddevserv": 0.06479877008129464,
          "rate": 15.432391675728246,
          "cv": 1.0,
          "lambda": 0.15
        },
        "MS2_2": {
          "meanserv": 0.7872025507580749,
          "stddevserv": 0.7872025507580749,
          "rate": 1.2703210870404338,
          "cv": 1.0,
          "lambda": 0.15
        },
        "MS2_3": {
          "meanserv": 1.7612939826310303,
          "stddevserv": 1.7612939826310303,
          "rate": 0.5677643879224493,
          "cv": 1.0,
          "lambda": 0.15
        },
        "MS2_4": {
          "meanserv": 1.4803804375100116,
          "stddevserv": 1.4803804375100116,
          "rate": 0.6755020362752107,
          "cv": 1.0,
          "lambda": 0.15
        },
        "MS2_5": {
          "meanserv": 2.042090914872036,
          "stddevserv": 2.042090914872036,
          "rate": 0.48969416234960494,
          "cv": 1.0,
          "lambda": 0.15
        },
        "MS2_6": {
          "meanserv": 1.1566711395615838,
          "stddevserv": 1.1566711395615838,
          "rate": 0.8645499708577778,
          "cv": 1.0,
          "lambda": 0.15
        },
        "MS2_7": {
          "meanserv": 1.0527730706969116,
          "stddevserv": 1.0527730706969116,
          "rate": 0.9498723208583052,
          "cv": 1.0,
          "lambda": 0.15
        },
        "MS2_8": {
          "meanserv": 0.6201225119488516,
          "stddevserv": 0.6201225119488516,
          "rate": 1.6125845792266305,
          "cv": 1.0,
          "lambda": 0.15
        },
        "MS2_9": {
          "meanserv": 1.0346666219402056,
          "stddevserv": 1.0346666219402056,
          "rate": 0.9664948871403634,
          "cv": 1.0,
          "lambda": 0.15
        }
      },
      "sensors": [
        "S2"
      ],
      "sources": [
        {
          "startTime": 0,
          "stopTime": -1,
          "lambda": 0.15
        }
      ]
    },
    "SC3": {
      "resptime": 36.18452386728461,
      "resptime_old": 26.18452386728461,
      "waittime": 22.470535123509443,
      "servicetime": 10.0,
      "networktime": 3.7139887437751673,
      "services": {
        "MS3_1": {
          "meanserv": 1.5332141577106195,
          "stddevserv": 1.5332141577106195,
          "rate": 0.6522246060479837,
          "cv": 1.0,
          "lambda": 0.15
        },
        "MS3_2": {
          "meanserv": 0.3259469503640722,
          "stddevserv": 0.3259469503640722,
          "rate": 3.0679839123606847,
          "cv": 1.0,
          "lambda": 0.15
        },
        "MS3_3": {
          "meanserv": 1.2620934731079156,
          "stddevserv": 1.2620934731079156,
          "rate": 0.7923343407659749,
          "cv": 1.0,
          "lambda": 0.15
        },
        "MS3_4": {
          "meanserv": 0.4707366204815213,
          "stddevserv": 0.4707366204815213,
          "rate": 2.1243301593512944,
          "cv": 1.0,
          "lambda": 0.15
        },
        "MS3_5": {
          "meanserv": 0.8194593037098685,
          "stddevserv": 0.8194593037098685,
          "rate": 1.2203168546293695,
          "cv": 1.0,
          "lambda": 0.15
        },
        "MS3_6": {
          "meanserv": 1.5920865686357244,
          "stddevserv": 1.5920865686357244,
          "rate": 0.6281065487895614,
          "cv": 1.0,
          "lambda": 0.15
        },
        "MS3_7": {
          "meanserv": 0.5545281787375282,
          "stddevserv": 0.5545281787375282,
          "rate": 1.8033348679893226,
          "cv": 1.0,
          "lambda": 0.15
        },
        "MS3_8": {
          "meanserv": 0.04623378430763747,
          "stddevserv": 0.04623378430763747,
          "rate": 21.62920502777895,
          "cv": 1.0,
          "lambda": 0.15
        },
        "MS3_9": {
          "meanserv": 3.3957009629451127,
          "stddevserv": 3.3957009629451127,
          "rate": 0.29449000689763144,
          "cv": 1.0,
          "lambda": 0.15
        }
      },
      "sensors": [
        "S3"
      ],
      "sources": [
        {
          "startTime": 0,
          "stopTime": -1,
          "lambda": 0.15
        }
      ]
    },
    "SC4": {
      "resptime": 39.16181810903614,
      "resptime_old": 29.161818109036144,
      "waittime": 25.063166513479377,
      "servicetime": 10.0,
      "networktime": 4.098651595556769,
      "services": {
        "MS4_1": {
          "meanserv": 1.430246376660157,
          "stddevserv": 1.430246376660157,
          "rate": 0.6991802365793454,
          "cv": 1.0,
          "lambda": 0.15
        },
        "MS4_2": {
          "meanserv": 0.14539427834530771,
          "stddevserv": 0.14539427834530771,
          "rate": 6.877849743337392,
          "cv": 1.0,
          "lambda": 0.15
        },
        "MS4_3": {
          "meanserv": 3.374022397869246,
          "stddevserv": 3.374022397869246,
          "rate": 0.2963821463163722,
          "cv": 1.0,
          "lambda": 0.15
        },
        "MS4_4": {
          "meanserv": 1.0552116641855616,
          "stddevserv": 1.0552116641855616,
          "rate": 0.9476771665254712,
          "cv": 1.0,
          "lambda": 0.15
        },
        "MS4_5": {
          "meanserv": 0.01769685507870644,
          "stddevserv": 0.01769685507870644,
          "rate": 56.5072152963065,
          "cv": 1.0,
          "lambda": 0.15
        },
        "MS4_6": {
          "meanserv": 2.708794338989925,
          "stddevserv": 2.708794338989925,
          "rate": 0.3691679303984692,
          "cv": 1.0,