{
  "servicechain": {
    "SC1": {
      "resptime": 39.55631651786273,
      "resptime_old": 29.556316517862733,
      "waittime": 26.00308964720491,
      "servicetime": 10.0,
      "networktime": 3.5532268706578236,
      "services": {
        "MS1_1": {
          "meanserv": 0.6107751046886234,
          "stddevserv": 0.6107751046886234,
          "rate": 1.6372638510042181,
          "cv": 1.0,
          "lambda": 0.15
        },
        "MS1_2": {
          "meanserv": 2.1167742677151136,
          "stddevserv": 2.1167742677151136,
          "rate": 0.4724169295006685,
          "cv": 1.0,
          "lambda": 0.15
        },
        "MS1_3": {
          "meanserv": 0.23048881253700637,
          "stddevserv": 0.23048881253700637,
          "rate": 4.338605370876489,
          "cv": 1.0,
          "lambda": 0.15
        },
        "MS1_4": {
          "meanserv": 0.34538548045679773,
          "stddevserv": 0.34538548045679773,
          "rate": 2.895315688075325,
          "cv": 1.0,
          "lambda": 0.15
        },
        "MS1_5": {
          "meanserv": 0.5928094760337492,
          "stddevserv": 0.5928094760337492,
          "rate": 1.686882616469965,
          "cv": 1.0,
          "lambda": 0.15
        },
        "MS1_6": {
          "meanserv": 0.8101624587238803,
          "stddevserv": 0.8101624587238803,
          "rate": 1.234320338139514,
          "cv": 1.0,
          "lambda": 0.15
        },
        "MS1_7": {
          "meanserv": 0.30336756896840633,
          "stddevserv": 0.30336756896840633,
          "rate": 3.2963312571626378,
          "cv": 1.0,
          "lambda": 0.15
        },
        "MS1_8": {
          "meanserv": 0.21246419492216617,
          "stddevserv": 0.21246419492216617,
          "rate": 4.706675401783998,
          "cv": 1.0,
          "lambda": 0.15
        },
        "MS1_9": {
          "meanserv": 2.7281746888799354,
          "stddevserv": 2.7281746888799354,
          "rate": 0.3665454430304661,
          "cv": 1.0,
          "lambda": 0.15
        },
        "MS1_10": {
          "meanserv": 2.0495979470743215,
          "stddevserv": 2.0495979470743215,
          "rate": 0.4879005667562461,
          "cv": 1.0,
          "lambda": 0.15
        }
      },
      "sensors": [
        "S1"
      ],
      "sources": [
        {
          "startTime": 0,
          "stopTime": -1,
          "lambda": 0.15
        }
      ]
    },
    "SC2": {
      "resptime": 41.00943666408851,
      "resptime_old": 31.00943666408851,
      "waittime": 25.264956469163515,
      "servicetime": 10.0,
      "networktime": 5.744480194924996,
      "services": {
        "MS2_1": {
          "meanserv": 0.8680375538162244,
          "stddevserv": 0.8680375538162244,
          "rate": 1.1520238906757183,
          "cv": 1.0,
          "lambda": 0.15
        },
        "MS2_2": {
          "meanserv": 3.2961090653990635,
          "stddevserv": 3.2961090653990635,
          "rate": 0.3033880190730063,
          "cv": 1.0,
          "lambda": 0.15
        },
        "MS2_3": {
          "meanserv": 0.0026531822118469606,
          "stddevserv": 0.0026531822118469606,
          "rate": 376.9058889113649,
          "cv": 1.0,
          "lambda": 0.15
        },
        "MS2_4": {
          "meanserv": 0.7628016117908247,
          "stddevserv": 0.7628016117908247,
          "rate": 1.3109568524013813,
          "cv": 1.0,
          "lambda": 0.15
        },
        "MS2_5": {
          "meanserv": 0.5741349317676168,
          "stddevserv": 0.5741349317676168,
          "rate": 1.7417508405580757,
          "cv": 1.0,
          "lambda": 0.15
        },
        "MS2_6": {
          "meanserv": 0.7540491436374159,
          "stddevserv": 0.7540491436374159,
          "rate": 1.3261735106231345,
          "cv": 1.0,
          "lambda": 0.15
        },
        "MS2_7": {
          "meanserv": 0.8736322759786708,
          "stddevserv": 0.8736322759786708,
          "rate": 1.1446463546459156,
          "cv": 1.0,
          "lambda": 0.15
        },
        "MS2_8": {
          "meanserv": 0.2629735958154278,
          "stddevserv": 0.2629735958154278,
          "rate": 3.8026631415188388,
          "cv": 1.0,
          "lambda": 0.15
        },
        "MS2_9": {
          "meanserv": 2.4240259663934847,
          "stddevserv": 2.4240259663934847,
          "rate": 0.41253683494480897,
          "cv": 1.0,
          "lambda": 0.15
        },
        "MS2_10": {
          "meanserv": 0.18158267318942478,
          "stddevserv": 0.18158267318942478,
          "rate": 5.507133375863525,
          "cv": 1.0,
          "lambda": 0.15
        }
      },
      "sensors": [
        "S2"
      ],
      "sources": [
        {
          "startTime": 0,
          "stopTime": -1,
          "lambda": 0.15
        }
      ]
    },
    "SC3": {
      "resptime": 38.33423074808865,
      "resptime_old": 28.334230748088654,
      "waittime": 24.506283795775705,
      "servicetime": 10.0,
      "networktime": 3.827946952312952,
      "services": {
        "MS3_1": {
          "meanserv": 1.189832523730614,
          "stddevserv": 1.189832523730614,
          "rate": 0.8404544169498653,
          "cv": 1.0,
          "lambda": 0.15
        },
        "MS3_2": {
          "meanserv": 1.5482421026729742,
          "stddevserv": 1.5482421026729742,
          "rate": 0.6458938161373744,
          "cv": 1.0,
          "lambda": 0.15
        },
        "MS3_3": {
          "meanserv": 0.6246971598085103,
          "stddevserv": 0.6246971598085103,
          "rate": 1.6007756467254184,
          "cv": 1.0,
          "lambda": 0.15
        },
        "MS3_4": {
          "meanserv": 2.1293773132331486,
          "stddevserv": 2.1293773132331486,
          "rate": 0.46962085760256644,
          "cv": 1.0,
          "lambda": 0.15
        },
        "MS3_5": {
          "meanserv": 2.1919153912371856,
          "stddevserv": 2.1919153912371856,
          "rate": 0.45622198922357526,
          "cv": 1.0,
          "lambda": 0.15
        },
        "MS3_6": {
          "meanserv": 0.34431096797628413,
          "stddevserv": 0.34431096797628413,
          "rate": 2.90435127837368,
          "cv": 1.0,
          "lambda": 0.15
        },
        "MS3_7": {
          "meanserv": 0.12859373041890798,
          "stddevserv": 0.12859373041890798,
          "rate": 7.776428887647881,
          "cv": 1.0,
          "lambda": 0.15
        },
        "MS3_8": {
          "meanserv": 0.07722452624869547,
          "stddevserv": 0.07722452624869547,
          "rate": 12.949253929762925,
          "cv": 1.0,
          "lambda": 0.15
        },
        "MS3_9": {
          "meanserv": 1.661065373181538,
          "stddevserv": 1.661065373181538,
          "rate": 0.6020232653966172,
          "cv": 1.0,
          "lambda": 0.15
        },
        "MS3_10": {
          "meanserv": 0.10474091149214182,
          "stddevserv": 0.10474091149214182,
          "rate": 9.547367745363042,
          "cv": 1.0,
          "lambda": 0.15
        }
      },
      "sensors": [
        "S3"
      ],
      "sources": [
        {
          "startTime": 0,
          "stopTime": -1,
          "lambda": 0.15
        }
      ]
    },
    "SC4": {
      "resptime": 38.958895634341665,
      "resptime_old": 28.958895634341662,
      "waittime": 24.83401528899058,
      "servicetime": 10.0,
      "networktime": 4.1248803453510785,
      "services": {
        "MS4_1": {
          "meanserv": 0.43060209775389824,
          "stddevserv": 0.43060209775389824,
          "rate": 2.3223296059545198,
          "cv": 1.0,
          "lambda": 0.15
        },
        "MS4_2": {
          "meanserv": 1.609302521310294,
          "stddevserv": 1.609302521310294,
          "rate": 0.621387207661739,
          "cv": 1.0,
          "lambda": 0.15
        },
        "MS4_3": {
          "meanserv": 0.24011211595081106,
          "stddevserv": 0.24011211595081106,
          "rate": 4.164721118049946,