{
  "servicechain": {
    "SC1": {
      "resptime": 15.282778086054154,
      "resptime_old": 5.2827780860541536,
      "waittime": 1.9299396702806897,
      "servicetime": 10.0,
      "networktime": 3.3528384157734648,
      "services": {
        "MS1_1": {
          "meanserv": 1.7911234424983857,
          "stddevserv": 1.7911234424983857,
          "rate": 0.5583088112593341,
          "cv": 1.0,
          "lambda": 0.025
        },
        "MS1_2": {
          "meanserv": 0.027013867731195962,
          "stddevserv": 0.027013867731195962,
          "rate": 37.018023851696995,
          "cv": 1.0,
          "lambda": 0.025
        },
        "MS1_3": {
          "meanserv": 7.3087403346632405,
          "stddevserv": 7.3087403346632405,
          "rate": 0.13682248297388394,
          "cv": 1.0,
          "lambda": 0.025
        },
        "MS1_4": {
          "meanserv": 0.865038620995966,
          "stddevserv": 0.865038620995966,
          "rate": 1.1560177496452653,
          "cv": 1.0,
          "lambda": 0.025
        },
        "MS1_5": {
          "meanserv": 0.008083734111211882,
          "stddevserv": 0.008083734111211882,
          "rate": 123.70520680696707,
          "cv": 1.0,
          "lambda": 0.025
        }
      },
      "sensors": [
        "S1"
      ],
      "sources": [
        {
          "startTime": 0,
          "stopTime": -1,
          "lambda": 0.025
        }
      ]
    },
    "SC2": {
      "resptime": 14.751642586241458,
      "resptime_old": 4.751642586241456,
      "waittime": 2.0385107104354936,
      "servicetime": 10.0,
      "networktime": 2.7131318758059635,
      "services": {
        "MS2_1": {
          "meanserv": 0.2762625561054266,
          "stddevserv": 0.2762625561054266,
          "rate": 3.619744977739157,
          "cv": 1.0,
          "lambda": 0.025
        },
        "MS2_2": {
          "meanserv": 4.264994516649106,
          "stddevserv": 4.264994516649106,
          "rate": 0.23446688995644327,
          "cv": 1.0,
          "lambda": 0.025
        },
        "MS2_3": {
          "meanserv": 1.401863785373104,
          "stddevserv": 1.401863785373104,
          "rate": 0.7133360676221845,
          "cv": 1.0,
          "lambda": 0.025
        },
        "MS2_4": {
          "meanserv": 2.8692662677978653,
          "stddevserv": 2.8692662677978653,
          "rate": 0.34852115721120946,
          "cv": 1.0,
          "lambda": 0.025
        },
        "MS2_5": {
          "meanserv": 1.1876128740744978,
          "stddevserv": 1.1876128740744978,
          "rate": 0.8420252271004525,
          "cv": 1.0,
          "lambda": 0.025
        }
      },
      "sensors": [
        "S2"
      ],
      "sources": [
        {
          "startTime": 0,
          "stopTime": -1,
          "lambda": 0.025
        }
      ]
    },
    "SC3": {
      "resptime": 14.58720593375936,
      "resptime_old": 4.587205933759361,
      "waittime": 2.374992086868124,
      "servicetime": 10.0,
      "networktime": 2.212213846891237,
      "services": {
        "MS3_1": {
          "meanserv": 1.1595985374959117,
          "stddevserv": 1.1595985374959117,
          "rate": 0.8623674208484639,
          "cv": 1.0,
          "lambda": 0.025
        },
        "MS3_2": {
          "meanserv": 0.4511902981520166,
          "stddevserv": 0.4511902981520166,
          "rate": 2.2163597136192776,
          "cv": 1.0,
          "lambda": 0.025
        },
        "MS3_3": {
          "meanserv": 0.28846833344941647,
          "stddevserv": 0.28846833344941647,
          "rate": 3.4665850079358957,
          "cv": 1.0,
          "lambda": 0.025
        },
        "MS3_4": {
          "meanserv": 5.0529772573782985,
          "stddevserv": 5.0529772573782985,
          "rate": 0.19790312702077012,
          "cv": 1.0,
          "lambda": 0.025
        },
        "MS3_5": {
          "meanserv": 3.047765573524357,
          "stddevserv": 3.047765573524357,
          "rate": 0.3281092248980377,
          "cv": 1.0,
          "lambda": 0.025
        }
      },
      "sensors": [
        "S3"
      ],
      "sources": [
        {
          "startTime": 0,
          "stopTime": -1,
          "lambda": 0.025
        }
      ]
    },
    "SC4": {
      "resptime": 14.521970829899358,
      "resptime_old": 4.521970829899359,
      "waittime": 2.6235210221745757,
      "servicetime": 10.0,
      "networktime": 1.898449807724783,
      "services": {
        "MS4_1": {
          "meanserv": 0.3991660142717979,
          "stddevserv": 0.3991660142717979,
          "rate": 2.505223301197896,
          "cv": 1.0,
          "lambda": 0.025
        },
        "MS4_2": {
          "meanserv": 5.666976350804961,
          "stddevserv": 5.666976350804961,
          "rate": 0.17646094461960404,
          "cv": 1.0,
          "lambda": 0.025
        },
        "MS4_3": {
          "meanserv": 0.05162043331057031,
          "stddevserv": 0.05162043331057031,
          "rate": 19.372173689119926,
          "cv": 1.0,
          "lambda": 0.025
        },
        "MS4_4": {
          "meanserv": 2.6939761289236435,
          "stddevserv": 2.6939761289236435,
          "rate": 0.37119853782800294,
          "cv": 1.0,
          "lambda": 0.025
        },
        "MS4_5": {
          "meanserv": 1.188261072689027,
          "stddevserv": 1.188261072689027,
          "rate": 0.8415659007805469,
          "cv": 1.0,
          "lambda": 0.025
        }
      },
      "sensors": [
        "S4"
      ],
      "sources": [
        {
          "startTime": 0,
          "stopTime": -1,
          "lambda": 0.025
        }
      ]
    }
  },
  "microservice": {
    "MS1_1": "F7",
    "MS1_2": "F7",
    "MS1_3": "F1",
    "MS1_4": "F8",
    "MS1_5": "F8",
    "MS2_1": "F4",
    "MS2_2": "F4",
    "MS2_3": "F5",
    "MS2_4": "F5",
    "MS2_5": "F5",
    "MS3_1": "F8",
    "MS3_2": "F8",
    "MS3_3": "F8",
    "MS3_4": "F3",
    "MS3_5": "F3",
    "MS4_1": "F2",
    "MS4_2": "F2",
    "MS4_3": "F6",
    "MS4_4": "F6",
    "MS4_5": "F6"
  },
  "sensor": {
    "S1": "F7",
    "S2": "F4",
    "S3": "F8",
    "S4": "F2"
  },
  "fog": {
    "F1": {
      "rho": 0.18271850836658102,
      "capacity": 1.0,
      "tserv": 7.3087403346632405,
      "stddev": 7.308740334663241,
      "mu": 0.13682248297388394,
      "cv": 1.0000000000000002,
      "lambda": 0.025,
      "twait": 1.6340051079822189
    },
    "F2": {
      "rho": 0.15165355912691897,
      "capacity": 1.0,
      "tserv": 3.033071182538379,
      "stddev": 4.8035855013924325,
      "mu": 0.32969882334350603,
      "cv": 1.5837364876390105,
      "lambda": 0.05,
      "twait": 0.9510841595067404
    },
    "F3": {
      "rho": 0.20251857077256638,
      "capacity": 1.0,
      "tserv": 4.050371415451328,
      "stddev": 4.291380378344173,
      "mu": 0.24689093849151889,
      "cv": 1.0595029290334823,
      "lambda": 0.05,
      "twait": 1.0916070543635146
    },
    "F4": {
      "rho": 0.11353142681886333,
      "capacity": 1.0,
      "tserv": 2.2706285363772665,
      "stddev": 3.620876313372507,
      "mu": 0.4404066909136428,
      "cv": 1.5946581553799763,
      "lambda": 0.05,
      "twait": 0.5151479640559226
    },
    "F5": {
      "rho": 0.13646857318113673,
      "capacity": 1.0,
      "tserv": 1.819580975748489,
      "stddev": 2.1042849832301793,
      "mu": 0.5495770802883051,
      "cv": 1.156466797178167,
      "lambda": 0.07500000000000001,
      "twait": 0.3360715941078828
    },
    "F6": {
      "rho": 0.09834644087308103,
      "capacity": 1.0,
      "tserv": 1.3112858783077468,
      "stddev": 2.015428895171726,
      "mu": 0.7626102107425495,
      "cv": 1.5369866544835338,
      "lambda": 0.07500000000000001,
      "twait": 0.2404509010536983
    },
    "F7": {
      "rho": 0.04545343275573954,
      "capacity": 1.0,
      "tserv": 0.9090686551147908,
      "stddev": 1.5435177730123006,
      "mu": 1.100026927970283,
      "cv": 1.6979111141142536,
      "lambda": 0.05,