{
  "servicechain": {
    "SC1": {
      "resptime": 35.877301263037495,
      "resptime_old": 25.8773012630375,
      "waittime": 19.768227491515344,
      "servicetime": 10.0,
      "networktime": 6.109073771522155,
      "services": {
        "MS1_1": {
          "meanserv": 0.6128048845183232,
          "stddevserv": 0.6128048845183232,
          "rate": 1.6318407787921272,
          "cv": 1.0,
          "lambda": 0.15
        },
        "MS1_2": {
          "meanserv": 0.5702018816636345,
          "stddevserv": 0.5702018816636345,
          "rate": 1.7537648193695474,
          "cv": 1.0,
          "lambda": 0.15
        },
        "MS1_3": {
          "meanserv": 3.2235625988242065,
          "stddevserv": 3.2235625988242065,
          "rate": 0.31021578435137254,
          "cv": 1.0,
          "lambda": 0.15
        },
        "MS1_4": {
          "meanserv": 0.25144778767845377,
          "stddevserv": 0.25144778767845377,
          "rate": 3.9769687744430637,
          "cv": 1.0,
          "lambda": 0.15
        },
        "MS1_5": {
          "meanserv": 1.2661488728480954,
          "stddevserv": 1.2661488728480954,
          "rate": 0.7897965408685189,
          "cv": 1.0,
          "lambda": 0.15
        },
        "MS1_6": {
          "meanserv": 0.08662393482791853,
          "stddevserv": 0.08662393482791853,
          "rate": 11.544153495065018,
          "cv": 1.0,
          "lambda": 0.15
        },
        "MS1_7": {
          "meanserv": 2.7720013800702974,
          "stddevserv": 2.7720013800702974,
          "rate": 0.36075018114696616,
          "cv": 1.0,
          "lambda": 0.15
        },
        "MS1_8": {
          "meanserv": 0.45359057872852127,
          "stddevserv": 0.45359057872852127,
          "rate": 2.2046313281090226,
          "cv": 1.0,
          "lambda": 0.15
        },
        "MS1_9": {
          "meanserv": 0.14156922679759987,
          "stddevserv": 0.14156922679759987,
          "rate": 7.063682006469458,
          "cv": 1.0,
          "lambda": 0.15
        },
        "MS1_10": {
          "meanserv": 0.6220488540429496,
          "stddevserv": 0.6220488540429496,
          "rate": 1.6075907760308399,
          "cv": 1.0,
          "lambda": 0.15
        }
      },
      "sensors": [
        "S1"
      ],
      "sources": [
        {
          "startTime": 0,
          "stopTime": -1,
          "lambda": 0.15
        }
      ]
    },
    "SC2": {
      "resptime": 34.01954984271105,
      "resptime_old": 24.019549842711058,
      "waittime": 20.500990140685268,
      "servicetime": 10.0,
      "networktime": 3.518559702025786,
      "services": {
        "MS2_1": {
          "meanserv": 0.4118834357324319,
          "stddevserv": 0.4118834357324319,
          "rate": 2.4278713666203875,
          "cv": 1.0,
          "lambda": 0.15
        },
        "MS2_2": {
          "meanserv": 0.6677625430620238,
          "stddevserv": 0.6677625430620238,
          "rate": 1.497538324648313,
          "cv": 1.0,
          "lambda": 0.15
        },
        "MS2_3": {
          "meanserv": 2.615683542353411,
          "stddevserv": 2.615683542353411,
          "rate": 0.3823092449097528,
          "cv": 1.0,
          "lambda": 0.15
        },
        "MS2_4": {
          "meanserv": 0.09768435199763692,
          "stddevserv": 0.09768435199763692,
          "rate": 10.237054139686476,
          "cv": 1.0,
          "lambda": 0.15
        },
        "MS2_5": {
          "meanserv": 2.8115988664157734,
          "stddevserv": 2.8115988664157734,
          "rate": 0.35566951315313344,
          "cv": 1.0,
          "lambda": 0.15
        },
        "MS2_6": {
          "meanserv": 1.6951841986147445,
          "stddevserv": 1.6951841986147445,
          "rate": 0.5899063953151351,
          "cv": 1.0,
          "lambda": 0.15
        },
        "MS2_7": {
          "meanserv": 0.00887030740536865,
          "stddevserv": 0.00887030740536865,
          "rate": 112.73566453793492,
          "cv": 1.0,
          "lambda": 0.15
        },
        "MS2_8": {
          "meanserv": 0.4560961821784293,
          "stddevserv": 0.4560961821784293,
          "rate": 2.1925199970404274,
          "cv": 1.0,
          "lambda": 0.15
        },
        "MS2_9": {
          "meanserv": 0.3569370301692292,
          "stddevserv": 0.3569370301692292,
          "rate": 2.8016146140003606,
          "cv": 1.0,
          "lambda": 0.15
        },
        "MS2_10": {
          "meanserv": 0.8782995420709518,
          "stddevserv": 0.8782995420709518,
          "rate": 1.1385637269513875,
          "cv": 1.0,
          "lambda": 0.15
        }
      },
      "sensors": [
        "S2"
      ],
      "sources": [
        {
          "startTime": 0,
          "stopTime": -1,
          "lambda": 0.15
        }
      ]
    },
    "SC3": {
      "resptime": 31.223044517396787,
      "resptime_old": 21.223044517396787,
      "waittime": 16.13325047257878,
      "servicetime": 10.0,
      "networktime": 5.089794044818005,
      "services": {
        "MS3_1": {
          "meanserv": 1.324787733868933,
          "stddevserv": 1.324787733868933,
          "rate": 0.7548379068091028,
          "cv": 1.0,
          "lambda": 0.15
        },
        "MS3_2": {
          "meanserv": 0.9868476772257408,
          "stddevserv": 0.9868476772257408,
          "rate": 1.0133276118268155,
          "cv": 1.0,
          "lambda": 0.15
        },
        "MS3_3": {
          "meanserv": 0.7894343407372739,
          "stddevserv": 0.7894343407372739,
          "rate": 1.266729794229718,
          "cv": 1.0,
          "lambda": 0.15
        },
        "MS3_4": {
          "meanserv": 0.5949705343765652,
          "stddevserv": 0.5949705343765652,
          "rate": 1.6807555033760477,
          "cv": 1.0,
          "lambda": 0.15
        },
        "MS3_5": {
          "meanserv": 0.17690585354506716,
          "stddevserv": 0.17690585354506716,
          "rate": 5.65272420307589,
          "cv": 1.0,
          "lambda": 0.15
        },
        "MS3_6": {
          "meanserv": 2.0451867186484645,
          "stddevserv": 2.0451867186484645,
          "rate": 0.4889529111849686,
          "cv": 1.0,
          "lambda": 0.15
        },
        "MS3_7": {
          "meanserv": 3.3375854920993646,
          "stddevserv": 3.3375854920993646,
          "rate": 0.29961779327216365,
          "cv": 1.0,
          "lambda": 0.15
        },
        "MS3_8": {
          "meanserv": 0.036485257838245744,
          "stddevserv": 0.036485257838245744,
          "rate": 27.40833035724769,
          "cv": 1.0,
          "lambda": 0.15
        },
        "MS3_9": {
          "meanserv": 0.632563286580023,
          "stddevserv": 0.632563286580023,
          "rate": 1.5808694896071778,
          "cv": 1.0,
          "lambda": 0.15
        },
        "MS3_10": {
          "meanserv": 0.0752331050803221,
          "stddevserv": 0.0752331050803221,
          "rate": 13.29202083221684,
          "cv": 1.0,
          "lambda": 0.15
        }
      },
      "sensors": [
        "S3"
      ],
      "sources": [
        {
          "startTime": 0,
          "stopTime": -1,
          "lambda": 0.15
        }
      ]
    },
    "SC4": {
      "resptime": 35.3212860464342,
      "resptime_old": 25.321286046434206,
      "waittime": 21.639207898601995,
      "servicetime": 10.0,
      "networktime": 3.6820781478322093,
      "services": {
        "MS4_1": {
          "meanserv": 1.4127922954941108,
          "stddevserv": 1.4127922954941108,
          "rate": 0.7078181295221881,
          "cv": 1.0,
          "lambda": 0.15
        },
        "MS4_2": {
          "meanserv": 0.10212695878904499,
          "stddevserv": 0.10212695878904499,
          "rate": 9.791733856146791,
          "cv": 1.0,
          "lambda": 0.15
        },
        "MS4_3": {
          "meanserv": 3.254758677749463,
          "stddevserv": 3.254758677749463,
          "rate": 0.3072424406873263,