{
  "servicechain": {
    "SC1": {
      "resptime": 18.893172755195273,
      "resptime_old": 8.893172755195273,
      "waittime": 5.041571139143314,
      "servicetime": 10.0,
      "networktime": 3.85160161605196,
      "services": {
        "MS1_1": {
          "meanserv": 0.16815162954580853,
          "stddevserv": 0.16815162954580853,
          "rate": 5.947013434844983,
          "cv": 1.0,
          "lambda": 0.075
        },
        "MS1_2": {
          "meanserv": 3.535291611151571,
          "stddevserv": 3.535291611151571,
          "rate": 0.2828620973855857,
          "cv": 1.0,
          "lambda": 0.075
        },
        "MS1_3": {
          "meanserv": 0.30359417538576317,
          "stddevserv": 0.30359417538576317,
          "rate": 3.293870835069039,
          "cv": 1.0,
          "lambda": 0.075
        },
        "MS1_4": {
          "meanserv": 2.4792923012019807,
          "stddevserv": 2.4792923012019807,
          "rate": 0.40334090478770573,
          "cv": 1.0,
          "lambda": 0.075
        },
        "MS1_5": {
          "meanserv": 3.5136702827148767,
          "stddevserv": 3.5136702827148767,
          "rate": 0.28460268594904664,
          "cv": 1.0,
          "lambda": 0.075
        }
      },
      "sensors": [
        "S1"
      ],
      "sources": [
        {
          "startTime": 0,
          "stopTime": -1,
          "lambda": 0.075
        }
      ]
    },
    "SC2": {
      "resptime": 18.78964698525311,
      "resptime_old": 8.789646985253112,
      "waittime": 5.044479786220609,
      "servicetime": 10.0,
      "networktime": 3.7451671990325024,
      "services": {
        "MS2_1": {
          "meanserv": 0.47878083392202453,
          "stddevserv": 0.47878083392202453,
          "rate": 2.0886383270781943,
          "cv": 1.0,
          "lambda": 0.075
        },
        "MS2_2": {
          "meanserv": 1.2546366523712427,
          "stddevserv": 1.2546366523712427,
          "rate": 0.7970435090589905,
          "cv": 1.0,
          "lambda": 0.075
        },
        "MS2_3": {
          "meanserv": 2.093746778018101,
          "stddevserv": 2.093746778018101,
          "rate": 0.4776126752761287,
          "cv": 1.0,
          "lambda": 0.075
        },
        "MS2_4": {
          "meanserv": 4.761107174604343,
          "stddevserv": 4.761107174604343,
          "rate": 0.21003517949227887,
          "cv": 1.0,
          "lambda": 0.075
        },
        "MS2_5": {
          "meanserv": 1.4117285610842885,
          "stddevserv": 1.4117285610842885,
          "rate": 0.7083514689480693,
          "cv": 1.0,
          "lambda": 0.075
        }
      },
      "sensors": [
        "S2"
      ],
      "sources": [
        {
          "startTime": 0,
          "stopTime": -1,
          "lambda": 0.075
        }
      ]
    },
    "SC3": {
      "resptime": 19.283889406544336,
      "resptime_old": 9.283889406544336,
      "waittime": 5.371262141779068,
      "servicetime": 10.0,
      "networktime": 3.912627264765269,
      "services": {
        "MS3_1": {
          "meanserv": 4.49935916299316,
          "stddevserv": 4.49935916299316,
          "rate": 0.22225387300149618,
          "cv": 1.0,
          "lambda": 0.075
        },
        "MS3_2": {
          "meanserv": 1.9739931074182353,
          "stddevserv": 1.9739931074182353,
          "rate": 0.5065873818110183,
          "cv": 1.0,
          "lambda": 0.075
        },
        "MS3_3": {
          "meanserv": 2.421865965358477,
          "stddevserv": 2.421865965358477,
          "rate": 0.41290476611986376,
          "cv": 1.0,
          "lambda": 0.075
        },
        "MS3_4": {
          "meanserv": 0.2909380281535707,
          "stddevserv": 0.2909380281535707,
          "rate": 3.4371580997728945,
          "cv": 1.0,
          "lambda": 0.075
        },
        "MS3_5": {
          "meanserv": 0.8138437360765565,
          "stddevserv": 0.8138437360765565,
          "rate": 1.228737109682604,
          "cv": 1.0,
          "lambda": 0.075
        }
      },
      "sensors": [
        "S3"
      ],
      "sources": [
        {
          "startTime": 0,
          "stopTime": -1,
          "lambda": 0.075
        }
      ]
    },
    "SC4": {
      "resptime": 18.270787524609847,
      "resptime_old": 8.270787524609847,
      "waittime": 5.198743293433193,
      "servicetime": 10.0,
      "networktime": 3.0720442311766547,
      "services": {
        "MS4_1": {
          "meanserv": 4.044706497373558,
          "stddevserv": 4.044706497373558,
          "rate": 0.24723672796761717,
          "cv": 1.0,
          "lambda": 0.075
        },
        "MS4_2": {
          "meanserv": 2.0968713210657874,
          "stddevserv": 2.0968713210657874,
          "rate": 0.4769009857465764,
          "cv": 1.0,
          "lambda": 0.075
        },
        "MS4_3": {
          "meanserv": 2.572335975835032,
          "stddevserv": 2.572335975835032,
          "rate": 0.3887517063844585,
          "cv": 1.0,
          "lambda": 0.075
        },
        "MS4_4": {
          "meanserv": 0.0520658937369447,
          "stddevserv": 0.0520658937369447,
          "rate": 19.20643108619922,
          "cv": 1.0,
          "lambda": 0.075
        },
        "MS4_5": {
          "meanserv": 1.2340203119886777,
          "stddevserv": 1.2340203119886777,
          "rate": 0.8103594327296414,
          "cv": 1.0,
          "lambda": 0.075
        }
      },
      "sensors": [
        "S4"
      ],
      "sources": [
        {
          "startTime": 0,
          "stopTime": -1,
          "lambda": 0.075
        }
      ]
    }
  },
  "microservice": {
    "MS1_1": "F4",
    "MS1_2": "F4",
    "MS1_3": "F7",
    "MS1_4": "F7",
    "MS1_5": "F5",
    "MS2_1": "F9",
    "MS2_2": "F9",
    "MS2_3": "F9",
    "MS2_4": "F1",
    "MS2_5": "F10",
    "MS3_1": "F2",
    "MS3_2": "F8",
    "MS3_3": "F8",
    "MS3_4": "F10",
    "MS3_5": "F10",
    "MS4_1": "F3",
    "MS4_2": "F6",
    "MS4_3": "F6",
    "MS4_4": "F10",
    "MS4_5": "F10"
  },
  "sensor": {
    "S1": "F4",
    "S2": "F9",
    "S3": "F2",
    "S4": "F3"
  },
  "fog": {
    "F1": {
      "rho": 0.35708303809532577,
      "capacity": 1.0,
      "tserv": 4.761107174604343,
      "stddev": 4.761107174604343,
      "mu": 0.21003517949227887,
      "cv": 1.0,
      "lambda": 0.075,
      "twait": 2.644370448041233
    },
    "F2": {
      "rho": 0.337451937224487,
      "capacity": 1.0,
      "tserv": 4.49935916299316,
      "stddev": 4.49935916299316,
      "mu": 0.22225387300149618,
      "cv": 1.0,
      "lambda": 0.075,
      "twait": 2.2916336959168357
    },
    "F3": {
      "rho": 0.30335298730301685,
      "capacity": 1.0,
      "tserv": 4.044706497373558,
      "stddev": 4.044706497373558,
      "mu": 0.24723672796761717,
      "cv": 1.0,
      "lambda": 0.075,
      "twait": 1.761256097248035
    },
    "F4": {
      "rho": 0.27775824305230346,
      "capacity": 1.0,
      "tserv": 1.8517216203486897,
      "stddev": 3.0162375216701363,
      "mu": 0.5400379781771378,
      "cv": 1.6288828129047614,
      "lambda": 0.15,
      "twait": 1.300800074133425
    },
    "F5": {
      "rho": 0.26352527120361574,
      "capacity": 1.0,
      "tserv": 3.5136702827148767,
      "stddev": 3.5136702827148767,
      "mu": 0.28460268594904664,
      "cv": 1.0,
      "lambda": 0.075,
      "twait": 1.257260945919736
    },
    "F6": {
      "rho": 0.3501905472675615,
      "capacity": 1.0,
      "tserv": 2.3346036484504102,
      "stddev": 2.358687667819837,
      "mu": 0.428338232343528,
      "cv": 1.0103161062844275,
      "lambda": 0.15,
      "twait": 1.2711936164560127
    },
    "F7": {
      "rho": 0.2087164857440808,
      "capacity": 1.0,
      "tserv": 1.3914432382938722,
      "stddev": 2.0743542254720713,
      "mu": 0.7186782561293388,
      "cv": 1.4907932773567933,
      "lambda": 0.15,
      "twait": 0.5913550224783641
    },
    "F8": {
      "rho": 0.3296894304582534,
      "capacity": 1.0,