{
  "servicechain": {
    "SC1": {
      "resptime": 18.160439556609063,
      "resptime_old": 8.160439556609063,
      "waittime": 3.7941431919503836,
      "servicetime": 10.0,
      "networktime": 4.366296364658679,
      "services": {
        "MS1_1": {
          "meanserv": 3.025292112280218,
          "stddevserv": 3.025292112280218,
          "rate": 0.33054659282018284,
          "cv": 1.0,
          "lambda": 0.075
        },
        "MS1_2": {
          "meanserv": 1.3993784283129638,
          "stddevserv": 1.3993784283129638,
          "rate": 0.7146029835586083,
          "cv": 1.0,
          "lambda": 0.075
        },
        "MS1_3": {
          "meanserv": 1.252171946706932,
          "stddevserv": 1.252171946706932,
          "rate": 0.7986123652026264,
          "cv": 1.0,
          "lambda": 0.075
        },
        "MS1_4": {
          "meanserv": 4.166958815044662,
          "stddevserv": 4.166958815044662,
          "rate": 0.23998317343323247,
          "cv": 1.0,
          "lambda": 0.075
        },
        "MS1_5": {
          "meanserv": 0.1561986976552241,
          "stddevserv": 0.1561986976552241,
          "rate": 6.4021020342134385,
          "cv": 1.0,
          "lambda": 0.075
        }
      },
      "sensors": [
        "S1"
      ],
      "sources": [
        {
          "startTime": 0,
          "stopTime": -1,
          "lambda": 0.075
        }
      ]
    },
    "SC2": {
      "resptime": 20.321355179935495,
      "resptime_old": 10.321355179935495,
      "waittime": 6.9502177098886975,
      "servicetime": 10.0,
      "networktime": 3.371137470046797,
      "services": {
        "MS2_1": {
          "meanserv": 1.2722416293966532,
          "stddevserv": 1.2722416293966532,
          "rate": 0.7860142105821826,
          "cv": 1.0,
          "lambda": 0.075
        },
        "MS2_2": {
          "meanserv": 0.6613988487948641,
          "stddevserv": 0.6613988487948641,
          "rate": 1.5119469920791389,
          "cv": 1.0,
          "lambda": 0.075
        },
        "MS2_3": {
          "meanserv": 3.011300122091562,
          "stddevserv": 3.011300122091562,
          "rate": 0.3320824758262318,
          "cv": 1.0,
          "lambda": 0.075
        },
        "MS2_4": {
          "meanserv": 4.785245981601719,
          "stddevserv": 4.785245981601719,
          "rate": 0.2089756731095524,
          "cv": 1.0,
          "lambda": 0.075
        },
        "MS2_5": {
          "meanserv": 0.2698134181152021,
          "stddevserv": 0.2698134181152021,
          "rate": 3.7062648958882782,
          "cv": 1.0,
          "lambda": 0.075
        }
      },
      "sensors": [
        "S2"
      ],
      "sources": [
        {
          "startTime": 0,
          "stopTime": -1,
          "lambda": 0.075
        }
      ]
    },
    "SC3": {
      "resptime": 18.11465261543175,
      "resptime_old": 8.11465261543175,
      "waittime": 5.392017479687939,
      "servicetime": 10.0,
      "networktime": 2.722635135743811,
      "services": {
        "MS3_1": {
          "meanserv": 1.0212581857057612,
          "stddevserv": 1.0212581857057612,
          "rate": 0.9791843179292901,
          "cv": 1.0,
          "lambda": 0.075
        },
        "MS3_2": {
          "meanserv": 3.9676992702085165,
          "stddevserv": 3.9676992702085165,
          "rate": 0.252035230469331,
          "cv": 1.0,
          "lambda": 0.075
        },
        "MS3_3": {
          "meanserv": 2.8626688424519937,
          "stddevserv": 2.8626688424519937,
          "rate": 0.34932437352532153,
          "cv": 1.0,
          "lambda": 0.075
        },
        "MS3_4": {
          "meanserv": 0.4344929933415056,
          "stddevserv": 0.4344929933415056,
          "rate": 2.301533086435789,
          "cv": 1.0,
          "lambda": 0.075
        },
        "MS3_5": {
          "meanserv": 1.7138807082922227,
          "stddevserv": 1.7138807082922227,
          "rate": 0.5834711804396462,
          "cv": 1.0,
          "lambda": 0.075
        }
      },
      "sensors": [
        "S3"
      ],
      "sources": [
        {
          "startTime": 0,
          "stopTime": -1,
          "lambda": 0.075
        }
      ]
    },
    "SC4": {
      "resptime": 18.593015755801847,
      "resptime_old": 8.593015755801849,
      "waittime": 7.246237304701549,
      "servicetime": 10.0,
      "networktime": 1.3467784511003,
      "services": {
        "MS4_1": {
          "meanserv": 2.8026703037348755,
          "stddevserv": 2.8026703037348755,
          "rate": 0.3568025816905352,
          "cv": 1.0,
          "lambda": 0.075
        },
        "MS4_2": {
          "meanserv": 2.075971597838043,
          "stddevserv": 2.075971597838043,
          "rate": 0.4817021586621991,
          "cv": 1.0,
          "lambda": 0.075
        },
        "MS4_3": {
          "meanserv": 1.7102895631070663,
          "stddevserv": 1.7102895631070663,
          "rate": 0.5846963119995364,
          "cv": 1.0,
          "lambda": 0.075
        },
        "MS4_4": {
          "meanserv": 0.4375456952131911,
          "stddevserv": 0.4375456952131911,
          "rate": 2.28547557647152,
          "cv": 1.0,
          "lambda": 0.075
        },
        "MS4_5": {
          "meanserv": 2.973522840106824,
          "stddevserv": 2.973522840106824,
          "rate": 0.33630143562780734,
          "cv": 1.0,
          "lambda": 0.075
        }
      },
      "sensors": [
        "S4"
      ],
      "sources": [
        {
          "startTime": 0,
          "stopTime": -1,
          "lambda": 0.075
        }
      ]
    }
  },
  "microservice": {
    "MS1_1": "F1",
    "MS1_2": "F6",
    "MS1_3": "F6",
    "MS1_4": "F10",
    "MS1_5": "F6",
    "MS2_1": "F5",
    "MS2_2": "F5",
    "MS2_3": "F5",
    "MS2_4": "F4",
    "MS2_5": "F9",
    "MS3_1": "F3",
    "MS3_2": "F3",
    "MS3_3": "F2",
    "MS3_4": "F9",
    "MS3_5": "F9",
    "MS4_1": "F8",
    "MS4_2": "F8",
    "MS4_3": "F7",
    "MS4_4": "F7",
    "MS4_5": "F7"
  },
  "sensor": {
    "S1": "F1",
    "S2": "F5",
    "S3": "F3",
    "S4": "F8"
  },
  "fog": {
    "F1": {
      "rho": 0.2268969084210163,
      "capacity": 1.0,
      "tserv": 3.025292112280218,
      "stddev": 3.025292112280218,
      "mu": 0.33054659282018284,
      "cv": 1.0,
      "lambda": 0.075,
      "twait": 0.8878886073846969
    },
    "F2": {
      "rho": 0.2147001631838995,
      "capacity": 1.0,
      "tserv": 2.8626688424519937,
      "stddev": 2.8626688424519937,
      "mu": 0.34932437352532153,
      "cv": 1.0,
      "lambda": 0.075,
      "twait": 0.782650700791928
    },
    "F3": {
      "rho": 0.37417180919357085,
      "capacity": 1.0,
      "tserv": 2.494478727957139,
      "stddev": 3.250104868531715,
      "mu": 0.4008853588496836,
      "cv": 1.3029194565204403,
      "lambda": 0.15,
      "twait": 2.011607102468647
    },
    "F4": {
      "rho": 0.3588934486201289,
      "capacity": 1.0,
      "tserv": 4.785245981601719,
      "stddev": 4.785245981601719,
      "mu": 0.2089756731095524,
      "cv": 1.0,
      "lambda": 0.075,
      "twait": 2.67879563722483
    },
    "F5": {
      "rho": 0.37087054502123096,
      "capacity": 1.0,
      "tserv": 1.6483135334276933,
      "stddev": 2.167728360802978,
      "mu": 0.6066806949770561,
      "cv": 1.3151189484534254,
      "lambda": 0.22499999999999998,
      "twait": 1.3261152618948364
    },
    "F6": {
      "rho": 0.21058118045063395,
      "capacity": 1.0,
      "tserv": 0.9359163575583733,
      "stddev": 1.2211151898650343,
      "mu": 1.0684715486849794,
      "cv": 1.3047268380378458,
      "lambda": 0.22499999999999998,
      "twait": 0.3373297400855771
    },
    "F7": {
      "rho": 0.38410185738203106,
      "capacity": 1.0,
      "tserv": 1.7071193661423605,
      "stddev": 2.248998282246575,
      "mu": 0.5857821191846334,
      "cv": 1.3174229798169987,
      "lambda": 0.22499999999999998,
      "twait": 1.4562117351351247
    },