{
  "servicechain": {
    "SC1": {
      "resptime": 258.0682209614995,
      "resptime_old": 248.06822096149952,
      "waittime": 245.55624167441198,
      "servicetime": 10.0,
      "networktime": 2.511979287087531,
      "services": {
        "MS1_1": {
          "meanserv": 6.49225029283213,
          "stddevserv": 6.49225029283213,
          "rate": 0.15402979781972756,
          "cv": 1.0,
          "lambda": 0.15
        },
        "MS1_2": {
          "meanserv": 1.7934315158154543,
          "stddevserv": 1.7934315158154543,
          "rate": 0.557590290558327,
          "cv": 1.0,
          "lambda": 0.15
        },
        "MS1_3": {
          "meanserv": 1.7143181913524153,
          "stddevserv": 1.7143181913524153,
          "rate": 0.5833222823186086,
          "cv": 1.0,
          "lambda": 0.15
        }
      },
      "sensors": [
        "S1"
      ],
      "sources": [
        {
          "startTime": 0,
          "stopTime": -1,
          "lambda": 0.15
        }
      ]
    },
    "SC2": {
      "resptime": 28.589989699918863,
      "resptime_old": 18.58998969991886,
      "waittime": 13.550334093685093,
      "servicetime": 10.0,
      "networktime": 5.039655606233769,
      "services": {
        "MS2_1": {
          "meanserv": 2.049073841055008,
          "stddevserv": 2.049073841055008,
          "rate": 0.4880253605136696,
          "cv": 1.0,
          "lambda": 0.15
        },
        "MS2_2": {
          "meanserv": 4.412796124064424,
          "stddevserv": 4.412796124064424,
          "rate": 0.22661368707851065,
          "cv": 1.0,
          "lambda": 0.15
        },
        "MS2_3": {
          "meanserv": 3.5381300348805684,
          "stddevserv": 3.5381300348805684,
          "rate": 0.28263517455309006,
          "cv": 1.0,
          "lambda": 0.15
        }
      },
      "sensors": [
        "S2"
      ],
      "sources": [
        {
          "startTime": 0,
          "stopTime": -1,
          "lambda": 0.15
        }
      ]
    },
    "SC3": {
      "resptime": 9622.281131558486,
      "resptime_old": 9612.281131558486,
      "waittime": 9610.208511770908,
      "servicetime": 10.0,
      "networktime": 2.0726197875775205,
      "services": {
        "MS3_1": {
          "meanserv": 1.1260325864921195,
          "stddevserv": 1.1260325864921195,
          "rate": 0.8880737662444181,
          "cv": 1.0,
          "lambda": 0.15
        },
        "MS3_2": {
          "meanserv": 0.8660696166303294,
          "stddevserv": 0.8660696166303294,
          "rate": 1.1546415909274843,
          "cv": 1.0,
          "lambda": 0.15
        },
        "MS3_3": {
          "meanserv": 8.00789779687755,
          "stddevserv": 8.00789779687755,
          "rate": 0.12487671863019047,
          "cv": 1.0,
          "lambda": 0.15
        }
      },
      "sensors": [
        "S3"
      ],
      "sources": [
        {
          "startTime": 0,
          "stopTime": -1,
          "lambda": 0.15
        }
      ]
    },
    "SC4": {
      "resptime": 30.15851898086987,
      "resptime_old": 20.15851898086987,
      "waittime": 14.988849002670653,
      "servicetime": 10.0,
      "networktime": 5.169669978199217,
      "services": {
        "MS4_1": {
          "meanserv": 3.7878484409461133,
          "stddevserv": 3.7878484409461133,
          "rate": 0.2640021150767648,
          "cv": 1.0,
          "lambda": 0.15
        },
        "MS4_2": {
          "meanserv": 4.508716393293657,
          "stddevserv": 4.508716393293657,
          "rate": 0.22179261518586918,
          "cv": 1.0,
          "lambda": 0.15
        },
        "MS4_3": {
          "meanserv": 1.7034351657602294,
          "stddevserv": 1.7034351657602294,
          "rate": 0.5870490524678749,
          "cv": 1.0,
          "lambda": 0.15
        }
      },
      "sensors": [
        "S4"
      ],
      "sources": [
        {
          "startTime": 0,
          "stopTime": -1,
          "lambda": 0.15
        }
      ]
    }
  },
  "microservice": {
    "MS1_1": "F8",
    "MS1_2": "F4",
    "MS1_3": "F4",
    "MS2_1": "F9",
    "MS2_2": "F5",
    "MS2_3": "F6",
    "MS3_1": "F3",
    "MS3_2": "F3",
    "MS3_3": "F7",
    "MS4_1": "F1",
    "MS4_2": "F2",
    "MS4_3": "F10"
  },
  "sensor": {
    "S1": "F8",
    "S2": "F9",
    "S3": "F3",
    "S4": "F1"
  },
  "fog": {
    "F1": {
      "rho": 0.568177266141917,
      "capacity": 1.0,
      "tserv": 3.7878484409461133,
      "stddev": 3.7878484409461133,
      "mu": 0.2640021150767648,
      "cv": 1.0,
      "lambda": 0.15,
      "twait": 4.983918638345679
    },
    "F2": {
      "rho": 0.6763074589940484,
      "capacity": 1.0,
      "tserv": 4.508716393293657,
      "stddev": 4.508716393293657,
      "mu": 0.22179261518586918,
      "cv": 1.0,
      "lambda": 0.15,
      "twait": 9.420292842698462
    },
    "F3": {
      "rho": 0.29881533046836734,
      "capacity": 1.0,
      "tserv": 0.9960511015612245,
      "stddev": 1.0128712503428112,
      "mu": 1.0039645540601139,
      "cv": 1.0168868331707306,
      "lambda": 0.3,
      "twait": 0.4317035271265224
    },
    "F4": {
      "rho": 0.5261624560751804,
      "capacity": 1.0,
      "tserv": 1.7538748535839348,
      "stddev": 1.7547667825348945,
      "mu": 0.5701661084635326,
      "cv": 1.0005085476589946,
      "lambda": 0.3,
      "twait": 1.9485423460129665
    },
    "F5": {
      "rho": 0.6619194186096635,
      "capacity": 1.0,
      "tserv": 4.412796124064424,
      "stddev": 4.412796124064424,
      "mu": 0.22661368707851065,
      "cv": 1.0,
      "lambda": 0.15,
      "twait": 8.639701910330393
    },
    "F6": {
      "rho": 0.5307195052320852,
      "capacity": 1.0,
      "tserv": 3.5381300348805684,
      "stddev": 3.5381300348805684,
      "mu": 0.28263517455309006,
      "cv": 1.0,
      "lambda": 0.15,
      "twait": 4.0013481116176575
    },
    "F7": {
      "rho": 1.2011846695316326,
      "capacity": 1.0,
      "tserv": 8.00789779687755,
      "stddev": 8.00789779687755,
      "mu": 0.12487671863019047,
      "cv": 1.0,
      "lambda": 0.15,
      "twait": 9609.345104716655
    },
    "F8": {
      "rho": 0.9738375439248195,
      "capacity": 1.0,
      "tserv": 6.49225029283213,
      "stddev": 6.49225029283213,
      "mu": 0.15402979781972756,
      "cv": 1.0,
      "lambda": 0.15,
      "twait": 241.65915698238604
    },
    "F9": {
      "rho": 0.30736107615825115,
      "capacity": 1.0,
      "tserv": 2.049073841055008,
      "stddev": 2.049073841055008,
      "mu": 0.4880253605136696,
      "cv": 1.0,
      "lambda": 0.15,
      "twait": 0.9092840717370422
    },
    "F10": {
      "rho": 0.2555152748640344,
      "capacity": 1.0,
      "tserv": 1.7034351657602296,
      "stddev": 1.7034351657602294,
      "mu": 0.5870490524678748,
      "cv": 0.9999999999999999,
      "lambda": 0.15,
      "twait": 0.5846375216265134
    }
  },
  "extra": {
    "deltatime": 0.2415587,
    "conv": 7,
    "obj_func": 2484.7744653001937
  },