{
  "servicechain": {
    "SC1": {
      "resptime": 31.129432171625886,
      "resptime_old": 21.129432171625886,
      "waittime": 15.939756263558142,
      "servicetime": 10.0,
      "networktime": 5.189675908067743,
      "services": {
        "MS1_1": {
          "meanserv": 2.0516177091173926,
          "stddevserv": 2.0516177091173926,
          "rate": 0.4874202418686475,
          "cv": 1.0,
          "lambda": 0.15
        },
        "MS1_2": {
          "meanserv": 3.599306043074744,
          "stddevserv": 3.599306043074744,
          "rate": 0.27783133416066497,
          "cv": 1.0,
          "lambda": 0.15
        },
        "MS1_3": {
          "meanserv": 1.4608816224552585,
          "stddevserv": 1.4608816224552585,
          "rate": 0.6845181598761787,
          "cv": 1.0,
          "lambda": 0.15
        },
        "MS1_4": {
          "meanserv": 1.8928057672485155,
          "stddevserv": 1.8928057672485155,
          "rate": 0.5283162262621663,
          "cv": 1.0,
          "lambda": 0.15
        },
        "MS1_5": {
          "meanserv": 0.9953888581040893,
          "stddevserv": 0.9953888581040893,
          "rate": 1.0046325030246908,
          "cv": 1.0,
          "lambda": 0.15
        }
      },
      "sensors": [
        "S1"
      ],
      "sources": [
        {
          "startTime": 0,
          "stopTime": -1,
          "lambda": 0.15
        }
      ]
    },
    "SC2": {
      "resptime": 41.46390192838753,
      "resptime_old": 31.46390192838754,
      "waittime": 26.39161769966933,
      "servicetime": 10.0,
      "networktime": 5.072284228718207,
      "services": {
        "MS2_1": {
          "meanserv": 1.773509149127942,
          "stddevserv": 1.773509149127942,
          "rate": 0.5638538715696579,
          "cv": 1.0,
          "lambda": 0.15
        },
        "MS2_2": {
          "meanserv": 2.7786385970930256,
          "stddevserv": 2.7786385970930256,
          "rate": 0.35988847237859095,
          "cv": 1.0,
          "lambda": 0.15
        },
        "MS2_3": {
          "meanserv": 0.008615675221353314,
          "stddevserv": 0.008615675221353314,
          "rate": 116.06751349233475,
          "cv": 1.0,
          "lambda": 0.15
        },
        "MS2_4": {
          "meanserv": 4.856618721654408,
          "stddevserv": 4.856618721654408,
          "rate": 0.20590457215454414,
          "cv": 1.0,
          "lambda": 0.15
        },
        "MS2_5": {
          "meanserv": 0.582617856903271,
          "stddevserv": 0.582617856903271,
          "rate": 1.716390920997852,
          "cv": 1.0,
          "lambda": 0.15
        }
      },
      "sensors": [
        "S2"
      ],
      "sources": [
        {
          "startTime": 0,
          "stopTime": -1,
          "lambda": 0.15
        }
      ]
    },
    "SC3": {
      "resptime": 28.500878347542784,
      "resptime_old": 18.500878347542784,
      "waittime": 15.570836379368547,
      "servicetime": 10.0,
      "networktime": 2.9300419681742373,
      "services": {
        "MS3_1": {
          "meanserv": 0.0024325368605848663,
          "stddevserv": 0.0024325368605848663,
          "rate": 411.09346222180795,
          "cv": 1.0,
          "lambda": 0.15
        },
        "MS3_2": {
          "meanserv": 2.283349514950843,
          "stddevserv": 2.283349514950843,
          "rate": 0.43795310067610405,
          "cv": 1.0,
          "lambda": 0.15
        },
        "MS3_3": {
          "meanserv": 1.3977928850817487,
          "stddevserv": 1.3977928850817487,
          "rate": 0.7154135714044043,
          "cv": 1.0,
          "lambda": 0.15
        },
        "MS3_4": {
          "meanserv": 3.301233211858493,
          "stddevserv": 3.301233211858493,
          "rate": 0.30291710273841294,
          "cv": 1.0,
          "lambda": 0.15
        },
        "MS3_5": {
          "meanserv": 3.0151918512483302,
          "stddevserv": 3.0151918512483302,
          "rate": 0.33165385465803326,
          "cv": 1.0,
          "lambda": 0.15
        }
      },
      "sensors": [
        "S3"
      ],
      "sources": [
        {
          "startTime": 0,
          "stopTime": -1,
          "lambda": 0.15
        }
      ]
    },
    "SC4": {
      "resptime": 29.016994138402662,
      "resptime_old": 19.01699413840266,
      "waittime": 16.168944583401547,
      "servicetime": 10.0,
      "networktime": 2.848049555001114,
      "services": {
        "MS4_1": {
          "meanserv": 1.115499376431759,
          "stddevserv": 1.115499376431759,
          "rate": 0.896459488125205,
          "cv": 1.0,
          "lambda": 0.15
        },
        "MS4_2": {
          "meanserv": 2.8294476968096807,
          "stddevserv": 2.8294476968096807,
          "rate": 0.35342586509994206,
          "cv": 1.0,
          "lambda": 0.15
        },
        "MS4_3": {
          "meanserv": 2.126613142292837,
          "stddevserv": 2.126613142292837,
          "rate": 0.4702312706117467,
          "cv": 1.0,
          "lambda": 0.15
        },
        "MS4_4": {
          "meanserv": 1.5701818602990292,
          "stddevserv": 1.5701818602990292,
          "rate": 0.6368689037138396,
          "cv": 1.0,
          "lambda": 0.15
        },
        "MS4_5": {
          "meanserv": 2.3582579241666943,
          "stddevserv": 2.3582579241666943,
          "rate": 0.4240418275508844,
          "cv": 1.0,
          "lambda": 0.15
        }
      },
      "sensors": [
        "S4"
      ],
      "sources": [
        {
          "startTime": 0,
          "stopTime": -1,
          "lambda": 0.15
        }
      ]
    }
  },
  "microservice": {
    "MS1_1": "F7",
    "MS1_2": "F8",
    "MS1_3": "F5",
    "MS1_4": "F10",
    "MS1_5": "F10",
    "MS2_1": "F3",
    "MS2_2": "F3",
    "MS2_3": "F10",
    "MS2_4": "F2",
    "MS2_5": "F10",
    "MS3_1": "F1",
    "MS3_2": "F1",
    "MS3_3": "F1",
    "MS3_4": "F6",
    "MS3_5": "F5",
    "MS4_1": "F4",
    "MS4_2": "F4",
    "MS4_3": "F7",
    "MS4_4": "F9",
    "MS4_5": "F9"
  },
  "sensor": {
    "S1": "F7",
    "S2": "F3",
    "S3": "F1",
    "S4": "F4"
  },
  "fog": {
    "F1": {
      "rho": 0.5525362405339765,
      "capacity": 1.0,
      "tserv": 1.2278583122977258,
      "stddev": 1.8085098509784343,
      "mu": 0.8144262167584074,
      "cv": 1.4728978359026774,
      "lambda": 0.44999999999999996,
      "twait": 2.402713869878626
    },
    "F2": {
      "rho": 0.7284928082481612,
      "capacity": 1.0,
      "tserv": 4.856618721654408,
      "stddev": 4.856618721654408,
      "mu": 0.20590457215454414,
      "cv": 1.0,
      "lambda": 0.15,
      "twait": 13.03100587612576
    },
    "F3": {
      "rho": 0.6828221619331452,
      "capacity": 1.0,
      "tserv": 2.276073873110484,
      "stddev": 2.384461129781623,
      "mu": 0.4393530508012024,
      "cv": 1.0476202718864378,
      "lambda": 0.3,
      "twait": 5.138836569504536
    },
    "F4": {
      "rho": 0.5917420609862158,
      "capacity": 1.0,
      "tserv": 1.9724735366207196,
      "stddev": 2.3150510307835983,
      "mu": 0.5069776508703988,
      "cv": 1.173679133231764,
      "lambda": 0.3,
      "twait": 3.398628260657878
    },
    "F5": {
      "rho": 0.6714110210555383,
      "capacity": 1.0,
      "tserv": 2.2380367368517944,
      "stddev": 2.4933408469689047,
      "mu": 0.4468201900057645,
      "cv": 1.11407503099178,
      "lambda": 0.3,
      "twait": 5.124437093442135
    },
    "F6": {
      "rho": 0.4951849817787739,
      "capacity": 1.0,
      "tserv": 3.301233211858493,
      "stddev": 3.301233211858493,
      "mu": 0.30291710273841294,
      "cv": 1.0,
      "lambda": 0.15,
      "twait": 3.2382576762905333
    },
    "F7": {
      "rho": 0.6267346277115344,
      "capacity": 1.0,
      "tserv": 2.0891154257051148,
      "stddev": 2.0897883671361677,
      "mu": 0.47867149306146245,
      "cv": 1.000322117879545,
      "lambda": 0.3,
      "twait": 3.5088783997576836
    },
    "F8": {
      "rho": 0.5398959064612114,