{
  "servicechain": {
    "SC1": {
      "resptime": 17317.456558021317,
      "resptime_old": 17307.45655802132,
      "waittime": 17303.134833913424,
      "servicetime": 10.0,
      "networktime": 4.321724107892691,
      "services": {
        "MS1_1": {
          "meanserv": 2.2322958798992962,
          "stddevserv": 2.2322958798992962,
          "rate": 0.4479692898260029,
          "cv": 1.0,
          "lambda": 0.15
        },
        "MS1_2": {
          "meanserv": 0.30283495794903903,
          "stddevserv": 0.30283495794903903,
          "rate": 3.3021286801647243,
          "cv": 1.0,
          "lambda": 0.15
        },
        "MS1_3": {
          "meanserv": 1.2114548420645064,
          "stddevserv": 1.2114548420645064,
          "rate": 0.8254537975974783,
          "cv": 1.0,
          "lambda": 0.15
        },
        "MS1_4": {
          "meanserv": 0.24318621111526495,
          "stddevserv": 0.24318621111526495,
          "rate": 4.112075250541331,
          "cv": 1.0,
          "lambda": 0.15
        },
        "MS1_5": {
          "meanserv": 6.010228108971893,
          "stddevserv": 6.010228108971893,
          "rate": 0.1663830360294028,
          "cv": 1.0,
          "lambda": 0.15
        }
      },
      "sensors": [
        "S1"
      ],
      "sources": [
        {
          "startTime": 0,
          "stopTime": -1,
          "lambda": 0.15
        }
      ]
    },
    "SC2": {
      "resptime": 17317.92230096207,
      "resptime_old": 17307.922300962065,
      "waittime": 17303.680192007658,
      "servicetime": 10.0,
      "networktime": 4.242108954409623,
      "services": {
        "MS2_1": {
          "meanserv": 1.0840236799913527,
          "stddevserv": 1.0840236799913527,
          "rate": 0.9224890733087833,
          "cv": 1.0,
          "lambda": 0.15
        },
        "MS2_2": {
          "meanserv": 0.07858160131542169,
          "stddevserv": 0.07858160131542169,
          "rate": 12.72562512420766,
          "cv": 1.0,
          "lambda": 0.15
        },
        "MS2_3": {
          "meanserv": 6.560387772356512,
          "stddevserv": 6.560387772356512,
          "rate": 0.1524300140021749,
          "cv": 1.0,
          "lambda": 0.15
        },
        "MS2_4": {
          "meanserv": 1.4546654799043868,
          "stddevserv": 1.4546654799043868,
          "rate": 0.6874432739448307,
          "cv": 1.0,
          "lambda": 0.15
        },
        "MS2_5": {
          "meanserv": 0.8223414664323272,
          "stddevserv": 0.8223414664323272,
          "rate": 1.2160398579174565,
          "cv": 1.0,
          "lambda": 0.15
        }
      },
      "sensors": [
        "S2"
      ],
      "sources": [
        {
          "startTime": 0,
          "stopTime": -1,
          "lambda": 0.15
        }
      ]
    },
    "SC3": {
      "resptime": 17318.81371155807,
      "resptime_old": 17308.813711558065,
      "waittime": 17303.385649832675,
      "servicetime": 10.0,
      "networktime": 5.428061725392391,
      "services": {
        "MS3_1": {
          "meanserv": 6.039672477361516,
          "stddevserv": 6.039672477361516,
          "rate": 0.1655718921428764,
          "cv": 1.0,
          "lambda": 0.15
        },
        "MS3_2": {
          "meanserv": 0.8889878725690394,
          "stddevserv": 0.8889878725690394,
          "rate": 1.1248747377285953,
          "cv": 1.0,
          "lambda": 0.15
        },
        "MS3_3": {
          "meanserv": 1.0924566772567195,
          "stddevserv": 1.0924566772567195,
          "rate": 0.9153681064141705,
          "cv": 1.0,
          "lambda": 0.15
        },
        "MS3_4": {
          "meanserv": 0.8967819230964515,
          "stddevserv": 0.8967819230964515,
          "rate": 1.1150983023243288,
          "cv": 1.0,
          "lambda": 0.15
        },
        "MS3_5": {
          "meanserv": 1.0821010497162735,
          "stddevserv": 1.0821010497162735,
          "rate": 0.9241281119376047,
          "cv": 1.0,
          "lambda": 0.15
        }
      },
      "sensors": [
        "S3"
      ],
      "sources": [
        {
          "startTime": 0,
          "stopTime": -1,
          "lambda": 0.15
        }
      ]
    },
    "SC4": {
      "resptime": 21.976510092637096,
      "resptime_old": 11.976510092637096,
      "waittime": 5.057521488099189,
      "servicetime": 10.0,
      "networktime": 6.918988604537906,
      "services": {
        "MS4_1": {
          "meanserv": 1.648691443391741,
          "stddevserv": 1.648691443391741,
          "rate": 0.60654163276469,
          "cv": 1.0,
          "lambda": 0.15
        },
        "MS4_2": {
          "meanserv": 1.5981981499744946,
          "stddevserv": 1.5981981499744946,
          "rate": 0.6257046412023183,
          "cv": 1.0,
          "lambda": 0.15
        },
        "MS4_3": {
          "meanserv": 2.3858623850979708,
          "stddevserv": 2.3858623850979708,
          "rate": 0.41913565771687916,
          "cv": 1.0,
          "lambda": 0.15
        },
        "MS4_4": {
          "meanserv": 1.4439168585577447,
          "stddevserv": 1.4439168585577447,
          "rate": 0.6925606513098332,
          "cv": 1.0,
          "lambda": 0.15
        },
        "MS4_5": {
          "meanserv": 2.923331162978049,
          "stddevserv": 2.923331162978049,
          "rate": 0.34207551052179885,
          "cv": 1.0,
          "lambda": 0.15
        }
      },
      "sensors": [
        "S4"
      ],
      "sources": [
        {
          "startTime": 0,
          "stopTime": -1,
          "lambda": 0.15
        }
      ]
    }
  },
  "microservice": {
    "MS1_1": "F4",
    "MS1_2": "F7",
    "MS1_3": "F7",
    "MS1_4": "F7",
    "MS1_5": "F1",
    "MS2_1": "F10",
    "MS2_2": "F10",
    "MS2_3": "F1",
    "MS2_4": "F6",
    "MS2_5": "F6",
    "MS3_1": "F1",
    "MS3_2": "F6",
    "MS3_3": "F10",
    "MS3_4": "F10",
    "MS3_5": "F7",
    "MS4_1": "F5",
    "MS4_2": "F8",
    "MS4_3": "F3",
    "MS4_4": "F9",
    "MS4_5": "F2"
  },
  "sensor": {
    "S1": "F4",
    "S2": "F10",
    "S3": "F1",
    "S4": "F5"
  },
  "fog": {
    "F1": {
      "rho": 2.7915432538034874,
      "capacity": 1.0,
      "tserv": 6.20342945289664,
      "stddev": 6.213714284481847,
      "mu": 0.1612011561658138,
      "cv": 1.001657926742506,
      "lambda": 0.44999999999999996,
      "twait": 17299.82449803978
    },
    "F2": {
      "rho": 0.4384996744467073,
      "capacity": 1.0,
      "tserv": 2.923331162978049,
      "stddev": 2.923331162978049,
      "mu": 0.34207551052179885,
      "cv": 1.0,
      "lambda": 0.15,
      "twait": 2.2829546216249237
    },
    "F3": {
      "rho": 0.3578793577646956,
      "capacity": 1.0,
      "tserv": 2.3858623850979708,
      "stddev": 2.3858623850979708,
      "mu": 0.41913565771687916,
      "cv": 1.0,
      "lambda": 0.15,
      "twait": 1.3297359435782068
    },
    "F4": {
      "rho": 0.3348443819848944,
      "capacity": 1.0,
      "tserv": 2.2322958798992962,
      "stddev": 2.2322958798992962,
      "mu": 0.4479692898260029,
      "cv": 1.0,
      "lambda": 0.15,
      "twait": 1.1237546734444495
    },
    "F5": {
      "rho": 0.24730371650876112,
      "capacity": 1.0,
      "tserv": 1.648691443391741,
      "stddev": 1.648691443391741,
      "mu": 0.60654163276469,
      "cv": 1.0,
      "lambda": 0.15,
      "twait": 0.5416892978875949
    },
    "F6": {
      "rho": 0.47489922283586306,
      "capacity": 1.0,
      "tserv": 1.055331606301918,
      "stddev": 1.1290141376512748,
      "mu": 0.947569459711521,
      "cv": 1.0698193164208871,
      "lambda": 0.44999999999999996,
      "twait": 1.023402575053084
    },
    "F7": {
      "rho": 0.4259365591267626,
      "capacity": 1.0,
      "tserv": 0.709894265211271,
      "stddev": 0.9437993233816956,
      "mu": 1.408660485096877,
      "cv": 1.3294928127089636,
      "lambda": 0.6,
      "twait": 0.7288604000669523
    },
    "F8": {
      "rho": 0.2397297224961742,
      "capacity": 1.0,