{
  "servicechain": {
    "SC1": {
      "resptime": 19.485055952672838,
      "resptime_old": 9.48505595267284,
      "waittime": 6.008813551344683,
      "servicetime": 10.0,
      "networktime": 3.4762424013281557,
      "services": {
        "MS1_1": {
          "meanserv": 1.7582442336858217,
          "stddevserv": 1.7582442336858217,
          "rate": 0.5687491992529911,
          "cv": 1.0,
          "lambda": 0.075
        },
        "MS1_2": {
          "meanserv": 0.9938746930653743,
          "stddevserv": 0.9938746930653743,
          "rate": 1.0061630575537985,
          "cv": 1.0,
          "lambda": 0.075
        },
        "MS1_3": {
          "meanserv": 5.377328156831458,
          "stddevserv": 5.377328156831458,
          "rate": 0.18596596131660317,
          "cv": 1.0,
          "lambda": 0.075
        },
        "MS1_4": {
          "meanserv": 0.9161362949489522,
          "stddevserv": 0.9161362949489522,
          "rate": 1.0915406424932883,
          "cv": 1.0,
          "lambda": 0.075
        },
        "MS1_5": {
          "meanserv": 0.9544166214683933,
          "stddevserv": 0.9544166214683933,
          "rate": 1.0477604617378473,
          "cv": 1.0,
          "lambda": 0.075
        }
      },
      "sensors": [
        "S1"
      ],
      "sources": [
        {
          "startTime": 0,
          "stopTime": -1,
          "lambda": 0.075
        }
      ]
    },
    "SC2": {
      "resptime": 17.425388979949766,
      "resptime_old": 7.425388979949764,
      "waittime": 3.778455042859108,
      "servicetime": 10.0,
      "networktime": 3.6469339370906564,
      "services": {
        "MS2_1": {
          "meanserv": 3.870721789348446,
          "stddevserv": 3.870721789348446,
          "rate": 0.25834974829547974,
          "cv": 1.0,
          "lambda": 0.075
        },
        "MS2_2": {
          "meanserv": 2.985010136971608,
          "stddevserv": 2.985010136971608,
          "rate": 0.3350072375347218,
          "cv": 1.0,
          "lambda": 0.075
        },
        "MS2_3": {
          "meanserv": 1.899711061568695,
          "stddevserv": 1.899711061568695,
          "rate": 0.5263958399938176,
          "cv": 1.0,
          "lambda": 0.075
        },
        "MS2_4": {
          "meanserv": 0.893992149290801,
          "stddevserv": 0.893992149290801,
          "rate": 1.118578055515694,
          "cv": 1.0,
          "lambda": 0.075
        },
        "MS2_5": {
          "meanserv": 0.3505648628204501,
          "stddevserv": 0.3505648628204501,
          "rate": 2.852539161952957,
          "cv": 1.0,
          "lambda": 0.075
        }
      },
      "sensors": [
        "S2"
      ],
      "sources": [
        {
          "startTime": 0,
          "stopTime": -1,
          "lambda": 0.075
        }
      ]
    },
    "SC3": {
      "resptime": 19.260885670268102,
      "resptime_old": 9.260885670268102,
      "waittime": 7.0519019203888185,
      "servicetime": 10.0,
      "networktime": 2.208983749879284,
      "services": {
        "MS3_1": {
          "meanserv": 1.2764463701197204,
          "stddevserv": 1.2764463701197204,
          "rate": 0.7834250019499119,
          "cv": 1.0,
          "lambda": 0.075
        },
        "MS3_2": {
          "meanserv": 0.45689732574172304,
          "stddevserv": 0.45689732574172304,
          "rate": 2.1886755374998286,
          "cv": 1.0,
          "lambda": 0.075
        },
        "MS3_3": {
          "meanserv": 0.5376090161784177,
          "stddevserv": 0.5376090161784177,
          "rate": 1.8600878517783774,
          "cv": 1.0,
          "lambda": 0.075
        },
        "MS3_4": {
          "meanserv": 1.8339547964899836,
          "stddevserv": 1.8339547964899836,
          "rate": 0.5452697099808053,
          "cv": 1.0,
          "lambda": 0.075
        },
        "MS3_5": {
          "meanserv": 5.895092491470155,
          "stddevserv": 5.895092491470155,
          "rate": 0.16963262263432508,
          "cv": 1.0,
          "lambda": 0.075
        }
      },
      "sensors": [
        "S3"
      ],
      "sources": [
        {
          "startTime": 0,
          "stopTime": -1,
          "lambda": 0.075
        }
      ]
    },
    "SC4": {
      "resptime": 18.268321068697986,
      "resptime_old": 8.268321068697988,
      "waittime": 4.761351115873589,
      "servicetime": 10.0,
      "networktime": 3.5069699528243987,
      "services": {
        "MS4_1": {
          "meanserv": 1.1879068257470216,
          "stddevserv": 1.1879068257470216,
          "rate": 0.8418168650316027,
          "cv": 1.0,
          "lambda": 0.075
        },
        "MS4_2": {
          "meanserv": 0.04950033514140251,
          "stddevserv": 0.04950033514140251,
          "rate": 20.201883424494056,
          "cv": 1.0,
          "lambda": 0.075
        },
        "MS4_3": {
          "meanserv": 2.4274041432808735,
          "stddevserv": 2.4274041432808735,
          "rate": 0.41196271447753335,
          "cv": 1.0,
          "lambda": 0.075
        },
        "MS4_4": {
          "meanserv": 3.9792463028286478,
          "stddevserv": 3.9792463028286478,
          "rate": 0.25130387110975005,
          "cv": 1.0,
          "lambda": 0.075
        },
        "MS4_5": {
          "meanserv": 2.3559423930020547,
          "stddevserv": 2.3559423930020547,
          "rate": 0.4244585958342352,
          "cv": 1.0,
          "lambda": 0.075
        }
      },
      "sensors": [
        "S4"
      ],
      "sources": [
        {
          "startTime": 0,
          "stopTime": -1,
          "lambda": 0.075
        }
      ]
    }
  },
  "microservice": {
    "MS1_1": "F2",
    "MS1_2": "F2",
    "MS1_3": "F7",
    "MS1_4": "F8",
    "MS1_5": "F8",
    "MS2_1": "F9",
    "MS2_2": "F4",
    "MS2_3": "F3",
    "MS2_4": "F3",
    "MS2_5": "F3",
    "MS3_1": "F6",
    "MS3_2": "F6",
    "MS3_3": "F6",
    "MS3_4": "F6",
    "MS3_5": "F10",
    "MS4_1": "F5",
    "MS4_2": "F5",
    "MS4_3": "F5",
    "MS4_4": "F1",
    "MS4_5": "F8"
  },
  "sensor": {
    "S1": "F2",
    "S2": "F9",
    "S3": "F6",
    "S4": "F5"
  },
  "fog": {
    "F1": {
      "rho": 0.29844347271214855,
      "capacity": 1.0,
      "tserv": 3.9792463028286473,
      "stddev": 3.9792463028286478,
      "mu": 0.2513038711097501,
      "cv": 1.0000000000000002,
      "lambda": 0.075,
      "twait": 1.692778898350825
    },
    "F2": {
      "rho": 0.20640891950633974,
      "capacity": 1.0,
      "tserv": 1.3760594633755983,
      "stddev": 1.4784011783205855,
      "mu": 0.7267127813989299,
      "cv": 1.074373032320808,
      "lambda": 0.15,
      "twait": 0.3855143213304257
    },
    "F3": {
      "rho": 0.23582010552599597,
      "capacity": 1.0,
      "tserv": 1.0480893578933155,
      "stddev": 1.3864301521751299,
      "mu": 0.9541171203283886,
      "cv": 1.3228167443297845,
      "lambda": 0.22499999999999998,
      "twait": 0.4446943549793792
    },
    "F4": {
      "rho": 0.22387576027287062,
      "capacity": 1.0,
      "tserv": 2.985010136971608,
      "stddev": 2.985010136971608,
      "mu": 0.3350072375347218,
      "cv": 1.0,
      "lambda": 0.075,
      "twait": 0.8610366480393604
    },
    "F5": {
      "rho": 0.2748608478126973,
      "capacity": 1.0,
      "tserv": 1.2216037680564327,
      "stddev": 1.8380043771181314,
      "mu": 0.8185960342861389,
      "cv": 1.5045830941094671,
      "lambda": 0.22499999999999998,
      "twait": 0.7556339803141875
    },
    "F6": {
      "rho": 0.30786806313973836,
      "capacity": 1.0,
      "tserv": 1.0262268771324612,
      "stddev": 1.3008076232111736,
      "mu": 0.9744433928628475,
      "cv": 1.2675633938237525,
      "lambda": 0.3,
      "twait": 0.5949534900253269
    },
    "F7": {
      "rho": 0.40329961176235934,
      "capacity": 1.0,
      "tserv": 5.377328156831458,
      "stddev": 5.377328156831459,
      "mu": 0.18596596131660317,
      "cv": 1.0000000000000002,
      "lambda": 0.075,