{
  "servicechain": {
    "SC1": {
      "resptime": 8658.413532905925,
      "resptime_old": 8648.413532905925,
      "waittime": 8643.132954487326,
      "servicetime": 10.0,
      "networktime": 5.280578418598946,
      "services": {
        "MS1_1": {
          "meanserv": 0.03946429549278041,
          "stddevserv": 0.03946429549278041,
          "rate": 25.339360237228604,
          "cv": 1.0,
          "lambda": 0.175
        },
        "MS1_2": {
          "meanserv": 1.2787424045699347,
          "stddevserv": 1.2787424045699347,
          "rate": 0.7820183302174287,
          "cv": 1.0,
          "lambda": 0.175
        },
        "MS1_3": {
          "meanserv": 7.027755632836,
          "stddevserv": 7.027755632836,
          "rate": 0.1422929384920086,
          "cv": 1.0,
          "lambda": 0.175
        },
        "MS1_4": {
          "meanserv": 1.390298076647337,
          "stddevserv": 1.390298076647337,
          "rate": 0.7192702175144129,
          "cv": 1.0,
          "lambda": 0.175
        },
        "MS1_5": {
          "meanserv": 0.2637395904539481,
          "stddevserv": 0.2637395904539481,
          "rate": 3.791618839927679,
          "cv": 1.0,
          "lambda": 0.175
        }
      },
      "sensors": [
        "S1"
      ],
      "sources": [
        {
          "startTime": 0,
          "stopTime": -1,
          "lambda": 0.175
        }
      ]
    },
    "SC2": {
      "resptime": 40.46773391264115,
      "resptime_old": 30.467733912641144,
      "waittime": 25.159920277728467,
      "servicetime": 10.0,
      "networktime": 5.307813634912684,
      "services": {
        "MS2_1": {
          "meanserv": 0.2173246932648476,
          "stddevserv": 0.2173246932648476,
          "rate": 4.601409922531571,
          "cv": 1.0,
          "lambda": 0.175
        },
        "MS2_2": {
          "meanserv": 4.462384942941241,
          "stddevserv": 4.462384942941241,
          "rate": 0.22409541372754843,
          "cv": 1.0,
          "lambda": 0.175
        },
        "MS2_3": {
          "meanserv": 2.508806591342063,
          "stddevserv": 2.508806591342063,
          "rate": 0.39859589154900105,
          "cv": 1.0,
          "lambda": 0.175
        },
        "MS2_4": {
          "meanserv": 2.6535279191600027,
          "stddevserv": 2.6535279191600027,
          "rate": 0.3768567848031381,
          "cv": 1.0,
          "lambda": 0.175
        },
        "MS2_5": {
          "meanserv": 0.15795585329184547,
          "stddevserv": 0.15795585329184547,
          "rate": 6.330882833144274,
          "cv": 1.0,
          "lambda": 0.175
        }
      },
      "sensors": [
        "S2"
      ],
      "sources": [
        {
          "startTime": 0,
          "stopTime": -1,
          "lambda": 0.175
        }
      ]
    },
    "SC3": {
      "resptime": 47.951766625609466,
      "resptime_old": 37.951766625609466,
      "waittime": 32.67302202091363,
      "servicetime": 10.0,
      "networktime": 5.27874460469584,
      "services": {
        "MS3_1": {
          "meanserv": 1.9358595036221227,
          "stddevserv": 1.9358595036221227,
          "rate": 0.5165664130733315,
          "cv": 1.0,
          "lambda": 0.175
        },
        "MS3_2": {
          "meanserv": 0.11238422000792858,
          "stddevserv": 0.11238422000792858,
          "rate": 8.898046362108943,
          "cv": 1.0,
          "lambda": 0.175
        },
        "MS3_3": {
          "meanserv": 2.1893599500625323,
          "stddevserv": 2.1893599500625323,
          "rate": 0.45675449574723337,
          "cv": 1.0,
          "lambda": 0.175
        },
        "MS3_4": {
          "meanserv": 4.688550339584801,
          "stddevserv": 4.688550339584801,
          "rate": 0.21328554192052374,
          "cv": 1.0,
          "lambda": 0.175
        },
        "MS3_5": {
          "meanserv": 1.073845986722615,
          "stddevserv": 1.073845986722615,
          "rate": 0.9312322366189647,
          "cv": 1.0,
          "lambda": 0.175
        }
      },
      "sensors": [
        "S3"
      ],
      "sources": [
        {
          "startTime": 0,
          "stopTime": -1,
          "lambda": 0.175
        }
      ]
    },
    "SC4": {
      "resptime": 70.98049595214259,
      "resptime_old": 60.98049595214258,
      "waittime": 57.94448254754897,
      "servicetime": 10.0,
      "networktime": 3.036013404593612,
      "services": {
        "MS4_1": {
          "meanserv": 5.205356264293984,
          "stddevserv": 5.205356264293984,
          "rate": 0.19210980943984102,
          "cv": 1.0,
          "lambda": 0.175
        },
        "MS4_2": {
          "meanserv": 2.538460288412697,
          "stddevserv": 2.538460288412697,
          "rate": 0.3939395879323767,
          "cv": 1.0,
          "lambda": 0.175
        },
        "MS4_3": {
          "meanserv": 0.6777488898271429,
          "stddevserv": 0.6777488898271429,
          "rate": 1.4754727230243725,
          "cv": 1.0,
          "lambda": 0.175
        },
        "MS4_4": {
          "meanserv": 0.1440461887501776,
          "stddevserv": 0.1440461887501776,
          "rate": 6.942217691953804,
          "cv": 1.0,
          "lambda": 0.175
        },
        "MS4_5": {
          "meanserv": 1.4343883687159984,
          "stddevserv": 1.4343883687159984,
          "rate": 0.6971612582826199,
          "cv": 1.0,
          "lambda": 0.175
        }
      },
      "sensors": [
        "S4"
      ],
      "sources": [
        {
          "startTime": 0,
          "stopTime": -1,
          "lambda": 0.175
        }
      ]
    }
  },
  "microservice": {
    "MS1_1": "F10",
    "MS1_2": "F10",
    "MS1_3": "F8",
    "MS1_4": "F5",
    "MS1_5": "F3",
    "MS2_1": "F3",
    "MS2_2": "F7",
    "MS2_3": "F4",
    "MS2_4": "F2",
    "MS2_5": "F2",
    "MS3_1": "F10",
    "MS3_2": "F10",
    "MS3_3": "F5",
    "MS3_4": "F1",
    "MS3_5": "F4",
    "MS4_1": "F9",
    "MS4_2": "F6",
    "MS4_3": "F3",
    "MS4_4": "F3",
    "MS4_5": "F3"
  },
  "sensor": {
    "S1": "F10",
    "S2": "F3",
    "S3": "F10",
    "S4": "F9"
  },
  "fog": {
    "F1": {
      "rho": 0.8204963094273402,
      "capacity": 1.0,
      "tserv": 4.688550339584801,
      "stddev": 4.688550339584801,
      "mu": 0.21328554192052374,
      "cv": 1.0,
      "lambda": 0.175,
      "twait": 21.430970237553204
    },
    "F2": {
      "rho": 0.49200966017907344,
      "capacity": 1.0,
      "tserv": 1.405741886225924,
      "stddev": 2.2561139640232604,
      "mu": 0.711368146455931,
      "cv": 1.60492760878057,
      "lambda": 0.35,
      "twait": 2.4342551131430863
    },
    "F3": {
      "rho": 0.4790183529271201,
      "capacity": 1.0,
      "tserv": 0.5474495462024229,
      "stddev": 0.8729487806842962,
      "mu": 1.8266523498591845,
      "cv": 1.5945739415436795,
      "lambda": 0.875,
      "twait": 0.8916081901715706
    },
    "F4": {
      "rho": 0.6269642011613186,
      "capacity": 1.0,
      "tserv": 1.791326289032339,
      "stddev": 2.0587388960679975,
      "mu": 0.5582455893840493,
      "cv": 1.1492819084233463,
      "lambda": 0.35,
      "twait": 3.493685470270065
    },
    "F5": {
      "rho": 0.626440154674227,
      "capacity": 1.0,
      "tserv": 1.7898290133549346,
      "stddev": 1.8768957978055145,
      "mu": 0.5587125879279138,
      "cv": 1.0486453084629452,
      "lambda": 0.35,
      "twait": 3.1510065066689075
    },
    "F6": {
      "rho": 0.44423055047222193,
      "capacity": 1.0,
      "tserv": 2.538460288412697,
      "stddev": 2.538460288412697,
      "mu": 0.3939395879323767,
      "cv": 1.0,
      "lambda": 0.175,
      "twait": 2.0290097129872655
    },
    "F7": {
      "rho": 0.7809173650147171,
      "capacity": 1.0,
      "tserv": 4.462384942941241,
      "stddev": 4.462384942941241,
      "mu": 0.22409541372754843,
      "cv": 1.0,
      "lambda": 0.175,
      "twait": 15.906116391000657
    },
    "F8": {
      "rho": 1.2298572357463,
      "capacity": 1.0,