{
  "servicechain": {
    "SC1": {
      "resptime": 35.43920115665487,
      "resptime_old": 25.439201156654875,
      "waittime": 21.621357455277177,
      "servicetime": 10.0,
      "networktime": 3.81784370137769,
      "services": {
        "MS1_1": {
          "meanserv": 3.1404699188677965,
          "stddevserv": 3.1404699188677965,
          "rate": 0.3184236836634055,
          "cv": 1.0,
          "lambda": 0.15
        },
        "MS1_2": {
          "meanserv": 0.06898822274432526,
          "stddevserv": 0.06898822274432526,
          "rate": 14.495227739176057,
          "cv": 1.0,
          "lambda": 0.15
        },
        "MS1_3": {
          "meanserv": 0.5468135400601635,
          "stddevserv": 0.5468135400601635,
          "rate": 1.8287769536393967,
          "cv": 1.0,
          "lambda": 0.15
        },
        "MS1_4": {
          "meanserv": 1.066744161994294,
          "stddevserv": 1.066744161994294,
          "rate": 0.9374318938202439,
          "cv": 1.0,
          "lambda": 0.15
        },
        "MS1_5": {
          "meanserv": 0.12541108858519578,
          "stddevserv": 0.12541108858519578,
          "rate": 7.973776571763572,
          "cv": 1.0,
          "lambda": 0.15
        },
        "MS1_6": {
          "meanserv": 0.12060486407224946,
          "stddevserv": 0.12060486407224946,
          "rate": 8.29153954687052,
          "cv": 1.0,
          "lambda": 0.15
        },
        "MS1_7": {
          "meanserv": 1.1145469775474277,
          "stddevserv": 1.1145469775474277,
          "rate": 0.8972255276314243,
          "cv": 1.0,
          "lambda": 0.15
        },
        "MS1_8": {
          "meanserv": 0.28535757345659096,
          "stddevserv": 0.28535757345659096,
          "rate": 3.504375187547358,
          "cv": 1.0,
          "lambda": 0.15
        },
        "MS1_9": {
          "meanserv": 1.1299812379292957,
          "stddevserv": 1.1299812379292957,
          "rate": 0.884970445909803,
          "cv": 1.0,
          "lambda": 0.15
        },
        "MS1_10": {
          "meanserv": 0.6170471709716425,
          "stddevserv": 0.6170471709716425,
          "rate": 1.6206216429537066,
          "cv": 1.0,
          "lambda": 0.15
        },
        "MS1_11": {
          "meanserv": 1.5733669111749773,
          "stddevserv": 1.5733669111749773,
          "rate": 0.6355796558942557,
          "cv": 1.0,
          "lambda": 0.15
        },
        "MS1_12": {
          "meanserv": 0.21066833259604145,
          "stddevserv": 0.21066833259604145,
          "rate": 4.746797905869933,
          "cv": 1.0,
          "lambda": 0.15
        }
      },
      "sensors": [
        "S1"
      ],
      "sources": [
        {
          "startTime": 0,
          "stopTime": -1,
          "lambda": 0.15
        }
      ]
    },
    "SC2": {
      "resptime": 33.766327048970105,
      "resptime_old": 23.766327048970105,
      "waittime": 19.960278182547192,
      "servicetime": 10.0,
      "networktime": 3.8060488664229126,
      "services": {
        "MS2_1": {
          "meanserv": 0.8852024506503264,
          "stddevserv": 0.8852024506503264,
          "rate": 1.1296850785550085,
          "cv": 1.0,
          "lambda": 0.15
        },
        "MS2_2": {
          "meanserv": 0.32584699170675524,
          "stddevserv": 0.32584699170675524,
          "rate": 3.0689250643748345,
          "cv": 1.0,
          "lambda": 0.15
        },
        "MS2_3": {
          "meanserv": 0.8821570488522568,
          "stddevserv": 0.8821570488522568,
          "rate": 1.1335850020141702,
          "cv": 1.0,
          "lambda": 0.15
        },
        "MS2_4": {
          "meanserv": 0.3987726551581505,
          "stddevserv": 0.3987726551581505,
          "rate": 2.507694514819244,
          "cv": 1.0,
          "lambda": 0.15
        },
        "MS2_5": {
          "meanserv": 0.6860586739817975,
          "stddevserv": 0.6860586739817975,
          "rate": 1.4576012780308232,
          "cv": 1.0,
          "lambda": 0.15
        },
        "MS2_6": {
          "meanserv": 0.13500085816656293,
          "stddevserv": 0.13500085816656293,
          "rate": 7.4073603203781735,
          "cv": 1.0,
          "lambda": 0.15
        },
        "MS2_7": {
          "meanserv": 3.1154512367895446,
          "stddevserv": 3.1154512367895446,
          "rate": 0.32098079025961407,
          "cv": 1.0,
          "lambda": 0.15
        },
        "MS2_8": {
          "meanserv": 0.012901399654805523,
          "stddevserv": 0.012901399654805523,
          "rate": 77.51096987585524,
          "cv": 1.0,
          "lambda": 0.15
        },
        "MS2_9": {
          "meanserv": 1.8910806059724266,
          "stddevserv": 1.8910806059724266,
          "rate": 0.5287981891632708,
          "cv": 1.0,
          "lambda": 0.15
        },
        "MS2_10": {
          "meanserv": 0.3778185257874114,
          "stddevserv": 0.3778185257874114,
          "rate": 2.646773336262166,
          "cv": 1.0,
          "lambda": 0.15
        },
        "MS2_11": {
          "meanserv": 0.11228008396182076,
          "stddevserv": 0.11228008396182076,
          "rate": 8.906299004372277,
          "cv": 1.0,
          "lambda": 0.15
        },
        "MS2_12": {
          "meanserv": 1.1774294693181417,
          "stddevserv": 1.1774294693181417,
          "rate": 0.8493077726168239,
          "cv": 1.0,
          "lambda": 0.15
        }
      },
      "sensors": [
        "S2"
      ],
      "sources": [
        {
          "startTime": 0,
          "stopTime": -1,
          "lambda": 0.15
        }
      ]
    },
    "SC3": {
      "resptime": 33.74077728607347,
      "resptime_old": 23.740777286073463,
      "waittime": 19.88479612797353,
      "servicetime": 10.0,
      "networktime": 3.855981158099933,
      "services": {
        "MS3_1": {
          "meanserv": 1.0265333105889607,
          "stddevserv": 1.0265333105889607,
          "rate": 0.9741525089198152,
          "cv": 1.0,
          "lambda": 0.15
        },
        "MS3_2": {
          "meanserv": 2.115626884775926,
          "stddevserv": 2.115626884775926,
          "rate": 0.47267313872593075,
          "cv": 1.0,
          "lambda": 0.15
        },
        "MS3_3": {
          "meanserv": 0.6568248638861607,
          "stddevserv": 0.6568248638861607,
          "rate": 1.5224758607392146,
          "cv": 1.0,
          "lambda": 0.15
        },
        "MS3_4": {
          "meanserv": 0.2750095470158298,
          "stddevserv": 0.2750095470158298,
          "rate": 3.6362373992145045,
          "cv": 1.0,
          "lambda": 0.15
        },
        "MS3_5": {
          "meanserv": 0.0612402386556834,
          "stddevserv": 0.0612402386556834,
          "rate": 16.329132967988443,
          "cv": 1.0,
          "lambda": 0.15
        },
        "MS3_6": {
          "meanserv": 0.22067715542257638,
          "stddevserv": 0.22067715542257638,
          "rate": 4.531506662232855,
          "cv": 1.0,
          "lambda": 0.15
        },
        "MS3_7": {
          "meanserv": 1.5887793259484564,
          "stddevserv": 1.5887793259484564,
          "rate": 0.6294140310537011,
          "cv": 1.0,
          "lambda": 0.15
        },
        "MS3_8": {
          "meanserv": 0.45077807157346506,
          "stddevserv": 0.45077807157346506,
          "rate": 2.218386525567773,
          "cv": 1.0,
          "lambda": 0.15
        },
        "MS3_9": {
          "meanserv": 1.6558774195033337,
          "stddevserv": 1.6558774195033337,
          "rate": 0.6039094369074381,
          "cv": 1.0,
          "lambda": 0.15
        },
        "MS3_10": {
          "meanserv": 0.288166950766767,
          "stddevserv": 0.288166950766767,
          "rate": 3.4702105752903205,
          "cv": 1.0,
          "lambda": 0.15
        },
        "MS3_11": {
          "meanserv": 0.3038277033513328,
          "stddevserv": 0.3038277033513328,
          "rate": 3.291339100976071,