{
  "servicechain": {
    "SC1": {
      "resptime": 27.508371015922975,
      "resptime_old": 17.50837101592297,
      "waittime": 13.227919000485493,
      "servicetime": 10.0,
      "networktime": 4.280452015437481,
      "services": {
        "MS1_1": {
          "meanserv": 1.750157331823855,
          "stddevserv": 1.750157331823855,
          "rate": 0.5713772023900793,
          "cv": 1.0,
          "lambda": 0.15
        },
        "MS1_2": {
          "meanserv": 1.9689882720904162,
          "stddevserv": 1.9689882720904162,
          "rate": 0.507875041296376,
          "cv": 1.0,
          "lambda": 0.15
        },
        "MS1_3": {
          "meanserv": 3.8403622427836503,
          "stddevserv": 3.8403622427836503,
          "rate": 0.2603921028228731,
          "cv": 1.0,
          "lambda": 0.15
        },
        "MS1_4": {
          "meanserv": 2.4404921533020785,
          "stddevserv": 2.4404921533020785,
          "rate": 0.4097534174190899,
          "cv": 1.0,
          "lambda": 0.15
        }
      },
      "sensors": [
        "S1"
      ],
      "sources": [
        {
          "startTime": 0,
          "stopTime": -1,
          "lambda": 0.15
        }
      ]
    },
    "SC2": {
      "resptime": 30.25510292849456,
      "resptime_old": 20.25510292849456,
      "waittime": 15.439787365789265,
      "servicetime": 10.0,
      "networktime": 4.815315562705296,
      "services": {
        "MS2_1": {
          "meanserv": 1.6957552772979134,
          "stddevserv": 1.6957552772979134,
          "rate": 0.5897077328241852,
          "cv": 1.0,
          "lambda": 0.15
        },
        "MS2_2": {
          "meanserv": 2.20467064211463,
          "stddevserv": 2.20467064211463,
          "rate": 0.45358249023574826,
          "cv": 1.0,
          "lambda": 0.15
        },
        "MS2_3": {
          "meanserv": 2.2017216977651906,
          "stddevserv": 2.2017216977651906,
          "rate": 0.45419001003397846,
          "cv": 1.0,
          "lambda": 0.15
        },
        "MS2_4": {
          "meanserv": 3.8978523828222658,
          "stddevserv": 3.8978523828222658,
          "rate": 0.2565515319171588,
          "cv": 1.0,
          "lambda": 0.15
        }
      },
      "sensors": [
        "S2"
      ],
      "sources": [
        {
          "startTime": 0,
          "stopTime": -1,
          "lambda": 0.15
        }
      ]
    },
    "SC3": {
      "resptime": 28.619983796208423,
      "resptime_old": 18.619983796208423,
      "waittime": 12.709365416836407,
      "servicetime": 10.0,
      "networktime": 5.910618379372017,
      "services": {
        "MS3_1": {
          "meanserv": 3.2774389987224453,
          "stddevserv": 3.2774389987224453,
          "rate": 0.3051162814593354,
          "cv": 1.0,
          "lambda": 0.15
        },
        "MS3_2": {
          "meanserv": 1.6233086790876614,
          "stddevserv": 1.6233086790876614,
          "rate": 0.6160257829472237,
          "cv": 1.0,
          "lambda": 0.15
        },
        "MS3_3": {
          "meanserv": 3.7631088465000966,
          "stddevserv": 3.7631088465000966,
          "rate": 0.2657377293059318,
          "cv": 1.0,
          "lambda": 0.15
        },
        "MS3_4": {
          "meanserv": 1.3361434756897967,
          "stddevserv": 1.3361434756897967,
          "rate": 0.7484226194224692,
          "cv": 1.0,
          "lambda": 0.15
        }
      },
      "sensors": [
        "S3"
      ],
      "sources": [
        {
          "startTime": 0,
          "stopTime": -1,
          "lambda": 0.15
        }
      ]
    },
    "SC4": {
      "resptime": 62.56656099969052,
      "resptime_old": 52.56656099969052,
      "waittime": 48.22269078177622,
      "servicetime": 10.0,
      "networktime": 4.343870217914302,
      "services": {
        "MS4_1": {
          "meanserv": 0.18033825607030152,
          "stddevserv": 0.18033825607030152,
          "rate": 5.5451351354433,
          "cv": 1.0,
          "lambda": 0.15
        },
        "MS4_2": {
          "meanserv": 0.009094735010911625,
          "stddevserv": 0.009094735010911625,
          "rate": 109.95372584250406,
          "cv": 1.0,
          "lambda": 0.15
        },
        "MS4_3": {
          "meanserv": 5.811674949687372,
          "stddevserv": 5.811674949687372,
          "rate": 0.1720674347166978,
          "cv": 1.0,
          "lambda": 0.15
        },
        "MS4_4": {
          "meanserv": 3.998892059231415,
          "stddevserv": 3.998892059231415,
          "rate": 0.25006926548354985,
          "cv": 1.0,
          "lambda": 0.15
        }
      },
      "sensors": [
        "S4"
      ],
      "sources": [
        {
          "startTime": 0,
          "stopTime": -1,
          "lambda": 0.15
        }
      ]
    }
  },
  "microservice": {
    "MS1_1": "F4",
    "MS1_2": "F4",
    "MS1_3": "F2",
    "MS1_4": "F10",
    "MS2_1": "F8",
    "MS2_2": "F9",
    "MS2_3": "F9",
    "MS2_4": "F7",
    "MS3_1": "F5",
    "MS3_2": "F10",
    "MS3_3": "F6",
    "MS3_4": "F8",
    "MS4_1": "F8",
    "MS4_2": "F8",
    "MS4_3": "F1",
    "MS4_4": "F3"
  },
  "sensor": {
    "S1": "F4",
    "S2": "F8",
    "S3": "F5",
    "S4": "F8"
  },
  "fog": {
    "F1": {
      "rho": 0.8717512424531059,
      "capacity": 1.0,
      "tserv": 5.811674949687372,
      "stddev": 5.811674949687372,
      "mu": 0.1720674347166978,
      "cv": 1.0,
      "lambda": 0.15,
      "twait": 39.503968342703466
    },
    "F2": {
      "rho": 0.5760543364175476,
      "capacity": 1.0,
      "tserv": 3.8403622427836503,
      "stddev": 3.8403622427836503,
      "mu": 0.2603921028228731,
      "cv": 1.0,
      "lambda": 0.15,
      "twait": 5.218256756480498
    },
    "F3": {
      "rho": 0.5998338088847123,
      "capacity": 1.0,
      "tserv": 3.9988920592314154,
      "stddev": 3.9988920592314146,
      "mu": 0.2500692654835498,
      "cv": 0.9999999999999998,
      "lambda": 0.15,
      "twait": 5.994186186799958
    },
    "F4": {
      "rho": 0.5578718405871407,
      "capacity": 1.0,
      "tserv": 1.8595728019571356,
      "stddev": 1.8659995969955852,
      "mu": 0.5377579188873567,
      "cv": 1.0034560599249922,
      "lambda": 0.3,
      "twait": 2.3545092143585427
    },
    "F5": {
      "rho": 0.49161584980836676,
      "capacity": 1.0,
      "tserv": 3.2774389987224453,
      "stddev": 3.2774389987224453,
      "mu": 0.3051162814593354,
      "cv": 1.0,
      "lambda": 0.15,
      "twait": 3.1693375136590447
    },
    "F6": {
      "rho": 0.5644663269750143,
      "capacity": 1.0,
      "tserv": 3.763108846500096,
      "stddev": 3.763108846500097,
      "mu": 0.26573772930593187,
      "cv": 1.0000000000000002,
      "lambda": 0.15,
      "twait": 4.877115961753052
    },
    "F7": {
      "rho": 0.5846778574233399,
      "capacity": 1.0,
      "tserv": 3.897852382822266,
      "stddev": 3.897852382822265,
      "mu": 0.2565515319171588,
      "cv": 0.9999999999999997,
      "lambda": 0.15,
      "twait": 5.487277816689791
    },
    "F8": {
      "rho": 0.48319976161033845,
      "capacity": 1.0,
      "tserv": 0.8053329360172309,
      "stddev": 1.3031399911849961,
      "mu": 1.2417224669159739,
      "cv": 1.6181382045910937,
      "lambda": 0.6,
      "twait": 1.362268126136401
    },
    "F9": {
      "rho": 0.660958850981973,
      "capacity": 1.0,
      "tserv": 2.2031961699399103,
      "stddev": 2.2031971567189075,
      "mu": 0.4538860468458757,
      "cv": 1.0000004478852182,
      "lambda": 0.3,
      "twait": 4.295120711481536
    },
    "F10": {
      "rho": 0.609570124858461,
      "capacity": 1.0,
      "tserv": 2.03190041619487,
      "stddev": 2.1124662640140457,
      "mu": 0.492150103435037,
      "cv": 1.0396504903375388,
      "lambda": 0.3,
      "twait": 3.30064381528791
    }
  },
  "extra": {
    "deltatime": 0.3042792,
    "conv": 11,
    "obj_func": 37.23750468507912
  },