{
  "servicechain": {
    "SC1": {
      "resptime": 31.33485243882521,
      "resptime_old": 21.33485243882521,
      "waittime": 20.2562062654482,
      "servicetime": 10.0,
      "networktime": 1.0786461733770094,
      "services": {
        "MS1_1": {
          "meanserv": 2.0656301367783634,
          "stddevserv": 2.0656301367783634,
          "rate": 0.4841137734171707,
          "cv": 1.0,
          "lambda": 0.075
        },
        "MS1_2": {
          "meanserv": 1.0107662027676847,
          "stddevserv": 1.0107662027676847,
          "rate": 0.9893484737239882,
          "cv": 1.0,
          "lambda": 0.075
        },
        "MS1_3": {
          "meanserv": 1.5659958678249515,
          "stddevserv": 1.5659958678249515,
          "rate": 0.6385712890730187,
          "cv": 1.0,
          "lambda": 0.075
        },
        "MS1_4": {
          "meanserv": 0.16787357671370096,
          "stddevserv": 0.16787357671370096,
          "rate": 5.956863608770571,
          "cv": 1.0,
          "lambda": 0.075
        },
        "MS1_5": {
          "meanserv": 0.8366163968016016,
          "stddevserv": 0.8366163968016016,
          "rate": 1.195290940774071,
          "cv": 1.0,
          "lambda": 0.075
        },
        "MS1_6": {
          "meanserv": 0.7968681279048857,
          "stddevserv": 0.7968681279048857,
          "rate": 1.2549127829082407,
          "cv": 1.0,
          "lambda": 0.075
        },
        "MS1_7": {
          "meanserv": 0.7754511823181538,
          "stddevserv": 0.7754511823181538,
          "rate": 1.2895718296676963,
          "cv": 1.0,
          "lambda": 0.075
        },
        "MS1_8": {
          "meanserv": 1.120161789315162,
          "stddevserv": 1.120161789315162,
          "rate": 0.8927281840343564,
          "cv": 1.0,
          "lambda": 0.075
        },
        "MS1_9": {
          "meanserv": 0.9385891646167064,
          "stddevserv": 0.9385891646167064,
          "rate": 1.06542887740279,
          "cv": 1.0,
          "lambda": 0.075
        },
        "MS1_10": {
          "meanserv": 0.7220475549587899,
          "stddevserv": 0.7220475549587899,
          "rate": 1.384950330670497,
          "cv": 1.0,
          "lambda": 0.075
        }
      },
      "sensors": [
        "S1"
      ],
      "sources": [
        {
          "startTime": 0,
          "stopTime": -1,
          "lambda": 0.075
        }
      ]
    },
    "SC2": {
      "resptime": 36.31892349870153,
      "resptime_old": 26.31892349870153,
      "waittime": 23.273318076588637,
      "servicetime": 10.0,
      "networktime": 3.045605422112895,
      "services": {
        "MS2_1": {
          "meanserv": 1.425501026484881,
          "stddevserv": 1.425501026484881,
          "rate": 0.7015077375748253,
          "cv": 1.0,
          "lambda": 0.075
        },
        "MS2_2": {
          "meanserv": 0.12898046232025728,
          "stddevserv": 0.12898046232025728,
          "rate": 7.7531122311921115,
          "cv": 1.0,
          "lambda": 0.075
        },
        "MS2_3": {
          "meanserv": 1.1559905714563954,
          "stddevserv": 1.1559905714563954,
          "rate": 0.8650589586904088,
          "cv": 1.0,
          "lambda": 0.075
        },
        "MS2_4": {
          "meanserv": 0.9243303364209599,
          "stddevserv": 0.9243303364209599,
          "rate": 1.0818643082429122,
          "cv": 1.0,
          "lambda": 0.075
        },
        "MS2_5": {
          "meanserv": 0.7993979316307298,
          "stddevserv": 0.7993979316307298,
          "rate": 1.2509414403412984,
          "cv": 1.0,
          "lambda": 0.075
        },
        "MS2_6": {
          "meanserv": 0.38413918366568733,
          "stddevserv": 0.38413918366568733,
          "rate": 2.6032231090236566,
          "cv": 1.0,
          "lambda": 0.075
        },
        "MS2_7": {
          "meanserv": 1.1265773166991764,
          "stddevserv": 1.1265773166991764,
          "rate": 0.8876443588709539,
          "cv": 1.0,
          "lambda": 0.075
        },
        "MS2_8": {
          "meanserv": 0.3399765092070268,
          "stddevserv": 0.3399765092070268,
          "rate": 2.9413796921806017,
          "cv": 1.0,
          "lambda": 0.075
        },
        "MS2_9": {
          "meanserv": 3.670981734519975,
          "stddevserv": 3.670981734519975,
          "rate": 0.27240669453528676,
          "cv": 1.0,
          "lambda": 0.075
        },
        "MS2_10": {
          "meanserv": 0.044124927594911156,
          "stddevserv": 0.044124927594911156,
          "rate": 22.662926706203322,
          "cv": 1.0,
          "lambda": 0.075
        }
      },
      "sensors": [
        "S2"
      ],
      "sources": [
        {
          "startTime": 0,
          "stopTime": -1,
          "lambda": 0.075
        }
      ]
    },
    "SC3": {
      "resptime": 36.32635642818855,
      "resptime_old": 26.326356428188543,
      "waittime": 23.862567567926426,
      "servicetime": 10.0,
      "networktime": 2.46378886026212,
      "services": {
        "MS3_1": {
          "meanserv": 0.8106412225216597,
          "stddevserv": 0.8106412225216597,
          "rate": 1.2335913499307405,
          "cv": 1.0,
          "lambda": 0.075
        },
        "MS3_2": {
          "meanserv": 0.07143098688491722,
          "stddevserv": 0.07143098688491722,
          "rate": 13.999526586565358,
          "cv": 1.0,
          "lambda": 0.075
        },
        "MS3_3": {
          "meanserv": 0.7599643558029068,
          "stddevserv": 0.7599643558029068,
          "rate": 1.3158511874461456,
          "cv": 1.0,
          "lambda": 0.075
        },
        "MS3_4": {
          "meanserv": 3.1635466857621726,
          "stddevserv": 3.1635466857621726,
          "rate": 0.3161009143631704,
          "cv": 1.0,
          "lambda": 0.075
        },
        "MS3_5": {
          "meanserv": 0.5727259302728607,
          "stddevserv": 0.5727259302728607,
          "rate": 1.7460358386839154,
          "cv": 1.0,
          "lambda": 0.075
        },
        "MS3_6": {
          "meanserv": 0.39773967318699466,
          "stddevserv": 0.39773967318699466,
          "rate": 2.5142073255786497,
          "cv": 1.0,
          "lambda": 0.075
        },
        "MS3_7": {
          "meanserv": 0.15515164507413637,
          "stddevserv": 0.15515164507413637,
          "rate": 6.445307102752074,
          "cv": 1.0,
          "lambda": 0.075
        },
        "MS3_8": {
          "meanserv": 1.5661939299858139,
          "stddevserv": 1.5661939299858139,
          "rate": 0.6384905348273554,
          "cv": 1.0,
          "lambda": 0.075
        },
        "MS3_9": {
          "meanserv": 2.3123064426455224,
          "stddevserv": 2.3123064426455224,
          "rate": 0.43246863026333765,
          "cv": 1.0,
          "lambda": 0.075
        },
        "MS3_10": {
          "meanserv": 0.19029912786301573,
          "stddevserv": 0.19029912786301573,
          "rate": 5.254884829108815,
          "cv": 1.0,
          "lambda": 0.075
        }
      },
      "sensors": [
        "S3"
      ],
      "sources": [
        {
          "startTime": 0,
          "stopTime": -1,
          "lambda": 0.075
        }
      ]
    },
    "SC4": {
      "resptime": 32.00138239724509,
      "resptime_old": 22.001382397245084,
      "waittime": 19.91841341459147,
      "servicetime": 10.0,
      "networktime": 2.0829689826536155,
      "services": {
        "MS4_1": {
          "meanserv": 2.2603645604078872,
          "stddevserv": 2.2603645604078872,
          "rate": 0.4424065115494237,
          "cv": 1.0,
          "lambda": 0.075
        },
        "MS4_2": {
          "meanserv": 0.18615834936663944,
          "stddevserv": 0.18615834936663944,
          "rate": 5.371770878944016,
          "cv": 1.0,
          "lambda": 0.075
        },
        "MS4_3": {
          "meanserv": 2.237037813619521,
          "stddevserv": 2.237037813619521,