{
  "servicechain": {
    "SC1": {
      "resptime": 25.725251875989052,
      "resptime_old": 15.725251875989052,
      "waittime": 9.82860383973015,
      "servicetime": 10.0,
      "networktime": 5.896648036258904,
      "services": {
        "MS1_1": {
          "meanserv": 3.2009307444155457,
          "stddevserv": 3.2009307444155457,
          "rate": 0.3124091334199075,
          "cv": 1.0,
          "lambda": 0.15
        },
        "MS1_2": {
          "meanserv": 0.4931957441819854,
          "stddevserv": 0.4931957441819854,
          "rate": 2.0275925163519006,
          "cv": 1.0,
          "lambda": 0.15
        },
        "MS1_3": {
          "meanserv": 2.7151287965341,
          "stddevserv": 2.7151287965341,
          "rate": 0.3683066531784842,
          "cv": 1.0,
          "lambda": 0.15
        },
        "MS1_4": {
          "meanserv": 1.7152810139295562,
          "stddevserv": 1.7152810139295562,
          "rate": 0.5829948515019641,
          "cv": 1.0,
          "lambda": 0.15
        },
        "MS1_5": {
          "meanserv": 1.8754637009388127,
          "stddevserv": 1.8754637009388127,
          "rate": 0.5332014687884514,
          "cv": 1.0,
          "lambda": 0.15
        }
      },
      "sensors": [
        "S1"
      ],
      "sources": [
        {
          "startTime": 0,
          "stopTime": -1,
          "lambda": 0.15
        }
      ]
    },
    "SC2": {
      "resptime": 43.89388697287607,
      "resptime_old": 33.89388697287606,
      "waittime": 30.530525016396847,
      "servicetime": 10.0,
      "networktime": 3.363361956479215,
      "services": {
        "MS2_1": {
          "meanserv": 0.08406785109874582,
          "stddevserv": 0.08406785109874582,
          "rate": 11.895153580473984,
          "cv": 1.0,
          "lambda": 0.15
        },
        "MS2_2": {
          "meanserv": 0.7116900934317572,
          "stddevserv": 0.7116900934317572,
          "rate": 1.4051059713055967,
          "cv": 1.0,
          "lambda": 0.15
        },
        "MS2_3": {
          "meanserv": 1.405659263862846,
          "stddevserv": 1.405659263862846,
          "rate": 0.711409959517453,
          "cv": 1.0,
          "lambda": 0.15
        },
        "MS2_4": {
          "meanserv": 2.385235144837228,
          "stddevserv": 2.385235144837228,
          "rate": 0.41924587693773957,
          "cv": 1.0,
          "lambda": 0.15
        },
        "MS2_5": {
          "meanserv": 5.413347646769423,
          "stddevserv": 5.413347646769423,
          "rate": 0.1847285755971686,
          "cv": 1.0,
          "lambda": 0.15
        }
      },
      "sensors": [
        "S2"
      ],
      "sources": [
        {
          "startTime": 0,
          "stopTime": -1,
          "lambda": 0.15
        }
      ]
    },
    "SC3": {
      "resptime": 53.54300003933019,
      "resptime_old": 43.54300003933019,
      "waittime": 38.1246484173179,
      "servicetime": 10.0,
      "networktime": 5.4183516220122865,
      "services": {
        "MS3_1": {
          "meanserv": 0.3761931803415808,
          "stddevserv": 0.3761931803415808,
          "rate": 2.6582087402328956,
          "cv": 1.0,
          "lambda": 0.15
        },
        "MS3_2": {
          "meanserv": 5.6802541813946466,
          "stddevserv": 5.6802541813946466,
          "rate": 0.17604845981636594,
          "cv": 1.0,
          "lambda": 0.15
        },
        "MS3_3": {
          "meanserv": 2.5707642748220287,
          "stddevserv": 2.5707642748220287,
          "rate": 0.3889893794596274,
          "cv": 1.0,
          "lambda": 0.15
        },
        "MS3_4": {
          "meanserv": 0.5601340477109726,
          "stddevserv": 0.5601340477109726,
          "rate": 1.7852869399504827,
          "cv": 1.0,
          "lambda": 0.15
        },
        "MS3_5": {
          "meanserv": 0.8126543157307715,
          "stddevserv": 0.8126543157307715,
          "rate": 1.2305355187842197,
          "cv": 1.0,
          "lambda": 0.15
        }
      },
      "sensors": [
        "S3"
      ],
      "sources": [
        {
          "startTime": 0,
          "stopTime": -1,
          "lambda": 0.15
        }
      ]
    },
    "SC4": {
      "resptime": 7279.911997992153,
      "resptime_old": 7269.911997992153,
      "waittime": 7266.155564390233,
      "servicetime": 10.0,
      "networktime": 3.7564336019204685,
      "services": {
        "MS4_1": {
          "meanserv": 6.960785312238988,
          "stddevserv": 6.960785312238988,
          "rate": 0.1436619512229063,
          "cv": 1.0,
          "lambda": 0.15
        },
        "MS4_2": {
          "meanserv": 1.6972667526415428,
          "stddevserv": 1.6972667526415428,
          "rate": 0.5891825774844461,
          "cv": 1.0,
          "lambda": 0.15
        },
        "MS4_3": {
          "meanserv": 0.4133505474697756,
          "stddevserv": 0.4133505474697756,
          "rate": 2.419254083782532,
          "cv": 1.0,
          "lambda": 0.15
        },
        "MS4_4": {
          "meanserv": 0.573348748386751,
          "stddevserv": 0.573348748386751,
          "rate": 1.7441391523287193,
          "cv": 1.0,
          "lambda": 0.15
        },
        "MS4_5": {
          "meanserv": 0.3552486392629426,
          "stddevserv": 0.3552486392629426,
          "rate": 2.8149298532846316,
          "cv": 1.0,
          "lambda": 0.15
        }
      },
      "sensors": [
        "S4"
      ],
      "sources": [
        {
          "startTime": 0,
          "stopTime": -1,
          "lambda": 0.15
        }
      ]
    }
  },
  "microservice": {
    "MS1_1": "F4",
    "MS1_2": "F5",
    "MS1_3": "F5",
    "MS1_4": "F9",
    "MS1_5": "F6",
    "MS2_1": "F10",
    "MS2_2": "F10",
    "MS2_3": "F10",
    "MS2_4": "F7",
    "MS2_5": "F3",
    "MS3_1": "F9",
    "MS3_2": "F2",
    "MS3_3": "F8",
    "MS3_4": "F9",
    "MS3_5": "F9",
    "MS4_1": "F1",
    "MS4_2": "F10",
    "MS4_3": "F6",
    "MS4_4": "F6",
    "MS4_5": "F6"
  },
  "sensor": {
    "S1": "F4",
    "S2": "F10",
    "S3": "F9",
    "S4": "F1"
  },
  "fog": {
    "F1": {
      "rho": 1.0441177968358482,
      "capacity": 1.0,
      "tserv": 6.960785312238988,
      "stddev": 6.960785312238988,
      "mu": 0.1436619512229063,
      "cv": 1.0,
      "lambda": 0.15,
      "twait": 7260.611944637834
    },
    "F2": {
      "rho": 0.8520381272091969,
      "capacity": 1.0,
      "tserv": 5.6802541813946466,
      "stddev": 5.6802541813946466,
      "mu": 0.17604845981636594,
      "cv": 1.0,
      "lambda": 0.15,
      "twait": 32.7097315240831
    },
    "F3": {
      "rho": 0.8120021470154134,
      "capacity": 1.0,
      "tserv": 5.413347646769423,
      "stddev": 5.413347646769423,
      "mu": 0.1847285755971686,
      "cv": 1.0,
      "lambda": 0.15,
      "twait": 23.381383573981523
    },
    "F4": {
      "rho": 0.4801396116623318,
      "capacity": 1.0,
      "tserv": 3.2009307444155457,
      "stddev": 3.2009307444155457,
      "mu": 0.3124091334199075,
      "cv": 1.0,
      "lambda": 0.15,
      "twait": 2.956358435956522
    },
    "F5": {
      "rho": 0.4812486811074127,
      "capacity": 1.0,
      "tserv": 1.6041622703580425,
      "stddev": 2.24540193154982,
      "mu": 0.6233783317798667,
      "cv": 1.3997349102648173,
      "lambda": 0.3,
      "twait": 2.201970235016808
    },
    "F6": {
      "rho": 0.48261174540874224,
      "capacity": 1.0,
      "tserv": 0.8043529090145705,
      "stddev": 1.1935631418419164,
      "mu": 1.2432353868467025,
      "cv": 1.4838799343738005,
      "lambda": 0.6,
      "twait": 1.2011733301369487
    },
    "F7": {
      "rho": 0.3577852717255842,
      "capacity": 1.0,
      "tserv": 2.385235144837228,
      "stddev": 2.385235144837228,
      "mu": 0.41924587693773957,
      "cv": 1.0,
      "lambda": 0.15,
      "twait": 1.3288421564513635
    },
    "F8": {
      "rho": 0.3856146412233043,
      "capacity": 1.0,
      "tserv": 2.5707642748220287,