{
  "servicechain": {
    "SC1": {
      "resptime": 57.43978458401034,
      "resptime_old": 47.43978458401033,
      "waittime": 41.67249317161582,
      "servicetime": 10.0,
      "networktime": 5.767291412394518,
      "services": {
        "MS1_1": {
          "meanserv": 2.2493975617970774,
          "stddevserv": 2.2493975617970774,
          "rate": 0.4445634764541511,
          "cv": 1.0,
          "lambda": 0.15
        },
        "MS1_2": {
          "meanserv": 0.32553533234708,
          "stddevserv": 0.32553533234708,
          "rate": 3.0718631762337174,
          "cv": 1.0,
          "lambda": 0.15
        },
        "MS1_3": {
          "meanserv": 1.275087318444268,
          "stddevserv": 1.275087318444268,
          "rate": 0.7842600154004342,
          "cv": 1.0,
          "lambda": 0.15
        },
        "MS1_4": {
          "meanserv": 0.10462484572792308,
          "stddevserv": 0.10462484572792308,
          "rate": 9.557959135256459,
          "cv": 1.0,
          "lambda": 0.15
        },
        "MS1_5": {
          "meanserv": 0.42630938470306745,
          "stddevserv": 0.42630938470306745,
          "rate": 2.345714253268243,
          "cv": 1.0,
          "lambda": 0.15
        },
        "MS1_6": {
          "meanserv": 5.516961595148619,
          "stddevserv": 5.516961595148619,
          "rate": 0.18125919181300038,
          "cv": 1.0,
          "lambda": 0.15
        },
        "MS1_7": {
          "meanserv": 0.10208396183196555,
          "stddevserv": 0.10208396183196555,
          "rate": 9.795858056979034,
          "cv": 1.0,
          "lambda": 0.15
        }
      },
      "sensors": [
        "S1"
      ],
      "sources": [
        {
          "startTime": 0,
          "stopTime": -1,
          "lambda": 0.15
        }
      ]
    },
    "SC2": {
      "resptime": 35.26022376732033,
      "resptime_old": 25.260223767320333,
      "waittime": 19.6886727445376,
      "servicetime": 10.0,
      "networktime": 5.57155102278273,
      "services": {
        "MS2_1": {
          "meanserv": 3.5058603346280237,
          "stddevserv": 3.5058603346280237,
          "rate": 0.28523669072690006,
          "cv": 1.0,
          "lambda": 0.15
        },
        "MS2_2": {
          "meanserv": 0.12209737808412946,
          "stddevserv": 0.12209737808412946,
          "rate": 8.19018406202764,
          "cv": 1.0,
          "lambda": 0.15
        },
        "MS2_3": {
          "meanserv": 0.553818741349327,
          "stddevserv": 0.553818741349327,
          "rate": 1.8056449255646254,
          "cv": 1.0,
          "lambda": 0.15
        },
        "MS2_4": {
          "meanserv": 0.5029151840273576,
          "stddevserv": 0.5029151840273576,
          "rate": 1.988406856185917,
          "cv": 1.0,
          "lambda": 0.15
        },
        "MS2_5": {
          "meanserv": 1.2738303407245528,
          "stddevserv": 1.2738303407245528,
          "rate": 0.7850338997508894,
          "cv": 1.0,
          "lambda": 0.15
        },
        "MS2_6": {
          "meanserv": 3.0463440533994994,
          "stddevserv": 3.0463440533994994,
          "rate": 0.32826233100101493,
          "cv": 1.0,
          "lambda": 0.15
        },
        "MS2_7": {
          "meanserv": 0.99513396778711,
          "stddevserv": 0.99513396778711,
          "rate": 1.004889826265011,
          "cv": 1.0,
          "lambda": 0.15
        }
      },
      "sensors": [
        "S2"
      ],
      "sources": [
        {
          "startTime": 0,
          "stopTime": -1,
          "lambda": 0.15
        }
      ]
    },
    "SC3": {
      "resptime": 36.796168649941166,
      "resptime_old": 26.796168649941162,
      "waittime": 21.818277954868392,
      "servicetime": 10.0,
      "networktime": 4.977890695072773,
      "services": {
        "MS3_1": {
          "meanserv": 0.09403306435205039,
          "stddevserv": 0.09403306435205039,
          "rate": 10.634557183589168,
          "cv": 1.0,
          "lambda": 0.15
        },
        "MS3_2": {
          "meanserv": 0.024527746726136224,
          "stddevserv": 0.024527746726136224,
          "rate": 40.77015353939635,
          "cv": 1.0,
          "lambda": 0.15
        },
        "MS3_3": {
          "meanserv": 3.9010979007548654,
          "stddevserv": 3.9010979007548654,
          "rate": 0.2563380939008219,
          "cv": 1.0,
          "lambda": 0.15
        },
        "MS3_4": {
          "meanserv": 2.7286085384214127,
          "stddevserv": 2.7286085384214127,
          "rate": 0.36648716219972394,
          "cv": 1.0,
          "lambda": 0.15
        },
        "MS3_5": {
          "meanserv": 1.888675907453683,
          "stddevserv": 1.888675907453683,
          "rate": 0.5294714651960601,
          "cv": 1.0,
          "lambda": 0.15
        },
        "MS3_6": {
          "meanserv": 0.38465523096859755,
          "stddevserv": 0.38465523096859755,
          "rate": 2.599730666555365,
          "cv": 1.0,
          "lambda": 0.15
        },
        "MS3_7": {
          "meanserv": 0.978401611323255,
          "stddevserv": 0.978401611323255,
          "rate": 1.022075176928147,
          "cv": 1.0,
          "lambda": 0.15
        }
      },
      "sensors": [
        "S3"
      ],
      "sources": [
        {
          "startTime": 0,
          "stopTime": -1,
          "lambda": 0.15
        }
      ]
    },
    "SC4": {
      "resptime": 33.66507550607603,
      "resptime_old": 23.66507550607603,
      "waittime": 18.889494856043516,
      "servicetime": 10.0,
      "networktime": 4.775580650032512,
      "services": {
        "MS4_1": {
          "meanserv": 2.6815332042763043,
          "stddevserv": 2.6815332042763043,
          "rate": 0.37292098356465486,
          "cv": 1.0,
          "lambda": 0.15
        },
        "MS4_2": {
          "meanserv": 1.4170858699462139,
          "stddevserv": 1.4170858699462139,
          "rate": 0.7056735383565397,
          "cv": 1.0,
          "lambda": 0.15
        },
        "MS4_3": {
          "meanserv": 0.0262842429911343,
          "stddevserv": 0.0262842429911343,
          "rate": 38.045607793890085,
          "cv": 1.0,
          "lambda": 0.15
        },
        "MS4_4": {
          "meanserv": 0.9795114545217807,
          "stddevserv": 0.9795114545217807,
          "rate": 1.0209171065673983,
          "cv": 1.0,
          "lambda": 0.15
        },
        "MS4_5": {
          "meanserv": 0.10448642557829935,
          "stddevserv": 0.10448642557829935,
          "rate": 9.570621202374529,
          "cv": 1.0,
          "lambda": 0.15
        },
        "MS4_6": {
          "meanserv": 1.97771638792352,
          "stddevserv": 1.97771638792352,
          "rate": 0.5056336723032053,
          "cv": 1.0,
          "lambda": 0.15
        },
        "MS4_7": {
          "meanserv": 2.8133824147627475,
          "stddevserv": 2.8133824147627475,
          "rate": 0.35544403588814283,
          "cv": 1.0,
          "lambda": 0.15
        }
      },
      "sensors": [
        "S4"
      ],
      "sources": [
        {
          "startTime": 0,
          "stopTime": -1,
          "lambda": 0.15
        }
      ]
    }
  },
  "microservice": {
    "MS1_1": "F7",
    "MS1_2": "F9",
    "MS1_3": "F9",
    "MS1_4": "F10",
    "MS1_5": "F10",
    "MS1_6": "F1",
    "MS1_7": "F4",
    "MS2_1": "F3",
    "MS2_2": "F9",
    "MS2_3": "F9",
    "MS2_4": "F7",
    "MS2_5": "F7",
    "MS2_6": "F4",
    "MS2_7": "F8",
    "MS3_1": "F4",
    "MS3_2": "F4",
    "MS3_3": "F2",
    "MS3_4": "F8",
    "MS3_5": "F10",
    "MS3_6": "F10",
    "MS3_7": "F5",
    "MS4_1": "F6",
    "MS4_2": "F10",
    "MS4_3": "F10",
    "MS4_4": "F6",
    "MS4_5": "F6",
    "MS4_6": "F9",
    "MS4_7": "F5"
  },
  "sensor": {
    "S1": "F7",
    "S2": "F3",
    "S3": "F4",
    "S4": "F6"
  },
  "fog": {
    "F1": {
      "rho": 0.8275442392722928,
      "capacity": 1.0,
      "tserv": 5.516961595148619,
      "stddev": 5.516961595148619,