{
  "servicechain": {
    "SC1": {
      "resptime": 28.90450244316607,
      "resptime_old": 18.90450244316607,
      "waittime": 14.488411440113783,
      "servicetime": 10.0,
      "networktime": 4.416091003052287,
      "services": {
        "MS1_1": {
          "meanserv": 2.5690476305041035,
          "stddevserv": 2.5690476305041035,
          "rate": 0.38924930317612605,
          "cv": 1.0,
          "lambda": 0.15
        },
        "MS1_2": {
          "meanserv": 0.9665885150034192,
          "stddevserv": 0.9665885150034192,
          "rate": 1.034566399742979,
          "cv": 1.0,
          "lambda": 0.15
        },
        "MS1_3": {
          "meanserv": 0.4360772439292502,
          "stddevserv": 0.4360772439292502,
          "rate": 2.2931717119415693,
          "cv": 1.0,
          "lambda": 0.15
        },
        "MS1_4": {
          "meanserv": 0.18144115028597962,
          "stddevserv": 0.18144115028597962,
          "rate": 5.511428903662943,
          "cv": 1.0,
          "lambda": 0.15
        },
        "MS1_5": {
          "meanserv": 1.263193820403525,
          "stddevserv": 1.263193820403525,
          "rate": 0.7916441513944011,
          "cv": 1.0,
          "lambda": 0.15
        },
        "MS1_6": {
          "meanserv": 1.4267615324391238,
          "stddevserv": 1.4267615324391238,
          "rate": 0.7008879741034562,
          "cv": 1.0,
          "lambda": 0.15
        },
        "MS1_7": {
          "meanserv": 0.7451904903036244,
          "stddevserv": 0.7451904903036244,
          "rate": 1.3419387566158483,
          "cv": 1.0,
          "lambda": 0.15
        },
        "MS1_8": {
          "meanserv": 2.4116996171309744,
          "stddevserv": 2.4116996171309744,
          "rate": 0.4146453367976349,
          "cv": 1.0,
          "lambda": 0.15
        }
      },
      "sensors": [
        "S1"
      ],
      "sources": [
        {
          "startTime": 0,
          "stopTime": -1,
          "lambda": 0.15
        }
      ]
    },
    "SC2": {
      "resptime": 29.15981173241177,
      "resptime_old": 19.159811732411775,
      "waittime": 15.869650460677146,
      "servicetime": 10.0,
      "networktime": 3.2901612717346267,
      "services": {
        "MS2_1": {
          "meanserv": 1.4092651083099739,
          "stddevserv": 1.4092651083099739,
          "rate": 0.7095896961496656,
          "cv": 1.0,
          "lambda": 0.15
        },
        "MS2_2": {
          "meanserv": 1.8113163571922897,
          "stddevserv": 1.8113163571922897,
          "rate": 0.5520846736845538,
          "cv": 1.0,
          "lambda": 0.15
        },
        "MS2_3": {
          "meanserv": 1.050086669935025,
          "stddevserv": 1.050086669935025,
          "rate": 0.9523023466833226,
          "cv": 1.0,
          "lambda": 0.15
        },
        "MS2_4": {
          "meanserv": 1.081137598259458,
          "stddevserv": 1.081137598259458,
          "rate": 0.9249516450171719,
          "cv": 1.0,
          "lambda": 0.15
        },
        "MS2_5": {
          "meanserv": 1.8238752194655392,
          "stddevserv": 1.8238752194655392,
          "rate": 0.5482831222922343,
          "cv": 1.0,
          "lambda": 0.15
        },
        "MS2_6": {
          "meanserv": 0.43723031598097695,
          "stddevserv": 0.43723031598097695,
          "rate": 2.2871241161683495,
          "cv": 1.0,
          "lambda": 0.15
        },
        "MS2_7": {
          "meanserv": 0.9962646153604826,
          "stddevserv": 0.9962646153604826,
          "rate": 1.0037493900535308,
          "cv": 1.0,
          "lambda": 0.15
        },
        "MS2_8": {
          "meanserv": 1.3908241154962546,
          "stddevserv": 1.3908241154962546,
          "rate": 0.7189981744335759,
          "cv": 1.0,
          "lambda": 0.15
        }
      },
      "sensors": [
        "S2"
      ],
      "sources": [
        {
          "startTime": 0,
          "stopTime": -1,
          "lambda": 0.15
        }
      ]
    },
    "SC3": {
      "resptime": 32.10843747876561,
      "resptime_old": 22.108437478765612,
      "waittime": 18.066556353765485,
      "servicetime": 10.0,
      "networktime": 4.041881125000128,
      "services": {
        "MS3_1": {
          "meanserv": 1.3667285334820267,
          "stddevserv": 1.3667285334820267,
          "rate": 0.7316741953519408,
          "cv": 1.0,
          "lambda": 0.15
        },
        "MS3_2": {
          "meanserv": 0.45163633524201163,
          "stddevserv": 0.45163633524201163,
          "rate": 2.2141708316363538,
          "cv": 1.0,
          "lambda": 0.15
        },
        "MS3_3": {
          "meanserv": 2.5047478679627213,
          "stddevserv": 2.5047478679627213,
          "rate": 0.3992417810952632,
          "cv": 1.0,
          "lambda": 0.15
        },
        "MS3_4": {
          "meanserv": 0.261939109065108,
          "stddevserv": 0.261939109065108,
          "rate": 3.8176811533379635,
          "cv": 1.0,
          "lambda": 0.15
        },
        "MS3_5": {
          "meanserv": 0.8330618197568747,
          "stddevserv": 0.8330618197568747,
          "rate": 1.2003911069791262,
          "cv": 1.0,
          "lambda": 0.15
        },
        "MS3_6": {
          "meanserv": 1.2302457524405002,
          "stddevserv": 1.2302457524405002,
          "rate": 0.8128457245361342,
          "cv": 1.0,
          "lambda": 0.15
        },
        "MS3_7": {
          "meanserv": 1.7318033995303264,
          "stddevserv": 1.7318033995303264,
          "rate": 0.5774327503175043,
          "cv": 1.0,
          "lambda": 0.15
        },
        "MS3_8": {
          "meanserv": 1.6198371825204312,
          "stddevserv": 1.6198371825204312,
          "rate": 0.6173459967402538,
          "cv": 1.0,
          "lambda": 0.15
        }
      },
      "sensors": [
        "S3"
      ],
      "sources": [
        {
          "startTime": 0,
          "stopTime": -1,
          "lambda": 0.15
        }
      ]
    },
    "SC4": {
      "resptime": 35.549390206198744,
      "resptime_old": 25.549390206198748,
      "waittime": 22.149858326553165,
      "servicetime": 10.0,
      "networktime": 3.399531879645581,
      "services": {
        "MS4_1": {
          "meanserv": 4.9311476995244075,
          "stddevserv": 4.9311476995244075,
          "rate": 0.20279254667152774,
          "cv": 1.0,
          "lambda": 0.15
        },
        "MS4_2": {
          "meanserv": 0.611841159059785,
          "stddevserv": 0.611841159059785,
          "rate": 1.6344111297394537,
          "cv": 1.0,
          "lambda": 0.15
        },
        "MS4_3": {
          "meanserv": 0.14213141504400362,
          "stddevserv": 0.14213141504400362,
          "rate": 7.035742236791225,
          "cv": 1.0,
          "lambda": 0.15
        },
        "MS4_4": {
          "meanserv": 1.9509627422871212,
          "stddevserv": 1.9509627422871212,
          "rate": 0.512567451097347,
          "cv": 1.0,
          "lambda": 0.15
        },
        "MS4_5": {
          "meanserv": 1.1326050309276843,
          "stddevserv": 1.1326050309276843,
          "rate": 0.8829203232312404,
          "cv": 1.0,
          "lambda": 0.15
        },
        "MS4_6": {
          "meanserv": 0.2593781572142486,
          "stddevserv": 0.2593781572142486,
          "rate": 3.855374757613037,
          "cv": 1.0,
          "lambda": 0.15
        },
        "MS4_7": {
          "meanserv": 0.9194934654139253,
          "stddevserv": 0.9194934654139253,
          "rate": 1.0875553091068824,
          "cv": 1.0,
          "lambda": 0.15
        },
        "MS4_8": {
          "meanserv": 0.052440330528824575,
          "stddevserv": 0.052440330528824575,
          "rate": 19.069292468519734,
          "cv": 1.0,
          "lambda": 0.15
        }
      },
      "sensors": [
        "S4"
      ],
      "sources": [
        {
          "startTime": 0,
          "stopTime": -1,