{
  "servicechain": {
    "SC1": {
      "resptime": 32.6569447422178,
      "resptime_old": 22.656944742217807,
      "waittime": 17.795072183319398,
      "servicetime": 10.0,
      "networktime": 4.861872558898403,
      "services": {
        "MS1_1": {
          "meanserv": 2.041687876209959,
          "stddevserv": 2.041687876209959,
          "rate": 0.4897908302498849,
          "cv": 1.0,
          "lambda": 0.15
        },
        "MS1_2": {
          "meanserv": 0.9638690044637452,
          "stddevserv": 0.9638690044637452,
          "rate": 1.037485379619979,
          "cv": 1.0,
          "lambda": 0.15
        },
        "MS1_3": {
          "meanserv": 2.1935054072789475,
          "stddevserv": 2.1935054072789475,
          "rate": 0.45589128555671266,
          "cv": 1.0,
          "lambda": 0.15
        },
        "MS1_4": {
          "meanserv": 0.18332436019867338,
          "stddevserv": 0.18332436019867338,
          "rate": 5.454812436908407,
          "cv": 1.0,
          "lambda": 0.15
        },
        "MS1_5": {
          "meanserv": 1.6125953234393595,
          "stddevserv": 1.6125953234393595,
          "rate": 0.6201183802686404,
          "cv": 1.0,
          "lambda": 0.15
        },
        "MS1_6": {
          "meanserv": 0.43357479095525875,
          "stddevserv": 0.43357479095525875,
          "rate": 2.3064071547997163,
          "cv": 1.0,
          "lambda": 0.15
        },
        "MS1_7": {
          "meanserv": 0.3084736779543853,
          "stddevserv": 0.3084736779543853,
          "rate": 3.241767682193851,
          "cv": 1.0,
          "lambda": 0.15
        },
        "MS1_8": {
          "meanserv": 1.912219155272508,
          "stddevserv": 1.912219155272508,
          "rate": 0.5229526109717749,
          "cv": 1.0,
          "lambda": 0.15
        },
        "MS1_9": {
          "meanserv": 0.3507504042271634,
          "stddevserv": 0.3507504042271634,
          "rate": 2.8510302139305597,
          "cv": 1.0,
          "lambda": 0.15
        }
      },
      "sensors": [
        "S1"
      ],
      "sources": [
        {
          "startTime": 0,
          "stopTime": -1,
          "lambda": 0.15
        }
      ]
    },
    "SC2": {
      "resptime": 31.652471172694298,
      "resptime_old": 21.652471172694298,
      "waittime": 18.374489694622152,
      "servicetime": 10.0,
      "networktime": 3.277981478072145,
      "services": {
        "MS2_1": {
          "meanserv": 0.08029717550580906,
          "stddevserv": 0.08029717550580906,
          "rate": 12.453738175730173,
          "cv": 1.0,
          "lambda": 0.15
        },
        "MS2_2": {
          "meanserv": 2.5190423723853597,
          "stddevserv": 2.5190423723853597,
          "rate": 0.3969762521513558,
          "cv": 1.0,
          "lambda": 0.15
        },
        "MS2_3": {
          "meanserv": 0.2199495441539714,
          "stddevserv": 0.2199495441539714,
          "rate": 4.546497260753446,
          "cv": 1.0,
          "lambda": 0.15
        },
        "MS2_4": {
          "meanserv": 0.8074674650264577,
          "stddevserv": 0.8074674650264577,
          "rate": 1.23843999085119,
          "cv": 1.0,
          "lambda": 0.15
        },
        "MS2_5": {
          "meanserv": 1.9843043822040927,
          "stddevserv": 1.9843043822040927,
          "rate": 0.5039549420786122,
          "cv": 1.0,
          "lambda": 0.15
        },
        "MS2_6": {
          "meanserv": 0.36989185503184885,
          "stddevserv": 0.36989185503184885,
          "rate": 2.703492889601197,
          "cv": 1.0,
          "lambda": 0.15
        },
        "MS2_7": {
          "meanserv": 1.7565770114712986,
          "stddevserv": 1.7565770114712986,
          "rate": 0.5692890169172861,
          "cv": 1.0,
          "lambda": 0.15
        },
        "MS2_8": {
          "meanserv": 1.5362328616835583,
          "stddevserv": 1.5362328616835583,
          "rate": 0.6509429819800232,
          "cv": 1.0,
          "lambda": 0.15
        },
        "MS2_9": {
          "meanserv": 0.7262373325376039,
          "stddevserv": 0.7262373325376039,
          "rate": 1.3769603340354593,
          "cv": 1.0,
          "lambda": 0.15
        }
      },
      "sensors": [
        "S2"
      ],
      "sources": [
        {
          "startTime": 0,
          "stopTime": -1,
          "lambda": 0.15
        }
      ]
    },
    "SC3": {
      "resptime": 31.485403444167346,
      "resptime_old": 21.48540344416735,
      "waittime": 16.935324706093493,
      "servicetime": 10.0,
      "networktime": 4.5500787380738545,
      "services": {
        "MS3_1": {
          "meanserv": 0.029881342616691065,
          "stddevserv": 0.029881342616691065,
          "rate": 33.46569840678517,
          "cv": 1.0,
          "lambda": 0.15
        },
        "MS3_2": {
          "meanserv": 0.9576563939916438,
          "stddevserv": 0.9576563939916438,
          "rate": 1.044215865182983,
          "cv": 1.0,
          "lambda": 0.15
        },
        "MS3_3": {
          "meanserv": 1.4686939100077288,
          "stddevserv": 1.4686939100077288,
          "rate": 0.6808770657970099,
          "cv": 1.0,
          "lambda": 0.15
        },
        "MS3_4": {
          "meanserv": 3.235725348177346,
          "stddevserv": 3.235725348177346,
          "rate": 0.3090497160283677,
          "cv": 1.0,
          "lambda": 0.15
        },
        "MS3_5": {
          "meanserv": 0.20435647390206668,
          "stddevserv": 0.20435647390206668,
          "rate": 4.893409936595539,
          "cv": 1.0,
          "lambda": 0.15
        },
        "MS3_6": {
          "meanserv": 0.35165236835511493,
          "stddevserv": 0.35165236835511493,
          "rate": 2.8437175176086216,
          "cv": 1.0,
          "lambda": 0.15
        },
        "MS3_7": {
          "meanserv": 0.46784200212049676,
          "stddevserv": 0.46784200212049676,
          "rate": 2.1374737528214522,
          "cv": 1.0,
          "lambda": 0.15
        },
        "MS3_8": {
          "meanserv": 2.5256271503896155,
          "stddevserv": 2.5256271503896155,
          "rate": 0.39594126149845005,
          "cv": 1.0,
          "lambda": 0.15
        },
        "MS3_9": {
          "meanserv": 0.7585650104392965,
          "stddevserv": 0.7585650104392965,
          "rate": 1.318278573672789,
          "cv": 1.0,
          "lambda": 0.15
        }
      },
      "sensors": [
        "S3"
      ],
      "sources": [
        {
          "startTime": 0,
          "stopTime": -1,
          "lambda": 0.15
        }
      ]
    },
    "SC4": {
      "resptime": 34.03495160226378,
      "resptime_old": 24.03495160226379,
      "waittime": 20.648238790154387,
      "servicetime": 10.0,
      "networktime": 3.386712812109396,
      "services": {
        "MS4_1": {
          "meanserv": 1.2474494621986365,
          "stddevserv": 1.2474494621986365,
          "rate": 0.8016356816872521,
          "cv": 1.0,
          "lambda": 0.15
        },
        "MS4_2": {
          "meanserv": 0.34751979805584643,
          "stddevserv": 0.34751979805584643,
          "rate": 2.8775339004982388,
          "cv": 1.0,
          "lambda": 0.15
        },
        "MS4_3": {
          "meanserv": 1.631786377598018,
          "stddevserv": 1.631786377598018,
          "rate": 0.6128253144703876,
          "cv": 1.0,
          "lambda": 0.15
        },
        "MS4_4": {
          "meanserv": 0.19074176282314337,
          "stddevserv": 0.19074176282314337,
          "rate": 5.242690353696712,
          "cv": 1.0,
          "lambda": 0.15
        },
        "MS4_5": {
          "meanserv": 0.46526071077380937,
          "stddevserv": 0.46526071077380937,
          "rate": 2.1493325717033493,
          "cv": 1.0,
          "lambda": 0.15
        },
        "MS4_6": {
          "meanserv": 4.3625188911185475,
          "stddevserv": 4.3625188911185475,
          "rate": 0.2292253684071957,
          "cv": 1.0,