{
  "servicechain": {
    "SC1": {
      "resptime": 34.15221007729163,
      "resptime_old": 24.152210077291624,
      "waittime": 19.404675448384552,
      "servicetime": 10.0,
      "networktime": 4.747534628907074,
      "services": {
        "MS1_1": {
          "meanserv": 1.0584027628103942,
          "stddevserv": 1.0584027628103942,
          "rate": 0.9448199070689154,
          "cv": 1.0,
          "lambda": 0.15
        },
        "MS1_2": {
          "meanserv": 0.09035898618760752,
          "stddevserv": 0.09035898618760752,
          "rate": 11.066967904263043,
          "cv": 1.0,
          "lambda": 0.15
        },
        "MS1_3": {
          "meanserv": 1.3072197889557922,
          "stddevserv": 1.3072197889557922,
          "rate": 0.7649822994179124,
          "cv": 1.0,
          "lambda": 0.15
        },
        "MS1_4": {
          "meanserv": 0.7845083019949164,
          "stddevserv": 0.7845083019949164,
          "rate": 1.274683770021442,
          "cv": 1.0,
          "lambda": 0.15
        },
        "MS1_5": {
          "meanserv": 2.1238567308072622,
          "stddevserv": 2.1238567308072622,
          "rate": 0.47084155230183883,
          "cv": 1.0,
          "lambda": 0.15
        },
        "MS1_6": {
          "meanserv": 0.7340499209187055,
          "stddevserv": 0.7340499209187055,
          "rate": 1.3623051668590098,
          "cv": 1.0,
          "lambda": 0.15
        },
        "MS1_7": {
          "meanserv": 0.04124762756914091,
          "stddevserv": 0.04124762756914091,
          "rate": 24.243818588687564,
          "cv": 1.0,
          "lambda": 0.15
        },
        "MS1_8": {
          "meanserv": 2.4770751079167734,
          "stddevserv": 2.4770751079167734,
          "rate": 0.403701929264875,
          "cv": 1.0,
          "lambda": 0.15
        },
        "MS1_9": {
          "meanserv": 1.3832807728394076,
          "stddevserv": 1.3832807728394076,
          "rate": 0.7229190339625253,
          "cv": 1.0,
          "lambda": 0.15
        }
      },
      "sensors": [
        "S1"
      ],
      "sources": [
        {
          "startTime": 0,
          "stopTime": -1,
          "lambda": 0.15
        }
      ]
    },
    "SC2": {
      "resptime": 35.805372001541315,
      "resptime_old": 25.805372001541315,
      "waittime": 19.022981271447286,
      "servicetime": 10.0,
      "networktime": 6.782390730094029,
      "services": {
        "MS2_1": {
          "meanserv": 0.29363727866277056,
          "stddevserv": 0.29363727866277056,
          "rate": 3.405562143042661,
          "cv": 1.0,
          "lambda": 0.15
        },
        "MS2_2": {
          "meanserv": 0.3888642506169815,
          "stddevserv": 0.3888642506169815,
          "rate": 2.571591496038465,
          "cv": 1.0,
          "lambda": 0.15
        },
        "MS2_3": {
          "meanserv": 3.4697694769131635,
          "stddevserv": 3.4697694769131635,
          "rate": 0.28820358431697235,
          "cv": 1.0,
          "lambda": 0.15
        },
        "MS2_4": {
          "meanserv": 0.15613514452726207,
          "stddevserv": 0.15613514452726207,
          "rate": 6.404707940853088,
          "cv": 1.0,
          "lambda": 0.15
        },
        "MS2_5": {
          "meanserv": 1.3135026795652616,
          "stddevserv": 1.3135026795652616,
          "rate": 0.7613231518728051,
          "cv": 1.0,
          "lambda": 0.15
        },
        "MS2_6": {
          "meanserv": 1.413870131615897,
          "stddevserv": 1.413870131615897,
          "rate": 0.7072785382750187,
          "cv": 1.0,
          "lambda": 0.15
        },
        "MS2_7": {
          "meanserv": 0.14160686364245834,
          "stddevserv": 0.14160686364245834,
          "rate": 7.061804592501176,
          "cv": 1.0,
          "lambda": 0.15
        },
        "MS2_8": {
          "meanserv": 1.4696290339814055,
          "stddevserv": 1.4696290339814055,
          "rate": 0.680443824174375,
          "cv": 1.0,
          "lambda": 0.15
        },
        "MS2_9": {
          "meanserv": 1.3529851404748001,
          "stddevserv": 1.3529851404748001,
          "rate": 0.7391064174208685,
          "cv": 1.0,
          "lambda": 0.15
        }
      },
      "sensors": [
        "S2"
      ],
      "sources": [
        {
          "startTime": 0,
          "stopTime": -1,
          "lambda": 0.15
        }
      ]
    },
    "SC3": {
      "resptime": 31.751270421587158,
      "resptime_old": 21.751270421587154,
      "waittime": 16.367227822391758,
      "servicetime": 10.0,
      "networktime": 5.3840425991954,
      "services": {
        "MS3_1": {
          "meanserv": 2.6824605785017166,
          "stddevserv": 2.6824605785017166,
          "rate": 0.3727920581627142,
          "cv": 1.0,
          "lambda": 0.15
        },
        "MS3_2": {
          "meanserv": 0.0025165263499147272,
          "stddevserv": 0.0025165263499147272,
          "rate": 397.37314891770757,
          "cv": 1.0,
          "lambda": 0.15
        },
        "MS3_3": {
          "meanserv": 1.5551164301922027,
          "stddevserv": 1.5551164301922027,
          "rate": 0.643038669378862,
          "cv": 1.0,
          "lambda": 0.15
        },
        "MS3_4": {
          "meanserv": 1.6358821287500183,
          "stddevserv": 1.6358821287500183,
          "rate": 0.6112909863280325,
          "cv": 1.0,
          "lambda": 0.15
        },
        "MS3_5": {
          "meanserv": 1.0607527653471633,
          "stddevserv": 1.0607527653471633,
          "rate": 0.9427267433733437,
          "cv": 1.0,
          "lambda": 0.15
        },
        "MS3_6": {
          "meanserv": 2.270453257617322,
          "stddevserv": 2.270453257617322,
          "rate": 0.44044069026526816,
          "cv": 1.0,
          "lambda": 0.15
        },
        "MS3_7": {
          "meanserv": 0.11640843125022649,
          "stddevserv": 0.11640843125022649,
          "rate": 8.590443056916072,
          "cv": 1.0,
          "lambda": 0.15
        },
        "MS3_8": {
          "meanserv": 0.1386347481872896,
          "stddevserv": 0.1386347481872896,
          "rate": 7.21319880531714,
          "cv": 1.0,
          "lambda": 0.15
        },
        "MS3_9": {
          "meanserv": 0.5377751338041463,
          "stddevserv": 0.5377751338041463,
          "rate": 1.85951327449103,
          "cv": 1.0,
          "lambda": 0.15
        }
      },
      "sensors": [
        "S3"
      ],
      "sources": [
        {
          "startTime": 0,
          "stopTime": -1,
          "lambda": 0.15
        }
      ]
    },
    "SC4": {
      "resptime": 36.90138609719337,
      "resptime_old": 26.90138609719337,
      "waittime": 19.29582065730461,
      "servicetime": 10.0,
      "networktime": 7.605565439888759,
      "services": {
        "MS4_1": {
          "meanserv": 0.31329866544845375,
          "stddevserv": 0.31329866544845375,
          "rate": 3.191842514134576,
          "cv": 1.0,
          "lambda": 0.15
        },
        "MS4_2": {
          "meanserv": 3.2426733390631255,
          "stddevserv": 3.2426733390631255,
          "rate": 0.3083875233294145,
          "cv": 1.0,
          "lambda": 0.15
        },
        "MS4_3": {
          "meanserv": 0.5437110673386769,
          "stddevserv": 0.5437110673386769,
          "rate": 1.8392121479055736,
          "cv": 1.0,
          "lambda": 0.15
        },
        "MS4_4": {
          "meanserv": 1.207544773746542,
          "stddevserv": 1.207544773746542,
          "rate": 0.8281266432029587,
          "cv": 1.0,
          "lambda": 0.15
        },
        "MS4_5": {
          "meanserv": 0.48202709838535096,
          "stddevserv": 0.48202709838535096,
          "rate": 2.074572162747086,
          "cv": 1.0,
          "lambda": 0.15
        },
        "MS4_6": {
          "meanserv": 1.0989624230531216,
          "stddevserv": 1.0989624230531216,
          "rate": 0.9099492203034698,
          "cv": 1.0,