{
  "servicechain": {
    "SC1": {
      "resptime": 16.357239599445027,
      "resptime_old": 6.357239599445027,
      "waittime": 4.890084159945622,
      "servicetime": 10.0,
      "networktime": 1.4671554394994049,
      "services": {
        "MS1_1": {
          "meanserv": 5.080345506628836,
          "stddevserv": 5.080345506628836,
          "rate": 0.19683700620266864,
          "cv": 1.0,
          "lambda": 0.05
        },
        "MS1_2": {
          "meanserv": 0.10337793502281123,
          "stddevserv": 0.10337793502281123,
          "rate": 9.673244099713749,
          "cv": 1.0,
          "lambda": 0.05
        },
        "MS1_3": {
          "meanserv": 3.178425529556149,
          "stddevserv": 3.178425529556149,
          "rate": 0.3146211829413681,
          "cv": 1.0,
          "lambda": 0.05
        },
        "MS1_4": {
          "meanserv": 0.3394923640157206,
          "stddevserv": 0.3394923640157206,
          "rate": 2.9455743515742046,
          "cv": 1.0,
          "lambda": 0.05
        },
        "MS1_5": {
          "meanserv": 1.298358664776483,
          "stddevserv": 1.298358664776483,
          "rate": 0.7702032012642311,
          "cv": 1.0,
          "lambda": 0.05
        }
      },
      "sensors": [
        "S1"
      ],
      "sources": [
        {
          "startTime": 0,
          "stopTime": -1,
          "lambda": 0.05
        }
      ]
    },
    "SC2": {
      "resptime": 15.62095319940439,
      "resptime_old": 5.620953199404391,
      "waittime": 4.153797759904986,
      "servicetime": 10.0,
      "networktime": 1.4671554394994049,
      "services": {
        "MS2_1": {
          "meanserv": 4.64608107736277,
          "stddevserv": 4.64608107736277,
          "rate": 0.2152351591263286,
          "cv": 1.0,
          "lambda": 0.05
        },
        "MS2_2": {
          "meanserv": 0.036733048319612216,
          "stddevserv": 0.036733048319612216,
          "rate": 27.223441716545153,
          "cv": 1.0,
          "lambda": 0.05
        },
        "MS2_3": {
          "meanserv": 1.236502815517401,
          "stddevserv": 1.236502815517401,
          "rate": 0.8087324892839496,
          "cv": 1.0,
          "lambda": 0.05
        },
        "MS2_4": {
          "meanserv": 2.360660863649718,
          "stddevserv": 2.360660863649718,
          "rate": 0.4236101912809035,
          "cv": 1.0,
          "lambda": 0.05
        },
        "MS2_5": {
          "meanserv": 1.7200221951504986,
          "stddevserv": 1.7200221951504986,
          "rate": 0.5813878465170049,
          "cv": 1.0,
          "lambda": 0.05
        }
      },
      "sensors": [
        "S2"
      ],
      "sources": [
        {
          "startTime": 0,
          "stopTime": -1,
          "lambda": 0.05
        }
      ]
    },
    "SC3": {
      "resptime": 15.567593843418365,
      "resptime_old": 5.567593843418367,
      "waittime": 2.501781233055573,
      "servicetime": 10.0,
      "networktime": 3.0658126103627916,
      "services": {
        "MS3_1": {
          "meanserv": 4.493877171513825,
          "stddevserv": 4.493877171513825,
          "rate": 0.22252499608553747,
          "cv": 1.0,
          "lambda": 0.05
        },
        "MS3_2": {
          "meanserv": 4.16623936767863,
          "stddevserv": 4.16623936767863,
          "rate": 0.2400246149460169,
          "cv": 1.0,
          "lambda": 0.05
        },
        "MS3_3": {
          "meanserv": 0.31014452317063146,
          "stddevserv": 0.31014452317063146,
          "rate": 3.224303269253065,
          "cv": 1.0,
          "lambda": 0.05
        },
        "MS3_4": {
          "meanserv": 0.6023024972866349,
          "stddevserv": 0.6023024972866349,
          "rate": 1.6602952909957827,
          "cv": 1.0,
          "lambda": 0.05
        },
        "MS3_5": {
          "meanserv": 0.42743644035027906,
          "stddevserv": 0.42743644035027906,
          "rate": 2.339529121991826,
          "cv": 1.0,
          "lambda": 0.05
        }
      },
      "sensors": [
        "S3"
      ],
      "sources": [
        {
          "startTime": 0,
          "stopTime": -1,
          "lambda": 0.05
        }
      ]
    },
    "SC4": {
      "resptime": 17.15737171156147,
      "resptime_old": 7.1573717115614715,
      "waittime": 5.393095219872056,
      "servicetime": 10.0,
      "networktime": 1.7642764916894151,
      "services": {
        "MS4_1": {
          "meanserv": 7.622435474309189,
          "stddevserv": 7.622435474309189,
          "rate": 0.13119166483867528,
          "cv": 1.0,
          "lambda": 0.05
        },
        "MS4_2": {
          "meanserv": 1.7079012967317126,
          "stddevserv": 1.7079012967317126,
          "rate": 0.5855139298234785,
          "cv": 1.0,
          "lambda": 0.05
        },
        "MS4_3": {
          "meanserv": 0.13094616816488625,
          "stddevserv": 0.13094616816488625,
          "rate": 7.6367259463507855,
          "cv": 1.0,
          "lambda": 0.05
        },
        "MS4_4": {
          "meanserv": 0.25673193298085195,
          "stddevserv": 0.25673193298085195,
          "rate": 3.895113429752363,
          "cv": 1.0,
          "lambda": 0.05
        },
        "MS4_5": {
          "meanserv": 0.2819851278133605,
          "stddevserv": 0.2819851278133605,
          "rate": 3.546286315716186,
          "cv": 1.0,
          "lambda": 0.05
        }
      },
      "sensors": [
        "S4"
      ],
      "sources": [
        {
          "startTime": 0,
          "stopTime": -1,
          "lambda": 0.05
        }
      ]
    }
  },
  "microservice": {
    "MS1_1": "F7",
    "MS1_2": "F8",
    "MS1_3": "F8",
    "MS1_4": "F8",
    "MS1_5": "F8",
    "MS2_1": "F6",
    "MS2_2": "F9",
    "MS2_3": "F9",
    "MS2_4": "F9",
    "MS2_5": "F9",
    "MS3_1": "F3",
    "MS3_2": "F2",
    "MS3_3": "F5",
    "MS3_4": "F5",
    "MS3_5": "F5",
    "MS4_1": "F10",
    "MS4_2": "F4",
    "MS4_3": "F4",
    "MS4_4": "F4",
    "MS4_5": "F4"
  },
  "sensor": {
    "S1": "F7",
    "S2": "F6",
    "S3": "F3",
    "S4": "F10"
  },
  "fog": {
    "F1": {
      "rho": 0,
      "capacity": 1.0,
      "tserv": 0,
      "stddev": 0,
      "mu": 0,
      "cv": 0,
      "lambda": 0.0,
      "twait": 0
    },
    "F2": {
      "rho": 0.20831196838393148,
      "capacity": 1.0,
      "tserv": 4.16623936767863,
      "stddev": 4.16623936767863,
      "mu": 0.2400246149460169,
      "cv": 1.0,
      "lambda": 0.05,
      "twait": 1.096236760922314
    },
    "F3": {
      "rho": 0.22469385857569124,
      "capacity": 1.0,
      "tserv": 4.493877171513825,
      "stddev": 4.493877171513825,
      "mu": 0.22252499608553747,
      "cv": 1.0,
      "lambda": 0.05,
      "twait": 1.3023843713886456
    },
    "F4": {
      "rho": 0.11887822628454059,
      "capacity": 1.0,
      "tserv": 0.594391131422703,
      "stddev": 1.0892426272018123,
      "mu": 1.6823938769181386,
      "cv": 1.8325351264825556,
      "lambda": 0.2,
      "twait": 0.17474886717811364
    },
    "F5": {
      "rho": 0.06699417304037728,
      "capacity": 1.0,
      "tserv": 0.44662782026918174,
      "stddev": 0.4778041574202915,
      "mu": 2.239000695024555,
      "cv": 1.0698038405496546,
      "lambda": 0.15000000000000002,
      "twait": 0.034386700248204435
    },
    "F6": {
      "rho": 0.23230405386813852,
      "capacity": 1.0,
      "tserv": 4.64608107736277,
      "stddev": 4.64608107736277,
      "mu": 0.2152351591263286,
      "cv": 1.0,
      "lambda": 0.05,
      "twait": 1.405899658985611
    },
    "F7": {
      "rho": 0.2540172753314418,
      "capacity": 1.0,
      "tserv": 5.080345506628836,
      "stddev": 5.080345506628836,
      "mu": 0.19683700620266864,
      "cv": 1.0,
      "lambda": 0.05,
      "twait": 1.7299268209053507
    },
    "F8": {
      "rho": 0.2459827246685582,
      "capacity": 1.0,
      "tserv": 1.229913623342791,
      "stddev": 2.1081616506141834,
      "mu": 0.8130652275255663,