{
  "servicechain": {
    "SC1": {
      "resptime": 29.22644119867619,
      "resptime_old": 19.226441198676195,
      "waittime": 16.005578249216068,
      "servicetime": 10.0,
      "networktime": 3.2208629494601233,
      "services": {
        "MS1_1": {
          "meanserv": 0.9032976986465624,
          "stddevserv": 0.9032976986465624,
          "rate": 1.1070547411980896,
          "cv": 1.0,
          "lambda": 0.15
        },
        "MS1_2": {
          "meanserv": 0.7175214498407234,
          "stddevserv": 0.7175214498407234,
          "rate": 1.393686558390668,
          "cv": 1.0,
          "lambda": 0.15
        },
        "MS1_3": {
          "meanserv": 2.3209571869000403,
          "stddevserv": 2.3209571869000403,
          "rate": 0.43085671965179095,
          "cv": 1.0,
          "lambda": 0.15
        },
        "MS1_4": {
          "meanserv": 1.781781224359924,
          "stddevserv": 1.781781224359924,
          "rate": 0.5612361306362029,
          "cv": 1.0,
          "lambda": 0.15
        },
        "MS1_5": {
          "meanserv": 4.27644244025275,
          "stddevserv": 4.27644244025275,
          "rate": 0.23383922827706694,
          "cv": 1.0,
          "lambda": 0.15
        }
      },
      "sensors": [
        "S1"
      ],
      "sources": [
        {
          "startTime": 0,
          "stopTime": -1,
          "lambda": 0.15
        }
      ]
    },
    "SC2": {
      "resptime": 33.5418208360184,
      "resptime_old": 23.5418208360184,
      "waittime": 18.113942151701625,
      "servicetime": 10.0,
      "networktime": 5.427878684316775,
      "services": {
        "MS2_1": {
          "meanserv": 2.217473945115124,
          "stddevserv": 2.217473945115124,
          "rate": 0.4509635850301201,
          "cv": 1.0,
          "lambda": 0.15
        },
        "MS2_2": {
          "meanserv": 4.707992436790273,
          "stddevserv": 4.707992436790273,
          "rate": 0.21240475923146582,
          "cv": 1.0,
          "lambda": 0.15
        },
        "MS2_3": {
          "meanserv": 0.2524736083414947,
          "stddevserv": 0.2524736083414947,
          "rate": 3.96081002909185,
          "cv": 1.0,
          "lambda": 0.15
        },
        "MS2_4": {
          "meanserv": 1.253654383033603,
          "stddevserv": 1.253654383033603,
          "rate": 0.7976680124391157,
          "cv": 1.0,
          "lambda": 0.15
        },
        "MS2_5": {
          "meanserv": 1.568405626719505,
          "stddevserv": 1.568405626719505,
          "rate": 0.6375901635163165,
          "cv": 1.0,
          "lambda": 0.15
        }
      },
      "sensors": [
        "S2"
      ],
      "sources": [
        {
          "startTime": 0,
          "stopTime": -1,
          "lambda": 0.15
        }
      ]
    },
    "SC3": {
      "resptime": 29.970229729243357,
      "resptime_old": 19.97022972924336,
      "waittime": 13.522677782947433,
      "servicetime": 10.0,
      "networktime": 6.447551946295924,
      "services": {
        "MS3_1": {
          "meanserv": 2.4197556957465647,
          "stddevserv": 2.4197556957465647,
          "rate": 0.41326486048066563,
          "cv": 1.0,
          "lambda": 0.15
        },
        "MS3_2": {
          "meanserv": 1.3997194929349623,
          "stddevserv": 1.3997194929349623,
          "rate": 0.7144288588159747,
          "cv": 1.0,
          "lambda": 0.15
        },
        "MS3_3": {
          "meanserv": 3.015223774102494,
          "stddevserv": 3.015223774102494,
          "rate": 0.3316503433638713,
          "cv": 1.0,
          "lambda": 0.15
        },
        "MS3_4": {
          "meanserv": 1.7959420501462215,
          "stddevserv": 1.7959420501462215,
          "rate": 0.5568108391462755,
          "cv": 1.0,
          "lambda": 0.15
        },
        "MS3_5": {
          "meanserv": 1.3693589870697576,
          "stddevserv": 1.3693589870697576,
          "rate": 0.7302686946538864,
          "cv": 1.0,
          "lambda": 0.15
        }
      },
      "sensors": [
        "S3"
      ],
      "sources": [
        {
          "startTime": 0,
          "stopTime": -1,
          "lambda": 0.15
        }
      ]
    },
    "SC4": {
      "resptime": 40.75809147639944,
      "resptime_old": 30.758091476399446,
      "waittime": 26.15563466656089,
      "servicetime": 10.0,
      "networktime": 4.602456809838557,
      "services": {
        "MS4_1": {
          "meanserv": 0.5918378955547554,
          "stddevserv": 0.5918378955547554,
          "rate": 1.6896518582384057,
          "cv": 1.0,
          "lambda": 0.15
        },
        "MS4_2": {
          "meanserv": 0.4647933330023646,
          "stddevserv": 0.4647933330023646,
          "rate": 2.1514938554312537,
          "cv": 1.0,
          "lambda": 0.15
        },
        "MS4_3": {
          "meanserv": 2.8340747734584637,
          "stddevserv": 2.8340747734584637,
          "rate": 0.3528488413097461,
          "cv": 1.0,
          "lambda": 0.15
        },
        "MS4_4": {
          "meanserv": 1.105840900090822,
          "stddevserv": 1.105840900090822,
          "rate": 0.9042892154901041,
          "cv": 1.0,
          "lambda": 0.15
        },
        "MS4_5": {
          "meanserv": 5.003453097893594,
          "stddevserv": 5.003453097893594,
          "rate": 0.19986197140950326,
          "cv": 1.0,
          "lambda": 0.15
        }
      },
      "sensors": [
        "S4"
      ],
      "sources": [
        {
          "startTime": 0,
          "stopTime": -1,
          "lambda": 0.15
        }
      ]
    }
  },
  "microservice": {
    "MS1_1": "F5",
    "MS1_2": "F5",
    "MS1_3": "F10",
    "MS1_4": "F10",
    "MS1_5": "F2",
    "MS2_1": "F3",
    "MS2_2": "F6",
    "MS2_3": "F5",
    "MS2_4": "F5",
    "MS2_5": "F3",
    "MS3_1": "F1",
    "MS3_2": "F9",
    "MS3_3": "F7",
    "MS3_4": "F1",
    "MS3_5": "F9",
    "MS4_1": "F8",
    "MS4_2": "F8",
    "MS4_3": "F8",
    "MS4_4": "F9",
    "MS4_5": "F4"
  },
  "sensor": {
    "S1": "F5",
    "S2": "F3",
    "S3": "F1",
    "S4": "F8"
  },
  "fog": {
    "F1": {
      "rho": 0.6323546618839181,
      "capacity": 1.0,
      "tserv": 2.1078488729463936,
      "stddev": 2.1535084405221108,
      "mu": 0.47441731370531315,
      "cv": 1.021661689394218,
      "lambda": 0.3,
      "twait": 3.704912533821196
    },
    "F2": {
      "rho": 0.6414663660379125,
      "capacity": 1.0,
      "tserv": 4.27644244025275,
      "stddev": 4.27644244025275,
      "mu": 0.23383922827706694,
      "cv": 1.0,
      "lambda": 0.15,
      "twait": 7.651148265797871
    },
    "F3": {
      "rho": 0.5678819357751943,
      "capacity": 1.0,
      "tserv": 1.8929397859173145,
      "stddev": 1.9477848633976873,
      "mu": 0.5282788218830755,
      "cv": 1.0289734929174172,
      "lambda": 0.3,
      "twait": 2.560788654053572
    },
    "F4": {
      "rho": 0.7505179646840391,
      "capacity": 1.0,
      "tserv": 5.003453097893594,
      "stddev": 5.003453097893594,
      "mu": 0.19986197140950326,
      "cv": 1.0,
      "lambda": 0.15,
      "twait": 15.051911175357114
    },
    "F5": {
      "rho": 0.4690420709793576,
      "capacity": 1.0,
      "tserv": 0.781736784965596,
      "stddev": 0.9337963365834532,
      "mu": 1.2792029481432292,
      "cv": 1.1945150267229006,
      "lambda": 0.6,
      "twait": 0.8379692164616107
    },
    "F6": {
      "rho": 0.7061988655185409,
      "capacity": 1.0,
      "tserv": 4.707992436790273,
      "stddev": 4.707992436790273,
      "mu": 0.21240475923146582,
      "cv": 1.0,
      "lambda": 0.15,
      "twait": 11.31642641067126
    },
    "F7": {
      "rho": 0.45228356611537407,
      "capacity": 1.0,
      "tserv": 3.015223774102494,
      "stddev": 3.015223774102494,
      "mu": 0.3316503433638713,
      "cv": 1.0,
      "lambda": 0.15,
      "twait": 2.489858030212397
    },
    "F8": {
      "rho": 0.5836059003023375,
      "capacity": 1.0,
      "tserv": 1.2969020006718612,