{
  "servicechain": {
    "SC1": {
      "resptime": 28.740989415860504,
      "resptime_old": 18.740989415860504,
      "waittime": 15.01822231973659,
      "servicetime": 10.0,
      "networktime": 3.7227670961239117,
      "services": {
        "MS1_1": {
          "meanserv": 1.366130349591631,
          "stddevserv": 1.366130349591631,
          "rate": 0.7319945716006704,
          "cv": 1.0,
          "lambda": 0.15
        },
        "MS1_2": {
          "meanserv": 2.8101678284924656,
          "stddevserv": 2.8101678284924656,
          "rate": 0.355850632784611,
          "cv": 1.0,
          "lambda": 0.15
        },
        "MS1_3": {
          "meanserv": 0.5176678314401837,
          "stddevserv": 0.5176678314401837,
          "rate": 1.931740663154476,
          "cv": 1.0,
          "lambda": 0.15
        },
        "MS1_4": {
          "meanserv": 0.6371791765572903,
          "stddevserv": 0.6371791765572903,
          "rate": 1.5694172640779758,
          "cv": 1.0,
          "lambda": 0.15
        },
        "MS1_5": {
          "meanserv": 0.4205675979174037,
          "stddevserv": 0.4205675979174037,
          "rate": 2.3777390482573324,
          "cv": 1.0,
          "lambda": 0.15
        },
        "MS1_6": {
          "meanserv": 0.6244296572523274,
          "stddevserv": 0.6244296572523274,
          "rate": 1.601461411042345,
          "cv": 1.0,
          "lambda": 0.15
        },
        "MS1_7": {
          "meanserv": 3.210172090839734,
          "stddevserv": 3.210172090839734,
          "rate": 0.31150977944562924,
          "cv": 1.0,
          "lambda": 0.15
        },
        "MS1_8": {
          "meanserv": 0.0031699294405953538,
          "stddevserv": 0.0031699294405953538,
          "rate": 315.46443501032223,
          "cv": 1.0,
          "lambda": 0.15
        },
        "MS1_9": {
          "meanserv": 0.3537469183699269,
          "stddevserv": 0.3537469183699269,
          "rate": 2.826879749533991,
          "cv": 1.0,
          "lambda": 0.15
        },
        "MS1_10": {
          "meanserv": 0.05676862009844186,
          "stddevserv": 0.05676862009844186,
          "rate": 17.61536564154476,
          "cv": 1.0,
          "lambda": 0.15
        }
      },
      "sensors": [
        "S1"
      ],
      "sources": [
        {
          "startTime": 0,
          "stopTime": -1,
          "lambda": 0.15
        }
      ]
    },
    "SC2": {
      "resptime": 29.149776275304717,
      "resptime_old": 19.14977627530472,
      "waittime": 15.213630796323464,
      "servicetime": 10.0,
      "networktime": 3.9361454789812536,
      "services": {
        "MS2_1": {
          "meanserv": 0.7429004701284925,
          "stddevserv": 0.7429004701284925,
          "rate": 1.3460753360770379,
          "cv": 1.0,
          "lambda": 0.15
        },
        "MS2_2": {
          "meanserv": 0.10280987114721696,
          "stddevserv": 0.10280987114721696,
          "rate": 9.726692474578302,
          "cv": 1.0,
          "lambda": 0.15
        },
        "MS2_3": {
          "meanserv": 1.0125178559588788,
          "stddevserv": 1.0125178559588788,
          "rate": 0.9876369035022853,
          "cv": 1.0,
          "lambda": 0.15
        },
        "MS2_4": {
          "meanserv": 0.7525928078280564,
          "stddevserv": 0.7525928078280564,
          "rate": 1.3287397774713632,
          "cv": 1.0,
          "lambda": 0.15
        },
        "MS2_5": {
          "meanserv": 0.008721874963493192,
          "stddevserv": 0.008721874963493192,
          "rate": 114.65424626994316,
          "cv": 1.0,
          "lambda": 0.15
        },
        "MS2_6": {
          "meanserv": 1.1693930114564188,
          "stddevserv": 1.1693930114564188,
          "rate": 0.8551444982166871,
          "cv": 1.0,
          "lambda": 0.15
        },
        "MS2_7": {
          "meanserv": 1.3450798094155845,
          "stddevserv": 1.3450798094155845,
          "rate": 0.7434503090448469,
          "cv": 1.0,
          "lambda": 0.15
        },
        "MS2_8": {
          "meanserv": 0.6771508795247012,
          "stddevserv": 0.6771508795247012,
          "rate": 1.4767757529930547,
          "cv": 1.0,
          "lambda": 0.15
        },
        "MS2_9": {
          "meanserv": 1.422458903077425,
          "stddevserv": 1.422458903077425,
          "rate": 0.7030080080602298,
          "cv": 1.0,
          "lambda": 0.15
        },
        "MS2_10": {
          "meanserv": 2.7663745164997326,
          "stddevserv": 2.7663745164997326,
          "rate": 0.3614839545533735,
          "cv": 1.0,
          "lambda": 0.15
        }
      },
      "sensors": [
        "S2"
      ],
      "sources": [
        {
          "startTime": 0,
          "stopTime": -1,
          "lambda": 0.15
        }
      ]
    },
    "SC3": {
      "resptime": 36.302812105158445,
      "resptime_old": 26.302812105158445,
      "waittime": 21.220766671505366,
      "servicetime": 10.0,
      "networktime": 5.082045433653081,
      "services": {
        "MS3_1": {
          "meanserv": 0.36619090969669865,
          "stddevserv": 0.36619090969669865,
          "rate": 2.730816012959634,
          "cv": 1.0,
          "lambda": 0.15
        },
        "MS3_2": {
          "meanserv": 1.9008968222056544,
          "stddevserv": 1.9008968222056544,
          "rate": 0.5260674794751232,
          "cv": 1.0,
          "lambda": 0.15
        },
        "MS3_3": {
          "meanserv": 0.4105281195913135,
          "stddevserv": 0.4105281195913135,
          "rate": 2.435886732912508,
          "cv": 1.0,
          "lambda": 0.15
        },
        "MS3_4": {
          "meanserv": 0.9082900390825341,
          "stddevserv": 0.9082900390825341,
          "rate": 1.1009699071566417,
          "cv": 1.0,
          "lambda": 0.15
        },
        "MS3_5": {
          "meanserv": 0.7926964291974032,
          "stddevserv": 0.7926964291974032,
          "rate": 1.2615169731652374,
          "cv": 1.0,
          "lambda": 0.15
        },
        "MS3_6": {
          "meanserv": 0.3542668841102792,
          "stddevserv": 0.3542668841102792,
          "rate": 2.822730672417893,
          "cv": 1.0,
          "lambda": 0.15
        },
        "MS3_7": {
          "meanserv": 4.205840905893304,
          "stddevserv": 4.205840905893304,
          "rate": 0.2377645808234879,
          "cv": 1.0,
          "lambda": 0.15
        },
        "MS3_8": {
          "meanserv": 0.4707021035186649,
          "stddevserv": 0.4707021035186649,
          "rate": 2.124485938186054,
          "cv": 1.0,
          "lambda": 0.15
        },
        "MS3_9": {
          "meanserv": 0.3113857530483699,
          "stddevserv": 0.3113857530483699,
          "rate": 3.211450717350779,
          "cv": 1.0,
          "lambda": 0.15
        },
        "MS3_10": {
          "meanserv": 0.27920203365577834,
          "stddevserv": 0.27920203365577834,
          "rate": 3.5816358029572113,
          "cv": 1.0,
          "lambda": 0.15
        }
      },
      "sensors": [
        "S3"
      ],
      "sources": [
        {
          "startTime": 0,
          "stopTime": -1,
          "lambda": 0.15
        }
      ]
    },
    "SC4": {
      "resptime": 36.91458334359024,
      "resptime_old": 26.91458334359024,
      "waittime": 24.175473302794106,
      "servicetime": 10.0,
      "networktime": 2.739110040796135,
      "services": {
        "MS4_1": {
          "meanserv": 1.1479382861687681,
          "stddevserv": 1.1479382861687681,
          "rate": 0.8711269691487418,
          "cv": 1.0,
          "lambda": 0.15
        },
        "MS4_2": {
          "meanserv": 1.93350954368807,
          "stddevserv": 1.93350954368807,
          "rate": 0.5171942405272805,
          "cv": 1.0,
          "lambda": 0.15
        },
        "MS4_3": {
          "meanserv": 1.0061898583697033,
          "stddevserv": 1.0061898583697033,
          "rate": 0.9938482202755129,
          "cv": 1.0,