{
  "servicechain": {
    "SC1": {
      "resptime": 39.569762524145816,
      "resptime_old": 29.569762524145823,
      "waittime": 24.826803382569516,
      "servicetime": 10.0,
      "networktime": 4.742959141576302,
      "services": {
        "MS1_1": {
          "meanserv": 0.7623184340042344,
          "stddevserv": 0.7623184340042344,
          "rate": 1.3117877718728306,
          "cv": 1.0,
          "lambda": 0.15
        },
        "MS1_2": {
          "meanserv": 0.9280615005008508,
          "stddevserv": 0.9280615005008508,
          "rate": 1.0775147977373545,
          "cv": 1.0,
          "lambda": 0.15
        },
        "MS1_3": {
          "meanserv": 0.13028965090362554,
          "stddevserv": 0.13028965090362554,
          "rate": 7.6752066880560905,
          "cv": 1.0,
          "lambda": 0.15
        },
        "MS1_4": {
          "meanserv": 0.19205786788086399,
          "stddevserv": 0.19205786788086399,
          "rate": 5.206764039577452,
          "cv": 1.0,
          "lambda": 0.15
        },
        "MS1_5": {
          "meanserv": 3.3602827805925912,
          "stddevserv": 3.3602827805925912,
          "rate": 0.29759400184279977,
          "cv": 1.0,
          "lambda": 0.15
        },
        "MS1_6": {
          "meanserv": 0.12990622634519244,
          "stddevserv": 0.12990622634519244,
          "rate": 7.697860434670442,
          "cv": 1.0,
          "lambda": 0.15
        },
        "MS1_7": {
          "meanserv": 1.2507516706968564,
          "stddevserv": 1.2507516706968564,
          "rate": 0.7995192198646833,
          "cv": 1.0,
          "lambda": 0.15
        },
        "MS1_8": {
          "meanserv": 0.03462889524146462,
          "stddevserv": 0.03462889524146462,
          "rate": 28.877617753239804,
          "cv": 1.0,
          "lambda": 0.15
        },
        "MS1_9": {
          "meanserv": 0.8043207600042903,
          "stddevserv": 0.8043207600042903,
          "rate": 1.243285079443512,
          "cv": 1.0,
          "lambda": 0.15
        },
        "MS1_10": {
          "meanserv": 0.03965259248910247,
          "stddevserv": 0.03965259248910247,
          "rate": 25.219032028607593,
          "cv": 1.0,
          "lambda": 0.15
        },
        "MS1_11": {
          "meanserv": 2.0983047421457073,
          "stddevserv": 2.0983047421457073,
          "rate": 0.47657519897582135,
          "cv": 1.0,
          "lambda": 0.15
        },
        "MS1_12": {
          "meanserv": 0.2694248791952205,
          "stddevserv": 0.2694248791952205,
          "rate": 3.7116097184010153,
          "cv": 1.0,
          "lambda": 0.15
        }
      },
      "sensors": [
        "S1"
      ],
      "sources": [
        {
          "startTime": 0,
          "stopTime": -1,
          "lambda": 0.15
        }
      ]
    },
    "SC2": {
      "resptime": 37.52991260935947,
      "resptime_old": 27.529912609359474,
      "waittime": 23.116387369187144,
      "servicetime": 10.0,
      "networktime": 4.413525240172326,
      "services": {
        "MS2_1": {
          "meanserv": 1.6365887794116663,
          "stddevserv": 1.6365887794116663,
          "rate": 0.611027041477999,
          "cv": 1.0,
          "lambda": 0.15
        },
        "MS2_2": {
          "meanserv": 0.9614947766845294,
          "stddevserv": 0.9614947766845294,
          "rate": 1.0400472516847632,
          "cv": 1.0,
          "lambda": 0.15
        },
        "MS2_3": {
          "meanserv": 0.5365412650139021,
          "stddevserv": 0.5365412650139021,
          "rate": 1.8637895446384527,
          "cv": 1.0,
          "lambda": 0.15
        },
        "MS2_4": {
          "meanserv": 0.23270668145555273,
          "stddevserv": 0.23270668145555273,
          "rate": 4.2972552130652995,
          "cv": 1.0,
          "lambda": 0.15
        },
        "MS2_5": {
          "meanserv": 2.4631854380442855,
          "stddevserv": 2.4631854380442855,
          "rate": 0.4059783662873461,
          "cv": 1.0,
          "lambda": 0.15
        },
        "MS2_6": {
          "meanserv": 1.361535003030375,
          "stddevserv": 1.361535003030375,
          "rate": 0.7344651424857203,
          "cv": 1.0,
          "lambda": 0.15
        },
        "MS2_7": {
          "meanserv": 0.08839571366264476,
          "stddevserv": 0.08839571366264476,
          "rate": 11.312765727718663,
          "cv": 1.0,
          "lambda": 0.15
        },
        "MS2_8": {
          "meanserv": 1.1094874815713265,
          "stddevserv": 1.1094874815713265,
          "rate": 0.9013170645095847,
          "cv": 1.0,
          "lambda": 0.15
        },
        "MS2_9": {
          "meanserv": 0.8572139019701286,
          "stddevserv": 0.8572139019701286,
          "rate": 1.1665699747772489,
          "cv": 1.0,
          "lambda": 0.15
        },
        "MS2_10": {
          "meanserv": 0.09023020636171886,
          "stddevserv": 0.09023020636171886,
          "rate": 11.082763082588503,
          "cv": 1.0,
          "lambda": 0.15
        },
        "MS2_11": {
          "meanserv": 0.08593013851666065,
          "stddevserv": 0.08593013851666065,
          "rate": 11.637360503103507,
          "cv": 1.0,
          "lambda": 0.15
        },
        "MS2_12": {
          "meanserv": 0.5766906142772097,
          "stddevserv": 0.5766906142772097,
          "rate": 1.7340320359701735,
          "cv": 1.0,
          "lambda": 0.15
        }
      },
      "sensors": [
        "S2"
      ],
      "sources": [
        {
          "startTime": 0,
          "stopTime": -1,
          "lambda": 0.15
        }
      ]
    },
    "SC3": {
      "resptime": 36.502317363176594,
      "resptime_old": 26.502317363176594,
      "waittime": 23.009951002848496,
      "servicetime": 10.0,
      "networktime": 3.4923663603281,
      "services": {
        "MS3_1": {
          "meanserv": 1.5235491678406876,
          "stddevserv": 1.5235491678406876,
          "rate": 0.6563621451201939,
          "cv": 1.0,
          "lambda": 0.15
        },
        "MS3_2": {
          "meanserv": 0.8223079858837443,
          "stddevserv": 0.8223079858837443,
          "rate": 1.2160893693927683,
          "cv": 1.0,
          "lambda": 0.15
        },
        "MS3_3": {
          "meanserv": 1.6600607653943564,
          "stddevserv": 1.6600607653943564,
          "rate": 0.6023875877594423,
          "cv": 1.0,
          "lambda": 0.15
        },
        "MS3_4": {
          "meanserv": 0.23247990327610069,
          "stddevserv": 0.23247990327610069,
          "rate": 4.301447075244037,
          "cv": 1.0,
          "lambda": 0.15
        },
        "MS3_5": {
          "meanserv": 0.06351196638624312,
          "stddevserv": 0.06351196638624312,
          "rate": 15.745064385482527,
          "cv": 1.0,
          "lambda": 0.15
        },
        "MS3_6": {
          "meanserv": 0.8974435103221241,
          "stddevserv": 0.8974435103221241,
          "rate": 1.1142762619577746,
          "cv": 1.0,
          "lambda": 0.15
        },
        "MS3_7": {
          "meanserv": 0.026515168486763052,
          "stddevserv": 0.026515168486763052,
          "rate": 37.71426157443509,
          "cv": 1.0,
          "lambda": 0.15
        },
        "MS3_8": {
          "meanserv": 0.2923015034348815,
          "stddevserv": 0.2923015034348815,
          "rate": 3.421125065211232,
          "cv": 1.0,
          "lambda": 0.15
        },
        "MS3_9": {
          "meanserv": 1.2106861707086063,
          "stddevserv": 1.2106861707086063,
          "rate": 0.8259778827858477,
          "cv": 1.0,
          "lambda": 0.15
        },
        "MS3_10": {
          "meanserv": 0.5925021431475397,
          "stddevserv": 0.5925021431475397,
          "rate": 1.6877576082471466,
          "cv": 1.0,
          "lambda": 0.15
        },
        "MS3_11": {
          "meanserv": 0.49766919952441047,
          "stddevserv": 0.49766919952441047,