{
  "servicechain": {
    "SC1": {
      "resptime": 39.780559807038514,
      "resptime_old": 29.780559807038518,
      "waittime": 23.253989442760364,
      "servicetime": 10.0,
      "networktime": 6.526570364278152,
      "services": {
        "MS1_1": {
          "meanserv": 0.8603140088970151,
          "stddevserv": 0.8603140088970151,
          "rate": 1.1623662867957625,
          "cv": 1.0,
          "lambda": 0.15
        },
        "MS1_2": {
          "meanserv": 1.6547789992414075,
          "stddevserv": 1.6547789992414075,
          "rate": 0.6043103039490019,
          "cv": 1.0,
          "lambda": 0.15
        },
        "MS1_3": {
          "meanserv": 1.8524154563054998,
          "stddevserv": 1.8524154563054998,
          "rate": 0.5398357029445344,
          "cv": 1.0,
          "lambda": 0.15
        },
        "MS1_4": {
          "meanserv": 0.9538352399371748,
          "stddevserv": 0.9538352399371748,
          "rate": 1.0483990925580249,
          "cv": 1.0,
          "lambda": 0.15
        },
        "MS1_5": {
          "meanserv": 4.678656295618903,
          "stddevserv": 4.678656295618903,
          "rate": 0.2137365809359411,
          "cv": 1.0,
          "lambda": 0.15
        }
      },
      "sensors": [
        "S1"
      ],
      "sources": [
        {
          "startTime": 0,
          "stopTime": -1,
          "lambda": 0.15
        }
      ]
    },
    "SC2": {
      "resptime": 33.75606854361949,
      "resptime_old": 23.75606854361949,
      "waittime": 18.752866802068976,
      "servicetime": 10.0,
      "networktime": 5.003201741550514,
      "services": {
        "MS2_1": {
          "meanserv": 0.6560159649563746,
          "stddevserv": 0.6560159649563746,
          "rate": 1.5243531459886048,
          "cv": 1.0,
          "lambda": 0.15
        },
        "MS2_2": {
          "meanserv": 1.2097052464034541,
          "stddevserv": 1.2097052464034541,
          "rate": 0.8266476507174588,
          "cv": 1.0,
          "lambda": 0.15
        },
        "MS2_3": {
          "meanserv": 2.0029272404369927,
          "stddevserv": 2.0029272404369927,
          "rate": 0.49926925941744293,
          "cv": 1.0,
          "lambda": 0.15
        },
        "MS2_4": {
          "meanserv": 2.102074089197775,
          "stddevserv": 2.102074089197775,
          "rate": 0.4757206252333546,
          "cv": 1.0,
          "lambda": 0.15
        },
        "MS2_5": {
          "meanserv": 4.029277459005404,
          "stddevserv": 4.029277459005404,
          "rate": 0.24818345476929313,
          "cv": 1.0,
          "lambda": 0.15
        }
      },
      "sensors": [
        "S2"
      ],
      "sources": [
        {
          "startTime": 0,
          "stopTime": -1,
          "lambda": 0.15
        }
      ]
    },
    "SC3": {
      "resptime": 29.16638096660253,
      "resptime_old": 19.16638096660253,
      "waittime": 13.660392676969419,
      "servicetime": 10.0,
      "networktime": 5.505988289633114,
      "services": {
        "MS3_1": {
          "meanserv": 2.4580715241003057,
          "stddevserv": 2.4580715241003057,
          "rate": 0.40682298712443543,
          "cv": 1.0,
          "lambda": 0.15
        },
        "MS3_2": {
          "meanserv": 2.747405318657407,
          "stddevserv": 2.747405318657407,
          "rate": 0.36397978602177156,
          "cv": 1.0,
          "lambda": 0.15
        },
        "MS3_3": {
          "meanserv": 3.1211548715650492,
          "stddevserv": 3.1211548715650492,
          "rate": 0.3203942262238872,
          "cv": 1.0,
          "lambda": 0.15
        },
        "MS3_4": {
          "meanserv": 1.5211774337740263,
          "stddevserv": 1.5211774337740263,
          "rate": 0.6573855079607708,
          "cv": 1.0,
          "lambda": 0.15
        },
        "MS3_5": {
          "meanserv": 0.15219085190321202,
          "stddevserv": 0.15219085190321202,
          "rate": 6.570697170654938,
          "cv": 1.0,
          "lambda": 0.15
        }
      },
      "sensors": [
        "S3"
      ],
      "sources": [
        {
          "startTime": 0,
          "stopTime": -1,
          "lambda": 0.15
        }
      ]
    },
    "SC4": {
      "resptime": 31.817184567295314,
      "resptime_old": 21.81718456729531,
      "waittime": 17.511442655148915,
      "servicetime": 10.0,
      "networktime": 4.305741912146397,
      "services": {
        "MS4_1": {
          "meanserv": 4.032633470878543,
          "stddevserv": 4.032633470878543,
          "rate": 0.24797691315648918,
          "cv": 1.0,
          "lambda": 0.15
        },
        "MS4_2": {
          "meanserv": 0.47241393168526,
          "stddevserv": 0.47241393168526,
          "rate": 2.1167877002116815,
          "cv": 1.0,
          "lambda": 0.15
        },
        "MS4_3": {
          "meanserv": 2.52164954835897,
          "stddevserv": 2.52164954835897,
          "rate": 0.3965658117127245,
          "cv": 1.0,
          "lambda": 0.15
        },
        "MS4_4": {
          "meanserv": 1.0720520777604818,
          "stddevserv": 1.0720520777604818,
          "rate": 0.9327905059323249,
          "cv": 1.0,
          "lambda": 0.15
        },
        "MS4_5": {
          "meanserv": 1.9012509713167454,
          "stddevserv": 1.9012509713167454,
          "rate": 0.5259694880299954,
          "cv": 1.0,
          "lambda": 0.15
        }
      },
      "sensors": [
        "S4"
      ],
      "sources": [
        {
          "startTime": 0,
          "stopTime": -1,
          "lambda": 0.15
        }
      ]
    }
  },
  "microservice": {
    "MS1_1": "F10",
    "MS1_2": "F10",
    "MS1_3": "F6",
    "MS1_4": "F7",
    "MS1_5": "F1",
    "MS2_1": "F9",
    "MS2_2": "F9",
    "MS2_3": "F10",
    "MS2_4": "F8",
    "MS2_5": "F3",
    "MS3_1": "F9",
    "MS3_2": "F7",
    "MS3_3": "F4",
    "MS3_4": "F8",
    "MS3_5": "F8",
    "MS4_1": "F2",
    "MS4_2": "F5",
    "MS4_3": "F5",
    "MS4_4": "F5",
    "MS4_5": "F6"
  },
  "sensor": {
    "S1": "F10",
    "S2": "F9",
    "S3": "F9",
    "S4": "F2"
  },
  "fog": {
    "F1": {
      "rho": 0.7017984443428353,
      "capacity": 1.0,
      "tserv": 4.678656295618903,
      "stddev": 4.678656295618903,
      "mu": 0.2137365809359411,
      "cv": 1.0,
      "lambda": 0.15,
      "twait": 11.010920793636272
    },
    "F2": {
      "rho": 0.6048950206317815,
      "capacity": 1.0,
      "tserv": 4.032633470878543,
      "stddev": 4.032633470878543,
      "mu": 0.24797691315648918,
      "cv": 1.0,
      "lambda": 0.15,
      "twait": 6.173852606130184
    },
    "F3": {
      "rho": 0.6043916188508106,
      "capacity": 1.0,
      "tserv": 4.029277459005404,
      "stddev": 4.029277459005404,
      "mu": 0.24818345476929313,
      "cv": 1.0,
      "lambda": 0.15,
      "twait": 6.155737952702741
    },
    "F4": {
      "rho": 0.46817323073475736,
      "capacity": 1.0,
      "tserv": 3.1211548715650492,
      "stddev": 3.1211548715650492,
      "mu": 0.3203942262238872,
      "cv": 1.0,
      "lambda": 0.15,
      "twait": 2.7475885838972465
    },
    "F5": {
      "rho": 0.6099173336707068,
      "capacity": 1.0,
      "tserv": 1.3553718526015706,
      "stddev": 1.8212885066682813,
      "mu": 0.7378049043002837,
      "cv": 1.343755592365598,
      "lambda": 0.44999999999999996,
      "twait": 2.972903319867144
    },
    "F6": {
      "rho": 0.5630499641433367,
      "capacity": 1.0,
      "tserv": 1.8768332138111226,
      "stddev": 1.8771508640031558,
      "mu": 0.5328123951778254,
      "cv": 1.000169247959646,
      "lambda": 0.3,
      "twait": 2.4188800894172986
    },
    "F7": {
      "rho": 0.5551860837891872,
      "capacity": 1.0,
      "tserv": 1.8506202792972908,
      "stddev": 2.243488852610289,
      "mu": 0.5403593655526759,
      "cv": 1.2122902130209967,
      "lambda": 0.3,
      "twait": 2.8522166264435587
    },
    "F8": {
      "rho": 0.5663163562312519,
      "capacity": 1.0,