{
  "servicechain": {
    "SC1": {
      "resptime": 14.791753366590262,
      "resptime_old": 4.791753366590263,
      "waittime": 1.0201050258958984,
      "servicetime": 10.0,
      "networktime": 3.771648340694364,
      "services": {
        "MS1_1": {
          "meanserv": 2.1830136491355723,
          "stddevserv": 2.1830136491355723,
          "rate": 0.4580823397031801,
          "cv": 1.0,
          "lambda": 0.025
        },
        "MS1_2": {
          "meanserv": 0.4325177608836692,
          "stddevserv": 0.4325177608836692,
          "rate": 2.3120437827961515,
          "cv": 1.0,
          "lambda": 0.025
        },
        "MS1_3": {
          "meanserv": 1.9685268166561478,
          "stddevserv": 1.9685268166561478,
          "rate": 0.5079940956550733,
          "cv": 1.0,
          "lambda": 0.025
        },
        "MS1_4": {
          "meanserv": 1.6155782988310072,
          "stddevserv": 1.6155782988310072,
          "rate": 0.618973404584337,
          "cv": 1.0,
          "lambda": 0.025
        },
        "MS1_5": {
          "meanserv": 3.8003634744936035,
          "stddevserv": 3.8003634744936035,
          "rate": 0.2631327257804596,
          "cv": 1.0,
          "lambda": 0.025
        }
      },
      "sensors": [
        "S1"
      ],
      "sources": [
        {
          "startTime": 0,
          "stopTime": -1,
          "lambda": 0.025
        }
      ]
    },
    "SC2": {
      "resptime": 14.877258901811793,
      "resptime_old": 4.877258901811792,
      "waittime": 4.877258901811792,
      "servicetime": 10.0,
      "networktime": 0.0,
      "services": {
        "MS2_1": {
          "meanserv": 4.180363215678878,
          "stddevserv": 4.180363215678878,
          "rate": 0.23921366359970783,
          "cv": 1.0,
          "lambda": 0.025
        },
        "MS2_2": {
          "meanserv": 2.862053435430151,
          "stddevserv": 2.862053435430151,
          "rate": 0.34939948626420575,
          "cv": 1.0,
          "lambda": 0.025
        },
        "MS2_3": {
          "meanserv": 1.5852404234889015,
          "stddevserv": 1.5852404234889015,
          "rate": 0.630819139597219,
          "cv": 1.0,
          "lambda": 0.025
        },
        "MS2_4": {
          "meanserv": 0.9527396302476632,
          "stddevserv": 0.9527396302476632,
          "rate": 1.049604706524123,
          "cv": 1.0,
          "lambda": 0.025
        },
        "MS2_5": {
          "meanserv": 0.4196032951544062,
          "stddevserv": 0.4196032951544062,
          "rate": 2.3832034008027003,
          "cv": 1.0,
          "lambda": 0.025
        }
      },
      "sensors": [
        "S2"
      ],
      "sources": [
        {
          "startTime": 0,
          "stopTime": -1,
          "lambda": 0.025
        }
      ]
    },
    "SC3": {
      "resptime": 15.221955297905215,
      "resptime_old": 5.221955297905215,
      "waittime": 3.9468249641776527,
      "servicetime": 10.0,
      "networktime": 1.2751303337275617,
      "services": {
        "MS3_1": {
          "meanserv": 0.4230181989712134,
          "stddevserv": 0.4230181989712134,
          "rate": 2.3639644876556494,
          "cv": 1.0,
          "lambda": 0.025
        },
        "MS3_2": {
          "meanserv": 0.8008145401146194,
          "stddevserv": 0.8008145401146194,
          "rate": 1.2487285756036242,
          "cv": 1.0,
          "lambda": 0.025
        },
        "MS3_3": {
          "meanserv": 6.17963351464855,
          "stddevserv": 6.17963351464855,
          "rate": 0.16182189407018133,
          "cv": 1.0,
          "lambda": 0.025
        },
        "MS3_4": {
          "meanserv": 2.582915673267477,
          "stddevserv": 2.582915673267477,
          "rate": 0.3871593681318158,
          "cv": 1.0,
          "lambda": 0.025
        },
        "MS3_5": {
          "meanserv": 0.013618072998140107,
          "stddevserv": 0.013618072998140107,
          "rate": 73.43182843391831,
          "cv": 1.0,
          "lambda": 0.025
        }
      },
      "sensors": [
        "S3"
      ],
      "sources": [
        {
          "startTime": 0,
          "stopTime": -1,
          "lambda": 0.025
        }
      ]
    },
    "SC4": {
      "resptime": 13.783329048602441,
      "resptime_old": 3.7833290486024405,
      "waittime": 1.7778404889615544,
      "servicetime": 10.0,
      "networktime": 2.005488559640886,
      "services": {
        "MS4_1": {
          "meanserv": 2.0493426614032506,
          "stddevserv": 2.0493426614032506,
          "rate": 0.4879613443050407,
          "cv": 1.0,
          "lambda": 0.025
        },
        "MS4_2": {
          "meanserv": 3.095994100242785,
          "stddevserv": 3.095994100242785,
          "rate": 0.3229980315277671,
          "cv": 1.0,
          "lambda": 0.025
        },
        "MS4_3": {
          "meanserv": 1.39596512803604,
          "stddevserv": 1.39596512803604,
          "rate": 0.7163502725937598,
          "cv": 1.0,
          "lambda": 0.025
        },
        "MS4_4": {
          "meanserv": 1.1268150976328393,
          "stddevserv": 1.1268150976328393,
          "rate": 0.8874570478339823,
          "cv": 1.0,
          "lambda": 0.025
        },
        "MS4_5": {
          "meanserv": 2.3318830126850854,
          "stddevserv": 2.3318830126850854,
          "rate": 0.4288379796757186,
          "cv": 1.0,
          "lambda": 0.025
        }
      },
      "sensors": [
        "S4"
      ],
      "sources": [
        {
          "startTime": 0,
          "stopTime": -1,
          "lambda": 0.025
        }
      ]
    }
  },
  "microservice": {
    "MS1_1": "F6",
    "MS1_2": "F6",
    "MS1_3": "F7",
    "MS1_4": "F7",
    "MS1_5": "F3",
    "MS2_1": "F2",
    "MS2_2": "F2",
    "MS2_3": "F2",
    "MS2_4": "F2",
    "MS2_5": "F2",
    "MS3_1": "F1",
    "MS3_2": "F1",
    "MS3_3": "F1",
    "MS3_4": "F8",
    "MS3_5": "F8",
    "MS4_1": "F4",
    "MS4_2": "F4",
    "MS4_3": "F4",
    "MS4_4": "F5",
    "MS4_5": "F5"
  },
  "sensor": {
    "S1": "F6",
    "S2": "F2",
    "S3": "F1",
    "S4": "F4"
  },
  "fog": {
    "F1": {
      "rho": 0.1850866563433596,
      "capacity": 1.0,
      "tserv": 2.4678220845781276,
      "stddev": 4.462652420402776,
      "mu": 0.40521559728684786,
      "cv": 1.8083363660171083,
      "lambda": 0.07500000000000001,
      "twait": 1.1966952990563413
    },
    "F2": {
      "rho": 0.25,
      "capacity": 1.0,
      "tserv": 2.0,
      "stddev": 2.7758640752652677,
      "mu": 0.5,
      "cv": 1.3879320376326338,
      "lambda": 0.125,
      "twait": 0.9754517803623584
    },
    "F3": {
      "rho": 0.0950090868623401,
      "capacity": 1.0,
      "tserv": 3.8003634744936035,
      "stddev": 3.800363474493604,
      "mu": 0.2631327257804596,
      "cv": 1.0000000000000002,
      "lambda": 0.025,
      "twait": 0.3989753468405318
    },
    "F4": {
      "rho": 0.16353254724205188,
      "capacity": 1.0,
      "tserv": 2.180433963227358,
      "stddev": 2.3947532996511516,
      "mu": 0.45862429996268045,
      "cv": 1.0982920556358284,
      "lambda": 0.07500000000000001,
      "twait": 0.47024254797368337
    },
    "F5": {
      "rho": 0.08646745275794812,
      "capacity": 1.0,
      "tserv": 1.7293490551589623,
      "stddev": 1.9278854982916853,
      "mu": 0.5782522603038516,
      "cv": 1.114804146994184,
      "lambda": 0.05,
      "twait": 0.18355642252025223
    },
    "F6": {
      "rho": 0.06538828525048104,
      "capacity": 1.0,
      "tserv": 1.3077657050096207,
      "stddev": 1.8006579538026426,
      "mu": 0.764662963839263,
      "cv": 1.3768964478154715,
      "lambda": 0.05,
      "twait": 0.13247801540555693
    },
    "F7": {
      "rho": 0.08960262788717888,
      "capacity": 1.0,
      "tserv": 1.7920525577435775,
      "stddev": 1.8093475890035002,
      "mu": 0.5580193480815805,
      "cv": 1.0096509620687126,
      "lambda": 0.05,
      "twait": 0.17808682412212629
    },