{
  "servicechain": {
    "SC1": {
      "resptime": 19.432916357177106,
      "resptime_old": 9.432916357177106,
      "waittime": 6.165624136079203,
      "servicetime": 10.0,
      "networktime": 3.267292221097904,
      "services": {
        "MS1_1": {
          "meanserv": 2.410501472281392,
          "stddevserv": 2.410501472281392,
          "rate": 0.4148514371383317,
          "cv": 1.0,
          "lambda": 0.1
        },
        "MS1_2": {
          "meanserv": 0.7776823114794431,
          "stddevserv": 0.7776823114794431,
          "rate": 1.2858721167228626,
          "cv": 1.0,
          "lambda": 0.1
        },
        "MS1_3": {
          "meanserv": 0.8900436314689708,
          "stddevserv": 0.8900436314689708,
          "rate": 1.1235404250346153,
          "cv": 1.0,
          "lambda": 0.1
        },
        "MS1_4": {
          "meanserv": 3.162727754124478,
          "stddevserv": 3.162727754124478,
          "rate": 0.316182763026603,
          "cv": 1.0,
          "lambda": 0.1
        },
        "MS1_5": {
          "meanserv": 2.759044830645716,
          "stddevserv": 2.759044830645716,
          "rate": 0.3624442737909278,
          "cv": 1.0,
          "lambda": 0.1
        }
      },
      "sensors": [
        "S1"
      ],
      "sources": [
        {
          "startTime": 0,
          "stopTime": -1,
          "lambda": 0.1
        }
      ]
    },
    "SC2": {
      "resptime": 21.945712781904714,
      "resptime_old": 11.945712781904712,
      "waittime": 8.681992096289633,
      "servicetime": 10.0,
      "networktime": 3.2637206856150796,
      "services": {
        "MS2_1": {
          "meanserv": 4.405060346257208,
          "stddevserv": 4.405060346257208,
          "rate": 0.22701164601516918,
          "cv": 1.0,
          "lambda": 0.1
        },
        "MS2_2": {
          "meanserv": 0.14072755609350907,
          "stddevserv": 0.14072755609350907,
          "rate": 7.105928844067549,
          "cv": 1.0,
          "lambda": 0.1
        },
        "MS2_3": {
          "meanserv": 3.4847855288772323,
          "stddevserv": 3.4847855288772323,
          "rate": 0.28696170588213826,
          "cv": 1.0,
          "lambda": 0.1
        },
        "MS2_4": {
          "meanserv": 1.5430314222175934,
          "stddevserv": 1.5430314222175934,
          "rate": 0.6480749423513575,
          "cv": 1.0,
          "lambda": 0.1
        },
        "MS2_5": {
          "meanserv": 0.42639514655445687,
          "stddevserv": 0.42639514655445687,
          "rate": 2.345242454283624,
          "cv": 1.0,
          "lambda": 0.1
        }
      },
      "sensors": [
        "S2"
      ],
      "sources": [
        {
          "startTime": 0,
          "stopTime": -1,
          "lambda": 0.1
        }
      ]
    },
    "SC3": {
      "resptime": 24.807603217124797,
      "resptime_old": 14.807603217124797,
      "waittime": 13.38777123830238,
      "servicetime": 10.0,
      "networktime": 1.4198319788224174,
      "services": {
        "MS3_1": {
          "meanserv": 0.3173857224575316,
          "stddevserv": 0.3173857224575316,
          "rate": 3.150740342876661,
          "cv": 1.0,
          "lambda": 0.1
        },
        "MS3_2": {
          "meanserv": 2.806101873047284,
          "stddevserv": 2.806101873047284,
          "rate": 0.35636624942417033,
          "cv": 1.0,
          "lambda": 0.1
        },
        "MS3_3": {
          "meanserv": 1.088058978272393,
          "stddevserv": 1.088058978272393,
          "rate": 0.9190678262567972,
          "cv": 1.0,
          "lambda": 0.1
        },
        "MS3_4": {
          "meanserv": 0.31337587607913964,
          "stddevserv": 0.31337587607913964,
          "rate": 3.1910560969519586,
          "cv": 1.0,
          "lambda": 0.1
        },
        "MS3_5": {
          "meanserv": 5.475077550143651,
          "stddevserv": 5.475077550143651,
          "rate": 0.18264581475631567,
          "cv": 1.0,
          "lambda": 0.1
        }
      },
      "sensors": [
        "S3"
      ],
      "sources": [
        {
          "startTime": 0,
          "stopTime": -1,
          "lambda": 0.1
        }
      ]
    },
    "SC4": {
      "resptime": 23.63796100250302,
      "resptime_old": 13.637961002503017,
      "waittime": 10.518705372544495,
      "servicetime": 10.0,
      "networktime": 3.1192556299585217,
      "services": {
        "MS4_1": {
          "meanserv": 2.9683481977378676,
          "stddevserv": 2.9683481977378676,
          "rate": 0.33688770096516457,
          "cv": 1.0,
          "lambda": 0.1
        },
        "MS4_2": {
          "meanserv": 0.06269596094038032,
          "stddevserv": 0.06269596094038032,
          "rate": 15.949990796870205,
          "cv": 1.0,
          "lambda": 0.1
        },
        "MS4_3": {
          "meanserv": 5.466488375527043,
          "stddevserv": 5.466488375527043,
          "rate": 0.18293279548108185,
          "cv": 1.0,
          "lambda": 0.1
        },
        "MS4_4": {
          "meanserv": 1.4107250324097738,
          "stddevserv": 1.4107250324097738,
          "rate": 0.7088553594968248,
          "cv": 1.0,
          "lambda": 0.1
        },
        "MS4_5": {
          "meanserv": 0.09174243338493504,
          "stddevserv": 0.09174243338493504,
          "rate": 10.900081490145096,
          "cv": 1.0,
          "lambda": 0.1
        }
      },
      "sensors": [
        "S4"
      ],
      "sources": [
        {
          "startTime": 0,
          "stopTime": -1,
          "lambda": 0.1
        }
      ]
    }
  },
  "microservice": {
    "MS1_1": "F2",
    "MS1_2": "F2",
    "MS1_3": "F2",
    "MS1_4": "F10",
    "MS1_5": "F6",
    "MS2_1": "F1",
    "MS2_2": "F9",
    "MS2_3": "F9",
    "MS2_4": "F8",
    "MS2_5": "F8",
    "MS3_1": "F3",
    "MS3_2": "F3",
    "MS3_3": "F3",
    "MS3_4": "F3",
    "MS3_5": "F5",
    "MS4_1": "F7",
    "MS4_2": "F7",
    "MS4_3": "F4",
    "MS4_4": "F8",
    "MS4_5": "F8"
  },
  "sensor": {
    "S1": "F2",
    "S2": "F1",
    "S3": "F3",
    "S4": "F7"
  },
  "fog": {
    "F1": {
      "rho": 0.44050603462572085,
      "capacity": 1.0,
      "tserv": 4.405060346257208,
      "stddev": 4.405060346257208,
      "mu": 0.22701164601516918,
      "cv": 1.0,
      "lambda": 0.1,
      "twait": 3.4682334135966597
    },
    "F2": {
      "rho": 0.4078227415229806,
      "capacity": 1.0,
      "tserv": 1.3594091384099352,
      "stddev": 1.7195920025766922,
      "mu": 0.7356137102106534,
      "cv": 1.264955453064008,
      "lambda": 0.30000000000000004,
      "twait": 1.2171161064026141
    },
    "F3": {
      "rho": 0.4524922449856348,
      "capacity": 1.0,
      "tserv": 1.131230612464087,
      "stddev": 1.829979890804152,
      "mu": 0.8839930505608969,
      "cv": 1.6176895061370593,
      "lambda": 0.4,
      "twait": 1.6907556311059042
    },
    "F4": {
      "rho": 0.5466488375527043,
      "capacity": 1.0,
      "tserv": 5.466488375527043,
      "stddev": 5.466488375527043,
      "mu": 0.18293279548108185,
      "cv": 1.0,
      "lambda": 0.1,
      "twait": 6.591467638123963
    },
    "F5": {
      "rho": 0.547507755014365,
      "capacity": 1.0,
      "tserv": 5.47507755014365,
      "stddev": 5.475077550143652,
      "mu": 0.18264581475631572,
      "cv": 1.0000000000000002,
      "lambda": 0.1,
      "twait": 6.624748713878763
    },
    "F6": {
      "rho": 0.27590448306457166,
      "capacity": 1.0,
      "tserv": 2.759044830645716,
      "stddev": 2.7590448306457165,
      "mu": 0.3624442737909278,
      "cv": 1.0000000000000002,
      "lambda": 0.1,
      "twait": 1.051287875628663
    },
    "F7": {
      "rho": 0.30310441586782483,
      "capacity": 1.0,
      "tserv": 1.515522079339124,
      "stddev": 2.5530794412958446,
      "mu": 0.6598386217085478,
      "cv": 1.6846204196570793,
      "lambda": 0.2,
      "twait": 1.2648985023357535
    },
    "F8": {
      "rho": 0.3471894034566759,
      "capacity": 1.0,