{
  "servicechain": {
    "SC1": {
      "resptime": 38.45966558951381,
      "resptime_old": 28.459665589513804,
      "waittime": 23.536145832742445,
      "servicetime": 10.0,
      "networktime": 4.92351975677136,
      "services": {
        "MS1_1": {
          "meanserv": 1.2529111137142634,
          "stddevserv": 1.2529111137142634,
          "rate": 0.798141216127849,
          "cv": 1.0,
          "lambda": 0.15
        },
        "MS1_2": {
          "meanserv": 0.03351765642173876,
          "stddevserv": 0.03351765642173876,
          "rate": 29.83502150082974,
          "cv": 1.0,
          "lambda": 0.15
        },
        "MS1_3": {
          "meanserv": 1.3883414445070164,
          "stddevserv": 1.3883414445070164,
          "rate": 0.7202839070723616,
          "cv": 1.0,
          "lambda": 0.15
        },
        "MS1_4": {
          "meanserv": 0.09587143495080852,
          "stddevserv": 0.09587143495080852,
          "rate": 10.43063557474756,
          "cv": 1.0,
          "lambda": 0.15
        },
        "MS1_5": {
          "meanserv": 0.3929096778535168,
          "stddevserv": 0.3929096778535168,
          "rate": 2.545114198924915,
          "cv": 1.0,
          "lambda": 0.15
        },
        "MS1_6": {
          "meanserv": 0.0019882107865707432,
          "stddevserv": 0.0019882107865707432,
          "rate": 502.96477956685635,
          "cv": 1.0,
          "lambda": 0.15
        },
        "MS1_7": {
          "meanserv": 0.11627985163071264,
          "stddevserv": 0.11627985163071264,
          "rate": 8.599942173781319,
          "cv": 1.0,
          "lambda": 0.15
        },
        "MS1_8": {
          "meanserv": 1.8218729973858832,
          "stddevserv": 1.8218729973858832,
          "rate": 0.5488856805248506,
          "cv": 1.0,
          "lambda": 0.15
        },
        "MS1_9": {
          "meanserv": 3.613402408379847,
          "stddevserv": 3.613402408379847,
          "rate": 0.27674747702633357,
          "cv": 1.0,
          "lambda": 0.15
        },
        "MS1_10": {
          "meanserv": 1.2829052043696425,
          "stddevserv": 1.2829052043696425,
          "rate": 0.7794808194665884,
          "cv": 1.0,
          "lambda": 0.15
        }
      },
      "sensors": [
        "S1"
      ],
      "sources": [
        {
          "startTime": 0,
          "stopTime": -1,
          "lambda": 0.15
        }
      ]
    },
    "SC2": {
      "resptime": 38.16855636670242,
      "resptime_old": 28.168556366702415,
      "waittime": 22.980887888249484,
      "servicetime": 10.0,
      "networktime": 5.187668478452933,
      "services": {
        "MS2_1": {
          "meanserv": 1.8826961288217814,
          "stddevserv": 1.8826961288217814,
          "rate": 0.5311531609861091,
          "cv": 1.0,
          "lambda": 0.15
        },
        "MS2_2": {
          "meanserv": 1.0165574332226246,
          "stddevserv": 1.0165574332226246,
          "rate": 0.9837122501085499,
          "cv": 1.0,
          "lambda": 0.15
        },
        "MS2_3": {
          "meanserv": 0.9994593037746538,
          "stddevserv": 0.9994593037746538,
          "rate": 1.0005409887359138,
          "cv": 1.0,
          "lambda": 0.15
        },
        "MS2_4": {
          "meanserv": 2.745396402011143,
          "stddevserv": 2.745396402011143,
          "rate": 0.3642461246279222,
          "cv": 1.0,
          "lambda": 0.15
        },
        "MS2_5": {
          "meanserv": 0.17521850092772873,
          "stddevserv": 0.17521850092772873,
          "rate": 5.70715988725679,
          "cv": 1.0,
          "lambda": 0.15
        },
        "MS2_6": {
          "meanserv": 0.1415876831205507,
          "stddevserv": 0.1415876831205507,
          "rate": 7.062761237137973,
          "cv": 1.0,
          "lambda": 0.15
        },
        "MS2_7": {
          "meanserv": 1.5342038700959746,
          "stddevserv": 1.5342038700959746,
          "rate": 0.6518038570307109,
          "cv": 1.0,
          "lambda": 0.15
        },
        "MS2_8": {
          "meanserv": 1.3968645809887406,
          "stddevserv": 1.3968645809887406,
          "rate": 0.7158890085767451,
          "cv": 1.0,
          "lambda": 0.15
        },
        "MS2_9": {
          "meanserv": 0.018290071791909668,
          "stddevserv": 0.018290071791909668,
          "rate": 54.67447101231908,
          "cv": 1.0,
          "lambda": 0.15
        },
        "MS2_10": {
          "meanserv": 0.08972602524489304,
          "stddevserv": 0.08972602524489304,
          "rate": 11.145038435288509,
          "cv": 1.0,
          "lambda": 0.15
        }
      },
      "sensors": [
        "S2"
      ],
      "sources": [
        {
          "startTime": 0,
          "stopTime": -1,
          "lambda": 0.15
        }
      ]
    },
    "SC3": {
      "resptime": 40.96620301682289,
      "resptime_old": 30.966203016822885,
      "waittime": 26.00513872206396,
      "servicetime": 10.0,
      "networktime": 4.961064294758928,
      "services": {
        "MS3_1": {
          "meanserv": 2.3229950583792314,
          "stddevserv": 2.3229950583792314,
          "rate": 0.43047874613117193,
          "cv": 1.0,
          "lambda": 0.15
        },
        "MS3_2": {
          "meanserv": 1.5731665027858477,
          "stddevserv": 1.5731665027858477,
          "rate": 0.6356606234808244,
          "cv": 1.0,
          "lambda": 0.15
        },
        "MS3_3": {
          "meanserv": 0.5425208004819391,
          "stddevserv": 0.5425208004819391,
          "rate": 1.8432472987425867,
          "cv": 1.0,
          "lambda": 0.15
        },
        "MS3_4": {
          "meanserv": 0.670203690854243,
          "stddevserv": 0.670203690854243,
          "rate": 1.4920836958170103,
          "cv": 1.0,
          "lambda": 0.15
        },
        "MS3_5": {
          "meanserv": 0.036432339774871814,
          "stddevserv": 0.036432339774871814,
          "rate": 27.44814102468714,
          "cv": 1.0,
          "lambda": 0.15
        },
        "MS3_6": {
          "meanserv": 2.229294285990692,
          "stddevserv": 2.229294285990692,
          "rate": 0.4485724501624526,
          "cv": 1.0,
          "lambda": 0.15
        },
        "MS3_7": {
          "meanserv": 0.38997279408831176,
          "stddevserv": 0.38997279408831176,
          "rate": 2.5642814451654896,
          "cv": 1.0,
          "lambda": 0.15
        },
        "MS3_8": {
          "meanserv": 0.8640947906397436,
          "stddevserv": 0.8640947906397436,
          "rate": 1.1572804405632826,
          "cv": 1.0,
          "lambda": 0.15
        },
        "MS3_9": {
          "meanserv": 0.22058515177023885,
          "stddevserv": 0.22058515177023885,
          "rate": 4.533396704061017,
          "cv": 1.0,
          "lambda": 0.15
        },
        "MS3_10": {
          "meanserv": 1.150734585234881,
          "stddevserv": 1.150734585234881,
          "rate": 0.8690101199972938,
          "cv": 1.0,
          "lambda": 0.15
        }
      },
      "sensors": [
        "S3"
      ],
      "sources": [
        {
          "startTime": 0,
          "stopTime": -1,
          "lambda": 0.15
        }
      ]
    },
    "SC4": {
      "resptime": 36.27071147589292,
      "resptime_old": 26.270711475892913,
      "waittime": 21.57292003625064,
      "servicetime": 10.0,
      "networktime": 4.697791439642275,
      "services": {
        "MS4_1": {
          "meanserv": 1.1592066170252069,
          "stddevserv": 1.1592066170252069,
          "rate": 0.8626589818528055,
          "cv": 1.0,
          "lambda": 0.15
        },
        "MS4_2": {
          "meanserv": 0.7191835882830144,
          "stddevserv": 0.7191835882830144,
          "rate": 1.3904655449485566,
          "cv": 1.0,
          "lambda": 0.15
        },
        "MS4_3": {
          "meanserv": 0.6411339642864078,
          "stddevserv": 0.6411339642864078,
          "rate": 1.5597364290519466,