{
  "servicechain": {
    "SC1": {
      "resptime": 5417.64489997358,
      "resptime_old": 5407.64489997358,
      "waittime": 5403.972153538963,
      "servicetime": 10.0,
      "networktime": 3.6727464346173946,
      "services": {
        "MS1_1": {
          "meanserv": 0.08048837704734635,
          "stddevserv": 0.08048837704734635,
          "rate": 12.424154103787702,
          "cv": 1.0,
          "lambda": 0.2
        },
        "MS1_2": {
          "meanserv": 0.6606156930196128,
          "stddevserv": 0.6606156930196128,
          "rate": 1.5137393957886365,
          "cv": 1.0,
          "lambda": 0.2
        },
        "MS1_3": {
          "meanserv": 1.3312106962049575,
          "stddevserv": 1.3312106962049575,
          "rate": 0.7511958872106574,
          "cv": 1.0,
          "lambda": 0.2
        },
        "MS1_4": {
          "meanserv": 2.7375046489036094,
          "stddevserv": 2.7375046489036094,
          "rate": 0.3652961832961662,
          "cv": 1.0,
          "lambda": 0.2
        },
        "MS1_5": {
          "meanserv": 5.190180584824474,
          "stddevserv": 5.190180584824474,
          "rate": 0.19267152340014754,
          "cv": 1.0,
          "lambda": 0.2
        }
      },
      "sensors": [
        "S1"
      ],
      "sources": [
        {
          "startTime": 0,
          "stopTime": -1,
          "lambda": 0.2
        }
      ]
    },
    "SC2": {
      "resptime": 41.283967264588725,
      "resptime_old": 31.28396726458873,
      "waittime": 25.182816034672285,
      "servicetime": 10.0,
      "networktime": 6.101151229916439,
      "services": {
        "MS2_1": {
          "meanserv": 0.5337443661074914,
          "stddevserv": 0.5337443661074914,
          "rate": 1.873556075716233,
          "cv": 1.0,
          "lambda": 0.2
        },
        "MS2_2": {
          "meanserv": 3.6239895946134615,
          "stddevserv": 3.6239895946134615,
          "rate": 0.27593898213349066,
          "cv": 1.0,
          "lambda": 0.2
        },
        "MS2_3": {
          "meanserv": 1.3309295366760399,
          "stddevserv": 1.3309295366760399,
          "rate": 0.7513545777167683,
          "cv": 1.0,
          "lambda": 0.2
        },
        "MS2_4": {
          "meanserv": 2.2421172785830077,
          "stddevserv": 2.2421172785830077,
          "rate": 0.44600699952323125,
          "cv": 1.0,
          "lambda": 0.2
        },
        "MS2_5": {
          "meanserv": 2.2692192240199995,
          "stddevserv": 2.2692192240199995,
          "rate": 0.44068020815920367,
          "cv": 1.0,
          "lambda": 0.2
        }
      },
      "sensors": [
        "S2"
      ],
      "sources": [
        {
          "startTime": 0,
          "stopTime": -1,
          "lambda": 0.2
        }
      ]
    },
    "SC3": {
      "resptime": 5702.377861676904,
      "resptime_old": 5692.377861676904,
      "waittime": 5685.58935392038,
      "servicetime": 10.0,
      "networktime": 6.788507756524147,
      "services": {
        "MS3_1": {
          "meanserv": 0.17957561629194374,
          "stddevserv": 0.17957561629194374,
          "rate": 5.568684772738061,
          "cv": 1.0,
          "lambda": 0.2
        },
        "MS3_2": {
          "meanserv": 5.33002631697356,
          "stddevserv": 5.33002631697356,
          "rate": 0.1876163344288719,
          "cv": 1.0,
          "lambda": 0.2
        },
        "MS3_3": {
          "meanserv": 0.574443272229221,
          "stddevserv": 0.574443272229221,
          "rate": 1.7408159314310299,
          "cv": 1.0,
          "lambda": 0.2
        },
        "MS3_4": {
          "meanserv": 3.3296249452897566,
          "stddevserv": 3.3296249452897566,
          "rate": 0.30033412664529885,
          "cv": 1.0,
          "lambda": 0.2
        },
        "MS3_5": {
          "meanserv": 0.5863298492155185,
          "stddevserv": 0.5863298492155185,
          "rate": 1.7055246314646144,
          "cv": 1.0,
          "lambda": 0.2
        }
      },
      "sensors": [
        "S3"
      ],
      "sources": [
        {
          "startTime": 0,
          "stopTime": -1,
          "lambda": 0.2
        }
      ]
    },
    "SC4": {
      "resptime": 59.91289188723395,
      "resptime_old": 49.912891887233954,
      "waittime": 44.240907066228665,
      "servicetime": 10.0,
      "networktime": 5.6719848210052835,
      "services": {
        "MS4_1": {
          "meanserv": 3.8856372598105526,
          "stddevserv": 3.8856372598105526,
          "rate": 0.2573580427445139,
          "cv": 1.0,
          "lambda": 0.2
        },
        "MS4_2": {
          "meanserv": 0.5376130750115617,
          "stddevserv": 0.5376130750115617,
          "rate": 1.8600738086187623,
          "cv": 1.0,
          "lambda": 0.2
        },
        "MS4_3": {
          "meanserv": 1.372341375023316,
          "stddevserv": 1.372341375023316,
          "rate": 0.7286816663842187,
          "cv": 1.0,
          "lambda": 0.2
        },
        "MS4_4": {
          "meanserv": 1.4165319357190072,
          "stddevserv": 1.4165319357190072,
          "rate": 0.7059494917016589,
          "cv": 1.0,
          "lambda": 0.2
        },
        "MS4_5": {
          "meanserv": 2.7878763544355625,
          "stddevserv": 2.7878763544355625,
          "rate": 0.35869596526724784,
          "cv": 1.0,
          "lambda": 0.2
        }
      },
      "sensors": [
        "S4"
      ],
      "sources": [
        {
          "startTime": 0,
          "stopTime": -1,
          "lambda": 0.2
        }
      ]
    }
  },
  "microservice": {
    "MS1_1": "F7",
    "MS1_2": "F7",
    "MS1_3": "F3",
    "MS1_4": "F3",
    "MS1_5": "F9",
    "MS2_1": "F7",
    "MS2_2": "F4",
    "MS2_3": "F8",
    "MS2_4": "F8",
    "MS2_5": "F2",
    "MS3_1": "F7",
    "MS3_2": "F6",
    "MS3_3": "F7",
    "MS3_4": "F1",
    "MS3_5": "F7",
    "MS4_1": "F5",
    "MS4_2": "F7",
    "MS4_3": "F2",
    "MS4_4": "F10",
    "MS4_5": "F10"
  },
  "sensor": {
    "S1": "F7",
    "S2": "F7",
    "S3": "F7",
    "S4": "F5"
  },
  "fog": {
    "F1": {
      "rho": 0.6659249890579514,
      "capacity": 1.0,
      "tserv": 3.3296249452897566,
      "stddev": 3.3296249452897566,
      "mu": 0.30033412664529885,
      "cv": 1.0,
      "lambda": 0.2,
      "twait": 6.63707365901663
    },
    "F2": {
      "rho": 0.7283121198086631,
      "capacity": 1.0,
      "tserv": 1.8207802995216575,
      "stddev": 1.928065309354597,
      "mu": 0.5492150811730074,
      "cv": 1.0589225453840447,
      "lambda": 0.4,
      "twait": 5.177026469719616
    },
    "F3": {
      "rho": 0.8137430690217133,
      "capacity": 1.0,
      "tserv": 2.0343576725542833,
      "stddev": 2.2643856739917076,
      "mu": 0.491555646035649,
      "cv": 1.1130715628528622,
      "lambda": 0.4,
      "twait": 9.94975442985214
    },
    "F4": {
      "rho": 0.7247979189226923,
      "capacity": 1.0,
      "tserv": 3.6239895946134615,
      "stddev": 3.6239895946134615,
      "mu": 0.27593898213349066,
      "cv": 1.0,
      "lambda": 0.2,
      "twait": 9.544477665615714
    },
    "F5": {
      "rho": 0.7771274519621105,
      "capacity": 1.0,
      "tserv": 3.8856372598105526,
      "stddev": 3.8856372598105526,
      "mu": 0.2573580427445139,
      "cv": 1.0,
      "lambda": 0.2,
      "twait": 13.548709383679942
    },
    "F6": {
      "rho": 1.0660052633947121,
      "capacity": 1.0,
      "tserv": 5.33002631697356,
      "stddev": 5.33002631697356,
      "mu": 0.1876163344288719,
      "cv": 1.0,
      "lambda": 0.2,
      "twait": 5676.154271818216
    },
    "F7": {
      "rho": 0.6305620497845389,
      "capacity": 1.0,
      "tserv": 0.4504014641318136,
      "stddev": 0.537933169086811,
      "mu": 2.2202414504304144,
      "cv": 1.1943415195679306,
      "lambda": 1.4,
      "twait": 0.9326694810485727
    },
    "F8": {
      "rho": 0.7146093630518096,
      "capacity": 1.0,
      "tserv": 1.7865234076295238,