{
  "servicechain": {
    "SC1": {
      "resptime": 32.75604842301518,
      "resptime_old": 22.75604842301518,
      "waittime": 19.5587652187987,
      "servicetime": 10.0,
      "networktime": 3.1972832042164807,
      "services": {
        "MS1_1": {
          "meanserv": 0.49951086622308183,
          "stddevserv": 0.49951086622308183,
          "rate": 2.0019584509967387,
          "cv": 1.0,
          "lambda": 0.15
        },
        "MS1_2": {
          "meanserv": 0.3916843294098249,
          "stddevserv": 0.3916843294098249,
          "rate": 2.5530763548972257,
          "cv": 1.0,
          "lambda": 0.15
        },
        "MS1_3": {
          "meanserv": 1.3911745586119306,
          "stddevserv": 1.3911745586119306,
          "rate": 0.7188170555661741,
          "cv": 1.0,
          "lambda": 0.15
        },
        "MS1_4": {
          "meanserv": 0.48286334831344924,
          "stddevserv": 0.48286334831344924,
          "rate": 2.0709793018931997,
          "cv": 1.0,
          "lambda": 0.15
        },
        "MS1_5": {
          "meanserv": 0.0879571869485285,
          "stddevserv": 0.0879571869485285,
          "rate": 11.36916759951848,
          "cv": 1.0,
          "lambda": 0.15
        },
        "MS1_6": {
          "meanserv": 2.852801571529976,
          "stddevserv": 2.852801571529976,
          "rate": 0.3505326167721134,
          "cv": 1.0,
          "lambda": 0.15
        },
        "MS1_7": {
          "meanserv": 0.993511258914598,
          "stddevserv": 0.993511258914598,
          "rate": 1.006531119830983,
          "cv": 1.0,
          "lambda": 0.15
        },
        "MS1_8": {
          "meanserv": 3.2875948580377337,
          "stddevserv": 3.2875948580377337,
          "rate": 0.30417373282937604,
          "cv": 1.0,
          "lambda": 0.15
        },
        "MS1_9": {
          "meanserv": 0.01290202201087709,
          "stddevserv": 0.01290202201087709,
          "rate": 77.50723097177689,
          "cv": 1.0,
          "lambda": 0.15
        }
      },
      "sensors": [
        "S1"
      ],
      "sources": [
        {
          "startTime": 0,
          "stopTime": -1,
          "lambda": 0.15
        }
      ]
    },
    "SC2": {
      "resptime": 34.43007960279604,
      "resptime_old": 24.430079602796045,
      "waittime": 20.65449570486034,
      "servicetime": 10.0,
      "networktime": 3.7755838979357024,
      "services": {
        "MS2_1": {
          "meanserv": 1.9597230373534036,
          "stddevserv": 1.9597230373534036,
          "rate": 0.5102761874711108,
          "cv": 1.0,
          "lambda": 0.15
        },
        "MS2_2": {
          "meanserv": 2.00906960119549,
          "stddevserv": 2.00906960119549,
          "rate": 0.4977428354920872,
          "cv": 1.0,
          "lambda": 0.15
        },
        "MS2_3": {
          "meanserv": 0.6120912142665693,
          "stddevserv": 0.6120912142665693,
          "rate": 1.6337434302144618,
          "cv": 1.0,
          "lambda": 0.15
        },
        "MS2_4": {
          "meanserv": 1.3057144299540635,
          "stddevserv": 1.3057144299540635,
          "rate": 0.7658642480003696,
          "cv": 1.0,
          "lambda": 0.15
        },
        "MS2_5": {
          "meanserv": 0.2458230302009854,
          "stddevserv": 0.2458230302009854,
          "rate": 4.067967102929282,
          "cv": 1.0,
          "lambda": 0.15
        },
        "MS2_6": {
          "meanserv": 0.6310413705402445,
          "stddevserv": 0.6310413705402445,
          "rate": 1.584682156645109,
          "cv": 1.0,
          "lambda": 0.15
        },
        "MS2_7": {
          "meanserv": 0.48176820843713664,
          "stddevserv": 0.48176820843713664,
          "rate": 2.0756869849175295,
          "cv": 1.0,
          "lambda": 0.15
        },
        "MS2_8": {
          "meanserv": 0.28064474791232463,
          "stddevserv": 0.28064474791232463,
          "rate": 3.563223639276538,
          "cv": 1.0,
          "lambda": 0.15
        },
        "MS2_9": {
          "meanserv": 2.4741243601397827,
          "stddevserv": 2.4741243601397827,
          "rate": 0.404183401655486,
          "cv": 1.0,
          "lambda": 0.15
        }
      },
      "sensors": [
        "S2"
      ],
      "sources": [
        {
          "startTime": 0,
          "stopTime": -1,
          "lambda": 0.15
        }
      ]
    },
    "SC3": {
      "resptime": 36.39524454369732,
      "resptime_old": 26.395244543697324,
      "waittime": 20.889797054547632,
      "servicetime": 10.0,
      "networktime": 5.505447489149691,
      "services": {
        "MS3_1": {
          "meanserv": 0.7698810658531352,
          "stddevserv": 0.7698810658531352,
          "rate": 1.2989019270033106,
          "cv": 1.0,
          "lambda": 0.15
        },
        "MS3_2": {
          "meanserv": 0.6461227682200099,
          "stddevserv": 0.6461227682200099,
          "rate": 1.5476934867268013,
          "cv": 1.0,
          "lambda": 0.15
        },
        "MS3_3": {
          "meanserv": 0.5260496882061616,
          "stddevserv": 0.5260496882061616,
          "rate": 1.9009611115064378,
          "cv": 1.0,
          "lambda": 0.15
        },
        "MS3_4": {
          "meanserv": 1.6578639985521904,
          "stddevserv": 1.6578639985521904,
          "rate": 0.60318578657435,
          "cv": 1.0,
          "lambda": 0.15
        },
        "MS3_5": {
          "meanserv": 1.0694098734551392,
          "stddevserv": 1.0694098734551392,
          "rate": 0.935095163063266,
          "cv": 1.0,
          "lambda": 0.15
        },
        "MS3_6": {
          "meanserv": 0.7317089603878673,
          "stddevserv": 0.7317089603878673,
          "rate": 1.366663597326888,
          "cv": 1.0,
          "lambda": 0.15
        },
        "MS3_7": {
          "meanserv": 1.4012216129218844,
          "stddevserv": 1.4012216129218844,
          "rate": 0.713662985767654,
          "cv": 1.0,
          "lambda": 0.15
        },
        "MS3_8": {
          "meanserv": 2.497028164722577,
          "stddevserv": 2.497028164722577,
          "rate": 0.4004760595526167,
          "cv": 1.0,
          "lambda": 0.15
        },
        "MS3_9": {
          "meanserv": 0.7007138676810349,
          "stddevserv": 0.7007138676810349,
          "rate": 1.427116039974251,
          "cv": 1.0,
          "lambda": 0.15
        }
      },
      "sensors": [
        "S3"
      ],
      "sources": [
        {
          "startTime": 0,
          "stopTime": -1,
          "lambda": 0.15
        }
      ]
    },
    "SC4": {
      "resptime": 30.15741644775612,
      "resptime_old": 20.15741644775612,
      "waittime": 15.230452345698739,
      "servicetime": 10.0,
      "networktime": 4.926964102057385,
      "services": {
        "MS4_1": {
          "meanserv": 0.07823054967541654,
          "stddevserv": 0.07823054967541654,
          "rate": 12.782730073469542,
          "cv": 1.0,
          "lambda": 0.15
        },
        "MS4_2": {
          "meanserv": 1.1382484927210457,
          "stddevserv": 1.1382484927210457,
          "rate": 0.8785427842820551,
          "cv": 1.0,
          "lambda": 0.15
        },
        "MS4_3": {
          "meanserv": 0.24218929983875426,
          "stddevserv": 0.24218929983875426,
          "rate": 4.12900157300832,
          "cv": 1.0,
          "lambda": 0.15
        },
        "MS4_4": {
          "meanserv": 0.34656980042411134,
          "stddevserv": 0.34656980042411134,
          "rate": 2.885421634476691,
          "cv": 1.0,
          "lambda": 0.15
        },
        "MS4_5": {
          "meanserv": 0.8222513266568654,
          "stddevserv": 0.8222513266568654,
          "rate": 1.2161731669875566,
          "cv": 1.0,
          "lambda": 0.15
        },
        "MS4_6": {
          "meanserv": 0.6282077509471153,
          "stddevserv": 0.6282077509471153,
          "rate": 1.5918300888398038,
          "cv": 1.0,