{
  "servicechain": {
    "SC1": {
      "resptime": 11898.284374934387,
      "resptime_old": 11888.284374934385,
      "waittime": 11884.208966847564,
      "servicetime": 10.0,
      "networktime": 4.075408086821904,
      "services": {
        "MS1_1": {
          "meanserv": 1.094100448391646,
          "stddevserv": 1.094100448391646,
          "rate": 0.91399286187116,
          "cv": 1.0,
          "lambda": 0.225
        },
        "MS1_2": {
          "meanserv": 7.2692288527183955,
          "stddevserv": 7.2692288527183955,
          "rate": 0.13756617383507477,
          "cv": 1.0,
          "lambda": 0.225
        },
        "MS1_3": {
          "meanserv": 0.05452141792813414,
          "stddevserv": 0.05452141792813414,
          "rate": 18.34141586922999,
          "cv": 1.0,
          "lambda": 0.225
        },
        "MS1_4": {
          "meanserv": 1.1055173267339669,
          "stddevserv": 1.1055173267339669,
          "rate": 0.9045538914838205,
          "cv": 1.0,
          "lambda": 0.225
        },
        "MS1_5": {
          "meanserv": 0.476631954227857,
          "stddevserv": 0.476631954227857,
          "rate": 2.098054885178646,
          "cv": 1.0,
          "lambda": 0.225
        }
      },
      "sensors": [
        "S1"
      ],
      "sources": [
        {
          "startTime": 0,
          "stopTime": -1,
          "lambda": 0.225
        }
      ]
    },
    "SC2": {
      "resptime": 7157.0431122846385,
      "resptime_old": 7147.0431122846385,
      "waittime": 7142.130776737988,
      "servicetime": 10.0,
      "networktime": 4.912335546651134,
      "services": {
        "MS2_1": {
          "meanserv": 2.3465862793394345,
          "stddevserv": 2.3465862793394345,
          "rate": 0.4261509618480769,
          "cv": 1.0,
          "lambda": 0.225
        },
        "MS2_2": {
          "meanserv": 0.36328162986009715,
          "stddevserv": 0.36328162986009715,
          "rate": 2.7526852937350794,
          "cv": 1.0,
          "lambda": 0.225
        },
        "MS2_3": {
          "meanserv": 1.0498438349755665,
          "stddevserv": 1.0498438349755665,
          "rate": 0.9525226197316036,
          "cv": 1.0,
          "lambda": 0.225
        },
        "MS2_4": {
          "meanserv": 5.633795886778314,
          "stddevserv": 5.633795886778314,
          "rate": 0.17750021834245933,
          "cv": 1.0,
          "lambda": 0.225
        },
        "MS2_5": {
          "meanserv": 0.6064923690465882,
          "stddevserv": 0.6064923690465882,
          "rate": 1.6488253620931943,
          "cv": 1.0,
          "lambda": 0.225
        }
      },
      "sensors": [
        "S2"
      ],
      "sources": [
        {
          "startTime": 0,
          "stopTime": -1,
          "lambda": 0.225
        }
      ]
    },
    "SC3": {
      "resptime": 92.55851400089001,
      "resptime_old": 82.55851400089,
      "waittime": 78.32844328221287,
      "servicetime": 10.0,
      "networktime": 4.230070718677139,
      "services": {
        "MS3_1": {
          "meanserv": 0.9928540601394253,
          "stddevserv": 0.9928540601394253,
          "rate": 1.0071973718469471,
          "cv": 1.0,
          "lambda": 0.225
        },
        "MS3_2": {
          "meanserv": 4.174439163940251,
          "stddevserv": 4.174439163940251,
          "rate": 0.23955313773362083,
          "cv": 1.0,
          "lambda": 0.225
        },
        "MS3_3": {
          "meanserv": 3.151754031134704,
          "stddevserv": 3.151754031134704,
          "rate": 0.3172836427340039,
          "cv": 1.0,
          "lambda": 0.225
        },
        "MS3_4": {
          "meanserv": 1.6347466812894336,
          "stddevserv": 1.6347466812894336,
          "rate": 0.6117155712536657,
          "cv": 1.0,
          "lambda": 0.225
        },
        "MS3_5": {
          "meanserv": 0.046206063496185834,
          "stddevserv": 0.046206063496185834,
          "rate": 21.642181227633618,
          "cv": 1.0,
          "lambda": 0.225
        }
      },
      "sensors": [
        "S3"
      ],
      "sources": [
        {
          "startTime": 0,
          "stopTime": -1,
          "lambda": 0.225
        }
      ]
    },
    "SC4": {
      "resptime": 8131.045652601902,
      "resptime_old": 8121.045652601902,
      "waittime": 8113.240930941905,
      "servicetime": 10.0,
      "networktime": 7.80472165999628,
      "services": {
        "MS4_1": {
          "meanserv": 0.8128403521421146,
          "stddevserv": 0.8128403521421146,
          "rate": 1.2302538836373653,
          "cv": 1.0,
          "lambda": 0.225
        },
        "MS4_2": {
          "meanserv": 6.004369867745963,
          "stddevserv": 6.004369867745963,
          "rate": 0.1665453697933834,
          "cv": 1.0,
          "lambda": 0.225
        },
        "MS4_3": {
          "meanserv": 0.2707026041135583,
          "stddevserv": 0.2707026041135583,
          "rate": 3.694090802246237,
          "cv": 1.0,
          "lambda": 0.225
        },
        "MS4_4": {
          "meanserv": 2.772938928061099,
          "stddevserv": 2.772938928061099,
          "rate": 0.36062820925494465,
          "cv": 1.0,
          "lambda": 0.225
        },
        "MS4_5": {
          "meanserv": 0.13914824793726588,
          "stddevserv": 0.13914824793726588,
          "rate": 7.186579887451,
          "cv": 1.0,
          "lambda": 0.225
        }
      },
      "sensors": [
        "S4"
      ],
      "sources": [
        {
          "startTime": 0,
          "stopTime": -1,
          "lambda": 0.225
        }
      ]
    }
  },
  "microservice": {
    "MS1_1": "F9",
    "MS1_2": "F3",
    "MS1_3": "F1",
    "MS1_4": "F1",
    "MS1_5": "F1",
    "MS2_1": "F5",
    "MS2_2": "F7",
    "MS2_3": "F7",
    "MS2_4": "F4",
    "MS2_5": "F7",
    "MS3_1": "F1",
    "MS3_2": "F10",
    "MS3_3": "F8",
    "MS3_4": "F9",
    "MS3_5": "F9",
    "MS4_1": "F7",
    "MS4_2": "F6",
    "MS4_3": "F7",
    "MS4_4": "F2",
    "MS4_5": "F1"
  },
  "sensor": {
    "S1": "F9",
    "S2": "F5",
    "S3": "F1",
    "S4": "F7"
  },
  "fog": {
    "F1": {
      "rho": 0.622951426567496,
      "capacity": 1.0,
      "tserv": 0.5537346013933298,
      "stddev": 0.8224075783215411,
      "mu": 1.8059192932566592,
      "cv": 1.4852017126113581,
      "lambda": 1.125,
      "twait": 1.466453317673814
    },
    "F2": {
      "rho": 0.6239112588137473,
      "capacity": 1.0,
      "tserv": 2.772938928061099,
      "stddev": 2.772938928061099,
      "mu": 0.36062820925494465,
      "cv": 1.0,
      "lambda": 0.225,
      "twait": 4.600158493879112
    },
    "F3": {
      "rho": 1.6355764918616391,
      "capacity": 1.0,
      "tserv": 7.2692288527183955,
      "stddev": 7.2692288527183955,
      "mu": 0.13756617383507477,
      "cv": 1.0,
      "lambda": 0.225,
      "twait": 11877.490445643081
    },
    "F4": {
      "rho": 1.2676040745251207,
      "capacity": 1.0,
      "tserv": 5.633795886778314,
      "stddev": 5.633795886778314,
      "mu": 0.17750021834245933,
      "cv": 1.0,
      "lambda": 0.225,
      "twait": 7134.281198501927
    },
    "F5": {
      "rho": 0.5279819128513727,
      "capacity": 1.0,
      "tserv": 2.3465862793394345,
      "stddev": 2.3465862793394345,
      "mu": 0.4261509618480769,
      "cv": 1.0,
      "lambda": 0.225,
      "twait": 2.624804316124231
    },
    "F6": {
      "rho": 1.3509832202428416,
      "capacity": 1.0,
      "tserv": 6.004369867745963,
      "stddev": 6.004369867745963,
      "mu": 0.1665453697933834,
      "cv": 1.0,
      "lambda": 0.225,
      "twait": 8103.691136517062
    },
    "F7": {
      "rho": 0.6982111777810331,
      "capacity": 1.0,
      "tserv": 0.620632158027585,
      "stddev": 0.7410822526929628,
      "mu": 1.611260369069618,
      "cv": 1.194076463985007,
      "lambda": 1.125,
      "twait": 1.7415913066456428
    },
    "F8": {
      "rho": 0.7091446570053084,
      "capacity": 1.0,