{
  "servicechain": {
    "SC1": {
      "resptime": 16.699414661772913,
      "resptime_old": 6.699414661772915,
      "waittime": 2.869293680880333,
      "servicetime": 10.0,
      "networktime": 3.8301209808925822,
      "services": {
        "MS1_1": {
          "meanserv": 2.9952860396367353,
          "stddevserv": 2.9952860396367353,
          "rate": 0.33385793101792666,
          "cv": 1.0,
          "lambda": 0.05
        },
        "MS1_2": {
          "meanserv": 0.492343970860881,
          "stddevserv": 0.492343970860881,
          "rate": 2.0311003265693786,
          "cv": 1.0,
          "lambda": 0.05
        },
        "MS1_3": {
          "meanserv": 4.740975370836244,
          "stddevserv": 4.740975370836244,
          "rate": 0.2109270607376333,
          "cv": 1.0,
          "lambda": 0.05
        },
        "MS1_4": {
          "meanserv": 0.45711798029829964,
          "stddevserv": 0.45711798029829964,
          "rate": 2.187619046066475,
          "cv": 1.0,
          "lambda": 0.05
        },
        "MS1_5": {
          "meanserv": 1.31427663836784,
          "stddevserv": 1.31427663836784,
          "rate": 0.760874819506698,
          "cv": 1.0,
          "lambda": 0.05
        }
      },
      "sensors": [
        "S1"
      ],
      "sources": [
        {
          "startTime": 0,
          "stopTime": -1,
          "lambda": 0.05
        }
      ]
    },
    "SC2": {
      "resptime": 17.537485172693643,
      "resptime_old": 7.5374851726936445,
      "waittime": 3.456645245644915,
      "servicetime": 10.0,
      "networktime": 4.08083992704873,
      "services": {
        "MS2_1": {
          "meanserv": 3.0537446532601975,
          "stddevserv": 3.0537446532601975,
          "rate": 0.3274668033990313,
          "cv": 1.0,
          "lambda": 0.05
        },
        "MS2_2": {
          "meanserv": 0.5699165242926365,
          "stddevserv": 0.5699165242926365,
          "rate": 1.7546429299293793,
          "cv": 1.0,
          "lambda": 0.05
        },
        "MS2_3": {
          "meanserv": 5.400673997067721,
          "stddevserv": 5.400673997067721,
          "rate": 0.18516207431571446,
          "cv": 1.0,
          "lambda": 0.05
        },
        "MS2_4": {
          "meanserv": 0.4364369283521796,
          "stddevserv": 0.4364369283521796,
          "rate": 2.2912818211227473,
          "cv": 1.0,
          "lambda": 0.05
        },
        "MS2_5": {
          "meanserv": 0.5392278970272653,
          "stddevserv": 0.5392278970272653,
          "rate": 1.854503458580216,
          "cv": 1.0,
          "lambda": 0.05
        }
      },
      "sensors": [
        "S2"
      ],
      "sources": [
        {
          "startTime": 0,
          "stopTime": -1,
          "lambda": 0.05
        }
      ]
    },
    "SC3": {
      "resptime": 15.806420010193495,
      "resptime_old": 5.806420010193495,
      "waittime": 2.3368463419981964,
      "servicetime": 10.0,
      "networktime": 3.469573668195298,
      "services": {
        "MS3_1": {
          "meanserv": 1.628705841058491,
          "stddevserv": 1.628705841058491,
          "rate": 0.6139844131400076,
          "cv": 1.0,
          "lambda": 0.05
        },
        "MS3_2": {
          "meanserv": 1.0445234865937403,
          "stddevserv": 1.0445234865937403,
          "rate": 0.9573743557084252,
          "cv": 1.0,
          "lambda": 0.05
        },
        "MS3_3": {
          "meanserv": 1.137539326631233,
          "stddevserv": 1.137539326631233,
          "rate": 0.8790904864462585,
          "cv": 1.0,
          "lambda": 0.05
        },
        "MS3_4": {
          "meanserv": 3.004171830209674,
          "stddevserv": 3.004171830209674,
          "rate": 0.3328704403470176,
          "cv": 1.0,
          "lambda": 0.05
        },
        "MS3_5": {
          "meanserv": 3.185059515506862,
          "stddevserv": 3.185059515506862,
          "rate": 0.31396587571798096,
          "cv": 1.0,
          "lambda": 0.05
        }
      },
      "sensors": [
        "S3"
      ],
      "sources": [
        {
          "startTime": 0,
          "stopTime": -1,
          "lambda": 0.05
        }
      ]
    },
    "SC4": {
      "resptime": 18.691037240470468,
      "resptime_old": 8.691037240470468,
      "waittime": 7.2499221529514415,
      "servicetime": 10.0,
      "networktime": 1.4411150875190257,
      "services": {
        "MS4_1": {
          "meanserv": 3.7296180429158285,
          "stddevserv": 3.7296180429158285,
          "rate": 0.2681239710054053,
          "cv": 1.0,
          "lambda": 0.05
        },
        "MS4_2": {
          "meanserv": 0.32781795156839877,
          "stddevserv": 0.32781795156839877,
          "rate": 3.0504735790570376,
          "cv": 1.0,
          "lambda": 0.05
        },
        "MS4_3": {
          "meanserv": 4.993284275418556,
          "stddevserv": 4.993284275418556,
          "rate": 0.20026899027617975,
          "cv": 1.0,
          "lambda": 0.05
        },
        "MS4_4": {
          "meanserv": 0.8919578343777932,
          "stddevserv": 0.8919578343777932,
          "rate": 1.1211292299456894,
          "cv": 1.0,
          "lambda": 0.05
        },
        "MS4_5": {
          "meanserv": 0.05732189571942392,
          "stddevserv": 0.05732189571942392,
          "rate": 17.44534069310522,
          "cv": 1.0,
          "lambda": 0.05
        }
      },
      "sensors": [
        "S4"
      ],
      "sources": [
        {
          "startTime": 0,
          "stopTime": -1,
          "lambda": 0.05
        }
      ]
    }
  },
  "microservice": {
    "MS1_1": "F7",
    "MS1_2": "F7",
    "MS1_3": "F3",
    "MS1_4": "F10",
    "MS1_5": "F10",
    "MS2_1": "F6",
    "MS2_2": "F6",
    "MS2_3": "F1",
    "MS2_4": "F10",
    "MS2_5": "F10",
    "MS3_1": "F8",
    "MS3_2": "F8",
    "MS3_3": "F9",
    "MS3_4": "F9",
    "MS3_5": "F5",
    "MS4_1": "F4",
    "MS4_2": "F4",
    "MS4_3": "F2",
    "MS4_4": "F2",
    "MS4_5": "F2"
  },
  "sensor": {
    "S1": "F7",
    "S2": "F6",
    "S3": "F8",
    "S4": "F4"
  },
  "fog": {
    "F1": {
      "rho": 0.270033699853386,
      "capacity": 1.0,
      "tserv": 5.40067399706772,
      "stddev": 5.400673997067722,
      "mu": 0.1851620743157145,
      "cv": 1.0000000000000002,
      "lambda": 0.05,
      "twait": 1.9978511074240803
    },
    "F2": {
      "rho": 0.2971282002757887,
      "capacity": 1.0,
      "tserv": 1.9808546685052575,
      "stddev": 3.6374060910279074,
      "mu": 0.5048325936776547,
      "cv": 1.8362811511925177,
      "lambda": 0.15000000000000002,
      "twait": 1.8304733838571607
    },
    "F3": {
      "rho": 0.23704876854181223,
      "capacity": 1.0,
      "tserv": 4.740975370836244,
      "stddev": 4.740975370836244,
      "mu": 0.2109270607376333,
      "cv": 1.0,
      "lambda": 0.05,
      "twait": 1.4730199349647206
    },
    "F4": {
      "rho": 0.20287179972421138,
      "capacity": 1.0,
      "tserv": 2.0287179972421137,
      "stddev": 3.146715532595812,
      "mu": 0.49292213178934835,
      "cv": 1.5510857284617823,
      "lambda": 0.1,
      "twait": 0.8792510006899797
    },
    "F5": {
      "rho": 0.1592529757753431,
      "capacity": 1.0,
      "tserv": 3.185059515506862,
      "stddev": 3.185059515506862,
      "mu": 0.31396587571798096,
      "cv": 1.0,
      "lambda": 0.05,
      "twait": 0.6033089517430189
    },
    "F6": {
      "rho": 0.1811830588776417,
      "capacity": 1.0,
      "tserv": 1.8118305887764168,
      "stddev": 2.523376937667289,
      "mu": 0.5519279816747822,
      "cv": 1.3927223402113995,
      "lambda": 0.1,
      "twait": 0.5892746453651471
    },
    "F7": {
      "rho": 0.17438150052488083,
      "capacity": 1.0,
      "tserv": 1.7438150052488082,
      "stddev": 2.4846026387241236,
      "mu": 0.5734553246703595,
      "cv": 1.4248086128663744,
      "lambda": 0.1,
      "twait": 0.5580144492125358
    },
    "F8": {
      "rho": 0.13366146638261156,