{
  "servicechain": {
    "SC1": {
      "resptime": 39.96809817112809,
      "resptime_old": 29.968098171128087,
      "waittime": 25.655483354410787,
      "servicetime": 10.0,
      "networktime": 4.312614816717298,
      "services": {
        "MS1_1": {
          "meanserv": 0.25101144647828644,
          "stddevserv": 0.25101144647828644,
          "rate": 3.9838820660575105,
          "cv": 1.0,
          "lambda": 0.15
        },
        "MS1_2": {
          "meanserv": 0.9210967797896952,
          "stddevserv": 0.9210967797896952,
          "rate": 1.0856622473789561,
          "cv": 1.0,
          "lambda": 0.15
        },
        "MS1_3": {
          "meanserv": 0.7181062689254536,
          "stddevserv": 0.7181062689254536,
          "rate": 1.3925515529844368,
          "cv": 1.0,
          "lambda": 0.15
        },
        "MS1_4": {
          "meanserv": 0.040613469008929926,
          "stddevserv": 0.040613469008929926,
          "rate": 24.62237342444508,
          "cv": 1.0,
          "lambda": 0.15
        },
        "MS1_5": {
          "meanserv": 3.044703064725873,
          "stddevserv": 3.044703064725873,
          "rate": 0.32843925293911513,
          "cv": 1.0,
          "lambda": 0.15
        },
        "MS1_6": {
          "meanserv": 0.35283986494135267,
          "stddevserv": 0.35283986494135267,
          "rate": 2.8341468733024686,
          "cv": 1.0,
          "lambda": 0.15
        },
        "MS1_7": {
          "meanserv": 3.058599866447172,
          "stddevserv": 3.058599866447172,
          "rate": 0.32694698347763496,
          "cv": 1.0,
          "lambda": 0.15
        },
        "MS1_8": {
          "meanserv": 0.7784394191467161,
          "stddevserv": 0.7784394191467161,
          "rate": 1.2846214816512591,
          "cv": 1.0,
          "lambda": 0.15
        },
        "MS1_9": {
          "meanserv": 0.5304178568562303,
          "stddevserv": 0.5304178568562303,
          "rate": 1.88530606025779,
          "cv": 1.0,
          "lambda": 0.15
        },
        "MS1_10": {
          "meanserv": 0.3041719636802913,
          "stddevserv": 0.3041719636802913,
          "rate": 3.2876139796075314,
          "cv": 1.0,
          "lambda": 0.15
        }
      },
      "sensors": [
        "S1"
      ],
      "sources": [
        {
          "startTime": 0,
          "stopTime": -1,
          "lambda": 0.15
        }
      ]
    },
    "SC2": {
      "resptime": 38.7527531187457,
      "resptime_old": 28.752753118745694,
      "waittime": 25.310398095172445,
      "servicetime": 10.0,
      "networktime": 3.4423550235732527,
      "services": {
        "MS2_1": {
          "meanserv": 0.04899817506485826,
          "stddevserv": 0.04899817506485826,
          "rate": 20.40892336656034,
          "cv": 1.0,
          "lambda": 0.15
        },
        "MS2_2": {
          "meanserv": 0.9294051846501639,
          "stddevserv": 0.9294051846501639,
          "rate": 1.0759569846561687,
          "cv": 1.0,
          "lambda": 0.15
        },
        "MS2_3": {
          "meanserv": 0.6218898492005687,
          "stddevserv": 0.6218898492005687,
          "rate": 1.6080018049586868,
          "cv": 1.0,
          "lambda": 0.15
        },
        "MS2_4": {
          "meanserv": 3.379447825988539,
          "stddevserv": 3.379447825988539,
          "rate": 0.2959063289303734,
          "cv": 1.0,
          "lambda": 0.15
        },
        "MS2_5": {
          "meanserv": 1.3502599115893803,
          "stddevserv": 1.3502599115893803,
          "rate": 0.7405981555231895,
          "cv": 1.0,
          "lambda": 0.15
        },
        "MS2_6": {
          "meanserv": 0.9645092079943316,
          "stddevserv": 0.9645092079943316,
          "rate": 1.0367967373577185,
          "cv": 1.0,
          "lambda": 0.15
        },
        "MS2_7": {
          "meanserv": 0.9855152482049299,
          "stddevserv": 0.9855152482049299,
          "rate": 1.0146976435133332,
          "cv": 1.0,
          "lambda": 0.15
        },
        "MS2_8": {
          "meanserv": 0.13822613402627404,
          "stddevserv": 0.13822613402627404,
          "rate": 7.234521945104244,
          "cv": 1.0,
          "lambda": 0.15
        },
        "MS2_9": {
          "meanserv": 0.6137507523974701,
          "stddevserv": 0.6137507523974701,
          "rate": 1.6293259048461282,
          "cv": 1.0,
          "lambda": 0.15
        },
        "MS2_10": {
          "meanserv": 0.9679977108834841,
          "stddevserv": 0.9679977108834841,
          "rate": 1.0330602942101048,
          "cv": 1.0,
          "lambda": 0.15
        }
      },
      "sensors": [
        "S2"
      ],
      "sources": [
        {
          "startTime": 0,
          "stopTime": -1,
          "lambda": 0.15
        }
      ]
    },
    "SC3": {
      "resptime": 39.38522768962647,
      "resptime_old": 29.385227689626472,
      "waittime": 25.118996699338044,
      "servicetime": 10.0,
      "networktime": 4.266230990288427,
      "services": {
        "MS3_1": {
          "meanserv": 0.13904527107667763,
          "stddevserv": 0.13904527107667763,
          "rate": 7.191902265043893,
          "cv": 1.0,
          "lambda": 0.15
        },
        "MS3_2": {
          "meanserv": 0.6670580630871226,
          "stddevserv": 0.6670580630871226,
          "rate": 1.4991198747707706,
          "cv": 1.0,
          "lambda": 0.15
        },
        "MS3_3": {
          "meanserv": 0.3088606552121531,
          "stddevserv": 0.3088606552121531,
          "rate": 3.237706011188478,
          "cv": 1.0,
          "lambda": 0.15
        },
        "MS3_4": {
          "meanserv": 0.4707766618977849,
          "stddevserv": 0.4707766618977849,
          "rate": 2.1241494766729114,
          "cv": 1.0,
          "lambda": 0.15
        },
        "MS3_5": {
          "meanserv": 0.014841049082127133,
          "stddevserv": 0.014841049082127133,
          "rate": 67.38068141047293,
          "cv": 1.0,
          "lambda": 0.15
        },
        "MS3_6": {
          "meanserv": 2.883121699029443,
          "stddevserv": 2.883121699029443,
          "rate": 0.34684626748036135,
          "cv": 1.0,
          "lambda": 0.15
        },
        "MS3_7": {
          "meanserv": 0.7882345762434451,
          "stddevserv": 0.7882345762434451,
          "rate": 1.2686578718302146,
          "cv": 1.0,
          "lambda": 0.15
        },
        "MS3_8": {
          "meanserv": 1.7052230555207606,
          "stddevserv": 1.7052230555207606,
          "rate": 0.5864335441410089,
          "cv": 1.0,
          "lambda": 0.15
        },
        "MS3_9": {
          "meanserv": 1.9406328501384298,
          "stddevserv": 1.9406328501384298,
          "rate": 0.5152958221482583,
          "cv": 1.0,
          "lambda": 0.15
        },
        "MS3_10": {
          "meanserv": 1.0822061187120564,
          "stddevserv": 1.0822061187120564,
          "rate": 0.9240383903854742,
          "cv": 1.0,
          "lambda": 0.15
        }
      },
      "sensors": [
        "S3"
      ],
      "sources": [
        {
          "startTime": 0,
          "stopTime": -1,
          "lambda": 0.15
        }
      ]
    },
    "SC4": {
      "resptime": 39.27385132644581,
      "resptime_old": 29.273851326445808,
      "waittime": 24.754831894939883,
      "servicetime": 10.0,
      "networktime": 4.519019431505927,
      "services": {
        "MS4_1": {
          "meanserv": 2.3763004087908746,
          "stddevserv": 2.3763004087908746,
          "rate": 0.4208222143549716,
          "cv": 1.0,
          "lambda": 0.15
        },
        "MS4_2": {
          "meanserv": 1.765674858013564,
          "stddevserv": 1.765674858013564,
          "rate": 0.5663556885694285,
          "cv": 1.0,
          "lambda": 0.15
        },
        "MS4_3": {
          "meanserv": 0.9227830152048693,
          "stddevserv": 0.9227830152048693,
          "rate": 1.0836783767395064,
          "cv": 1.0,