{
  "servicechain": {
    "SC1": {
      "resptime": 31.41339196906012,
      "resptime_old": 21.41339196906012,
      "waittime": 16.20108328693109,
      "servicetime": 10.0,
      "networktime": 5.212308682129032,
      "services": {
        "MS1_1": {
          "meanserv": 0.12497731297095638,
          "stddevserv": 0.12497731297095638,
          "rate": 8.001452233433689,
          "cv": 1.0,
          "lambda": 0.15
        },
        "MS1_2": {
          "meanserv": 1.0834142690924953,
          "stddevserv": 1.0834142690924953,
          "rate": 0.9230079652150365,
          "cv": 1.0,
          "lambda": 0.15
        },
        "MS1_3": {
          "meanserv": 0.8430361823973953,
          "stddevserv": 0.8430361823973953,
          "rate": 1.1861887080056714,
          "cv": 1.0,
          "lambda": 0.15
        },
        "MS1_4": {
          "meanserv": 4.2570898135053685,
          "stddevserv": 4.2570898135053685,
          "rate": 0.2349022557211639,
          "cv": 1.0,
          "lambda": 0.15
        },
        "MS1_5": {
          "meanserv": 1.209252953901748,
          "stddevserv": 1.209252953901748,
          "rate": 0.8269568387436415,
          "cv": 1.0,
          "lambda": 0.15
        },
        "MS1_6": {
          "meanserv": 0.8945312615742189,
          "stddevserv": 0.8945312615742189,
          "rate": 1.1179039156665966,
          "cv": 1.0,
          "lambda": 0.15
        },
        "MS1_7": {
          "meanserv": 0.7588410295400081,
          "stddevserv": 0.7588410295400081,
          "rate": 1.3177990660391372,
          "cv": 1.0,
          "lambda": 0.15
        },
        "MS1_8": {
          "meanserv": 0.8288571770178095,
          "stddevserv": 0.8288571770178095,
          "rate": 1.2064804742331539,
          "cv": 1.0,
          "lambda": 0.15
        }
      },
      "sensors": [
        "S1"
      ],
      "sources": [
        {
          "startTime": 0,
          "stopTime": -1,
          "lambda": 0.15
        }
      ]
    },
    "SC2": {
      "resptime": 34.1717523516635,
      "resptime_old": 24.1717523516635,
      "waittime": 19.27546672015688,
      "servicetime": 10.0,
      "networktime": 4.89628563150662,
      "services": {
        "MS2_1": {
          "meanserv": 0.5332932784617428,
          "stddevserv": 0.5332932784617428,
          "rate": 1.8751408284845608,
          "cv": 1.0,
          "lambda": 0.15
        },
        "MS2_2": {
          "meanserv": 0.6324429754977179,
          "stddevserv": 0.6324429754977179,
          "rate": 1.581170222047329,
          "cv": 1.0,
          "lambda": 0.15
        },
        "MS2_3": {
          "meanserv": 3.033152038469539,
          "stddevserv": 3.033152038469539,
          "rate": 0.32969003443183076,
          "cv": 1.0,
          "lambda": 0.15
        },
        "MS2_4": {
          "meanserv": 1.5439571783067363,
          "stddevserv": 1.5439571783067363,
          "rate": 0.6476863568824518,
          "cv": 1.0,
          "lambda": 0.15
        },
        "MS2_5": {
          "meanserv": 0.03952490246301288,
          "stddevserv": 0.03952490246301288,
          "rate": 25.300505192537614,
          "cv": 1.0,
          "lambda": 0.15
        },
        "MS2_6": {
          "meanserv": 3.4636173321314487,
          "stddevserv": 3.4636173321314487,
          "rate": 0.28871549715470957,
          "cv": 1.0,
          "lambda": 0.15
        },
        "MS2_7": {
          "meanserv": 0.12354608090948815,
          "stddevserv": 0.12354608090948815,
          "rate": 8.094145865562632,
          "cv": 1.0,
          "lambda": 0.15
        },
        "MS2_8": {
          "meanserv": 0.6304662137603145,
          "stddevserv": 0.6304662137603145,
          "rate": 1.5861278180723761,
          "cv": 1.0,
          "lambda": 0.15
        }
      },
      "sensors": [
        "S2"
      ],
      "sources": [
        {
          "startTime": 0,
          "stopTime": -1,
          "lambda": 0.15
        }
      ]
    },
    "SC3": {
      "resptime": 34.49485107981812,
      "resptime_old": 24.49485107981812,
      "waittime": 20.066479612871824,
      "servicetime": 10.0,
      "networktime": 4.428371466946295,
      "services": {
        "MS3_1": {
          "meanserv": 4.063660854011861,
          "stddevserv": 4.063660854011861,
          "rate": 0.24608352811055753,
          "cv": 1.0,
          "lambda": 0.15
        },
        "MS3_2": {
          "meanserv": 0.5869022209942871,
          "stddevserv": 0.5869022209942871,
          "rate": 1.7038613319708904,
          "cv": 1.0,
          "lambda": 0.15
        },
        "MS3_3": {
          "meanserv": 0.07273319474513151,
          "stddevserv": 0.07273319474513151,
          "rate": 13.748880459660219,
          "cv": 1.0,
          "lambda": 0.15
        },
        "MS3_4": {
          "meanserv": 0.08498246436549373,
          "stddevserv": 0.08498246436549373,
          "rate": 11.767133460606491,
          "cv": 1.0,
          "lambda": 0.15
        },
        "MS3_5": {
          "meanserv": 3.359896664728809,
          "stddevserv": 3.359896664728809,
          "rate": 0.29762820103894894,
          "cv": 1.0,
          "lambda": 0.15
        },
        "MS3_6": {
          "meanserv": 1.2960826542662698,
          "stddevserv": 1.2960826542662698,
          "rate": 0.7715557311937901,
          "cv": 1.0,
          "lambda": 0.15
        },
        "MS3_7": {
          "meanserv": 0.1628141178926974,
          "stddevserv": 0.1628141178926974,
          "rate": 6.141973515214754,
          "cv": 1.0,
          "lambda": 0.15
        },
        "MS3_8": {
          "meanserv": 0.37292782899545074,
          "stddevserv": 0.37292782899545074,
          "rate": 2.681483982286017,
          "cv": 1.0,
          "lambda": 0.15
        }
      },
      "sensors": [
        "S3"
      ],
      "sources": [
        {
          "startTime": 0,
          "stopTime": -1,
          "lambda": 0.15
        }
      ]
    },
    "SC4": {
      "resptime": 35.61201097574667,
      "resptime_old": 25.612010975746667,
      "waittime": 21.716559239524393,
      "servicetime": 10.0,
      "networktime": 3.895451736222278,
      "services": {
        "MS4_1": {
          "meanserv": 3.1439820465218773,
          "stddevserv": 3.1439820465218773,
          "rate": 0.31806797405420284,
          "cv": 1.0,
          "lambda": 0.15
        },
        "MS4_2": {
          "meanserv": 2.550071227209312,
          "stddevserv": 2.550071227209312,
          "rate": 0.39214590923185977,
          "cv": 1.0,
          "lambda": 0.15
        },
        "MS4_3": {
          "meanserv": 0.5669104824216546,
          "stddevserv": 0.5669104824216546,
          "rate": 1.763946921087664,
          "cv": 1.0,
          "lambda": 0.15
        },
        "MS4_4": {
          "meanserv": 0.7614655629595521,
          "stddevserv": 0.7614655629595521,
          "rate": 1.313257025194084,
          "cv": 1.0,
          "lambda": 0.15
        },
        "MS4_5": {
          "meanserv": 0.8301660565437556,
          "stddevserv": 0.8301660565437556,
          "rate": 1.204578279390652,
          "cv": 1.0,
          "lambda": 0.15
        },
        "MS4_6": {
          "meanserv": 0.1237999322576,
          "stddevserv": 0.1237999322576,
          "rate": 8.077548846466438,
          "cv": 1.0,
          "lambda": 0.15
        },
        "MS4_7": {
          "meanserv": 0.34677145025069933,
          "stddevserv": 0.34677145025069933,
          "rate": 2.8837437432552404,
          "cv": 1.0,
          "lambda": 0.15
        },
        "MS4_8": {
          "meanserv": 1.6768332418355492,
          "stddevserv": 1.6768332418355492,
          "rate": 0.5963622231781067,
          "cv": 1.0,
          "lambda": 0.15
        }
      },
      "sensors": [
        "S4"
      ],
      "sources": [
        {
          "startTime": 0,
          "stopTime": -1,
          "lambda": 0.15
        }
      ]
    }
  },