{
  "servicechain": {
    "SC1": {
      "resptime": 22.441962093139914,
      "resptime_old": 12.44196209313991,
      "waittime": 9.338866178131687,
      "servicetime": 10.0,
      "networktime": 3.1030959150082245,
      "services": {
        "MS1_1": {
          "meanserv": 1.789580393795921,
          "stddevserv": 1.789580393795921,
          "rate": 0.5587902077306941,
          "cv": 1.0,
          "lambda": 0.125
        },
        "MS1_2": {
          "meanserv": 1.3465966334201973,
          "stddevserv": 1.3465966334201973,
          "rate": 0.7426128769237432,
          "cv": 1.0,
          "lambda": 0.125
        },
        "MS1_3": {
          "meanserv": 3.21428047040357,
          "stddevserv": 3.21428047040357,
          "rate": 0.3111116186679393,
          "cv": 1.0,
          "lambda": 0.125
        },
        "MS1_4": {
          "meanserv": 1.8404498935550286,
          "stddevserv": 1.8404498935550286,
          "rate": 0.5433454089143342,
          "cv": 1.0,
          "lambda": 0.125
        },
        "MS1_5": {
          "meanserv": 1.8090926088252832,
          "stddevserv": 1.8090926088252832,
          "rate": 0.5527632997457993,
          "cv": 1.0,
          "lambda": 0.125
        }
      },
      "sensors": [
        "S1"
      ],
      "sources": [
        {
          "startTime": 0,
          "stopTime": -1,
          "lambda": 0.125
        }
      ]
    },
    "SC2": {
      "resptime": 24.758293810072182,
      "resptime_old": 14.758293810072178,
      "waittime": 10.872888296227519,
      "servicetime": 10.0,
      "networktime": 3.8854055138446615,
      "services": {
        "MS2_1": {
          "meanserv": 0.7549826570136642,
          "stddevserv": 0.7549826570136642,
          "rate": 1.3245337369145704,
          "cv": 1.0,
          "lambda": 0.125
        },
        "MS2_2": {
          "meanserv": 1.4618308580465464,
          "stddevserv": 1.4618308580465464,
          "rate": 0.6840736700115266,
          "cv": 1.0,
          "lambda": 0.125
        },
        "MS2_3": {
          "meanserv": 3.241552133884822,
          "stddevserv": 3.241552133884822,
          "rate": 0.3084941900353011,
          "cv": 1.0,
          "lambda": 0.125
        },
        "MS2_4": {
          "meanserv": 1.009637128251633,
          "stddevserv": 1.009637128251633,
          "rate": 0.990454859491626,
          "cv": 1.0,
          "lambda": 0.125
        },
        "MS2_5": {
          "meanserv": 3.5319972228033345,
          "stddevserv": 3.5319972228033345,
          "rate": 0.28312593043499146,
          "cv": 1.0,
          "lambda": 0.125
        }
      },
      "sensors": [
        "S2"
      ],
      "sources": [
        {
          "startTime": 0,
          "stopTime": -1,
          "lambda": 0.125
        }
      ]
    },
    "SC3": {
      "resptime": 29.67826009350651,
      "resptime_old": 19.678260093506513,
      "waittime": 16.879133854931197,
      "servicetime": 10.0,
      "networktime": 2.7991262385753126,
      "services": {
        "MS3_1": {
          "meanserv": 1.8501405782322211,
          "stddevserv": 1.8501405782322211,
          "rate": 0.5404994689406162,
          "cv": 1.0,
          "lambda": 0.125
        },
        "MS3_2": {
          "meanserv": 0.4545365468639193,
          "stddevserv": 0.4545365468639193,
          "rate": 2.200043114023532,
          "cv": 1.0,
          "lambda": 0.125
        },
        "MS3_3": {
          "meanserv": 0.7433291418344825,
          "stddevserv": 0.7433291418344825,
          "rate": 1.345299065676441,
          "cv": 1.0,
          "lambda": 0.125
        },
        "MS3_4": {
          "meanserv": 5.519993162859366,
          "stddevserv": 5.519993162859366,
          "rate": 0.18115964467644344,
          "cv": 1.0,
          "lambda": 0.125
        },
        "MS3_5": {
          "meanserv": 1.4320005702100111,
          "stddevserv": 1.4320005702100111,
          "rate": 0.6983237442798953,
          "cv": 1.0,
          "lambda": 0.125
        }
      },
      "sensors": [
        "S3"
      ],
      "sources": [
        {
          "startTime": 0,
          "stopTime": -1,
          "lambda": 0.125
        }
      ]
    },
    "SC4": {
      "resptime": 27.48991807057997,
      "resptime_old": 17.489918070579975,
      "waittime": 12.976598157591633,
      "servicetime": 10.0,
      "networktime": 4.51331991298834,
      "services": {
        "MS4_1": {
          "meanserv": 0.46560250568407957,
          "stddevserv": 0.46560250568407957,
          "rate": 2.1477547646157205,
          "cv": 1.0,
          "lambda": 0.125
        },
        "MS4_2": {
          "meanserv": 4.910638513504649,
          "stddevserv": 4.910638513504649,
          "rate": 0.20363950578930212,
          "cv": 1.0,
          "lambda": 0.125
        },
        "MS4_3": {
          "meanserv": 3.2773219056296465,
          "stddevserv": 3.2773219056296465,
          "rate": 0.3051271827409574,
          "cv": 1.0,
          "lambda": 0.125
        },
        "MS4_4": {
          "meanserv": 0.7189787975051853,
          "stddevserv": 0.7189787975051853,
          "rate": 1.3908615990762758,
          "cv": 1.0,
          "lambda": 0.125
        },
        "MS4_5": {
          "meanserv": 0.627458277676439,
          "stddevserv": 0.627458277676439,
          "rate": 1.593731464828438,
          "cv": 1.0,
          "lambda": 0.125
        }
      },
      "sensors": [
        "S4"
      ],
      "sources": [
        {
          "startTime": 0,
          "stopTime": -1,
          "lambda": 0.125
        }
      ]
    }
  },
  "microservice": {
    "MS1_1": "F2",
    "MS1_2": "F2",
    "MS1_3": "F6",
    "MS1_4": "F5",
    "MS1_5": "F5",
    "MS2_1": "F10",
    "MS2_2": "F10",
    "MS2_3": "F8",
    "MS2_4": "F8",
    "MS2_5": "F7",
    "MS3_1": "F1",
    "MS3_2": "F1",
    "MS3_3": "F1",
    "MS3_4": "F3",
    "MS3_5": "F2",
    "MS4_1": "F10",
    "MS4_2": "F9",
    "MS4_3": "F4",
    "MS4_4": "F10",
    "MS4_5": "F10"
  },
  "sensor": {
    "S1": "F2",
    "S2": "F10",
    "S3": "F1",
    "S4": "F10"
  },
  "fog": {
    "F1": {
      "rho": 0.38100078336632787,
      "capacity": 1.0,
      "tserv": 1.0160020889768744,
      "stddev": 1.325084016845413,
      "mu": 0.9842499448077034,
      "cv": 1.3042138704456676,
      "lambda": 0.375,
      "twait": 0.8445410212917627
    },
    "F2": {
      "rho": 0.5710221996782662,
      "capacity": 1.0,
      "tserv": 1.5227258658087097,
      "stddev": 1.5467180347378215,
      "mu": 0.6567170246818567,
      "cv": 1.0157560657947908,
      "lambda": 0.375,
      "twait": 2.059123486920318
    },
    "F3": {
      "rho": 0.6899991453574208,
      "capacity": 1.0,
      "tserv": 5.519993162859366,
      "stddev": 5.519993162859366,
      "mu": 0.18115964467644344,
      "cv": 1.0,
      "lambda": 0.125,
      "twait": 12.286387304135593
    },
    "F4": {
      "rho": 0.4096652382037059,
      "capacity": 1.0,
      "tserv": 3.2773219056296465,
      "stddev": 3.2773219056296465,
      "mu": 0.3051271827409574,
      "cv": 1.0,
      "lambda": 0.125,
      "twait": 2.2743110282963195
    },
    "F5": {
      "rho": 0.456192812797539,
      "capacity": 1.0,
      "tserv": 1.824771251190156,
      "stddev": 1.8249059588984025,
      "mu": 0.5480138945348783,
      "cv": 1.00007382169582,
      "lambda": 0.25,
      "twait": 1.5308899998763303
    },
    "F6": {
      "rho": 0.40178505880044624,
      "capacity": 1.0,
      "tserv": 3.21428047040357,
      "stddev": 3.21428047040357,
      "mu": 0.3111116186679393,
      "cv": 1.0,
      "lambda": 0.125,
      "twait": 2.15883920453839
    },
    "F7": {
      "rho": 0.44149965285041687,
      "capacity": 1.0,
      "tserv": 3.5319972228033345,
      "stddev": 3.5319972228033345,
      "mu": 0.28312593043499146,
      "cv": 1.0,
      "lambda": 0.125,
      "twait": 2.7920762371856886
    },
    "F8": {
      "rho": 0.5313986577670569,
      "capacity": 1.0,