{
  "servicechain": {
    "SC1": {
      "resptime": 37.903850960021664,
      "resptime_old": 27.903850960021664,
      "waittime": 25.424399089046332,
      "servicetime": 10.0,
      "networktime": 2.479451870975332,
      "services": {
        "MS1_1": {
          "meanserv": 0.005099120704661342,
          "stddevserv": 0.005099120704661342,
          "rate": 196.11224325124405,
          "cv": 1.0,
          "lambda": 0.075
        },
        "MS1_2": {
          "meanserv": 0.9474908728287712,
          "stddevserv": 0.9474908728287712,
          "rate": 1.0554191377215707,
          "cv": 1.0,
          "lambda": 0.075
        },
        "MS1_3": {
          "meanserv": 0.5826700140773644,
          "stddevserv": 0.5826700140773644,
          "rate": 1.7162372798323278,
          "cv": 1.0,
          "lambda": 0.075
        },
        "MS1_4": {
          "meanserv": 1.1490150952820088,
          "stddevserv": 1.1490150952820088,
          "rate": 0.8703105852186952,
          "cv": 1.0,
          "lambda": 0.075
        },
        "MS1_5": {
          "meanserv": 0.6972691259165398,
          "stddevserv": 0.6972691259165398,
          "rate": 1.4341664686293536,
          "cv": 1.0,
          "lambda": 0.075
        },
        "MS1_6": {
          "meanserv": 0.38910717223366564,
          "stddevserv": 0.38910717223366564,
          "rate": 2.5699860381897115,
          "cv": 1.0,
          "lambda": 0.075
        },
        "MS1_7": {
          "meanserv": 2.2300080667496776,
          "stddevserv": 2.2300080667496776,
          "rate": 0.4484288711374656,
          "cv": 1.0,
          "lambda": 0.075
        },
        "MS1_8": {
          "meanserv": 3.189935187743645,
          "stddevserv": 3.189935187743645,
          "rate": 0.31348599302023306,
          "cv": 1.0,
          "lambda": 0.075
        },
        "MS1_9": {
          "meanserv": 0.1661857724593645,
          "stddevserv": 0.1661857724593645,
          "rate": 6.017362288005241,
          "cv": 1.0,
          "lambda": 0.075
        },
        "MS1_10": {
          "meanserv": 0.6432195720043019,
          "stddevserv": 0.6432195720043019,
          "rate": 1.55467906065724,
          "cv": 1.0,
          "lambda": 0.075
        }
      },
      "sensors": [
        "S1"
      ],
      "sources": [
        {
          "startTime": 0,
          "stopTime": -1,
          "lambda": 0.075
        }
      ]
    },
    "SC2": {
      "resptime": 36.95038691102864,
      "resptime_old": 26.95038691102863,
      "waittime": 23.970244344998285,
      "servicetime": 10.0,
      "networktime": 2.9801425660303527,
      "services": {
        "MS2_1": {
          "meanserv": 0.05771391788348512,
          "stddevserv": 0.05771391788348512,
          "rate": 17.32684310253958,
          "cv": 1.0,
          "lambda": 0.075
        },
        "MS2_2": {
          "meanserv": 3.2781508438882154,
          "stddevserv": 3.2781508438882154,
          "rate": 0.30505002595118524,
          "cv": 1.0,
          "lambda": 0.075
        },
        "MS2_3": {
          "meanserv": 1.5688754250597468,
          "stddevserv": 1.5688754250597468,
          "rate": 0.6373992377131648,
          "cv": 1.0,
          "lambda": 0.075
        },
        "MS2_4": {
          "meanserv": 1.1908021716465438,
          "stddevserv": 1.1908021716465438,
          "rate": 0.8397700506518911,
          "cv": 1.0,
          "lambda": 0.075
        },
        "MS2_5": {
          "meanserv": 1.0429142990152878,
          "stddevserv": 1.0429142990152878,
          "rate": 0.9588515575481061,
          "cv": 1.0,
          "lambda": 0.075
        },
        "MS2_6": {
          "meanserv": 1.6596665611059347,
          "stddevserv": 1.6596665611059347,
          "rate": 0.6025306669633932,
          "cv": 1.0,
          "lambda": 0.075
        },
        "MS2_7": {
          "meanserv": 0.6430182700151672,
          "stddevserv": 0.6430182700151672,
          "rate": 1.5551657653155213,
          "cv": 1.0,
          "lambda": 0.075
        },
        "MS2_8": {
          "meanserv": 0.14028583844856257,
          "stddevserv": 0.14028583844856257,
          "rate": 7.1283032632453605,
          "cv": 1.0,
          "lambda": 0.075
        },
        "MS2_9": {
          "meanserv": 0.14623282829792394,
          "stddevserv": 0.14623282829792394,
          "rate": 6.838409758188319,
          "cv": 1.0,
          "lambda": 0.075
        },
        "MS2_10": {
          "meanserv": 0.2723398446391325,
          "stddevserv": 0.2723398446391325,
          "rate": 3.671882832000081,
          "cv": 1.0,
          "lambda": 0.075
        }
      },
      "sensors": [
        "S2"
      ],
      "sources": [
        {
          "startTime": 0,
          "stopTime": -1,
          "lambda": 0.075
        }
      ]
    },
    "SC3": {
      "resptime": 38.65091268895836,
      "resptime_old": 28.65091268895836,
      "waittime": 24.6291731477557,
      "servicetime": 10.0,
      "networktime": 4.02173954120266,
      "services": {
        "MS3_1": {
          "meanserv": 0.9123155867590005,
          "stddevserv": 0.9123155867590005,
          "rate": 1.0961119315658063,
          "cv": 1.0,
          "lambda": 0.075
        },
        "MS3_2": {
          "meanserv": 1.580539754204262,
          "stddevserv": 1.580539754204262,
          "rate": 0.63269525321333,
          "cv": 1.0,
          "lambda": 0.075
        },
        "MS3_3": {
          "meanserv": 2.4128211621238167,
          "stddevserv": 2.4128211621238167,
          "rate": 0.4144525983516236,
          "cv": 1.0,
          "lambda": 0.075
        },
        "MS3_4": {
          "meanserv": 0.6469241714666811,
          "stddevserv": 0.6469241714666811,
          "rate": 1.545776219387257,
          "cv": 1.0,
          "lambda": 0.075
        },
        "MS3_5": {
          "meanserv": 0.8084212946396168,
          "stddevserv": 0.8084212946396168,
          "rate": 1.2369787963660537,
          "cv": 1.0,
          "lambda": 0.075
        },
        "MS3_6": {
          "meanserv": 0.5373396787021454,
          "stddevserv": 0.5373396787021454,
          "rate": 1.8610202068370116,
          "cv": 1.0,
          "lambda": 0.075
        },
        "MS3_7": {
          "meanserv": 0.5323720867446955,
          "stddevserv": 0.5323720867446955,
          "rate": 1.8783854843230356,
          "cv": 1.0,
          "lambda": 0.075
        },
        "MS3_8": {
          "meanserv": 0.039797314956453,
          "stddevserv": 0.039797314956453,
          "rate": 25.127323315510594,
          "cv": 1.0,
          "lambda": 0.075
        },
        "MS3_9": {
          "meanserv": 1.2972633065343224,
          "stddevserv": 1.2972633065343224,
          "rate": 0.7708535306309787,
          "cv": 1.0,
          "lambda": 0.075
        },
        "MS3_10": {
          "meanserv": 1.2322056438690066,
          "stddevserv": 1.2322056438690066,
          "rate": 0.8115528483217271,
          "cv": 1.0,
          "lambda": 0.075
        }
      },
      "sensors": [
        "S3"
      ],
      "sources": [
        {
          "startTime": 0,
          "stopTime": -1,
          "lambda": 0.075
        }
      ]
    },
    "SC4": {
      "resptime": 41.91813410768027,
      "resptime_old": 31.91813410768027,
      "waittime": 25.26938007872185,
      "servicetime": 10.0,
      "networktime": 6.6487540289584155,
      "services": {
        "MS4_1": {
          "meanserv": 0.42893327409957993,
          "stddevserv": 0.42893327409957993,
          "rate": 2.331364947378372,
          "cv": 1.0,
          "lambda": 0.075
        },
        "MS4_2": {
          "meanserv": 2.115381310932536,
          "stddevserv": 2.115381310932536,
          "rate": 0.4727280111778827,
          "cv": 1.0,
          "lambda": 0.075
        },
        "MS4_3": {
          "meanserv": 0.3878185559156728,
          "stddevserv": 0.3878185559156728,