{
  "servicechain": {
    "SC1": {
      "resptime": 31.68559296613749,
      "resptime_old": 21.68559296613749,
      "waittime": 17.931655241530155,
      "servicetime": 10.0,
      "networktime": 3.7539377246073373,
      "services": {
        "MS1_1": {
          "meanserv": 2.34261182663651,
          "stddevserv": 2.34261182663651,
          "rate": 0.4268739654728826,
          "cv": 1.0,
          "lambda": 0.15
        },
        "MS1_2": {
          "meanserv": 1.4740418025706141,
          "stddevserv": 1.4740418025706141,
          "rate": 0.6784068119751271,
          "cv": 1.0,
          "lambda": 0.15
        },
        "MS1_3": {
          "meanserv": 0.29664562522845195,
          "stddevserv": 0.29664562522845195,
          "rate": 3.371025610877904,
          "cv": 1.0,
          "lambda": 0.15
        },
        "MS1_4": {
          "meanserv": 0.4814039027338568,
          "stddevserv": 0.4814039027338568,
          "rate": 2.077257775271606,
          "cv": 1.0,
          "lambda": 0.15
        },
        "MS1_5": {
          "meanserv": 0.14602230029927998,
          "stddevserv": 0.14602230029927998,
          "rate": 6.848269051716417,
          "cv": 1.0,
          "lambda": 0.15
        },
        "MS1_6": {
          "meanserv": 0.6894105243644457,
          "stddevserv": 0.6894105243644457,
          "rate": 1.4505145550568448,
          "cv": 1.0,
          "lambda": 0.15
        },
        "MS1_7": {
          "meanserv": 1.7125097787674903,
          "stddevserv": 1.7125097787674903,
          "rate": 0.5839382714180527,
          "cv": 1.0,
          "lambda": 0.15
        },
        "MS1_8": {
          "meanserv": 0.4961786118902367,
          "stddevserv": 0.4961786118902367,
          "rate": 2.0154032762323446,
          "cv": 1.0,
          "lambda": 0.15
        },
        "MS1_9": {
          "meanserv": 0.9954927774949063,
          "stddevserv": 0.9954927774949063,
          "rate": 1.004527629538846,
          "cv": 1.0,
          "lambda": 0.15
        },
        "MS1_10": {
          "meanserv": 0.6241218173568175,
          "stddevserv": 0.6241218173568175,
          "rate": 1.6022513108659502,
          "cv": 1.0,
          "lambda": 0.15
        },
        "MS1_11": {
          "meanserv": 0.19413380110640155,
          "stddevserv": 0.19413380110640155,
          "rate": 5.151086489322467,
          "cv": 1.0,
          "lambda": 0.15
        },
        "MS1_12": {
          "meanserv": 0.5474272315509889,
          "stddevserv": 0.5474272315509889,
          "rate": 1.8267268092724707,
          "cv": 1.0,
          "lambda": 0.15
        }
      },
      "sensors": [
        "S1"
      ],
      "sources": [
        {
          "startTime": 0,
          "stopTime": -1,
          "lambda": 0.15
        }
      ]
    },
    "SC2": {
      "resptime": 31.4902604330212,
      "resptime_old": 21.4902604330212,
      "waittime": 18.064560943158043,
      "servicetime": 10.0,
      "networktime": 3.425699489863158,
      "services": {
        "MS2_1": {
          "meanserv": 0.14648302771858024,
          "stddevserv": 0.14648302771858024,
          "rate": 6.826729455109138,
          "cv": 1.0,
          "lambda": 0.15
        },
        "MS2_2": {
          "meanserv": 0.845946562250024,
          "stddevserv": 0.845946562250024,
          "rate": 1.1821077649872225,
          "cv": 1.0,
          "lambda": 0.15
        },
        "MS2_3": {
          "meanserv": 0.9812290483378983,
          "stddevserv": 0.9812290483378983,
          "rate": 1.0191300407319757,
          "cv": 1.0,
          "lambda": 0.15
        },
        "MS2_4": {
          "meanserv": 0.23155109453150025,
          "stddevserv": 0.23155109453150025,
          "rate": 4.318701243988116,
          "cv": 1.0,
          "lambda": 0.15
        },
        "MS2_5": {
          "meanserv": 1.5675455008430594,
          "stddevserv": 1.5675455008430594,
          "rate": 0.6379400147952188,
          "cv": 1.0,
          "lambda": 0.15
        },
        "MS2_6": {
          "meanserv": 0.6497679929176572,
          "stddevserv": 0.6497679929176572,
          "rate": 1.5390108637233637,
          "cv": 1.0,
          "lambda": 0.15
        },
        "MS2_7": {
          "meanserv": 0.44220738625301603,
          "stddevserv": 0.44220738625301603,
          "rate": 2.261382399044402,
          "cv": 1.0,
          "lambda": 0.15
        },
        "MS2_8": {
          "meanserv": 1.8378503415861926,
          "stddevserv": 1.8378503415861926,
          "rate": 0.5441139451740834,
          "cv": 1.0,
          "lambda": 0.15
        },
        "MS2_9": {
          "meanserv": 1.4427117325354795,
          "stddevserv": 1.4427117325354795,
          "rate": 0.6931391611008527,
          "cv": 1.0,
          "lambda": 0.15
        },
        "MS2_10": {
          "meanserv": 0.6981519940702992,
          "stddevserv": 0.6981519940702992,
          "rate": 1.4323528522347913,
          "cv": 1.0,
          "lambda": 0.15
        },
        "MS2_11": {
          "meanserv": 0.021181206679585785,
          "stddevserv": 0.021181206679585785,
          "rate": 47.21166339233114,
          "cv": 1.0,
          "lambda": 0.15
        },
        "MS2_12": {
          "meanserv": 1.1353741122767076,
          "stddevserv": 1.1353741122767076,
          "rate": 0.8807669553031742,
          "cv": 1.0,
          "lambda": 0.15
        }
      },
      "sensors": [
        "S2"
      ],
      "sources": [
        {
          "startTime": 0,
          "stopTime": -1,
          "lambda": 0.15
        }
      ]
    },
    "SC3": {
      "resptime": 33.21158782517744,
      "resptime_old": 23.211587825177443,
      "waittime": 18.27508154859232,
      "servicetime": 10.0,
      "networktime": 4.936506276585122,
      "services": {
        "MS3_1": {
          "meanserv": 0.6628963051041992,
          "stddevserv": 0.6628963051041992,
          "rate": 1.5085315641377912,
          "cv": 1.0,
          "lambda": 0.15
        },
        "MS3_2": {
          "meanserv": 0.4283821325679871,
          "stddevserv": 0.4283821325679871,
          "rate": 2.334364400320299,
          "cv": 1.0,
          "lambda": 0.15
        },
        "MS3_3": {
          "meanserv": 1.2574646553743019,
          "stddevserv": 1.2574646553743019,
          "rate": 0.7952509803962132,
          "cv": 1.0,
          "lambda": 0.15
        },
        "MS3_4": {
          "meanserv": 1.7067859429172372,
          "stddevserv": 1.7067859429172372,
          "rate": 0.5858965526109272,
          "cv": 1.0,
          "lambda": 0.15
        },
        "MS3_5": {
          "meanserv": 0.14228687847551136,
          "stddevserv": 0.14228687847551136,
          "rate": 7.028054945854389,
          "cv": 1.0,
          "lambda": 0.15
        },
        "MS3_6": {
          "meanserv": 1.161021768806802,
          "stddevserv": 1.161021768806802,
          "rate": 0.861310293111656,
          "cv": 1.0,
          "lambda": 0.15
        },
        "MS3_7": {
          "meanserv": 0.40192763939536036,
          "stddevserv": 0.40192763939536036,
          "rate": 2.4880100346031178,
          "cv": 1.0,
          "lambda": 0.15
        },
        "MS3_8": {
          "meanserv": 0.770805900484751,
          "stddevserv": 0.770805900484751,
          "rate": 1.2973434678835638,
          "cv": 1.0,
          "lambda": 0.15
        },
        "MS3_9": {
          "meanserv": 0.24738572588154373,
          "stddevserv": 0.24738572588154373,
          "rate": 4.042270411668102,
          "cv": 1.0,
          "lambda": 0.15
        },
        "MS3_10": {
          "meanserv": 0.9615928086710968,
          "stddevserv": 0.9615928086710968,
          "rate": 1.0399412214635644,
          "cv": 1.0,
          "lambda": 0.15
        },
        "MS3_11": {
          "meanserv": 1.5692561174088713,
          "stddevserv": 1.5692561174088713,
          "rate": 0.6372446083888351,
          "cv": 1.0,