{
  "servicechain": {
    "SC1": {
      "resptime": 45.38181875929417,
      "resptime_old": 35.38181875929417,
      "waittime": 29.216359950082545,
      "servicetime": 10.0,
      "networktime": 6.165458809211621,
      "services": {
        "MS1_1": {
          "meanserv": 2.6677822947808174,
          "stddevserv": 2.6677822947808174,
          "rate": 0.37484318040357906,
          "cv": 1.0,
          "lambda": 0.2
        },
        "MS1_2": {
          "meanserv": 3.076394400624432,
          "stddevserv": 3.076394400624432,
          "rate": 0.32505585103035706,
          "cv": 1.0,
          "lambda": 0.2
        },
        "MS1_3": {
          "meanserv": 3.3368546022424557,
          "stddevserv": 3.3368546022424557,
          "rate": 0.2996834202269326,
          "cv": 1.0,
          "lambda": 0.2
        },
        "MS1_4": {
          "meanserv": 0.28609405732687065,
          "stddevserv": 0.28609405732687065,
          "rate": 3.4953539732475862,
          "cv": 1.0,
          "lambda": 0.2
        },
        "MS1_5": {
          "meanserv": 0.6328746450254243,
          "stddevserv": 0.6328746450254243,
          "rate": 1.58009174148512,
          "cv": 1.0,
          "lambda": 0.2
        }
      },
      "sensors": [
        "S1"
      ],
      "sources": [
        {
          "startTime": 0,
          "stopTime": -1,
          "lambda": 0.2
        }
      ]
    },
    "SC2": {
      "resptime": 59.36279479965282,
      "resptime_old": 49.362794799652825,
      "waittime": 43.12526877790168,
      "servicetime": 10.0,
      "networktime": 6.2375260217511395,
      "services": {
        "MS2_1": {
          "meanserv": 2.5531242642095284,
          "stddevserv": 2.5531242642095284,
          "rate": 0.39167697946328106,
          "cv": 1.0,
          "lambda": 0.2
        },
        "MS2_2": {
          "meanserv": 4.11206818923035,
          "stddevserv": 4.11206818923035,
          "rate": 0.24318662871861774,
          "cv": 1.0,
          "lambda": 0.2
        },
        "MS2_3": {
          "meanserv": 0.2987405618455199,
          "stddevserv": 0.2987405618455199,
          "rate": 3.347386085847641,
          "cv": 1.0,
          "lambda": 0.2
        },
        "MS2_4": {
          "meanserv": 2.78756852896651,
          "stddevserv": 2.78756852896651,
          "rate": 0.35873557532619643,
          "cv": 1.0,
          "lambda": 0.2
        },
        "MS2_5": {
          "meanserv": 0.24849845574809137,
          "stddevserv": 0.24849845574809137,
          "rate": 4.0241698765875755,
          "cv": 1.0,
          "lambda": 0.2
        }
      },
      "sensors": [
        "S2"
      ],
      "sources": [
        {
          "startTime": 0,
          "stopTime": -1,
          "lambda": 0.2
        }
      ]
    },
    "SC3": {
      "resptime": 6502.817207964966,
      "resptime_old": 6492.817207964966,
      "waittime": 6487.711151789668,
      "servicetime": 10.0,
      "networktime": 5.106056175297102,
      "services": {
        "MS3_1": {
          "meanserv": 5.683962893208965,
          "stddevserv": 5.683962893208965,
          "rate": 0.17593359048750498,
          "cv": 1.0,
          "lambda": 0.2
        },
        "MS3_2": {
          "meanserv": 1.0943047941811423,
          "stddevserv": 1.0943047941811423,
          "rate": 0.9138221867594853,
          "cv": 1.0,
          "lambda": 0.2
        },
        "MS3_3": {
          "meanserv": 2.335282870472998,
          "stddevserv": 2.335282870472998,
          "rate": 0.42821364925160255,
          "cv": 1.0,
          "lambda": 0.2
        },
        "MS3_4": {
          "meanserv": 0.4413369827225466,
          "stddevserv": 0.4413369827225466,
          "rate": 2.2658422909205087,
          "cv": 1.0,
          "lambda": 0.2
        },
        "MS3_5": {
          "meanserv": 0.4451124594143483,
          "stddevserv": 0.4451124594143483,
          "rate": 2.246623249584473,
          "cv": 1.0,
          "lambda": 0.2
        }
      },
      "sensors": [
        "S3"
      ],
      "sources": [
        {
          "startTime": 0,
          "stopTime": -1,
          "lambda": 0.2
        }
      ]
    },
    "SC4": {
      "resptime": 75.16892773098056,
      "resptime_old": 65.16892773098056,
      "waittime": 61.203295384345935,
      "servicetime": 10.0,
      "networktime": 3.9656323466346146,
      "services": {
        "MS4_1": {
          "meanserv": 1.9931048000660345,
          "stddevserv": 1.9931048000660345,
          "rate": 0.5017297635161325,
          "cv": 1.0,
          "lambda": 0.2
        },
        "MS4_2": {
          "meanserv": 4.35931162277634,
          "stddevserv": 4.35931162277634,
          "rate": 0.22939401596693476,
          "cv": 1.0,
          "lambda": 0.2
        },
        "MS4_3": {
          "meanserv": 2.717796169684217,
          "stddevserv": 2.717796169684217,
          "rate": 0.3679451796843878,
          "cv": 1.0,
          "lambda": 0.2
        },
        "MS4_4": {
          "meanserv": 0.27297927191025195,
          "stddevserv": 0.27297927191025195,
          "rate": 3.663281805252863,
          "cv": 1.0,
          "lambda": 0.2
        },
        "MS4_5": {
          "meanserv": 0.656808135563157,
          "stddevserv": 0.656808135563157,
          "rate": 1.5225146368544678,
          "cv": 1.0,
          "lambda": 0.2
        }
      },
      "sensors": [
        "S4"
      ],
      "sources": [
        {
          "startTime": 0,
          "stopTime": -1,
          "lambda": 0.2
        }
      ]
    }
  },
  "microservice": {
    "MS1_1": "F10",
    "MS1_2": "F7",
    "MS1_3": "F8",
    "MS1_4": "F7",
    "MS1_5": "F10",
    "MS2_1": "F2",
    "MS2_2": "F6",
    "MS2_3": "F10",
    "MS2_4": "F4",
    "MS2_5": "F2",
    "MS3_1": "F9",
    "MS3_2": "F4",
    "MS3_3": "F3",
    "MS3_4": "F2",
    "MS3_5": "F2",
    "MS4_1": "F3",
    "MS4_2": "F1",
    "MS4_3": "F5",
    "MS4_4": "F5",
    "MS4_5": "F5"
  },
  "sensor": {
    "S1": "F10",
    "S2": "F2",
    "S3": "F9",
    "S4": "F3"
  },
  "fog": {
    "F1": {
      "rho": 0.871862324555268,
      "capacity": 1.0,
      "tserv": 4.35931162277634,
      "stddev": 4.35931162277634,
      "mu": 0.22939401596693476,
      "cv": 1.0,
      "lambda": 0.2,
      "twait": 29.6612183083803
    },
    "F2": {
      "rho": 0.737614432418903,
      "capacity": 1.0,
      "tserv": 0.9220180405236287,
      "stddev": 1.6237093167724173,
      "mu": 1.0845774768485918,
      "cv": 1.7610385539205795,
      "lambda": 0.8,
      "twait": 5.315153946258078
    },
    "F3": {
      "rho": 0.8656775341078063,
      "capacity": 1.0,
      "tserv": 2.164193835269516,
      "stddev": 2.1776771736307237,
      "mu": 0.46206582040072486,
      "cv": 1.0062301898016122,
      "lambda": 0.4,
      "twait": 14.034901409174738
    },
    "F4": {
      "rho": 0.7763746646295304,
      "capacity": 1.0,
      "tserv": 1.9409366615738262,
      "stddev": 2.280527606062026,
      "mu": 0.5152151637906314,
      "cv": 1.1749624040863031,
      "lambda": 0.4,
      "twait": 8.020595046974808
    },
    "F5": {
      "rho": 0.7295167154315252,
      "capacity": 1.0,
      "tserv": 1.215861192385875,
      "stddev": 1.9450540645544703,
      "mu": 0.8224623059460494,
      "cv": 1.5997336511232056,
      "lambda": 0.6000000000000001,
      "twait": 5.835725222263635
    },
    "F6": {
      "rho": 0.8224136378460701,
      "capacity": 1.0,
      "tserv": 4.11206818923035,
      "stddev": 4.11206818923035,
      "mu": 0.24318662871861774,
      "cv": 1.0,
      "lambda": 0.2,
      "twait": 19.04324700139254
    },
    "F7": {
      "rho": 0.6724976915902606,
      "capacity": 1.0,
      "tserv": 1.6812442289756513,
      "stddev": 2.592194082310809,
      "mu": 0.5947975807234622,
      "cv": 1.5418307689241446,
      "lambda": 0.4,
      "twait": 5.829609179968288
    },
    "F8": {
      "rho": 0.6673709204484912,
      "capacity": 1.0,
      "tserv": 3.336854602242456,