{
  "servicechain": {
    "SC1": {
      "resptime": 42.55393698303661,
      "resptime_old": 32.55393698303661,
      "waittime": 26.452847137136544,
      "servicetime": 10.0,
      "networktime": 6.101089845900064,
      "services": {
        "MS1_1": {
          "meanserv": 1.5602822570122532,
          "stddevserv": 1.5602822570122532,
          "rate": 0.6409096786852373,
          "cv": 1.0,
          "lambda": 0.15
        },
        "MS1_2": {
          "meanserv": 4.241522056356126,
          "stddevserv": 4.241522056356126,
          "rate": 0.2357644229390371,
          "cv": 1.0,
          "lambda": 0.15
        },
        "MS1_3": {
          "meanserv": 1.5900417109258864,
          "stddevserv": 1.5900417109258864,
          "rate": 0.6289143191204064,
          "cv": 1.0,
          "lambda": 0.15
        },
        "MS1_4": {
          "meanserv": 0.93871285355171,
          "stddevserv": 0.93871285355171,
          "rate": 1.065288491807057,
          "cv": 1.0,
          "lambda": 0.15
        },
        "MS1_5": {
          "meanserv": 0.29643422598112146,
          "stddevserv": 0.29643422598112146,
          "rate": 3.3734296257129412,
          "cv": 1.0,
          "lambda": 0.15
        },
        "MS1_6": {
          "meanserv": 0.19710075378163516,
          "stddevserv": 0.19710075378163516,
          "rate": 5.073547314323741,
          "cv": 1.0,
          "lambda": 0.15
        },
        "MS1_7": {
          "meanserv": 0.42169743959392214,
          "stddevserv": 0.42169743959392214,
          "rate": 2.371368441228764,
          "cv": 1.0,
          "lambda": 0.15
        },
        "MS1_8": {
          "meanserv": 0.7439480366114317,
          "stddevserv": 0.7439480366114317,
          "rate": 1.3441799034175093,
          "cv": 1.0,
          "lambda": 0.15
        },
        "MS1_9": {
          "meanserv": 0.010260666185914147,
          "stddevserv": 0.010260666185914147,
          "rate": 97.45955885133472,
          "cv": 1.0,
          "lambda": 0.15
        }
      },
      "sensors": [
        "S1"
      ],
      "sources": [
        {
          "startTime": 0,
          "stopTime": -1,
          "lambda": 0.15
        }
      ]
    },
    "SC2": {
      "resptime": 35.78760435518572,
      "resptime_old": 25.787604355185724,
      "waittime": 21.12847395608222,
      "servicetime": 10.0,
      "networktime": 4.659130399103501,
      "services": {
        "MS2_1": {
          "meanserv": 0.2877490855254028,
          "stddevserv": 0.2877490855254028,
          "rate": 3.47524996708189,
          "cv": 1.0,
          "lambda": 0.15
        },
        "MS2_2": {
          "meanserv": 2.3231454183926186,
          "stddevserv": 2.3231454183926186,
          "rate": 0.43045088442715684,
          "cv": 1.0,
          "lambda": 0.15
        },
        "MS2_3": {
          "meanserv": 0.09254385024335043,
          "stddevserv": 0.09254385024335043,
          "rate": 10.805688302036614,
          "cv": 1.0,
          "lambda": 0.15
        },
        "MS2_4": {
          "meanserv": 2.3334547389633036,
          "stddevserv": 2.3334547389633036,
          "rate": 0.42854913073834694,
          "cv": 1.0,
          "lambda": 0.15
        },
        "MS2_5": {
          "meanserv": 0.7880437928243378,
          "stddevserv": 0.7880437928243378,
          "rate": 1.2689650107083696,
          "cv": 1.0,
          "lambda": 0.15
        },
        "MS2_6": {
          "meanserv": 0.18155558815982165,
          "stddevserv": 0.18155558815982165,
          "rate": 5.5079549472182014,
          "cv": 1.0,
          "lambda": 0.15
        },
        "MS2_7": {
          "meanserv": 2.0778446010981577,
          "stddevserv": 2.0778446010981577,
          "rate": 0.4812679444225482,
          "cv": 1.0,
          "lambda": 0.15
        },
        "MS2_8": {
          "meanserv": 0.012190063161163778,
          "stddevserv": 0.012190063161163778,
          "rate": 82.03402942044565,
          "cv": 1.0,
          "lambda": 0.15
        },
        "MS2_9": {
          "meanserv": 1.903472861631844,
          "stddevserv": 1.903472861631844,
          "rate": 0.5253555331189234,
          "cv": 1.0,
          "lambda": 0.15
        }
      },
      "sensors": [
        "S2"
      ],
      "sources": [
        {
          "startTime": 0,
          "stopTime": -1,
          "lambda": 0.15
        }
      ]
    },
    "SC3": {
      "resptime": 38.306321658847814,
      "resptime_old": 28.306321658847803,
      "waittime": 23.72102754813896,
      "servicetime": 10.0,
      "networktime": 4.5852941107088485,
      "services": {
        "MS3_1": {
          "meanserv": 1.2931260917133447,
          "stddevserv": 1.2931260917133447,
          "rate": 0.7733197917884687,
          "cv": 1.0,
          "lambda": 0.15
        },
        "MS3_2": {
          "meanserv": 0.008617482666540832,
          "stddevserv": 0.008617482666540832,
          "rate": 116.0431692984667,
          "cv": 1.0,
          "lambda": 0.15
        },
        "MS3_3": {
          "meanserv": 0.16308638359869065,
          "stddevserv": 0.16308638359869065,
          "rate": 6.131719754487391,
          "cv": 1.0,
          "lambda": 0.15
        },
        "MS3_4": {
          "meanserv": 0.06911780939056533,
          "stddevserv": 0.06911780939056533,
          "rate": 14.468051126291934,
          "cv": 1.0,
          "lambda": 0.15
        },
        "MS3_5": {
          "meanserv": 2.2023133898834115,
          "stddevserv": 2.2023133898834115,
          "rate": 0.4540679835093493,
          "cv": 1.0,
          "lambda": 0.15
        },
        "MS3_6": {
          "meanserv": 3.588402223036395,
          "stddevserv": 3.588402223036395,
          "rate": 0.2786755602759132,
          "cv": 1.0,
          "lambda": 0.15
        },
        "MS3_7": {
          "meanserv": 0.569999922337483,
          "stddevserv": 0.569999922337483,
          "rate": 1.7543862039474534,
          "cv": 1.0,
          "lambda": 0.15
        },
        "MS3_8": {
          "meanserv": 1.2843604101178796,
          "stddevserv": 1.2843604101178796,
          "rate": 0.7785976522806548,
          "cv": 1.0,
          "lambda": 0.15
        },
        "MS3_9": {
          "meanserv": 0.8209762872556894,
          "stddevserv": 0.8209762872556894,
          "rate": 1.2180619775788415,
          "cv": 1.0,
          "lambda": 0.15
        }
      },
      "sensors": [
        "S3"
      ],
      "sources": [
        {
          "startTime": 0,
          "stopTime": -1,
          "lambda": 0.15
        }
      ]
    },
    "SC4": {
      "resptime": 38.896403356765845,
      "resptime_old": 28.89640335676584,
      "waittime": 23.549426528678634,
      "servicetime": 10.0,
      "networktime": 5.346976828087209,
      "services": {
        "MS4_1": {
          "meanserv": 2.3313925125710853,
          "stddevserv": 2.3313925125710853,
          "rate": 0.4289282026119184,
          "cv": 1.0,
          "lambda": 0.15
        },
        "MS4_2": {
          "meanserv": 2.215268319538919,
          "stddevserv": 2.215268319538919,
          "rate": 0.45141258563573816,
          "cv": 1.0,
          "lambda": 0.15
        },
        "MS4_3": {
          "meanserv": 0.7055895169494102,
          "stddevserv": 0.7055895169494102,
          "rate": 1.4172546161448976,
          "cv": 1.0,
          "lambda": 0.15
        },
        "MS4_4": {
          "meanserv": 0.25979276560455666,
          "stddevserv": 0.25979276560455666,
          "rate": 3.8492218891196885,
          "cv": 1.0,
          "lambda": 0.15
        },
        "MS4_5": {
          "meanserv": 2.046460169568057,
          "stddevserv": 2.046460169568057,
          "rate": 0.4886486504211163,
          "cv": 1.0,
          "lambda": 0.15
        },
        "MS4_6": {
          "meanserv": 0.5671878035313025,
          "stddevserv": 0.5671878035313025,
          "rate": 1.7630844559315546,
          "cv": 1.0,