{
  "servicechain": {
    "SC1": {
      "resptime": 67.19434717591896,
      "resptime_old": 57.19434717591896,
      "waittime": 53.686221924635866,
      "servicetime": 10.0,
      "networktime": 3.5081252512830976,
      "services": {
        "MS1_1": {
          "meanserv": 0.007559807628403359,
          "stddevserv": 0.007559807628403359,
          "rate": 132.27849823093993,
          "cv": 1.0,
          "lambda": 0.15
        },
        "MS1_2": {
          "meanserv": 0.04495373818204196,
          "stddevserv": 0.04495373818204196,
          "rate": 22.245091074527775,
          "cv": 1.0,
          "lambda": 0.15
        },
        "MS1_3": {
          "meanserv": 0.09985259365049903,
          "stddevserv": 0.09985259365049903,
          "rate": 10.014762395658636,
          "cv": 1.0,
          "lambda": 0.15
        },
        "MS1_4": {
          "meanserv": 3.9290775346262987,
          "stddevserv": 3.9290775346262987,
          "rate": 0.2545126664432474,
          "cv": 1.0,
          "lambda": 0.15
        },
        "MS1_5": {
          "meanserv": 5.918556325912757,
          "stddevserv": 5.918556325912757,
          "rate": 0.16896012218753034,
          "cv": 1.0,
          "lambda": 0.15
        }
      },
      "sensors": [
        "S1"
      ],
      "sources": [
        {
          "startTime": 0,
          "stopTime": -1,
          "lambda": 0.15
        }
      ]
    },
    "SC2": {
      "resptime": 59.58863195294357,
      "resptime_old": 49.58863195294357,
      "waittime": 45.42507989685425,
      "servicetime": 10.0,
      "networktime": 4.163552056089323,
      "services": {
        "MS2_1": {
          "meanserv": 2.258517450369083,
          "stddevserv": 2.258517450369083,
          "rate": 0.44276833009927896,
          "cv": 1.0,
          "lambda": 0.15
        },
        "MS2_2": {
          "meanserv": 5.825308162457696,
          "stddevserv": 5.825308162457696,
          "rate": 0.17166473808968422,
          "cv": 1.0,
          "lambda": 0.15
        },
        "MS2_3": {
          "meanserv": 0.47201949449525316,
          "stddevserv": 0.47201949449525316,
          "rate": 2.1185565673920626,
          "cv": 1.0,
          "lambda": 0.15
        },
        "MS2_4": {
          "meanserv": 0.6036111633773817,
          "stddevserv": 0.6036111633773817,
          "rate": 1.6566956687890038,
          "cv": 1.0,
          "lambda": 0.15
        },
        "MS2_5": {
          "meanserv": 0.8405437293005864,
          "stddevserv": 0.8405437293005864,
          "rate": 1.189706097542476,
          "cv": 1.0,
          "lambda": 0.15
        }
      },
      "sensors": [
        "S2"
      ],
      "sources": [
        {
          "startTime": 0,
          "stopTime": -1,
          "lambda": 0.15
        }
      ]
    },
    "SC3": {
      "resptime": 27.045506717541368,
      "resptime_old": 17.045506717541368,
      "waittime": 13.210794735527276,
      "servicetime": 10.0,
      "networktime": 3.834711982014091,
      "services": {
        "MS3_1": {
          "meanserv": 1.8098004858340533,
          "stddevserv": 1.8098004858340533,
          "rate": 0.5525470944600539,
          "cv": 1.0,
          "lambda": 0.15
        },
        "MS3_2": {
          "meanserv": 2.5894646079237438,
          "stddevserv": 2.5894646079237438,
          "rate": 0.3861802153773436,
          "cv": 1.0,
          "lambda": 0.15
        },
        "MS3_3": {
          "meanserv": 0.7774313374784887,
          "stddevserv": 0.7774313374784887,
          "rate": 1.2862872279414255,
          "cv": 1.0,
          "lambda": 0.15
        },
        "MS3_4": {
          "meanserv": 1.9343860985232446,
          "stddevserv": 1.9343860985232446,
          "rate": 0.5169598772258668,
          "cv": 1.0,
          "lambda": 0.15
        },
        "MS3_5": {
          "meanserv": 2.88891747024047,
          "stddevserv": 2.88891747024047,
          "rate": 0.3461504214991511,
          "cv": 1.0,
          "lambda": 0.15
        }
      },
      "sensors": [
        "S3"
      ],
      "sources": [
        {
          "startTime": 0,
          "stopTime": -1,
          "lambda": 0.15
        }
      ]
    },
    "SC4": {
      "resptime": 31.524520409058482,
      "resptime_old": 21.524520409058482,
      "waittime": 15.686524653873686,
      "servicetime": 10.0,
      "networktime": 5.837995755184798,
      "services": {
        "MS4_1": {
          "meanserv": 2.777728882071667,
          "stddevserv": 2.777728882071667,
          "rate": 0.36000633699505863,
          "cv": 1.0,
          "lambda": 0.15
        },
        "MS4_2": {
          "meanserv": 0.3583327379965753,
          "stddevserv": 0.3583327379965753,
          "rate": 2.790702310905116,
          "cv": 1.0,
          "lambda": 0.15
        },
        "MS4_3": {
          "meanserv": 4.4604337532048195,
          "stddevserv": 4.4604337532048195,
          "rate": 0.224193442909336,
          "cv": 1.0,
          "lambda": 0.15
        },
        "MS4_4": {
          "meanserv": 0.37609982146592547,
          "stddevserv": 0.37609982146592547,
          "rate": 2.6588685846813136,
          "cv": 1.0,
          "lambda": 0.15
        },
        "MS4_5": {
          "meanserv": 2.0274048052610123,
          "stddevserv": 2.0274048052610123,
          "rate": 0.49324140763849966,
          "cv": 1.0,
          "lambda": 0.15
        }
      },
      "sensors": [
        "S4"
      ],
      "sources": [
        {
          "startTime": 0,
          "stopTime": -1,
          "lambda": 0.15
        }
      ]
    }
  },
  "microservice": {
    "MS1_1": "F10",
    "MS1_2": "F10",
    "MS1_3": "F10",
    "MS1_4": "F6",
    "MS1_5": "F7",
    "MS2_1": "F8",
    "MS2_2": "F2",
    "MS2_3": "F10",
    "MS2_4": "F10",
    "MS2_5": "F10",
    "MS3_1": "F4",
    "MS3_2": "F4",
    "MS3_3": "F9",
    "MS3_4": "F9",
    "MS3_5": "F1",
    "MS4_1": "F5",
    "MS4_2": "F10",
    "MS4_3": "F3",
    "MS4_4": "F10",
    "MS4_5": "F8"
  },
  "sensor": {
    "S1": "F10",
    "S2": "F8",
    "S3": "F4",
    "S4": "F5"
  },
  "fog": {
    "F1": {
      "rho": 0.4333376205360705,
      "capacity": 1.0,
      "tserv": 2.88891747024047,
      "stddev": 2.88891747024047,
      "mu": 0.3461504214991511,
      "cv": 1.0,
      "lambda": 0.15,
      "twait": 2.2092107537884944
    },
    "F2": {
      "rho": 0.8737962243686543,
      "capacity": 1.0,
      "tserv": 5.825308162457696,
      "stddev": 5.825308162457696,
      "mu": 0.17166473808968422,
      "cv": 1.0,
      "lambda": 0.15,
      "twait": 40.332646568421566
    },
    "F3": {
      "rho": 0.6690650629807229,
      "capacity": 1.0,
      "tserv": 4.4604337532048195,
      "stddev": 4.4604337532048195,
      "mu": 0.224193442909336,
      "cv": 1.0,
      "lambda": 0.15,
      "twait": 9.017846277848527
    },
    "F4": {
      "rho": 0.6598897640636696,
      "capacity": 1.0,
      "tserv": 2.199632546878899,
      "stddev": 2.267668717631809,
      "mu": 0.4546213872944003,
      "cv": 1.0309306983338868,
      "lambda": 0.3,
      "twait": 4.401824923059621
    },
    "F5": {
      "rho": 0.41665933231075003,
      "capacity": 1.0,
      "tserv": 2.777728882071667,
      "stddev": 2.777728882071667,
      "mu": 0.36000633699505863,
      "cv": 1.0,
      "lambda": 0.15,
      "twait": 1.984032188136084
    },
    "F6": {
      "rho": 0.5893616301939448,
      "capacity": 1.0,
      "tserv": 3.929077534626299,
      "stddev": 3.929077534626298,
      "mu": 0.2545126664432474,
      "cv": 0.9999999999999997,
      "lambda": 0.15,
      "twait": 5.639140692233516
    },
    "F7": {
      "rho": 0.8877834488869134,
      "capacity": 1.0,
      "tserv": 5.918556325912757,
      "stddev": 5.918556325912757,
      "mu": 0.16896012218753034,
      "cv": 1.0,
      "lambda": 0.15,
      "twait": 46.82371981077151
    },
    "F8": {
      "rho": 0.6428883383445143,
      "capacity": 1.0,
      "tserv": 2.142961127815048,