{
  "servicechain": {
    "SC1": {
      "resptime": 13839.950190465366,
      "resptime_old": 13829.950190465366,
      "waittime": 13826.6142214473,
      "servicetime": 10.0,
      "networktime": 3.3359690180666752,
      "services": {
        "MS1_1": {
          "meanserv": 7.837491268486453,
          "stddevserv": 7.837491268486453,
          "rate": 0.12759184868516177,
          "cv": 1.0,
          "lambda": 0.225
        },
        "MS1_2": {
          "meanserv": 0.36355449514258353,
          "stddevserv": 0.36355449514258353,
          "rate": 2.7506192699056218,
          "cv": 1.0,
          "lambda": 0.225
        },
        "MS1_3": {
          "meanserv": 1.006182508869058,
          "stddevserv": 1.006182508869058,
          "rate": 0.9938554796823024,
          "cv": 1.0,
          "lambda": 0.225
        },
        "MS1_4": {
          "meanserv": 0.5611116447293618,
          "stddevserv": 0.5611116447293618,
          "rate": 1.7821765229668778,
          "cv": 1.0,
          "lambda": 0.225
        },
        "MS1_5": {
          "meanserv": 0.23166008277254413,
          "stddevserv": 0.23166008277254413,
          "rate": 4.316669440983718,
          "cv": 1.0,
          "lambda": 0.225
        }
      },
      "sensors": [
        "S1"
      ],
      "sources": [
        {
          "startTime": 0,
          "stopTime": -1,
          "lambda": 0.225
        }
      ]
    },
    "SC2": {
      "resptime": 57.982992596566966,
      "resptime_old": 47.982992596566966,
      "waittime": 39.98328399119576,
      "servicetime": 10.0,
      "networktime": 7.9997086053712065,
      "services": {
        "MS2_1": {
          "meanserv": 3.5461385748901417,
          "stddevserv": 3.5461385748901417,
          "rate": 0.28199687600504436,
          "cv": 1.0,
          "lambda": 0.225
        },
        "MS2_2": {
          "meanserv": 0.8594604692852368,
          "stddevserv": 0.8594604692852368,
          "rate": 1.163520645494774,
          "cv": 1.0,
          "lambda": 0.225
        },
        "MS2_3": {
          "meanserv": 1.2218413910179446,
          "stddevserv": 1.2218413910179446,
          "rate": 0.8184368342333506,
          "cv": 1.0,
          "lambda": 0.225
        },
        "MS2_4": {
          "meanserv": 1.1743505304162065,
          "stddevserv": 1.1743505304162065,
          "rate": 0.8515345070313766,
          "cv": 1.0,
          "lambda": 0.225
        },
        "MS2_5": {
          "meanserv": 3.1982090343904703,
          "stddevserv": 3.1982090343904703,
          "rate": 0.3126749969270175,
          "cv": 1.0,
          "lambda": 0.225
        }
      },
      "sensors": [
        "S2"
      ],
      "sources": [
        {
          "startTime": 0,
          "stopTime": -1,
          "lambda": 0.225
        }
      ]
    },
    "SC3": {
      "resptime": 46.21652879784964,
      "resptime_old": 36.216528797849634,
      "waittime": 30.307076962936705,
      "servicetime": 10.0,
      "networktime": 5.909451834912937,
      "services": {
        "MS3_1": {
          "meanserv": 2.042097920801016,
          "stddevserv": 2.042097920801016,
          "rate": 0.48969248233098855,
          "cv": 1.0,
          "lambda": 0.225
        },
        "MS3_2": {
          "meanserv": 1.9473451054193647,
          "stddevserv": 1.9473451054193647,
          "rate": 0.513519661829354,
          "cv": 1.0,
          "lambda": 0.225
        },
        "MS3_3": {
          "meanserv": 1.1376118446093826,
          "stddevserv": 1.1376118446093826,
          "rate": 0.8790344481191352,
          "cv": 1.0,
          "lambda": 0.225
        },
        "MS3_4": {
          "meanserv": 2.2772504606658313,
          "stddevserv": 2.2772504606658313,
          "rate": 0.4391260501524352,
          "cv": 1.0,
          "lambda": 0.225
        },
        "MS3_5": {
          "meanserv": 2.5956946685044056,
          "stddevserv": 2.5956946685044056,
          "rate": 0.38525332433501613,
          "cv": 1.0,
          "lambda": 0.225
        }
      },
      "sensors": [
        "S3"
      ],
      "sources": [
        {
          "startTime": 0,
          "stopTime": -1,
          "lambda": 0.225
        }
      ]
    },
    "SC4": {
      "resptime": 5397.2894060543285,
      "resptime_old": 5387.289406054328,
      "waittime": 5381.679483541152,
      "servicetime": 10.0,
      "networktime": 5.609922513176463,
      "services": {
        "MS4_1": {
          "meanserv": 0.8415416732810821,
          "stddevserv": 0.8415416732810821,
          "rate": 1.1882952820400512,
          "cv": 1.0,
          "lambda": 0.225
        },
        "MS4_2": {
          "meanserv": 1.910610375977816,
          "stddevserv": 1.910610375977816,
          "rate": 0.5233929494851707,
          "cv": 1.0,
          "lambda": 0.225
        },
        "MS4_3": {
          "meanserv": 4.883478457285314,
          "stddevserv": 4.883478457285314,
          "rate": 0.2047720715360526,
          "cv": 1.0,
          "lambda": 0.225
        },
        "MS4_4": {
          "meanserv": 1.7320204247967563,
          "stddevserv": 1.7320204247967563,
          "rate": 0.577360396957989,
          "cv": 1.0,
          "lambda": 0.225
        },
        "MS4_5": {
          "meanserv": 0.6323490686590318,
          "stddevserv": 0.6323490686590318,
          "rate": 1.581405033331691,
          "cv": 1.0,
          "lambda": 0.225
        }
      },
      "sensors": [
        "S4"
      ],
      "sources": [
        {
          "startTime": 0,
          "stopTime": -1,
          "lambda": 0.225
        }
      ]
    }
  },
  "microservice": {
    "MS1_1": "F8",
    "MS1_2": "F4",
    "MS1_3": "F4",
    "MS1_4": "F2",
    "MS1_5": "F2",
    "MS2_1": "F3",
    "MS2_2": "F9",
    "MS2_3": "F10",
    "MS2_4": "F6",
    "MS2_5": "F1",
    "MS3_1": "F6",
    "MS3_2": "F2",
    "MS3_3": "F7",
    "MS3_4": "F7",
    "MS3_5": "F9",
    "MS4_1": "F2",
    "MS4_2": "F4",
    "MS4_3": "F5",
    "MS4_4": "F10",
    "MS4_5": "F10"
  },
  "sensor": {
    "S1": "F8",
    "S2": "F3",
    "S3": "F6",
    "S4": "F2"
  },
  "fog": {
    "F1": {
      "rho": 0.7195970327378559,
      "capacity": 1.0,
      "tserv": 3.1982090343904703,
      "stddev": 3.1982090343904703,
      "mu": 0.3126749969270175,
      "cv": 1.0,
      "lambda": 0.225,
      "twait": 8.207551274131935
    },
    "F2": {
      "rho": 0.8058731638955292,
      "capacity": 1.0,
      "tserv": 0.8954146265505881,
      "stddev": 1.277756493309483,
      "mu": 1.1168010554532786,
      "cv": 1.4269998003403106,
      "lambda": 0.9,
      "twait": 5.643181933621616
    },
    "F3": {
      "rho": 0.7978811793502819,
      "capacity": 1.0,
      "tserv": 3.5461385748901417,
      "stddev": 3.5461385748901417,
      "mu": 0.28199687600504436,
      "cv": 1.0,
      "lambda": 0.225,
      "twait": 13.998682652004781
    },
    "F4": {
      "rho": 0.7380781604976279,
      "capacity": 1.0,
      "tserv": 1.0934491266631523,
      "stddev": 1.4145813590330971,
      "mu": 0.9145372890384682,
      "cv": 1.2936874012144808,
      "lambda": 0.675,
      "twait": 4.119078440534898
    },
    "F5": {
      "rho": 1.098782652889196,
      "capacity": 1.0,
      "tserv": 4.883478457285315,
      "stddev": 4.883478457285313,
      "mu": 0.20477207153605254,
      "cv": 0.9999999999999997,
      "lambda": 0.225,
      "twait": 5360.515533208568
    },
    "F6": {
      "rho": 0.723700901523875,
      "capacity": 1.0,
      "tserv": 1.6082242256086112,
      "stddev": 1.72130123063752,
      "mu": 0.6218038405817219,
      "cv": 1.070311716008454,
      "lambda": 0.45,
      "twait": 4.518958626114874
    },
    "F7": {
      "rho": 0.7683440186869231,
      "capacity": 1.0,
      "tserv": 1.707431152637607,
      "stddev": 1.8880437570673292,
      "mu": 0.58567515208752,
      "cv": 1.1057803145683007,
      "lambda": 0.45,
      "twait": 6.29384497173488
    },
    "F8": {
      "rho": 1.7634355354094517,