{
  "servicechain": {
    "SC1": {
      "resptime": 27.817022221634993,
      "resptime_old": 17.817022221634996,
      "waittime": 14.437308623786617,
      "servicetime": 10.0,
      "networktime": 3.3797135978483768,
      "services": {
        "MS1_1": {
          "meanserv": 2.8447833341473783,
          "stddevserv": 2.8447833341473783,
          "rate": 0.35152061951308994,
          "cv": 1.0,
          "lambda": 0.15
        },
        "MS1_2": {
          "meanserv": 3.41110953369583,
          "stddevserv": 3.41110953369583,
          "rate": 0.2931597446876857,
          "cv": 1.0,
          "lambda": 0.15
        },
        "MS1_3": {
          "meanserv": 0.5558713491413485,
          "stddevserv": 0.5558713491413485,
          "rate": 1.798977410051255,
          "cv": 1.0,
          "lambda": 0.15
        },
        "MS1_4": {
          "meanserv": 1.065169738068927,
          "stddevserv": 1.065169738068927,
          "rate": 0.9388175088534952,
          "cv": 1.0,
          "lambda": 0.15
        },
        "MS1_5": {
          "meanserv": 0.042512773899009204,
          "stddevserv": 0.042512773899009204,
          "rate": 23.522341834845687,
          "cv": 1.0,
          "lambda": 0.15
        },
        "MS1_6": {
          "meanserv": 0.05905803474750648,
          "stddevserv": 0.05905803474750648,
          "rate": 16.932497064545846,
          "cv": 1.0,
          "lambda": 0.15
        },
        "MS1_7": {
          "meanserv": 1.3805147990869981,
          "stddevserv": 1.3805147990869981,
          "rate": 0.7243674610814378,
          "cv": 1.0,
          "lambda": 0.15
        },
        "MS1_8": {
          "meanserv": 0.6409804372130026,
          "stddevserv": 0.6409804372130026,
          "rate": 1.5601100157565222,
          "cv": 1.0,
          "lambda": 0.15
        }
      },
      "sensors": [
        "S1"
      ],
      "sources": [
        {
          "startTime": 0,
          "stopTime": -1,
          "lambda": 0.15
        }
      ]
    },
    "SC2": {
      "resptime": 39.063481246927225,
      "resptime_old": 29.063481246927218,
      "waittime": 23.11250960929916,
      "servicetime": 10.0,
      "networktime": 5.9509716376280615,
      "services": {
        "MS2_1": {
          "meanserv": 0.7691958963718659,
          "stddevserv": 0.7691958963718659,
          "rate": 1.3000589378034753,
          "cv": 1.0,
          "lambda": 0.15
        },
        "MS2_2": {
          "meanserv": 1.6700600574335223,
          "stddevserv": 1.6700600574335223,
          "rate": 0.5987808615318647,
          "cv": 1.0,
          "lambda": 0.15
        },
        "MS2_3": {
          "meanserv": 0.7283962174710945,
          "stddevserv": 0.7283962174710945,
          "rate": 1.3728791775881013,
          "cv": 1.0,
          "lambda": 0.15
        },
        "MS2_4": {
          "meanserv": 2.0870707420360355,
          "stddevserv": 2.0870707420360355,
          "rate": 0.4791404430424112,
          "cv": 1.0,
          "lambda": 0.15
        },
        "MS2_5": {
          "meanserv": 2.99277665801584,
          "stddevserv": 2.99277665801584,
          "rate": 0.33413786402055906,
          "cv": 1.0,
          "lambda": 0.15
        },
        "MS2_6": {
          "meanserv": 0.04649194986817129,
          "stddevserv": 0.04649194986817129,
          "rate": 21.50910002345604,
          "cv": 1.0,
          "lambda": 0.15
        },
        "MS2_7": {
          "meanserv": 0.12276055281256326,
          "stddevserv": 0.12276055281256326,
          "rate": 8.145939205135775,
          "cv": 1.0,
          "lambda": 0.15
        },
        "MS2_8": {
          "meanserv": 1.5832479259909071,
          "stddevserv": 1.5832479259909071,
          "rate": 0.6316130175090109,
          "cv": 1.0,
          "lambda": 0.15
        }
      },
      "sensors": [
        "S2"
      ],
      "sources": [
        {
          "startTime": 0,
          "stopTime": -1,
          "lambda": 0.15
        }
      ]
    },
    "SC3": {
      "resptime": 34.34956635349371,
      "resptime_old": 24.349566353493707,
      "waittime": 19.42389124570037,
      "servicetime": 10.0,
      "networktime": 4.925675107793335,
      "services": {
        "MS3_1": {
          "meanserv": 2.228890268569168,
          "stddevserv": 2.228890268569168,
          "rate": 0.44865376017005454,
          "cv": 1.0,
          "lambda": 0.15
        },
        "MS3_2": {
          "meanserv": 0.076995188615824,
          "stddevserv": 0.076995188615824,
          "rate": 12.98782453783717,
          "cv": 1.0,
          "lambda": 0.15
        },
        "MS3_3": {
          "meanserv": 1.796670116816534,
          "stddevserv": 1.796670116816534,
          "rate": 0.5565852020580551,
          "cv": 1.0,
          "lambda": 0.15
        },
        "MS3_4": {
          "meanserv": 2.7859971164505133,
          "stddevserv": 2.7859971164505133,
          "rate": 0.35893791637302386,
          "cv": 1.0,
          "lambda": 0.15
        },
        "MS3_5": {
          "meanserv": 0.18058044867638579,
          "stddevserv": 0.18058044867638579,
          "rate": 5.537698058288014,
          "cv": 1.0,
          "lambda": 0.15
        },
        "MS3_6": {
          "meanserv": 2.2991348942110967,
          "stddevserv": 2.2991348942110967,
          "rate": 0.43494620629605574,
          "cv": 1.0,
          "lambda": 0.15
        },
        "MS3_7": {
          "meanserv": 0.6078706083242373,
          "stddevserv": 0.6078706083242373,
          "rate": 1.6450869417042144,
          "cv": 1.0,
          "lambda": 0.15
        },
        "MS3_8": {
          "meanserv": 0.023861358336240812,
          "stddevserv": 0.023861358336240812,
          "rate": 41.90876252343072,
          "cv": 1.0,
          "lambda": 0.15
        }
      },
      "sensors": [
        "S3"
      ],
      "sources": [
        {
          "startTime": 0,
          "stopTime": -1,
          "lambda": 0.15
        }
      ]
    },
    "SC4": {
      "resptime": 34.000690432601864,
      "resptime_old": 24.000690432601864,
      "waittime": 20.040153727303597,
      "servicetime": 10.0,
      "networktime": 3.9605367052982663,
      "services": {
        "MS4_1": {
          "meanserv": 2.64527222767744,
          "stddevserv": 2.64527222767744,
          "rate": 0.37803292588831366,
          "cv": 1.0,
          "lambda": 0.15
        },
        "MS4_2": {
          "meanserv": 2.2087666394788075,
          "stddevserv": 2.2087666394788075,
          "rate": 0.4527413544402162,
          "cv": 1.0,
          "lambda": 0.15
        },
        "MS4_3": {
          "meanserv": 0.1393924244460134,
          "stddevserv": 0.1393924244460134,
          "rate": 7.17399101116359,
          "cv": 1.0,
          "lambda": 0.15
        },
        "MS4_4": {
          "meanserv": 0.03342645362768071,
          "stddevserv": 0.03342645362768071,
          "rate": 29.91642521035771,
          "cv": 1.0,
          "lambda": 0.15
        },
        "MS4_5": {
          "meanserv": 0.10285559179444448,
          "stddevserv": 0.10285559179444448,
          "rate": 9.722368833368696,
          "cv": 1.0,
          "lambda": 0.15
        },
        "MS4_6": {
          "meanserv": 1.5191800760834973,
          "stddevserv": 1.5191800760834973,
          "rate": 0.6582498123448519,
          "cv": 1.0,
          "lambda": 0.15
        },
        "MS4_7": {
          "meanserv": 0.7369068487419561,
          "stddevserv": 0.7369068487419561,
          "rate": 1.3570236207021216,
          "cv": 1.0,
          "lambda": 0.15
        },
        "MS4_8": {
          "meanserv": 2.6141997381501607,
          "stddevserv": 2.6141997381501607,
          "rate": 0.3825262413604295,
          "cv": 1.0,
          "lambda": 0.15
        }
      },
      "sensors": [
        "S4"
      ],
      "sources": [
        {
          "startTime": 0,
          "stopTime": -1,