{
  "servicechain": {
    "SC1": {
      "resptime": 30.96870003825795,
      "resptime_old": 20.96870003825795,
      "waittime": 16.790572729787336,
      "servicetime": 10.0,
      "networktime": 4.178127308470613,
      "services": {
        "MS1_1": {
          "meanserv": 0.2291289201169855,
          "stddevserv": 0.2291289201169855,
          "rate": 4.3643552262605425,
          "cv": 1.0,
          "lambda": 0.075
        },
        "MS1_2": {
          "meanserv": 0.0956588564644445,
          "stddevserv": 0.0956588564644445,
          "rate": 10.453815119269073,
          "cv": 1.0,
          "lambda": 0.075
        },
        "MS1_3": {
          "meanserv": 0.603163865801678,
          "stddevserv": 0.603163865801678,
          "rate": 1.6579242502713232,
          "cv": 1.0,
          "lambda": 0.075
        },
        "MS1_4": {
          "meanserv": 1.3310558170539688,
          "stddevserv": 1.3310558170539688,
          "rate": 0.7512832949509991,
          "cv": 1.0,
          "lambda": 0.075
        },
        "MS1_5": {
          "meanserv": 0.31915075344515653,
          "stddevserv": 0.31915075344515653,
          "rate": 3.133315491833366,
          "cv": 1.0,
          "lambda": 0.075
        },
        "MS1_6": {
          "meanserv": 4.024300577954657,
          "stddevserv": 4.024300577954657,
          "rate": 0.24849038500703843,
          "cv": 1.0,
          "lambda": 0.075
        },
        "MS1_7": {
          "meanserv": 0.7075635215815428,
          "stddevserv": 0.7075635215815428,
          "rate": 1.4133006712454657,
          "cv": 1.0,
          "lambda": 0.075
        },
        "MS1_8": {
          "meanserv": 0.8594764189998294,
          "stddevserv": 0.8594764189998294,
          "rate": 1.1634990534861882,
          "cv": 1.0,
          "lambda": 0.075
        },
        "MS1_9": {
          "meanserv": 0.6152498514547702,
          "stddevserv": 0.6152498514547702,
          "rate": 1.6253559389498113,
          "cv": 1.0,
          "lambda": 0.075
        },
        "MS1_10": {
          "meanserv": 1.215251417126968,
          "stddevserv": 1.215251417126968,
          "rate": 0.8228749918795785,
          "cv": 1.0,
          "lambda": 0.075
        }
      },
      "sensors": [
        "S1"
      ],
      "sources": [
        {
          "startTime": 0,
          "stopTime": -1,
          "lambda": 0.075
        }
      ]
    },
    "SC2": {
      "resptime": 30.19010910691484,
      "resptime_old": 20.19010910691484,
      "waittime": 17.28636821094158,
      "servicetime": 10.0,
      "networktime": 2.903740895973259,
      "services": {
        "MS2_1": {
          "meanserv": 1.512567862427161,
          "stddevserv": 1.512567862427161,
          "rate": 0.6611273615157587,
          "cv": 1.0,
          "lambda": 0.075
        },
        "MS2_2": {
          "meanserv": 0.8402924684057256,
          "stddevserv": 0.8402924684057256,
          "rate": 1.1900618387039517,
          "cv": 1.0,
          "lambda": 0.075
        },
        "MS2_3": {
          "meanserv": 1.4225736874384807,
          "stddevserv": 1.4225736874384807,
          "rate": 0.7029512838808535,
          "cv": 1.0,
          "lambda": 0.075
        },
        "MS2_4": {
          "meanserv": 2.1704544484728956,
          "stddevserv": 2.1704544484728956,
          "rate": 0.460733004879963,
          "cv": 1.0,
          "lambda": 0.075
        },
        "MS2_5": {
          "meanserv": 1.2107309507567443,
          "stddevserv": 1.2107309507567443,
          "rate": 0.8259473331998072,
          "cv": 1.0,
          "lambda": 0.075
        },
        "MS2_6": {
          "meanserv": 0.4890516641663263,
          "stddevserv": 0.4890516641663263,
          "rate": 2.0447737392013052,
          "cv": 1.0,
          "lambda": 0.075
        },
        "MS2_7": {
          "meanserv": 0.3228494581986885,
          "stddevserv": 0.3228494581986885,
          "rate": 3.0974188576292376,
          "cv": 1.0,
          "lambda": 0.075
        },
        "MS2_8": {
          "meanserv": 0.512317050055108,
          "stddevserv": 0.512317050055108,
          "rate": 1.9519162984960854,
          "cv": 1.0,
          "lambda": 0.075
        },
        "MS2_9": {
          "meanserv": 0.30419230803424036,
          "stddevserv": 0.30419230803424036,
          "rate": 3.287394104283,
          "cv": 1.0,
          "lambda": 0.075
        },
        "MS2_10": {
          "meanserv": 1.2149701020446297,
          "stddevserv": 1.2149701020446297,
          "rate": 0.8230655209680763,
          "cv": 1.0,
          "lambda": 0.075
        }
      },
      "sensors": [
        "S2"
      ],
      "sources": [
        {
          "startTime": 0,
          "stopTime": -1,
          "lambda": 0.075
        }
      ]
    },
    "SC3": {
      "resptime": 33.73778067732687,
      "resptime_old": 23.73778067732687,
      "waittime": 20.946340927714278,
      "servicetime": 10.0,
      "networktime": 2.791439749612592,
      "services": {
        "MS3_1": {
          "meanserv": 1.1821726114938735,
          "stddevserv": 1.1821726114938735,
          "rate": 0.8459001589762193,
          "cv": 1.0,
          "lambda": 0.075
        },
        "MS3_2": {
          "meanserv": 0.8454478905134153,
          "stddevserv": 0.8454478905134153,
          "rate": 1.182805009298361,
          "cv": 1.0,
          "lambda": 0.075
        },
        "MS3_3": {
          "meanserv": 0.9528315900163356,
          "stddevserv": 0.9528315900163356,
          "rate": 1.0495034069796698,
          "cv": 1.0,
          "lambda": 0.075
        },
        "MS3_4": {
          "meanserv": 2.500383867058019,
          "stddevserv": 2.500383867058019,
          "rate": 0.3999385906999199,
          "cv": 1.0,
          "lambda": 0.075
        },
        "MS3_5": {
          "meanserv": 0.1984084198464373,
          "stddevserv": 0.1984084198464373,
          "rate": 5.040108684772414,
          "cv": 1.0,
          "lambda": 0.075
        },
        "MS3_6": {
          "meanserv": 1.1832191371795702,
          "stddevserv": 1.1832191371795702,
          "rate": 0.8451519829063041,
          "cv": 1.0,
          "lambda": 0.075
        },
        "MS3_7": {
          "meanserv": 0.013519739355270843,
          "stddevserv": 0.013519739355270843,
          "rate": 73.96592299023406,
          "cv": 1.0,
          "lambda": 0.075
        },
        "MS3_8": {
          "meanserv": 0.7810389861781655,
          "stddevserv": 0.7810389861781655,
          "rate": 1.280345818450459,
          "cv": 1.0,
          "lambda": 0.075
        },
        "MS3_9": {
          "meanserv": 1.6110333017373009,
          "stddevserv": 1.6110333017373009,
          "rate": 0.6207196331209437,
          "cv": 1.0,
          "lambda": 0.075
        },
        "MS3_10": {
          "meanserv": 0.731944456621612,
          "stddevserv": 0.731944456621612,
          "rate": 1.366223886188898,
          "cv": 1.0,
          "lambda": 0.075
        }
      },
      "sensors": [
        "S3"
      ],
      "sources": [
        {
          "startTime": 0,
          "stopTime": -1,
          "lambda": 0.075
        }
      ]
    },
    "SC4": {
      "resptime": 35.37013519838568,
      "resptime_old": 25.370135198385682,
      "waittime": 20.88173891060857,
      "servicetime": 10.0,
      "networktime": 4.488396287777115,
      "services": {
        "MS4_1": {
          "meanserv": 0.15476812411772456,
          "stddevserv": 0.15476812411772456,
          "rate": 6.461278804667483,
          "cv": 1.0,
          "lambda": 0.075
        },
        "MS4_2": {
          "meanserv": 0.4337791782240785,
          "stddevserv": 0.4337791782240785,
          "rate": 2.30532042615339,
          "cv": 1.0,
          "lambda": 0.075
        },
        "MS4_3": {
          "meanserv": 1.5871492700859802,
          "stddevserv": 1.5871492700859802,
          "rate": 0.6300604605046551,