{
  "servicechain": {
    "SC1": {
      "resptime": 40.190233426618754,
      "resptime_old": 30.190233426618757,
      "waittime": 26.467021614646306,
      "servicetime": 10.0,
      "networktime": 3.72321181197245,
      "services": {
        "MS1_1": {
          "meanserv": 0.14272689005710104,
          "stddevserv": 0.14272689005710104,
          "rate": 7.00638821177935,
          "cv": 1.0,
          "lambda": 0.15
        },
        "MS1_2": {
          "meanserv": 1.1403614409194862,
          "stddevserv": 1.1403614409194862,
          "rate": 0.8769149535551543,
          "cv": 1.0,
          "lambda": 0.15
        },
        "MS1_3": {
          "meanserv": 0.0972532089420064,
          "stddevserv": 0.0972532089420064,
          "rate": 10.282437061756138,
          "cv": 1.0,
          "lambda": 0.15
        },
        "MS1_4": {
          "meanserv": 5.056474903043521,
          "stddevserv": 5.056474903043521,
          "rate": 0.197766234219435,
          "cv": 1.0,
          "lambda": 0.15
        },
        "MS1_5": {
          "meanserv": 0.3177950271713268,
          "stddevserv": 0.3177950271713268,
          "rate": 3.1466823408186593,
          "cv": 1.0,
          "lambda": 0.15
        },
        "MS1_6": {
          "meanserv": 0.8779208533208465,
          "stddevserv": 0.8779208533208465,
          "rate": 1.1390548432895446,
          "cv": 1.0,
          "lambda": 0.15
        },
        "MS1_7": {
          "meanserv": 0.09917726460678455,
          "stddevserv": 0.09917726460678455,
          "rate": 10.082956048089994,
          "cv": 1.0,
          "lambda": 0.15
        },
        "MS1_8": {
          "meanserv": 1.8135316341272931,
          "stddevserv": 1.8135316341272931,
          "rate": 0.5514102876298707,
          "cv": 1.0,
          "lambda": 0.15
        },
        "MS1_9": {
          "meanserv": 0.45475877781163376,
          "stddevserv": 0.45475877781163376,
          "rate": 2.198967999720967,
          "cv": 1.0,
          "lambda": 0.15
        }
      },
      "sensors": [
        "S1"
      ],
      "sources": [
        {
          "startTime": 0,
          "stopTime": -1,
          "lambda": 0.15
        }
      ]
    },
    "SC2": {
      "resptime": 32.26097874959996,
      "resptime_old": 22.260978749599957,
      "waittime": 16.345964950363854,
      "servicetime": 10.0,
      "networktime": 5.915013799236101,
      "services": {
        "MS2_1": {
          "meanserv": 0.06161128228862278,
          "stddevserv": 0.06161128228862278,
          "rate": 16.23079349842815,
          "cv": 1.0,
          "lambda": 0.15
        },
        "MS2_2": {
          "meanserv": 0.041764115268120294,
          "stddevserv": 0.041764115268120294,
          "rate": 23.944000575137952,
          "cv": 1.0,
          "lambda": 0.15
        },
        "MS2_3": {
          "meanserv": 3.8004725651935614,
          "stddevserv": 3.8004725651935614,
          "rate": 0.2631251726846946,
          "cv": 1.0,
          "lambda": 0.15
        },
        "MS2_4": {
          "meanserv": 1.4883554570769233,
          "stddevserv": 1.4883554570769233,
          "rate": 0.6718825098165488,
          "cv": 1.0,
          "lambda": 0.15
        },
        "MS2_5": {
          "meanserv": 1.9520261575053999,
          "stddevserv": 1.9520261575053999,
          "rate": 0.5122882171199766,
          "cv": 1.0,
          "lambda": 0.15
        },
        "MS2_6": {
          "meanserv": 1.0675630619057346,
          "stddevserv": 1.0675630619057346,
          "rate": 0.9367128141497084,
          "cv": 1.0,
          "lambda": 0.15
        },
        "MS2_7": {
          "meanserv": 0.5544196522324292,
          "stddevserv": 0.5544196522324292,
          "rate": 1.8036878670757694,
          "cv": 1.0,
          "lambda": 0.15
        },
        "MS2_8": {
          "meanserv": 0.8419797257142108,
          "stddevserv": 0.8419797257142108,
          "rate": 1.1876770538052426,
          "cv": 1.0,
          "lambda": 0.15
        },
        "MS2_9": {
          "meanserv": 0.1918079828149981,
          "stddevserv": 0.1918079828149981,
          "rate": 5.213547347320346,
          "cv": 1.0,
          "lambda": 0.15
        }
      },
      "sensors": [
        "S2"
      ],
      "sources": [
        {
          "startTime": 0,
          "stopTime": -1,
          "lambda": 0.15
        }
      ]
    },
    "SC3": {
      "resptime": 31.753482808151784,
      "resptime_old": 21.753482808151787,
      "waittime": 18.361394614076044,
      "servicetime": 10.0,
      "networktime": 3.3920881940757397,
      "services": {
        "MS3_1": {
          "meanserv": 0.6555712937155045,
          "stddevserv": 0.6555712937155045,
          "rate": 1.5253871082920933,
          "cv": 1.0,
          "lambda": 0.15
        },
        "MS3_2": {
          "meanserv": 0.22822285232483974,
          "stddevserv": 0.22822285232483974,
          "rate": 4.3816821576511344,
          "cv": 1.0,
          "lambda": 0.15
        },
        "MS3_3": {
          "meanserv": 0.17442973551666907,
          "stddevserv": 0.17442973551666907,
          "rate": 5.732967472764623,
          "cv": 1.0,
          "lambda": 0.15
        },
        "MS3_4": {
          "meanserv": 3.1176939668450014,
          "stddevserv": 3.1176939668450014,
          "rate": 0.320749890988167,
          "cv": 1.0,
          "lambda": 0.15
        },
        "MS3_5": {
          "meanserv": 1.424999866750274,
          "stddevserv": 1.424999866750274,
          "rate": 0.7017544515849744,
          "cv": 1.0,
          "lambda": 0.15
        },
        "MS3_6": {
          "meanserv": 0.8600893245074124,
          "stddevserv": 0.8600893245074124,
          "rate": 1.1626699361403152,
          "cv": 1.0,
          "lambda": 0.15
        },
        "MS3_7": {
          "meanserv": 1.880281306749377,
          "stddevserv": 1.880281306749377,
          "rate": 0.5318353144343045,
          "cv": 1.0,
          "lambda": 0.15
        },
        "MS3_8": {
          "meanserv": 0.4570865019670851,
          "stddevserv": 0.4570865019670851,
          "rate": 2.1877697015695516,
          "cv": 1.0,
          "lambda": 0.15
        },
        "MS3_9": {
          "meanserv": 1.201625151623837,
          "stddevserv": 1.201625151623837,
          "rate": 0.8322062821742976,
          "cv": 1.0,
          "lambda": 0.15
        }
      },
      "sensors": [
        "S3"
      ],
      "sources": [
        {
          "startTime": 0,
          "stopTime": -1,
          "lambda": 0.15
        }
      ]
    },
    "SC4": {
      "resptime": 28.440359247654467,
      "resptime_old": 18.440359247654467,
      "waittime": 14.23745536743,
      "servicetime": 10.0,
      "networktime": 4.202903880224465,
      "services": {
        "MS4_1": {
          "meanserv": 2.2720140038040713,
          "stddevserv": 2.2720140038040713,
          "rate": 0.4401381322147149,
          "cv": 1.0,
          "lambda": 0.15
        },
        "MS4_2": {
          "meanserv": 0.373289489582739,
          "stddevserv": 0.373289489582739,
          "rate": 2.6788860332440505,
          "cv": 1.0,
          "lambda": 0.15
        },
        "MS4_3": {
          "meanserv": 0.20306171657453298,
          "stddevserv": 0.20306171657453298,
          "rate": 4.924611181610661,
          "cv": 1.0,
          "lambda": 0.15
        },
        "MS4_4": {
          "meanserv": 0.9713927659953483,
          "stddevserv": 0.9713927659953483,
          "rate": 1.0294497087131784,
          "cv": 1.0,
          "lambda": 0.15
        },
        "MS4_5": {
          "meanserv": 0.9953864495408817,
          "stddevserv": 0.9953864495408817,
          "rate": 1.0046349339608212,
          "cv": 1.0,
          "lambda": 0.15
        },
        "MS4_6": {
          "meanserv": 1.42639401072093,
          "stddevserv": 1.42639401072093,
          "rate": 0.7010685634431251,
          "cv": 1.0,