{
  "servicechain": {
    "SC1": {
      "resptime": 13.945652574145955,
      "resptime_old": 3.9456525741459543,
      "waittime": 2.1246741290438242,
      "servicetime": 10.0,
      "networktime": 1.8209784451021302,
      "services": {
        "MS1_1": {
          "meanserv": 1.6055037037175512,
          "stddevserv": 1.6055037037175512,
          "rate": 0.6228574855881649,
          "cv": 1.0,
          "lambda": 0.025
        },
        "MS1_2": {
          "meanserv": 0.9933721935094908,
          "stddevserv": 0.9933721935094908,
          "rate": 1.0066720273969958,
          "cv": 1.0,
          "lambda": 0.025
        },
        "MS1_3": {
          "meanserv": 0.7557993864087655,
          "stddevserv": 0.7557993864087655,
          "rate": 1.3231024237153342,
          "cv": 1.0,
          "lambda": 0.025
        },
        "MS1_4": {
          "meanserv": 3.901947675921755,
          "stddevserv": 3.901947675921755,
          "rate": 0.25628226799934484,
          "cv": 1.0,
          "lambda": 0.025
        },
        "MS1_5": {
          "meanserv": 2.7433770404424376,
          "stddevserv": 2.7433770404424376,
          "rate": 0.3645142411189405,
          "cv": 1.0,
          "lambda": 0.025
        }
      },
      "sensors": [
        "S1"
      ],
      "sources": [
        {
          "startTime": 0,
          "stopTime": -1,
          "lambda": 0.025
        }
      ]
    },
    "SC2": {
      "resptime": 13.727183873844194,
      "resptime_old": 3.7271838738441945,
      "waittime": 2.0268103017374273,
      "servicetime": 10.0,
      "networktime": 1.7003735721067665,
      "services": {
        "MS2_1": {
          "meanserv": 0.9536302340035219,
          "stddevserv": 0.9536302340035219,
          "rate": 1.0486244713549076,
          "cv": 1.0,
          "lambda": 0.025
        },
        "MS2_2": {
          "meanserv": 1.1213757780222888,
          "stddevserv": 1.1213757780222888,
          "rate": 0.8917617266208898,
          "cv": 1.0,
          "lambda": 0.025
        },
        "MS2_3": {
          "meanserv": 1.4470159293509188,
          "stddevserv": 1.4470159293509188,
          "rate": 0.6910773957053571,
          "cv": 1.0,
          "lambda": 0.025
        },
        "MS2_4": {
          "meanserv": 2.8903744086185834,
          "stddevserv": 2.8903744086185834,
          "rate": 0.3459759389711511,
          "cv": 1.0,
          "lambda": 0.025
        },
        "MS2_5": {
          "meanserv": 3.587603650004687,
          "stddevserv": 3.587603650004687,
          "rate": 0.2787375913163355,
          "cv": 1.0,
          "lambda": 0.025
        }
      },
      "sensors": [
        "S2"
      ],
      "sources": [
        {
          "startTime": 0,
          "stopTime": -1,
          "lambda": 0.025
        }
      ]
    },
    "SC3": {
      "resptime": 13.788669576252069,
      "resptime_old": 3.7886695762520697,
      "waittime": 2.1206153460247354,
      "servicetime": 10.0,
      "networktime": 1.6680542302273345,
      "services": {
        "MS3_1": {
          "meanserv": 4.07142308754822,
          "stddevserv": 4.07142308754822,
          "rate": 0.24561436591012517,
          "cv": 1.0,
          "lambda": 0.025
        },
        "MS3_2": {
          "meanserv": 1.5841319564224143,
          "stddevserv": 1.5841319564224143,
          "rate": 0.6312605436345017,
          "cv": 1.0,
          "lambda": 0.025
        },
        "MS3_3": {
          "meanserv": 0.15995481242449738,
          "stddevserv": 0.15995481242449738,
          "rate": 6.25176563832379,
          "cv": 1.0,
          "lambda": 0.025
        },
        "MS3_4": {
          "meanserv": 3.3598463983433327,
          "stddevserv": 3.3598463983433327,
          "rate": 0.29763265382997217,
          "cv": 1.0,
          "lambda": 0.025
        },
        "MS3_5": {
          "meanserv": 0.824643745261536,
          "stddevserv": 0.824643745261536,
          "rate": 1.2126448611852985,
          "cv": 1.0,
          "lambda": 0.025
        }
      },
      "sensors": [
        "S3"
      ],
      "sources": [
        {
          "startTime": 0,
          "stopTime": -1,
          "lambda": 0.025
        }
      ]
    },
    "SC4": {
      "resptime": 13.99561380925764,
      "resptime_old": 3.995613809257639,
      "waittime": 1.8820790733666737,
      "servicetime": 10.0,
      "networktime": 2.1135347358909655,
      "services": {
        "MS4_1": {
          "meanserv": 0.5095607724136053,
          "stddevserv": 0.5095607724136053,
          "rate": 1.962474456703881,
          "cv": 1.0,
          "lambda": 0.025
        },
        "MS4_2": {
          "meanserv": 1.091459115560719,
          "stddevserv": 1.091459115560719,
          "rate": 0.916204726080158,
          "cv": 1.0,
          "lambda": 0.025
        },
        "MS4_3": {
          "meanserv": 2.3674444889183666,
          "stddevserv": 2.3674444889183666,
          "rate": 0.4223963876157781,
          "cv": 1.0,
          "lambda": 0.025
        },
        "MS4_4": {
          "meanserv": 4.393873918446701,
          "stddevserv": 4.393873918446701,
          "rate": 0.22758959828176287,
          "cv": 1.0,
          "lambda": 0.025
        },
        "MS4_5": {
          "meanserv": 1.6376617046606086,
          "stddevserv": 1.6376617046606086,
          "rate": 0.6106267229392419,
          "cv": 1.0,
          "lambda": 0.025
        }
      },
      "sensors": [
        "S4"
      ],
      "sources": [
        {
          "startTime": 0,
          "stopTime": -1,
          "lambda": 0.025
        }
      ]
    }
  },
  "microservice": {
    "MS1_1": "F3",
    "MS1_2": "F3",
    "MS1_3": "F3",
    "MS1_4": "F10",
    "MS1_5": "F10",
    "MS2_1": "F3",
    "MS2_2": "F3",
    "MS2_3": "F3",
    "MS2_4": "F5",
    "MS2_5": "F5",
    "MS3_1": "F7",
    "MS3_2": "F7",
    "MS3_3": "F9",
    "MS3_4": "F9",
    "MS3_5": "F9",
    "MS4_1": "F1",
    "MS4_2": "F1",
    "MS4_3": "F1",
    "MS4_4": "F8",
    "MS4_5": "F8"
  },
  "sensor": {
    "S1": "F3",
    "S2": "F3",
    "S3": "F7",
    "S4": "F1"
  },
  "fog": {
    "F1": {
      "rho": 0.09921160942231727,
      "capacity": 1.0,
      "tserv": 1.32282145896423,
      "stddev": 1.7187095297322934,
      "mu": 0.7559599167547528,
      "cv": 1.299275513022025,
      "lambda": 0.07500000000000001,
      "twait": 0.1958209237495942
    },
    "F2": {
      "rho": 0,
      "capacity": 1.0,
      "tserv": 0,
      "stddev": 0,
      "mu": 0,
      "cv": 0,
      "lambda": 0.0,
      "twait": 0
    },
    "F3": {
      "rho": 0.17191743062531342,
      "capacity": 1.0,
      "tserv": 1.1461162041687563,
      "stddev": 1.218696772259328,
      "mu": 0.8725118765119197,
      "cv": 1.063327407663006,
      "lambda": 0.15,
      "twait": 0.25348959267615434
    },
    "F4": {
      "rho": 0,
      "capacity": 1.0,
      "tserv": 0,
      "stddev": 0,
      "mu": 0,
      "cv": 0,
      "lambda": 0.0,
      "twait": 0
    },
    "F5": {
      "rho": 0.16194945146558173,
      "capacity": 1.0,
      "tserv": 3.238989029311635,
      "stddev": 3.2762958107477185,
      "mu": 0.30873831030311477,
      "cv": 1.011518032663424,
      "lambda": 0.05,
      "twait": 0.6331707618544822
    },
    "F6": {
      "rho": 0,
      "capacity": 1.0,
      "tserv": 0,
      "stddev": 0,
      "mu": 0,
      "cv": 0,
      "lambda": 0.0,
      "twait": 0
    },
    "F7": {
      "rho": 0.1413888760992659,
      "capacity": 1.0,
      "tserv": 2.8277775219853174,
      "stddev": 3.330110253330054,
      "mu": 0.35363460959189,
      "cv": 1.1776422393343238,
      "lambda": 0.05,
      "twait": 0.5557218944028598
    },
    "F8": {
      "rho": 0.15078839057768276,
      "capacity": 1.0,
      "tserv": 3.015767811553655,
      "stddev": 3.5907114026213436,
      "mu": 0.33159051441855625,
      "cv": 1.190645841123787,
      "lambda": 0.05,
      "twait": 0.6473081510589455
    },