{
  "servicechain": {
    "SC1": {
      "resptime": 58.76213843487717,
      "resptime_old": 48.76213843487717,
      "waittime": 44.06448801105899,
      "servicetime": 10.0,
      "networktime": 4.697650423818185,
      "services": {
        "MS1_1": {
          "meanserv": 0.05657896615648861,
          "stddevserv": 0.05657896615648861,
          "rate": 17.674412735541257,
          "cv": 1.0,
          "lambda": 0.15
        },
        "MS1_2": {
          "meanserv": 5.765572317023409,
          "stddevserv": 5.765572317023409,
          "rate": 0.17344331924298365,
          "cv": 1.0,
          "lambda": 0.15
        },
        "MS1_3": {
          "meanserv": 2.550428755056225,
          "stddevserv": 2.550428755056225,
          "rate": 0.39209093687384916,
          "cv": 1.0,
          "lambda": 0.15
        },
        "MS1_4": {
          "meanserv": 0.555618493997402,
          "stddevserv": 0.555618493997402,
          "rate": 1.7997961025477958,
          "cv": 1.0,
          "lambda": 0.15
        },
        "MS1_5": {
          "meanserv": 1.0718014677664751,
          "stddevserv": 1.0718014677664751,
          "rate": 0.9330086122049245,
          "cv": 1.0,
          "lambda": 0.15
        }
      },
      "sensors": [
        "S1"
      ],
      "sources": [
        {
          "startTime": 0,
          "stopTime": -1,
          "lambda": 0.15
        }
      ]
    },
    "SC2": {
      "resptime": 7290.515948520783,
      "resptime_old": 7280.515948520783,
      "waittime": 7278.875381336293,
      "servicetime": 10.0,
      "networktime": 1.6405671844902066,
      "services": {
        "MS2_1": {
          "meanserv": 6.967843574968882,
          "stddevserv": 6.967843574968882,
          "rate": 0.14351642502314155,
          "cv": 1.0,
          "lambda": 0.15
        },
        "MS2_2": {
          "meanserv": 0.7894998149972219,
          "stddevserv": 0.7894998149972219,
          "rate": 1.2666247426587667,
          "cv": 1.0,
          "lambda": 0.15
        },
        "MS2_3": {
          "meanserv": 0.377944243059674,
          "stddevserv": 0.377944243059674,
          "rate": 2.6458929282913006,
          "cv": 1.0,
          "lambda": 0.15
        },
        "MS2_4": {
          "meanserv": 0.33906238694848057,
          "stddevserv": 0.33906238694848057,
          "rate": 2.949309739130536,
          "cv": 1.0,
          "lambda": 0.15
        },
        "MS2_5": {
          "meanserv": 1.525649980025742,
          "stddevserv": 1.525649980025742,
          "rate": 0.655458337818172,
          "cv": 1.0,
          "lambda": 0.15
        }
      },
      "sensors": [
        "S2"
      ],
      "sources": [
        {
          "startTime": 0,
          "stopTime": -1,
          "lambda": 0.15
        }
      ]
    },
    "SC3": {
      "resptime": 25.17718474888033,
      "resptime_old": 15.177184748880327,
      "waittime": 11.039121588339803,
      "servicetime": 10.0,
      "networktime": 4.1380631605405265,
      "services": {
        "MS3_1": {
          "meanserv": 2.750923573154079,
          "stddevserv": 2.750923573154079,
          "rate": 0.3635142792620179,
          "cv": 1.0,
          "lambda": 0.15
        },
        "MS3_2": {
          "meanserv": 1.7218387333814054,
          "stddevserv": 1.7218387333814054,
          "rate": 0.5807744828902566,
          "cv": 1.0,
          "lambda": 0.15
        },
        "MS3_3": {
          "meanserv": 0.758321989504676,
          "stddevserv": 0.758321989504676,
          "rate": 1.3187010449916985,
          "cv": 1.0,
          "lambda": 0.15
        },
        "MS3_4": {
          "meanserv": 1.18011038271408,
          "stddevserv": 1.18011038271408,
          "rate": 0.847378359387151,
          "cv": 1.0,
          "lambda": 0.15
        },
        "MS3_5": {
          "meanserv": 3.5888053212457596,
          "stddevserv": 3.5888053212457596,
          "rate": 0.2786442591577735,
          "cv": 1.0,
          "lambda": 0.15
        }
      },
      "sensors": [
        "S3"
      ],
      "sources": [
        {
          "startTime": 0,
          "stopTime": -1,
          "lambda": 0.15
        }
      ]
    },
    "SC4": {
      "resptime": 33.00473338540327,
      "resptime_old": 23.00473338540327,
      "waittime": 20.034598087190002,
      "servicetime": 10.0,
      "networktime": 2.9701352982132674,
      "services": {
        "MS4_1": {
          "meanserv": 2.0919197110544863,
          "stddevserv": 2.0919197110544863,
          "rate": 0.4780298185994548,
          "cv": 1.0,
          "lambda": 0.15
        },
        "MS4_2": {
          "meanserv": 0.13247081540170846,
          "stddevserv": 0.13247081540170846,
          "rate": 7.548832525621361,
          "cv": 1.0,
          "lambda": 0.15
        },
        "MS4_3": {
          "meanserv": 2.6839005624391463,
          "stddevserv": 2.6839005624391463,
          "rate": 0.37259204532197476,
          "cv": 1.0,
          "lambda": 0.15
        },
        "MS4_4": {
          "meanserv": 0.2546019944760838,
          "stddevserv": 0.2546019944760838,
          "rate": 3.9276990035281742,
          "cv": 1.0,
          "lambda": 0.15
        },
        "MS4_5": {
          "meanserv": 4.837106916628575,
          "stddevserv": 4.837106916628575,
          "rate": 0.20673514504347404,
          "cv": 1.0,
          "lambda": 0.15
        }
      },
      "sensors": [
        "S4"
      ],
      "sources": [
        {
          "startTime": 0,
          "stopTime": -1,
          "lambda": 0.15
        }
      ]
    }
  },
  "microservice": {
    "MS1_1": "F4",
    "MS1_2": "F6",
    "MS1_3": "F10",
    "MS1_4": "F10",
    "MS1_5": "F4",
    "MS2_1": "F7",
    "MS2_2": "F8",
    "MS2_3": "F8",
    "MS2_4": "F8",
    "MS2_5": "F8",
    "MS3_1": "F9",
    "MS3_2": "F3",
    "MS3_3": "F3",
    "MS3_4": "F3",
    "MS3_5": "F1",
    "MS4_1": "F4",
    "MS4_2": "F4",
    "MS4_3": "F5",
    "MS4_4": "F5",
    "MS4_5": "F2"
  },
  "sensor": {
    "S1": "F4",
    "S2": "F7",
    "S3": "F9",
    "S4": "F4"
  },
  "fog": {
    "F1": {
      "rho": 0.538320798186864,
      "capacity": 1.0,
      "tserv": 3.58880532124576,
      "stddev": 3.588805321245759,
      "mu": 0.27864425915777347,
      "cv": 0.9999999999999998,
      "lambda": 0.15,
      "twait": 4.184569149927241
    },
    "F2": {
      "rho": 0.7255660374942863,
      "capacity": 1.0,
      "tserv": 4.837106916628575,
      "stddev": 4.837106916628575,
      "mu": 0.20673514504347404,
      "cv": 1.0,
      "lambda": 0.15,
      "twait": 12.788652200295106
    },
    "F3": {
      "rho": 0.5490406658400242,
      "capacity": 1.0,
      "tserv": 1.2200903685333873,
      "stddev": 1.3415191930162558,
      "mu": 0.819611420424581,
      "cv": 1.099524451314891,
      "lambda": 0.44999999999999996,
      "twait": 1.6406495016173523
    },
    "F4": {
      "rho": 0.5029156440568737,
      "capacity": 1.0,
      "tserv": 0.8381927400947896,
      "stddev": 1.4388366865377678,
      "mu": 1.1930430224042645,
      "cv": 1.7165940692531558,
      "lambda": 0.6,
      "twait": 1.6734492125468405
    },
    "F5": {
      "rho": 0.44077538353728446,
      "capacity": 1.0,
      "tserv": 1.469251278457615,
      "stddev": 2.2604081678765517,
      "mu": 0.6806187713852297,
      "cv": 1.5384762300492767,
      "lambda": 0.3,
      "twait": 1.949523730900608
    },
    "F6": {
      "rho": 0.8648358475535113,
      "capacity": 1.0,
      "tserv": 5.765572317023409,
      "stddev": 5.765572317023409,
      "mu": 0.17344331924298365,
      "cv": 1.0,
      "lambda": 0.15,
      "twait": 36.890503370692606
    },
    "F7": {
      "rho": 1.0451765362453322,
      "capacity": 1.0,
      "tserv": 6.967843574968882,
      "stddev": 6.967843574968882,
      "mu": 0.14351642502314155,
      "cv": 1.0,
      "lambda": 0.15,
      "twait": 7275.343986172476
    },
    "F8": {
      "rho": 0.45482346375466776,
      "capacity": 1.0,