{
  "servicechain": {
    "SC1": {
      "resptime": 34.28509503576933,
      "resptime_old": 24.28509503576933,
      "waittime": 19.682813916866802,
      "servicetime": 10.0,
      "networktime": 4.60228111890253,
      "services": {
        "MS1_1": {
          "meanserv": 0.3368129266486375,
          "stddevserv": 0.3368129266486375,
          "rate": 2.9690071873137986,
          "cv": 1.0,
          "lambda": 0.15
        },
        "MS1_2": {
          "meanserv": 2.0347467496016303,
          "stddevserv": 2.0347467496016303,
          "rate": 0.49146165251070356,
          "cv": 1.0,
          "lambda": 0.15
        },
        "MS1_3": {
          "meanserv": 3.283396103152163,
          "stddevserv": 3.283396103152163,
          "rate": 0.3045627053769019,
          "cv": 1.0,
          "lambda": 0.15
        },
        "MS1_4": {
          "meanserv": 2.0465697657767796,
          "stddevserv": 2.0465697657767796,
          "rate": 0.48862248271338454,
          "cv": 1.0,
          "lambda": 0.15
        },
        "MS1_5": {
          "meanserv": 0.2788710720548604,
          "stddevserv": 0.2788710720548604,
          "rate": 3.5858864550973464,
          "cv": 1.0,
          "lambda": 0.15
        },
        "MS1_6": {
          "meanserv": 0.2863339128669189,
          "stddevserv": 0.2863339128669189,
          "rate": 3.492425993091415,
          "cv": 1.0,
          "lambda": 0.15
        },
        "MS1_7": {
          "meanserv": 0.04370833721497469,
          "stddevserv": 0.04370833721497469,
          "rate": 22.878930284664207,
          "cv": 1.0,
          "lambda": 0.15
        },
        "MS1_8": {
          "meanserv": 0.20308360303708817,
          "stddevserv": 0.20308360303708817,
          "rate": 4.92408045280433,
          "cv": 1.0,
          "lambda": 0.15
        },
        "MS1_9": {
          "meanserv": 1.4864775296469475,
          "stddevserv": 1.4864775296469475,
          "rate": 0.6727313262767648,
          "cv": 1.0,
          "lambda": 0.15
        }
      },
      "sensors": [
        "S1"
      ],
      "sources": [
        {
          "startTime": 0,
          "stopTime": -1,
          "lambda": 0.15
        }
      ]
    },
    "SC2": {
      "resptime": 34.29746042803147,
      "resptime_old": 24.29746042803147,
      "waittime": 20.36443314655098,
      "servicetime": 10.0,
      "networktime": 3.9330272814804887,
      "services": {
        "MS2_1": {
          "meanserv": 0.09961024780670624,
          "stddevserv": 0.09961024780670624,
          "rate": 10.039127720478126,
          "cv": 1.0,
          "lambda": 0.15
        },
        "MS2_2": {
          "meanserv": 0.002877898222407582,
          "stddevserv": 0.002877898222407582,
          "rate": 347.4758044651848,
          "cv": 1.0,
          "lambda": 0.15
        },
        "MS2_3": {
          "meanserv": 3.1665636498964687,
          "stddevserv": 3.1665636498964687,
          "rate": 0.3157997471589416,
          "cv": 1.0,
          "lambda": 0.15
        },
        "MS2_4": {
          "meanserv": 0.8737321794130528,
          "stddevserv": 0.8737321794130528,
          "rate": 1.1445154746066124,
          "cv": 1.0,
          "lambda": 0.15
        },
        "MS2_5": {
          "meanserv": 0.13254137461639814,
          "stddevserv": 0.13254137461639814,
          "rate": 7.54481385827033,
          "cv": 1.0,
          "lambda": 0.15
        },
        "MS2_6": {
          "meanserv": 4.152812741199468,
          "stddevserv": 4.152812741199468,
          "rate": 0.24080064821588062,
          "cv": 1.0,
          "lambda": 0.15
        },
        "MS2_7": {
          "meanserv": 0.07265790119148008,
          "stddevserv": 0.07265790119148008,
          "rate": 13.763128078316427,
          "cv": 1.0,
          "lambda": 0.15
        },
        "MS2_8": {
          "meanserv": 0.06503414435546162,
          "stddevserv": 0.06503414435546162,
          "rate": 15.376538123331505,
          "cv": 1.0,
          "lambda": 0.15
        },
        "MS2_9": {
          "meanserv": 1.434169863298557,
          "stddevserv": 1.434169863298557,
          "rate": 0.6972674754858003,
          "cv": 1.0,
          "lambda": 0.15
        }
      },
      "sensors": [
        "S2"
      ],
      "sources": [
        {
          "startTime": 0,
          "stopTime": -1,
          "lambda": 0.15
        }
      ]
    },
    "SC3": {
      "resptime": 30.616945801279396,
      "resptime_old": 20.616945801279396,
      "waittime": 16.493373744713473,
      "servicetime": 10.0,
      "networktime": 4.123572056565924,
      "services": {
        "MS3_1": {
          "meanserv": 0.013030884112584795,
          "stddevserv": 0.013030884112584795,
          "rate": 76.74076381618904,
          "cv": 1.0,
          "lambda": 0.15
        },
        "MS3_2": {
          "meanserv": 0.18632870208767027,
          "stddevserv": 0.18632870208767027,
          "rate": 5.366859688259332,
          "cv": 1.0,
          "lambda": 0.15
        },
        "MS3_3": {
          "meanserv": 2.305069152542729,
          "stddevserv": 2.305069152542729,
          "rate": 0.4338264641201314,
          "cv": 1.0,
          "lambda": 0.15
        },
        "MS3_4": {
          "meanserv": 3.8442792281454485,
          "stddevserv": 3.8442792281454485,
          "rate": 0.26012678597293737,
          "cv": 1.0,
          "lambda": 0.15
        },
        "MS3_5": {
          "meanserv": 0.7772080009920828,
          "stddevserv": 0.7772080009920828,
          "rate": 1.2866568521213497,
          "cv": 1.0,
          "lambda": 0.15
        },
        "MS3_6": {
          "meanserv": 1.7851222325976748,
          "stddevserv": 1.7851222325976748,
          "rate": 0.5601857294359164,
          "cv": 1.0,
          "lambda": 0.15
        },
        "MS3_7": {
          "meanserv": 0.373299123664232,
          "stddevserv": 0.373299123664232,
          "rate": 2.6788168967132666,
          "cv": 1.0,
          "lambda": 0.15
        },
        "MS3_8": {
          "meanserv": 0.25306122614113846,
          "stddevserv": 0.25306122614113846,
          "rate": 3.951612877439689,
          "cv": 1.0,
          "lambda": 0.15
        },
        "MS3_9": {
          "meanserv": 0.46260144971643946,
          "stddevserv": 0.46260144971643946,
          "rate": 2.1616879943047507,
          "cv": 1.0,
          "lambda": 0.15
        }
      },
      "sensors": [
        "S3"
      ],
      "sources": [
        {
          "startTime": 0,
          "stopTime": -1,
          "lambda": 0.15
        }
      ]
    },
    "SC4": {
      "resptime": 34.90514913792273,
      "resptime_old": 24.905149137922724,
      "waittime": 23.152435612041767,
      "servicetime": 10.0,
      "networktime": 1.752713525880957,
      "services": {
        "MS4_1": {
          "meanserv": 1.619838577104774,
          "stddevserv": 1.619838577104774,
          "rate": 0.6173454652421938,
          "cv": 1.0,
          "lambda": 0.15
        },
        "MS4_2": {
          "meanserv": 4.97631420000221,
          "stddevserv": 4.97631420000221,
          "rate": 0.2009519414991031,
          "cv": 1.0,
          "lambda": 0.15
        },
        "MS4_3": {
          "meanserv": 0.4032544410091461,
          "stddevserv": 0.4032544410091461,
          "rate": 2.479823898522966,
          "cv": 1.0,
          "lambda": 0.15
        },
        "MS4_4": {
          "meanserv": 0.11460090297398473,
          "stddevserv": 0.11460090297398473,
          "rate": 8.72593473567139,
          "cv": 1.0,
          "lambda": 0.15
        },
        "MS4_5": {
          "meanserv": 0.3284576103931993,
          "stddevserv": 0.3284576103931993,
          "rate": 3.044532896658694,
          "cv": 1.0,
          "lambda": 0.15
        },
        "MS4_6": {
          "meanserv": 0.3646003483258271,
          "stddevserv": 0.3646003483258271,
          "rate": 2.74272914052826,
          "cv": 1.0,