{
  "servicechain": {
    "SC1": {
      "resptime": 27.13738449345116,
      "resptime_old": 17.137384493451165,
      "waittime": 11.934145670599076,
      "servicetime": 10.0,
      "networktime": 5.203238822852085,
      "services": {
        "MS1_1": {
          "meanserv": 1.5075348560728696,
          "stddevserv": 1.5075348560728696,
          "rate": 0.6633345796096558,
          "cv": 1.0,
          "lambda": 0.15
        },
        "MS1_2": {
          "meanserv": 1.891122966404509,
          "stddevserv": 1.891122966404509,
          "rate": 0.5287863442858222,
          "cv": 1.0,
          "lambda": 0.15
        },
        "MS1_3": {
          "meanserv": 2.1166206463417687,
          "stddevserv": 2.1166206463417687,
          "rate": 0.4724512168622827,
          "cv": 1.0,
          "lambda": 0.15
        },
        "MS1_4": {
          "meanserv": 1.9068863289552276,
          "stddevserv": 1.9068863289552276,
          "rate": 0.5244151079251245,
          "cv": 1.0,
          "lambda": 0.15
        },
        "MS1_5": {
          "meanserv": 2.577835202225625,
          "stddevserv": 2.577835202225625,
          "rate": 0.38792239284211427,
          "cv": 1.0,
          "lambda": 0.15
        }
      },
      "sensors": [
        "S1"
      ],
      "sources": [
        {
          "startTime": 0,
          "stopTime": -1,
          "lambda": 0.15
        }
      ]
    },
    "SC2": {
      "resptime": 8842.513124972735,
      "resptime_old": 8832.513124972735,
      "waittime": 8828.932363761529,
      "servicetime": 10.0,
      "networktime": 3.5807612112064424,
      "services": {
        "MS2_1": {
          "meanserv": 1.807963262360719,
          "stddevserv": 1.807963262360719,
          "rate": 0.5531085840175016,
          "cv": 1.0,
          "lambda": 0.15
        },
        "MS2_2": {
          "meanserv": 0.2383577727827566,
          "stddevserv": 0.2383577727827566,
          "rate": 4.1953739889632935,
          "cv": 1.0,
          "lambda": 0.15
        },
        "MS2_3": {
          "meanserv": 0.24838499197882324,
          "stddevserv": 0.24838499197882324,
          "rate": 4.02600814176912,
          "cv": 1.0,
          "lambda": 0.15
        },
        "MS2_4": {
          "meanserv": 0.030762557109246913,
          "stddevserv": 0.030762557109246913,
          "rate": 32.50705058258665,
          "cv": 1.0,
          "lambda": 0.15
        },
        "MS2_5": {
          "meanserv": 7.674531415768454,
          "stddevserv": 7.674531415768454,
          "rate": 0.13030111492479565,
          "cv": 1.0,
          "lambda": 0.15
        }
      },
      "sensors": [
        "S2"
      ],
      "sources": [
        {
          "startTime": 0,
          "stopTime": -1,
          "lambda": 0.15
        }
      ]
    },
    "SC3": {
      "resptime": 30.070718545343016,
      "resptime_old": 20.070718545343016,
      "waittime": 15.185521725920779,
      "servicetime": 10.0,
      "networktime": 4.885196819422237,
      "services": {
        "MS3_1": {
          "meanserv": 1.2120057842256682,
          "stddevserv": 1.2120057842256682,
          "rate": 0.8250785705935262,
          "cv": 1.0,
          "lambda": 0.15
        },
        "MS3_2": {
          "meanserv": 0.24598944567734593,
          "stddevserv": 0.24598944567734593,
          "rate": 4.065215063379825,
          "cv": 1.0,
          "lambda": 0.15
        },
        "MS3_3": {
          "meanserv": 3.5701906070397076,
          "stddevserv": 3.5701906070397076,
          "rate": 0.28009709006241806,
          "cv": 1.0,
          "lambda": 0.15
        },
        "MS3_4": {
          "meanserv": 3.8546732836273847,
          "stddevserv": 3.8546732836273847,
          "rate": 0.2594253588877355,
          "cv": 1.0,
          "lambda": 0.15
        },
        "MS3_5": {
          "meanserv": 1.1171408794298934,
          "stddevserv": 1.1171408794298934,
          "rate": 0.8951422496599771,
          "cv": 1.0,
          "lambda": 0.15
        }
      },
      "sensors": [
        "S3"
      ],
      "sources": [
        {
          "startTime": 0,
          "stopTime": -1,
          "lambda": 0.15
        }
      ]
    },
    "SC4": {
      "resptime": 29.15077440165293,
      "resptime_old": 19.150774401652935,
      "waittime": 14.911001001222724,
      "servicetime": 10.0,
      "networktime": 4.2397734004302094,
      "services": {
        "MS4_1": {
          "meanserv": 3.4284206716634236,
          "stddevserv": 3.4284206716634236,
          "rate": 0.29167949203701815,
          "cv": 1.0,
          "lambda": 0.15
        },
        "MS4_2": {
          "meanserv": 0.4582093258222919,
          "stddevserv": 0.4582093258222919,
          "rate": 2.182408658325369,
          "cv": 1.0,
          "lambda": 0.15
        },
        "MS4_3": {
          "meanserv": 1.1843177759584398,
          "stddevserv": 1.1843177759584398,
          "rate": 0.8443679731064783,
          "cv": 1.0,
          "lambda": 0.15
        },
        "MS4_4": {
          "meanserv": 0.36218084396686834,
          "stddevserv": 0.36218084396686834,
          "rate": 2.7610516035229025,
          "cv": 1.0,
          "lambda": 0.15
        },
        "MS4_5": {
          "meanserv": 4.566871382588976,
          "stddevserv": 4.566871382588976,
          "rate": 0.21896828621284628,
          "cv": 1.0,
          "lambda": 0.15
        }
      },
      "sensors": [
        "S4"
      ],
      "sources": [
        {
          "startTime": 0,
          "stopTime": -1,
          "lambda": 0.15
        }
      ]
    }
  },
  "microservice": {
    "MS1_1": "F5",
    "MS1_2": "F3",
    "MS1_3": "F3",
    "MS1_4": "F10",
    "MS1_5": "F6",
    "MS2_1": "F5",
    "MS2_2": "F7",
    "MS2_3": "F7",
    "MS2_4": "F7",
    "MS2_5": "F8",
    "MS3_1": "F10",
    "MS3_2": "F10",
    "MS3_3": "F9",
    "MS3_4": "F2",
    "MS3_5": "F6",
    "MS4_1": "F1",
    "MS4_2": "F7",
    "MS4_3": "F7",
    "MS4_4": "F7",
    "MS4_5": "F4"
  },
  "sensor": {
    "S1": "F5",
    "S2": "F5",
    "S3": "F10",
    "S4": "F1"
  },
  "fog": {
    "F1": {
      "rho": 0.5142631007495135,
      "capacity": 1.0,
      "tserv": 3.4284206716634236,
      "stddev": 3.4284206716634236,
      "mu": 0.29167949203701815,
      "cv": 1.0,
      "lambda": 0.15,
      "twait": 3.62976386600219
    },
    "F2": {
      "rho": 0.5782009925441077,
      "capacity": 1.0,
      "tserv": 3.854673283627385,
      "stddev": 3.854673283627384,
      "mu": 0.25942535888773544,
      "cv": 0.9999999999999997,
      "lambda": 0.15,
      "twait": 5.283976204613692
    },
    "F3": {
      "rho": 0.6011615419119416,
      "capacity": 1.0,
      "tserv": 2.0038718063731387,
      "stddev": 2.01020566564859,
      "mu": 0.4990339186466857,
      "cv": 1.0031608106143852,
      "lambda": 0.3,
      "twait": 3.029959450200793
    },
    "F4": {
      "rho": 0.6850307073883465,
      "capacity": 1.0,
      "tserv": 4.566871382588976,
      "stddev": 4.566871382588976,
      "mu": 0.21896828621284628,
      "cv": 1.0,
      "lambda": 0.15,
      "twait": 9.932546464533583
    },
    "F5": {
      "rho": 0.4973247177650382,
      "capacity": 1.0,
      "tserv": 1.6577490592167943,
      "stddev": 1.671305046060262,
      "mu": 0.6032276082077533,
      "cv": 1.0081773455204808,
      "lambda": 0.3,
      "twait": 1.6535702160496786
    },
    "F6": {
      "rho": 0.5542464122483277,
      "capacity": 1.0,
      "tserv": 1.8474880408277592,
      "stddev": 2.1166071939132762,
      "mu": 0.5412754929401081,
      "cv": 1.1456676022459877,
      "lambda": 0.3,
      "twait": 2.656143985561476
    },
    "F7": {
      "rho": 0.378331990142764,
      "capacity": 1.0,
      "tserv": 0.42036887793640443,
      "stddev": 0.6665996376766338,
      "mu": 2.378863071188836,
      "cv": 1.5857492613368025,
      "lambda": 0.9,
      "twait": 0.44956355689565003
    },
    "F8": {
      "rho": 1.151179712365268,
      "capacity": 1.0,