{
  "servicechain": {
    "SC1": {
      "resptime": 32.02014834441023,
      "resptime_old": 22.02014834441023,
      "waittime": 19.09555271781723,
      "servicetime": 10.0,
      "networktime": 2.924595626592999,
      "services": {
        "MS1_1": {
          "meanserv": 0.011850242963959978,
          "stddevserv": 0.011850242963959978,
          "rate": 84.38645545422905,
          "cv": 1.0,
          "lambda": 0.15
        },
        "MS1_2": {
          "meanserv": 1.8325827199514422,
          "stddevserv": 1.8325827199514422,
          "rate": 0.5456779599157723,
          "cv": 1.0,
          "lambda": 0.15
        },
        "MS1_3": {
          "meanserv": 0.7504690416322946,
          "stddevserv": 0.7504690416322946,
          "rate": 1.3325000026982692,
          "cv": 1.0,
          "lambda": 0.15
        },
        "MS1_4": {
          "meanserv": 0.031745431463007456,
          "stddevserv": 0.031745431463007456,
          "rate": 31.500595642093796,
          "cv": 1.0,
          "lambda": 0.15
        },
        "MS1_5": {
          "meanserv": 2.7560982320693235,
          "stddevserv": 2.7560982320693235,
          "rate": 0.36283177005965556,
          "cv": 1.0,
          "lambda": 0.15
        },
        "MS1_6": {
          "meanserv": 2.4462860571901537,
          "stddevserv": 2.4462860571901537,
          "rate": 0.408782937326887,
          "cv": 1.0,
          "lambda": 0.15
        },
        "MS1_7": {
          "meanserv": 2.1709682747298187,
          "stddevserv": 2.1709682747298187,
          "rate": 0.4606239582770743,
          "cv": 1.0,
          "lambda": 0.15
        }
      },
      "sensors": [
        "S1"
      ],
      "sources": [
        {
          "startTime": 0,
          "stopTime": -1,
          "lambda": 0.15
        }
      ]
    },
    "SC2": {
      "resptime": 29.06561351273425,
      "resptime_old": 19.065613512734252,
      "waittime": 14.138878575198039,
      "servicetime": 10.0,
      "networktime": 4.92673493753621,
      "services": {
        "MS2_1": {
          "meanserv": 2.6820825732229037,
          "stddevserv": 2.6820825732229037,
          "rate": 0.37284459844141105,
          "cv": 1.0,
          "lambda": 0.15
        },
        "MS2_2": {
          "meanserv": 3.018858588770541,
          "stddevserv": 3.018858588770541,
          "rate": 0.3312510243837753,
          "cv": 1.0,
          "lambda": 0.15
        },
        "MS2_3": {
          "meanserv": 1.4088734181908338,
          "stddevserv": 1.4088734181908338,
          "rate": 0.7097869738248895,
          "cv": 1.0,
          "lambda": 0.15
        },
        "MS2_4": {
          "meanserv": 0.654394275015715,
          "stddevserv": 0.654394275015715,
          "rate": 1.5281307281852143,
          "cv": 1.0,
          "lambda": 0.15
        },
        "MS2_5": {
          "meanserv": 0.8711805201002578,
          "stddevserv": 0.8711805201002578,
          "rate": 1.147867723080995,
          "cv": 1.0,
          "lambda": 0.15
        },
        "MS2_6": {
          "meanserv": 0.8348627578194723,
          "stddevserv": 0.8348627578194723,
          "rate": 1.1978016633678088,
          "cv": 1.0,
          "lambda": 0.15
        },
        "MS2_7": {
          "meanserv": 0.5297478668802764,
          "stddevserv": 0.5297478668802764,
          "rate": 1.8876904703535144,
          "cv": 1.0,
          "lambda": 0.15
        }
      },
      "sensors": [
        "S2"
      ],
      "sources": [
        {
          "startTime": 0,
          "stopTime": -1,
          "lambda": 0.15
        }
      ]
    },
    "SC3": {
      "resptime": 30.829886918073544,
      "resptime_old": 20.829886918073544,
      "waittime": 16.304542684481152,
      "servicetime": 10.0,
      "networktime": 4.525344233592392,
      "services": {
        "MS3_1": {
          "meanserv": 0.7729303584116498,
          "stddevserv": 0.7729303584116498,
          "rate": 1.2937776206060425,
          "cv": 1.0,
          "lambda": 0.15
        },
        "MS3_2": {
          "meanserv": 4.179081412712172,
          "stddevserv": 4.179081412712172,
          "rate": 0.2392870349350319,
          "cv": 1.0,
          "lambda": 0.15
        },
        "MS3_3": {
          "meanserv": 1.5314505245881032,
          "stddevserv": 1.5314505245881032,
          "rate": 0.6529757141641638,
          "cv": 1.0,
          "lambda": 0.15
        },
        "MS3_4": {
          "meanserv": 0.8202796604449762,
          "stddevserv": 0.8202796604449762,
          "rate": 1.2190964231120043,
          "cv": 1.0,
          "lambda": 0.15
        },
        "MS3_5": {
          "meanserv": 0.7779337806163715,
          "stddevserv": 0.7779337806163715,
          "rate": 1.2854564551852745,
          "cv": 1.0,
          "lambda": 0.15
        },
        "MS3_6": {
          "meanserv": 0.9226756761101473,
          "stddevserv": 0.9226756761101473,
          "rate": 1.0838044460170877,
          "cv": 1.0,
          "lambda": 0.15
        },
        "MS3_7": {
          "meanserv": 0.9956485871165803,
          "stddevserv": 0.9956485871165803,
          "rate": 1.004370430430702,
          "cv": 1.0,
          "lambda": 0.15
        }
      },
      "sensors": [
        "S3"
      ],
      "sources": [
        {
          "startTime": 0,
          "stopTime": -1,
          "lambda": 0.15
        }
      ]
    },
    "SC4": {
      "resptime": 39.8262030500361,
      "resptime_old": 29.8262030500361,
      "waittime": 23.91107696601913,
      "servicetime": 10.0,
      "networktime": 5.91512608401697,
      "services": {
        "MS4_1": {
          "meanserv": 4.67176276438384,
          "stddevserv": 4.67176276438384,
          "rate": 0.21405196505775273,
          "cv": 1.0,
          "lambda": 0.15
        },
        "MS4_2": {
          "meanserv": 0.1713123125323852,
          "stddevserv": 0.1713123125323852,
          "rate": 5.837292049927574,
          "cv": 1.0,
          "lambda": 0.15
        },
        "MS4_3": {
          "meanserv": 0.7228805204078537,
          "stddevserv": 0.7228805204078537,
          "rate": 1.3833544711314032,
          "cv": 1.0,
          "lambda": 0.15
        },
        "MS4_4": {
          "meanserv": 1.292249640058527,
          "stddevserv": 1.292249640058527,
          "rate": 0.7738442859652948,
          "cv": 1.0,
          "lambda": 0.15
        },
        "MS4_5": {
          "meanserv": 1.094031581697677,
          "stddevserv": 1.094031581697677,
          "rate": 0.9140503955546125,
          "cv": 1.0,
          "lambda": 0.15
        },
        "MS4_6": {
          "meanserv": 1.7400735587056486,
          "stddevserv": 1.7400735587056486,
          "rate": 0.5746883486602995,
          "cv": 1.0,
          "lambda": 0.15
        },
        "MS4_7": {
          "meanserv": 0.3076896222140686,
          "stddevserv": 0.3076896222140686,
          "rate": 3.25002836561147,
          "cv": 1.0,
          "lambda": 0.15
        }
      },
      "sensors": [
        "S4"
      ],
      "sources": [
        {
          "startTime": 0,
          "stopTime": -1,
          "lambda": 0.15
        }
      ]
    }
  },
  "microservice": {
    "MS1_1": "F10",
    "MS1_2": "F10",
    "MS1_3": "F10",
    "MS1_4": "F10",
    "MS1_5": "F1",
    "MS1_6": "F5",
    "MS1_7": "F5",
    "MS2_1": "F4",
    "MS2_2": "F6",
    "MS2_3": "F2",
    "MS2_4": "F9",
    "MS2_5": "F9",
    "MS2_6": "F8",
    "MS2_7": "F8",
    "MS3_1": "F10",
    "MS3_2": "F3",
    "MS3_3": "F8",
    "MS3_4": "F8",
    "MS3_5": "F2",
    "MS3_6": "F2",
    "MS3_7": "F2",
    "MS4_1": "F7",
    "MS4_2": "F9",
    "MS4_3": "F9",
    "MS4_4": "F9",
    "MS4_5": "F1",
    "MS4_6": "F4",
    "MS4_7": "F9"
  },
  "sensor": {
    "S1": "F10",
    "S2": "F4",
    "S3": "F10",
    "S4": "F7"
  },
  "fog": {
    "F1": {
      "rho": 0.57751947206505,
      "capacity": 1.0,
      "tserv": 1.9250649068835002,
      "stddev": 2.255461742272121,