{
  "servicechain": {
    "SC1": {
      "resptime": 29.489335660462814,
      "resptime_old": 19.489335660462814,
      "waittime": 15.690017987967039,
      "servicetime": 10.0,
      "networktime": 3.799317672495776,
      "services": {
        "MS1_1": {
          "meanserv": 2.3303880755594464,
          "stddevserv": 2.3303880755594464,
          "rate": 0.42911307798377496,
          "cv": 1.0,
          "lambda": 0.15
        },
        "MS1_2": {
          "meanserv": 4.339718932534629,
          "stddevserv": 4.339718932534629,
          "rate": 0.23042966965050576,
          "cv": 1.0,
          "lambda": 0.15
        },
        "MS1_3": {
          "meanserv": 1.2474322301746605,
          "stddevserv": 1.2474322301746605,
          "rate": 0.8016467554794411,
          "cv": 1.0,
          "lambda": 0.15
        },
        "MS1_4": {
          "meanserv": 1.444959170594088,
          "stddevserv": 1.444959170594088,
          "rate": 0.6920610771229299,
          "cv": 1.0,
          "lambda": 0.15
        },
        "MS1_5": {
          "meanserv": 0.6375015911371769,
          "stddevserv": 0.6375015911371769,
          "rate": 1.5686235358506284,
          "cv": 1.0,
          "lambda": 0.15
        }
      },
      "sensors": [
        "S1"
      ],
      "sources": [
        {
          "startTime": 0,
          "stopTime": -1,
          "lambda": 0.15
        }
      ]
    },
    "SC2": {
      "resptime": 37.47493387485908,
      "resptime_old": 27.474933874859083,
      "waittime": 24.49037382876839,
      "servicetime": 10.0,
      "networktime": 2.9845600460906923,
      "services": {
        "MS2_1": {
          "meanserv": 1.0197522417463178,
          "stddevserv": 1.0197522417463178,
          "rate": 0.9806303522191897,
          "cv": 1.0,
          "lambda": 0.15
        },
        "MS2_2": {
          "meanserv": 0.2729406837190429,
          "stddevserv": 0.2729406837190429,
          "rate": 3.663799717851409,
          "cv": 1.0,
          "lambda": 0.15
        },
        "MS2_3": {
          "meanserv": 0.13538463433649506,
          "stddevserv": 0.13538463433649506,
          "rate": 7.38636260238016,
          "cv": 1.0,
          "lambda": 0.15
        },
        "MS2_4": {
          "meanserv": 3.662293174967374,
          "stddevserv": 3.662293174967374,
          "rate": 0.27305296223558306,
          "cv": 1.0,
          "lambda": 0.15
        },
        "MS2_5": {
          "meanserv": 4.9096292652307705,
          "stddevserv": 4.9096292652307705,
          "rate": 0.20368136695816202,
          "cv": 1.0,
          "lambda": 0.15
        }
      },
      "sensors": [
        "S2"
      ],
      "sources": [
        {
          "startTime": 0,
          "stopTime": -1,
          "lambda": 0.15
        }
      ]
    },
    "SC3": {
      "resptime": 33.147936512142,
      "resptime_old": 23.147936512142007,
      "waittime": 18.333689745381466,
      "servicetime": 10.0,
      "networktime": 4.814246766760538,
      "services": {
        "MS3_1": {
          "meanserv": 1.3594673935819834,
          "stddevserv": 1.3594673935819834,
          "rate": 0.7355821880840825,
          "cv": 1.0,
          "lambda": 0.15
        },
        "MS3_2": {
          "meanserv": 4.596022064732469,
          "stddevserv": 4.596022064732469,
          "rate": 0.21757946021919486,
          "cv": 1.0,
          "lambda": 0.15
        },
        "MS3_3": {
          "meanserv": 0.9354107827583222,
          "stddevserv": 0.9354107827583222,
          "rate": 1.0690490407339739,
          "cv": 1.0,
          "lambda": 0.15
        },
        "MS3_4": {
          "meanserv": 0.49526096700057654,
          "stddevserv": 0.49526096700057654,
          "rate": 2.0191375186626326,
          "cv": 1.0,
          "lambda": 0.15
        },
        "MS3_5": {
          "meanserv": 2.613838791926649,
          "stddevserv": 2.613838791926649,
          "rate": 0.3825790645883346,
          "cv": 1.0,
          "lambda": 0.15
        }
      },
      "sensors": [
        "S3"
      ],
      "sources": [
        {
          "startTime": 0,
          "stopTime": -1,
          "lambda": 0.15
        }
      ]
    },
    "SC4": {
      "resptime": 45.176127556801,
      "resptime_old": 35.176127556801,
      "waittime": 29.402484223586754,
      "servicetime": 10.0,
      "networktime": 5.773643333214244,
      "services": {
        "MS4_1": {
          "meanserv": 2.5059287839254685,
          "stddevserv": 2.5059287839254685,
          "rate": 0.39905363888016304,
          "cv": 1.0,
          "lambda": 0.15
        },
        "MS4_2": {
          "meanserv": 1.1702487052589694,
          "stddevserv": 1.1702487052589694,
          "rate": 0.8545192107507658,
          "cv": 1.0,
          "lambda": 0.15
        },
        "MS4_3": {
          "meanserv": 0.5140022628234391,
          "stddevserv": 0.5140022628234391,
          "rate": 1.9455167269244147,
          "cv": 1.0,
          "lambda": 0.15
        },
        "MS4_4": {
          "meanserv": 5.37022975110129,
          "stddevserv": 5.37022975110129,
          "rate": 0.18621177237248124,
          "cv": 1.0,
          "lambda": 0.15
        },
        "MS4_5": {
          "meanserv": 0.4395904968908333,
          "stddevserv": 0.4395904968908333,
          "rate": 2.274844445166287,
          "cv": 1.0,
          "lambda": 0.15
        }
      },
      "sensors": [
        "S4"
      ],
      "sources": [
        {
          "startTime": 0,
          "stopTime": -1,
          "lambda": 0.15
        }
      ]
    }
  },
  "microservice": {
    "MS1_1": "F8",
    "MS1_2": "F4",
    "MS1_3": "F7",
    "MS1_4": "F7",
    "MS1_5": "F7",
    "MS2_1": "F10",
    "MS2_2": "F10",
    "MS2_3": "F10",
    "MS2_4": "F9",
    "MS2_5": "F2",
    "MS3_1": "F10",
    "MS3_2": "F3",
    "MS3_3": "F7",
    "MS3_4": "F5",
    "MS3_5": "F5",
    "MS4_1": "F6",
    "MS4_2": "F10",
    "MS4_3": "F10",
    "MS4_4": "F1",
    "MS4_5": "F8"
  },
  "sensor": {
    "S1": "F8",
    "S2": "F10",
    "S3": "F10",
    "S4": "F6"
  },
  "fog": {
    "F1": {
      "rho": 0.8055344626651935,
      "capacity": 1.0,
      "tserv": 5.37022975110129,
      "stddev": 5.37022975110129,
      "mu": 0.18621177237248124,
      "cv": 1.0,
      "lambda": 0.15,
      "twait": 22.245099035178704
    },
    "F2": {
      "rho": 0.7364443897846156,
      "capacity": 1.0,
      "tserv": 4.9096292652307705,
      "stddev": 4.9096292652307705,
      "mu": 0.20368136695816202,
      "cv": 1.0,
      "lambda": 0.15,
      "twait": 13.718808434192493
    },
    "F3": {
      "rho": 0.6894033097098703,
      "capacity": 1.0,
      "tserv": 4.596022064732469,
      "stddev": 4.596022064732469,
      "mu": 0.21757946021919486,
      "cv": 1.0,
      "lambda": 0.15,
      "twait": 10.20137342727778
    },
    "F4": {
      "rho": 0.6509578398801943,
      "capacity": 1.0,
      "tserv": 4.339718932534629,
      "stddev": 4.339718932534629,
      "mu": 0.23042966965050576,
      "cv": 1.0,
      "lambda": 0.15,
      "twait": 8.093503836442785
    },
    "F5": {
      "rho": 0.46636496383908377,
      "capacity": 1.0,
      "tserv": 1.5545498794636128,
      "stddev": 2.1588912265036835,
      "mu": 0.6432730227640193,
      "cv": 1.3887564850917455,
      "lambda": 0.3,
      "twait": 1.9894036680569622
    },
    "F6": {
      "rho": 0.37588931758882027,
      "capacity": 1.0,
      "tserv": 2.5059287839254685,
      "stddev": 2.5059287839254685,
      "mu": 0.39905363888016304,
      "cv": 1.0,
      "lambda": 0.15,
      "twait": 1.5092705301514853
    },
    "F7": {
      "rho": 0.6397955661996372,
      "capacity": 1.0,
      "tserv": 1.066325943666062,
      "stddev": 1.151367393253521,
      "mu": 0.9377995592623103,
      "cv": 1.0797518339421472,
      "lambda": 0.6,
      "twait": 2.0510834914494422
    },
    "F8": {
      "rho": 0.41549678586754196,
      "capacity": 1.0,
      "tserv": 1.3849892862251398,