{
  "servicechain": {
    "SC1": {
      "resptime": 13.64101697987665,
      "resptime_old": 3.64101697987665,
      "waittime": 1.8791805287313186,
      "servicetime": 10.0,
      "networktime": 1.7618364511453315,
      "services": {
        "MS1_1": {
          "meanserv": 2.269377780029936,
          "stddevserv": 2.269377780029936,
          "rate": 0.4406494188846815,
          "cv": 1.0,
          "lambda": 0.025
        },
        "MS1_2": {
          "meanserv": 2.481070318773914,
          "stddevserv": 2.481070318773914,
          "rate": 0.40305185727028336,
          "cv": 1.0,
          "lambda": 0.025
        },
        "MS1_3": {
          "meanserv": 0.14085464198196362,
          "stddevserv": 0.14085464198196362,
          "rate": 7.099517530476913,
          "cv": 1.0,
          "lambda": 0.025
        },
        "MS1_4": {
          "meanserv": 3.7482685271065614,
          "stddevserv": 3.7482685271065614,
          "rate": 0.2667898505051718,
          "cv": 1.0,
          "lambda": 0.025
        },
        "MS1_5": {
          "meanserv": 1.360428732107625,
          "stddevserv": 1.360428732107625,
          "rate": 0.7350623934932367,
          "cv": 1.0,
          "lambda": 0.025
        }
      },
      "sensors": [
        "S1"
      ],
      "sources": [
        {
          "startTime": 0,
          "stopTime": -1,
          "lambda": 0.025
        }
      ]
    },
    "SC2": {
      "resptime": 13.229868103139333,
      "resptime_old": 3.229868103139334,
      "waittime": 1.7738064735359602,
      "servicetime": 10.0,
      "networktime": 1.4560616296033742,
      "services": {
        "MS2_1": {
          "meanserv": 0.41832492599039095,
          "stddevserv": 0.41832492599039095,
          "rate": 2.390486289174579,
          "cv": 1.0,
          "lambda": 0.025
        },
        "MS2_2": {
          "meanserv": 1.0886764846816,
          "stddevserv": 1.0886764846816,
          "rate": 0.9185465232974747,
          "cv": 1.0,
          "lambda": 0.025
        },
        "MS2_3": {
          "meanserv": 2.695319346780391,
          "stddevserv": 2.695319346780391,
          "rate": 0.37101355028468835,
          "cv": 1.0,
          "lambda": 0.025
        },
        "MS2_4": {
          "meanserv": 0.7862269221530562,
          "stddevserv": 0.7862269221530562,
          "rate": 1.2718974278590376,
          "cv": 1.0,
          "lambda": 0.025
        },
        "MS2_5": {
          "meanserv": 5.011452320394562,
          "stddevserv": 5.011452320394562,
          "rate": 0.19954295403159059,
          "cv": 1.0,
          "lambda": 0.025
        }
      },
      "sensors": [
        "S2"
      ],
      "sources": [
        {
          "startTime": 0,
          "stopTime": -1,
          "lambda": 0.025
        }
      ]
    },
    "SC3": {
      "resptime": 13.755131839508635,
      "resptime_old": 3.755131839508635,
      "waittime": 2.1291839604149896,
      "servicetime": 10.0,
      "networktime": 1.6259478790936455,
      "services": {
        "MS3_1": {
          "meanserv": 7.942526078547725,
          "stddevserv": 7.942526078547725,
          "rate": 0.12590452837176558,
          "cv": 1.0,
          "lambda": 0.025
        },
        "MS3_2": {
          "meanserv": 0.782557024113145,
          "stddevserv": 0.782557024113145,
          "rate": 1.2778621482993888,
          "cv": 1.0,
          "lambda": 0.025
        },
        "MS3_3": {
          "meanserv": 0.9129577614540967,
          "stddevserv": 0.9129577614540967,
          "rate": 1.0953409261861888,
          "cv": 1.0,
          "lambda": 0.025
        },
        "MS3_4": {
          "meanserv": 0.27878398234231483,
          "stddevserv": 0.27878398234231483,
          "rate": 3.587006655110172,
          "cv": 1.0,
          "lambda": 0.025
        },
        "MS3_5": {
          "meanserv": 0.08317515354271876,
          "stddevserv": 0.08317515354271876,
          "rate": 12.022821208095516,
          "cv": 1.0,
          "lambda": 0.025
        }
      },
      "sensors": [
        "S3"
      ],
      "sources": [
        {
          "startTime": 0,
          "stopTime": -1,
          "lambda": 0.025
        }
      ]
    },
    "SC4": {
      "resptime": 13.155610649026542,
      "resptime_old": 3.1556106490265434,
      "waittime": 1.7076271080734644,
      "servicetime": 10.0,
      "networktime": 1.4479835409530788,
      "services": {
        "MS4_1": {
          "meanserv": 1.9945546452112106,
          "stddevserv": 1.9945546452112106,
          "rate": 0.5013650553024113,
          "cv": 1.0,
          "lambda": 0.025
        },
        "MS4_2": {
          "meanserv": 0.2594286280408875,
          "stddevserv": 0.2594286280408875,
          "rate": 3.854624709507364,
          "cv": 1.0,
          "lambda": 0.025
        },
        "MS4_3": {
          "meanserv": 1.33630029771582,
          "stddevserv": 1.33630029771582,
          "rate": 0.7483347880033637,
          "cv": 1.0,
          "lambda": 0.025
        },
        "MS4_4": {
          "meanserv": 3.389327141223698,
          "stddevserv": 3.389327141223698,
          "rate": 0.29504381204080393,
          "cv": 1.0,
          "lambda": 0.025
        },
        "MS4_5": {
          "meanserv": 3.020389287808384,
          "stddevserv": 3.020389287808384,
          "rate": 0.33108315012122397,
          "cv": 1.0,
          "lambda": 0.025
        }
      },
      "sensors": [
        "S4"
      ],
      "sources": [
        {
          "startTime": 0,
          "stopTime": -1,
          "lambda": 0.025
        }
      ]
    }
  },
  "microservice": {
    "MS1_1": "F1",
    "MS1_2": "F1",
    "MS1_3": "F1",
    "MS1_4": "F4",
    "MS1_5": "F4",
    "MS2_1": "F2",
    "MS2_2": "F2",
    "MS2_3": "F2",
    "MS2_4": "F2",
    "MS2_5": "F5",
    "MS3_1": "F8",
    "MS3_2": "F9",
    "MS3_3": "F9",
    "MS3_4": "F9",
    "MS3_5": "F9",
    "MS4_1": "F6",
    "MS4_2": "F6",
    "MS4_3": "F6",
    "MS4_4": "F10",
    "MS4_5": "F10"
  },
  "sensor": {
    "S1": "F1",
    "S2": "F2",
    "S3": "F8",
    "S4": "F6"
  },
  "fog": {
    "F1": {
      "rho": 0.12228256851964533,
      "capacity": 1.0,
      "tserv": 1.6304342469286042,
      "stddev": 2.2118094726604722,
      "mu": 0.6133335348443459,
      "cv": 1.3565769222690562,
      "lambda": 0.07500000000000001,
      "twait": 0.3225874597893257
    },
    "F2": {
      "rho": 0.12471369199013596,
      "capacity": 1.0,
      "tserv": 1.2471369199013596,
      "stddev": 1.7510583074655732,
      "mu": 0.8018365778787894,
      "cv": 1.4040626009244201,
      "lambda": 0.1,
      "twait": 0.26400251271114167
    },
    "F3": {
      "rho": 0,
      "capacity": 1.0,
      "tserv": 0,
      "stddev": 0,
      "mu": 0,
      "cv": 0,
      "lambda": 0.0,
      "twait": 0
    },
    "F4": {
      "rho": 0.12771743148035467,
      "capacity": 1.0,
      "tserv": 2.554348629607093,
      "stddev": 3.061957929963427,
      "mu": 0.3914892385515202,
      "cv": 1.1987235784781711,
      "lambda": 0.05,
      "twait": 0.4557090746816709
    },
    "F5": {
      "rho": 0.12528630800986404,
      "capacity": 1.0,
      "tserv": 5.011452320394561,
      "stddev": 5.011452320394563,
      "mu": 0.1995429540315906,
      "cv": 1.0000000000000004,
      "lambda": 0.025,
      "twait": 0.7177964226913937
    },
    "F6": {
      "rho": 0.08975708927419795,
      "capacity": 1.0,
      "tserv": 1.1967611903226392,
      "stddev": 1.566927760824239,
      "mu": 0.8355885936862695,
      "cv": 1.3093069640751012,
      "lambda": 0.07500000000000001,
      "twait": 0.1601564226082934
    },
    "F7": {
      "rho": 0,
      "capacity": 1.0,
      "tserv": 0,
      "stddev": 0,
      "mu": 0,
      "cv": 0,
      "lambda": 0.0,
      "twait": 0
    },
    "F8": {
      "rho": 0.19856315196369312,
      "capacity": 1.0,
      "tserv": 7.942526078547725,
      "stddev": 7.942526078547725,
      "mu": 0.12590452837176558,
      "cv": 1.0,