{
  "servicechain": {
    "SC1": {
      "resptime": 86.97823167556646,
      "resptime_old": 76.97823167556645,
      "waittime": 72.67053902851755,
      "servicetime": 10.0,
      "networktime": 4.3076926470489045,
      "services": {
        "MS1_1": {
          "meanserv": 4.504024696162406,
          "stddevserv": 4.504024696162406,
          "rate": 0.2220236493934051,
          "cv": 1.0,
          "lambda": 0.2
        },
        "MS1_2": {
          "meanserv": 0.7708772580620664,
          "stddevserv": 0.7708772580620664,
          "rate": 1.2972233770573707,
          "cv": 1.0,
          "lambda": 0.2
        },
        "MS1_3": {
          "meanserv": 2.154038882744387,
          "stddevserv": 2.154038882744387,
          "rate": 0.46424417312557253,
          "cv": 1.0,
          "lambda": 0.2
        },
        "MS1_4": {
          "meanserv": 0.46225131209438786,
          "stddevserv": 0.46225131209438786,
          "rate": 2.163325389968408,
          "cv": 1.0,
          "lambda": 0.2
        },
        "MS1_5": {
          "meanserv": 2.1088078509367527,
          "stddevserv": 2.1088078509367527,
          "rate": 0.47420157296730014,
          "cv": 1.0,
          "lambda": 0.2
        }
      },
      "sensors": [
        "S1"
      ],
      "sources": [
        {
          "startTime": 0,
          "stopTime": -1,
          "lambda": 0.2
        }
      ]
    },
    "SC2": {
      "resptime": 61.13476972122492,
      "resptime_old": 51.13476972122491,
      "waittime": 44.653090429938516,
      "servicetime": 10.0,
      "networktime": 6.481679291286406,
      "services": {
        "MS2_1": {
          "meanserv": 0.054642282114923946,
          "stddevserv": 0.054642282114923946,
          "rate": 18.300846181658272,
          "cv": 1.0,
          "lambda": 0.2
        },
        "MS2_2": {
          "meanserv": 1.4638841459308394,
          "stddevserv": 1.4638841459308394,
          "rate": 0.6831141677295306,
          "cv": 1.0,
          "lambda": 0.2
        },
        "MS2_3": {
          "meanserv": 3.349741280100123,
          "stddevserv": 3.349741280100123,
          "rate": 0.2985305181450044,
          "cv": 1.0,
          "lambda": 0.2
        },
        "MS2_4": {
          "meanserv": 1.0678950708835266,
          "stddevserv": 1.0678950708835266,
          "rate": 0.9364215897847029,
          "cv": 1.0,
          "lambda": 0.2
        },
        "MS2_5": {
          "meanserv": 4.063837220970587,
          "stddevserv": 4.063837220970587,
          "rate": 0.24607284830202053,
          "cv": 1.0,
          "lambda": 0.2
        }
      },
      "sensors": [
        "S2"
      ],
      "sources": [
        {
          "startTime": 0,
          "stopTime": -1,
          "lambda": 0.2
        }
      ]
    },
    "SC3": {
      "resptime": 79.64264877062212,
      "resptime_old": 69.64264877062212,
      "waittime": 60.538082079712964,
      "servicetime": 10.0,
      "networktime": 9.104566690909152,
      "services": {
        "MS3_1": {
          "meanserv": 2.8410181404011103,
          "stddevserv": 2.8410181404011103,
          "rate": 0.351986488850372,
          "cv": 1.0,
          "lambda": 0.2
        },
        "MS3_2": {
          "meanserv": 1.4859537206288334,
          "stddevserv": 1.4859537206288334,
          "rate": 0.6729684687466679,
          "cv": 1.0,
          "lambda": 0.2
        },
        "MS3_3": {
          "meanserv": 0.30059840967810647,
          "stddevserv": 0.30059840967810647,
          "rate": 3.3266975732534396,
          "cv": 1.0,
          "lambda": 0.2
        },
        "MS3_4": {
          "meanserv": 4.398646661157256,
          "stddevserv": 4.398646661157256,
          "rate": 0.2273426526460087,
          "cv": 1.0,
          "lambda": 0.2
        },
        "MS3_5": {
          "meanserv": 0.9737830681346935,
          "stddevserv": 0.9737830681346935,
          "rate": 1.0269227641383472,
          "cv": 1.0,
          "lambda": 0.2
        }
      },
      "sensors": [
        "S3"
      ],
      "sources": [
        {
          "startTime": 0,
          "stopTime": -1,
          "lambda": 0.2
        }
      ]
    },
    "SC4": {
      "resptime": 54.72235083890645,
      "resptime_old": 44.72235083890645,
      "waittime": 37.08820763507077,
      "servicetime": 10.0,
      "networktime": 7.634143203835674,
      "services": {
        "MS4_1": {
          "meanserv": 1.685647701389008,
          "stddevserv": 1.685647701389008,
          "rate": 0.5932437716232043,
          "cv": 1.0,
          "lambda": 0.2
        },
        "MS4_2": {
          "meanserv": 2.071626149140937,
          "stddevserv": 2.071626149140937,
          "rate": 0.48271257843249393,
          "cv": 1.0,
          "lambda": 0.2
        },
        "MS4_3": {
          "meanserv": 1.3922775657793172,
          "stddevserv": 1.3922775657793172,
          "rate": 0.7182475855238372,
          "cv": 1.0,
          "lambda": 0.2
        },
        "MS4_4": {
          "meanserv": 3.5131339392747636,
          "stddevserv": 3.5131339392747636,
          "rate": 0.28464613569684616,
          "cv": 1.0,
          "lambda": 0.2
        },
        "MS4_5": {
          "meanserv": 1.337314644415974,
          "stddevserv": 1.337314644415974,
          "rate": 0.7477671796802281,
          "cv": 1.0,
          "lambda": 0.2
        }
      },
      "sensors": [
        "S4"
      ],
      "sources": [
        {
          "startTime": 0,
          "stopTime": -1,
          "lambda": 0.2
        }
      ]
    }
  },
  "microservice": {
    "MS1_1": "F1",
    "MS1_2": "F7",
    "MS1_3": "F7",
    "MS1_4": "F8",
    "MS1_5": "F8",
    "MS2_1": "F9",
    "MS2_2": "F9",
    "MS2_3": "F5",
    "MS2_4": "F6",
    "MS2_5": "F3",
    "MS3_1": "F6",
    "MS3_2": "F10",
    "MS3_3": "F9",
    "MS3_4": "F2",
    "MS3_5": "F10",
    "MS4_1": "F10",
    "MS4_2": "F9",
    "MS4_3": "F8",
    "MS4_4": "F4",
    "MS4_5": "F7"
  },
  "sensor": {
    "S1": "F1",
    "S2": "F9",
    "S3": "F6",
    "S4": "F10"
  },
  "fog": {
    "F1": {
      "rho": 0.9008049392324813,
      "capacity": 1.0,
      "tserv": 4.504024696162406,
      "stddev": 4.504024696162405,
      "mu": 0.2220236493934051,
      "cv": 0.9999999999999998,
      "lambda": 0.2,
      "twait": 40.90171084462615
    },
    "F2": {
      "rho": 0.8797293322314513,
      "capacity": 1.0,
      "tserv": 4.398646661157256,
      "stddev": 4.398646661157256,
      "mu": 0.2273426526460087,
      "cv": 1.0,
      "lambda": 0.2,
      "twait": 32.17424964654515
    },
    "F3": {
      "rho": 0.8127674441941175,
      "capacity": 1.0,
      "tserv": 4.063837220970587,
      "stddev": 4.063837220970587,
      "mu": 0.24607284830202053,
      "cv": 1.0,
      "lambda": 0.2,
      "twait": 17.640920284897465
    },
    "F4": {
      "rho": 0.7026267878549528,
      "capacity": 1.0,
      "tserv": 3.513133939274764,
      "stddev": 3.513133939274763,
      "mu": 0.2846461356968461,
      "cv": 0.9999999999999998,
      "lambda": 0.2,
      "twait": 8.300754453473916
    },
    "F5": {
      "rho": 0.6699482560200246,
      "capacity": 1.0,
      "tserv": 3.349741280100123,
      "stddev": 3.349741280100123,
      "mu": 0.2985305181450044,
      "cv": 1.0,
      "lambda": 0.2,
      "twait": 6.799398487218771
    },
    "F6": {
      "rho": 0.7817826422569274,
      "capacity": 1.0,
      "tserv": 1.9544566056423185,
      "stddev": 2.3220429223351196,
      "mu": 0.5116511653996826,
      "cv": 1.1880759673208485,
      "lambda": 0.4,
      "twait": 8.442760055184424
    },
    "F7": {
      "rho": 0.8524461570444855,
      "capacity": 1.0,
      "tserv": 1.4207435950741423,
      "stddev": 1.6319267077343682,
      "mu": 0.7038567715294289,
      "cv": 1.1486426638785623,
      "lambda": 0.6000000000000001,
      "twait": 9.518621233956747
    },
    "F8": {
      "rho": 0.7926673457620916,
      "capacity": 1.0,
      "tserv": 1.3211122429368192,