{
  "servicechain": {
    "SC1": {
      "resptime": 32.145019421607,
      "resptime_old": 22.145019421607,
      "waittime": 16.053851651702423,
      "servicetime": 10.0,
      "networktime": 6.091167769904576,
      "services": {
        "MS1_1": {
          "meanserv": 2.4495353264094364,
          "stddevserv": 2.4495353264094364,
          "rate": 0.40824069333419827,
          "cv": 1.0,
          "lambda": 0.15
        },
        "MS1_2": {
          "meanserv": 2.651768437262434,
          "stddevserv": 2.651768437262434,
          "rate": 0.3771068340463223,
          "cv": 1.0,
          "lambda": 0.15
        },
        "MS1_3": {
          "meanserv": 3.908711316140268,
          "stddevserv": 3.908711316140268,
          "rate": 0.2558387967590989,
          "cv": 1.0,
          "lambda": 0.15
        },
        "MS1_4": {
          "meanserv": 0.9899849201878617,
          "stddevserv": 0.9899849201878617,
          "rate": 1.0101163963287823,
          "cv": 1.0,
          "lambda": 0.15
        }
      },
      "sensors": [
        "S1"
      ],
      "sources": [
        {
          "startTime": 0,
          "stopTime": -1,
          "lambda": 0.15
        }
      ]
    },
    "SC2": {
      "resptime": 35.89290550543647,
      "resptime_old": 25.892905505436467,
      "waittime": 21.812394720420667,
      "servicetime": 10.0,
      "networktime": 4.0805107850157984,
      "services": {
        "MS2_1": {
          "meanserv": 1.7438036081482133,
          "stddevserv": 1.7438036081482133,
          "rate": 0.57345907264289,
          "cv": 1.0,
          "lambda": 0.15
        },
        "MS2_2": {
          "meanserv": 0.04214665638713089,
          "stddevserv": 0.04214665638713089,
          "rate": 23.726674562619426,
          "cv": 1.0,
          "lambda": 0.15
        },
        "MS2_3": {
          "meanserv": 3.8251671588831186,
          "stddevserv": 3.8251671588831186,
          "rate": 0.26142648372312766,
          "cv": 1.0,
          "lambda": 0.15
        },
        "MS2_4": {
          "meanserv": 4.388882576581537,
          "stddevserv": 4.388882576581537,
          "rate": 0.22784842896819796,
          "cv": 1.0,
          "lambda": 0.15
        }
      },
      "sensors": [
        "S2"
      ],
      "sources": [
        {
          "startTime": 0,
          "stopTime": -1,
          "lambda": 0.15
        }
      ]
    },
    "SC3": {
      "resptime": 28.683994694277423,
      "resptime_old": 18.683994694277423,
      "waittime": 13.140644714007674,
      "servicetime": 10.0,
      "networktime": 5.543349980269748,
      "services": {
        "MS3_1": {
          "meanserv": 2.883248786883419,
          "stddevserv": 2.883248786883419,
          "rate": 0.3468309791889055,
          "cv": 1.0,
          "lambda": 0.15
        },
        "MS3_2": {
          "meanserv": 3.6138697066774252,
          "stddevserv": 3.6138697066774252,
          "rate": 0.27671169166732223,
          "cv": 1.0,
          "lambda": 0.15
        },
        "MS3_3": {
          "meanserv": 0.2667273895061948,
          "stddevserv": 0.2667273895061948,
          "rate": 3.749146279470391,
          "cv": 1.0,
          "lambda": 0.15
        },
        "MS3_4": {
          "meanserv": 3.236154116932961,
          "stddevserv": 3.236154116932961,
          "rate": 0.30900876900996976,
          "cv": 1.0,
          "lambda": 0.15
        }
      },
      "sensors": [
        "S3"
      ],
      "sources": [
        {
          "startTime": 0,
          "stopTime": -1,
          "lambda": 0.15
        }
      ]
    },
    "SC4": {
      "resptime": 46.127455617447104,
      "resptime_old": 36.127455617447104,
      "waittime": 28.520254493530885,
      "servicetime": 10.0,
      "networktime": 7.60720112391622,
      "services": {
        "MS4_1": {
          "meanserv": 2.5519899851294614,
          "stddevserv": 2.5519899851294614,
          "rate": 0.3918510675304513,
          "cv": 1.0,
          "lambda": 0.15
        },
        "MS4_2": {
          "meanserv": 5.119452137331521,
          "stddevserv": 5.119452137331521,
          "rate": 0.19533340153879103,
          "cv": 1.0,
          "lambda": 0.15
        },
        "MS4_3": {
          "meanserv": 1.9817648616127403,
          "stddevserv": 1.9817648616127403,
          "rate": 0.5046007320899867,
          "cv": 1.0,
          "lambda": 0.15
        },
        "MS4_4": {
          "meanserv": 0.3467930159262771,
          "stddevserv": 0.3467930159262771,
          "rate": 2.8835644147245016,
          "cv": 1.0,
          "lambda": 0.15
        }
      },
      "sensors": [
        "S4"
      ],
      "sources": [
        {
          "startTime": 0,
          "stopTime": -1,
          "lambda": 0.15
        }
      ]
    }
  },
  "microservice": {
    "MS1_1": "F9",
    "MS1_2": "F7",
    "MS1_3": "F6",
    "MS1_4": "F7",
    "MS2_1": "F10",
    "MS2_2": "F10",
    "MS2_3": "F8",
    "MS2_4": "F4",
    "MS3_1": "F2",
    "MS3_2": "F5",
    "MS3_3": "F3",
    "MS3_4": "F3",
    "MS4_1": "F10",
    "MS4_2": "F1",
    "MS4_3": "F9",
    "MS4_4": "F7"
  },
  "sensor": {
    "S1": "F9",
    "S2": "F10",
    "S3": "F2",
    "S4": "F10"
  },
  "fog": {
    "F1": {
      "rho": 0.7679178205997281,
      "capacity": 1.0,
      "tserv": 5.119452137331521,
      "stddev": 5.119452137331521,
      "mu": 0.19533340153879103,
      "cv": 1.0,
      "lambda": 0.15,
      "twait": 16.93933820392087
    },
    "F2": {
      "rho": 0.4324873180325128,
      "capacity": 1.0,
      "tserv": 2.883248786883419,
      "stddev": 2.883248786883419,
      "mu": 0.3468309791889055,
      "cv": 1.0,
      "lambda": 0.15,
      "twait": 2.197252281194211
    },
    "F3": {
      "rho": 0.5254322259658734,
      "capacity": 1.0,
      "tserv": 1.751440753219578,
      "stddev": 2.7342809396286585,
      "mu": 0.5709585083947342,
      "cv": 1.5611609668225312,
      "lambda": 0.3,
      "twait": 3.3326652837883364
    },
    "F4": {
      "rho": 0.6583323864872306,
      "capacity": 1.0,
      "tserv": 4.388882576581537,
      "stddev": 4.388882576581537,
      "mu": 0.22784842896819796,
      "cv": 1.0,
      "lambda": 0.15,
      "twait": 8.45659180554777
    },
    "F5": {
      "rho": 0.5420804560016138,
      "capacity": 1.0,
      "tserv": 3.6138697066774257,
      "stddev": 3.613869706677425,
      "mu": 0.27671169166732223,
      "cv": 0.9999999999999998,
      "lambda": 0.15,
      "twait": 4.278061865236791
    },
    "F6": {
      "rho": 0.5863066974210401,
      "capacity": 1.0,
      "tserv": 3.9087113161402676,
      "stddev": 3.9087113161402685,
      "mu": 0.25583879675909893,
      "cv": 1.0000000000000002,
      "lambda": 0.15,
      "twait": 5.539619831048728
    },
    "F7": {
      "rho": 0.5982819560064859,
      "capacity": 1.0,
      "tserv": 1.329515457792191,
      "stddev": 1.9115080179783521,
      "mu": 0.752153721973727,
      "cv": 1.4377478703050393,
      "lambda": 0.44999999999999996,
      "twait": 3.036537008188444
    },
    "F8": {
      "rho": 0.5737750738324677,
      "capacity": 1.0,
      "tserv": 3.825167158883118,
      "stddev": 3.825167158883119,
      "mu": 0.26142648372312766,
      "cv": 1.0000000000000002,
      "lambda": 0.15,
      "twait": 5.149359960583367
    },
    "F9": {
      "rho": 0.6646950282033265,
      "capacity": 1.0,
      "tserv": 2.2156500940110884,
      "stddev": 2.2402031030599443,
      "mu": 0.45133480358789696,
      "cv": 1.0110816275165573,
      "lambda": 0.3,
      "twait": 4.441157804276809
    },
    "F10": {
      "rho": 0.6506910374497208,
      "capacity": 1.0,
      "tserv": 1.4459800832216019,
      "stddev": 2.0686537727108236,
      "mu": 0.6915724577423147,
      "cv": 1.430623973811536,
      "lambda": 0.44999999999999996,
      "twait": 4.103221477144764
    }
  },
  "extra": {
    "conv_gen": 15,
    "max_gen": 600,
    "population": 600,
    "deltatime": 32.5322863,