{
  "servicechain": {
    "SC1": {
      "resptime": 38.35430883773537,
      "resptime_old": 28.354308837735367,
      "waittime": 21.300811459039878,
      "servicetime": 10.0,
      "networktime": 7.0534973786954875,
      "services": {
        "MS1_1": {
          "meanserv": 0.8399317514750204,
          "stddevserv": 0.8399317514750204,
          "rate": 1.1905729224355202,
          "cv": 1.0,
          "lambda": 0.15
        },
        "MS1_2": {
          "meanserv": 0.007537522256924056,
          "stddevserv": 0.007537522256924056,
          "rate": 132.66959166606617,
          "cv": 1.0,
          "lambda": 0.15
        },
        "MS1_3": {
          "meanserv": 0.0702390316861623,
          "stddevserv": 0.0702390316861623,
          "rate": 14.23709831975102,
          "cv": 1.0,
          "lambda": 0.15
        },
        "MS1_4": {
          "meanserv": 2.290939007460599,
          "stddevserv": 2.290939007460599,
          "rate": 0.4365022363072224,
          "cv": 1.0,
          "lambda": 0.15
        },
        "MS1_5": {
          "meanserv": 1.6234191986090218,
          "stddevserv": 1.6234191986090218,
          "rate": 0.6159838449963017,
          "cv": 1.0,
          "lambda": 0.15
        },
        "MS1_6": {
          "meanserv": 0.008841693063742717,
          "stddevserv": 0.008841693063742717,
          "rate": 113.10051059120308,
          "cv": 1.0,
          "lambda": 0.15
        },
        "MS1_7": {
          "meanserv": 4.939039257813573,
          "stddevserv": 4.939039257813573,
          "rate": 0.20246852632685544,
          "cv": 1.0,
          "lambda": 0.15
        },
        "MS1_8": {
          "meanserv": 0.22005253763495602,
          "stddevserv": 0.22005253763495602,
          "rate": 4.544369316289798,
          "cv": 1.0,
          "lambda": 0.15
        }
      },
      "sensors": [
        "S1"
      ],
      "sources": [
        {
          "startTime": 0,
          "stopTime": -1,
          "lambda": 0.15
        }
      ]
    },
    "SC2": {
      "resptime": 28.409827106787596,
      "resptime_old": 18.409827106787592,
      "waittime": 15.575564996881432,
      "servicetime": 10.0,
      "networktime": 2.8342621099061627,
      "services": {
        "MS2_1": {
          "meanserv": 2.5996593052729997,
          "stddevserv": 2.5996593052729997,
          "rate": 0.3846657898485611,
          "cv": 1.0,
          "lambda": 0.15
        },
        "MS2_2": {
          "meanserv": 0.8512615260584879,
          "stddevserv": 0.8512615260584879,
          "rate": 1.1747271189738846,
          "cv": 1.0,
          "lambda": 0.15
        },
        "MS2_3": {
          "meanserv": 1.4244710097833795,
          "stddevserv": 1.4244710097833795,
          "rate": 0.7020149888147397,
          "cv": 1.0,
          "lambda": 0.15
        },
        "MS2_4": {
          "meanserv": 1.156937468001967,
          "stddevserv": 1.156937468001967,
          "rate": 0.8643509503819612,
          "cv": 1.0,
          "lambda": 0.15
        },
        "MS2_5": {
          "meanserv": 0.1664444031813037,
          "stddevserv": 0.1664444031813037,
          "rate": 6.0080121703505105,
          "cv": 1.0,
          "lambda": 0.15
        },
        "MS2_6": {
          "meanserv": 0.8843730589054823,
          "stddevserv": 0.8843730589054823,
          "rate": 1.1307445313153477,
          "cv": 1.0,
          "lambda": 0.15
        },
        "MS2_7": {
          "meanserv": 1.9659748482770079,
          "stddevserv": 1.9659748482770079,
          "rate": 0.5086535063642376,
          "cv": 1.0,
          "lambda": 0.15
        },
        "MS2_8": {
          "meanserv": 0.9508783805193719,
          "stddevserv": 0.9508783805193719,
          "rate": 1.0516592032030403,
          "cv": 1.0,
          "lambda": 0.15
        }
      },
      "sensors": [
        "S2"
      ],
      "sources": [
        {
          "startTime": 0,
          "stopTime": -1,
          "lambda": 0.15
        }
      ]
    },
    "SC3": {
      "resptime": 31.230181867105284,
      "resptime_old": 21.23018186710528,
      "waittime": 17.955261836631706,
      "servicetime": 10.0,
      "networktime": 3.274920030473578,
      "services": {
        "MS3_1": {
          "meanserv": 1.7945747783178567,
          "stddevserv": 1.7945747783178567,
          "rate": 0.5572350687650638,
          "cv": 1.0,
          "lambda": 0.15
        },
        "MS3_2": {
          "meanserv": 0.6090657381799103,
          "stddevserv": 0.6090657381799103,
          "rate": 1.6418588952127409,
          "cv": 1.0,
          "lambda": 0.15
        },
        "MS3_3": {
          "meanserv": 0.201615527155794,
          "stddevserv": 0.201615527155794,
          "rate": 4.959935447964143,
          "cv": 1.0,
          "lambda": 0.15
        },
        "MS3_4": {
          "meanserv": 0.9872584948141152,
          "stddevserv": 0.9872584948141152,
          "rate": 1.0129059463684673,
          "cv": 1.0,
          "lambda": 0.15
        },
        "MS3_5": {
          "meanserv": 0.13494688437872338,
          "stddevserv": 0.13494688437872338,
          "rate": 7.410322991922788,
          "cv": 1.0,
          "lambda": 0.15
        },
        "MS3_6": {
          "meanserv": 1.7283138669574747,
          "stddevserv": 1.7283138669574747,
          "rate": 0.5785986093836074,
          "cv": 1.0,
          "lambda": 0.15
        },
        "MS3_7": {
          "meanserv": 2.627292879156837,
          "stddevserv": 2.627292879156837,
          "rate": 0.380619917913729,
          "cv": 1.0,
          "lambda": 0.15
        },
        "MS3_8": {
          "meanserv": 1.9169318310392889,
          "stddevserv": 1.9169318310392889,
          "rate": 0.5216669595693642,
          "cv": 1.0,
          "lambda": 0.15
        }
      },
      "sensors": [
        "S3"
      ],
      "sources": [
        {
          "startTime": 0,
          "stopTime": -1,
          "lambda": 0.15
        }
      ]
    },
    "SC4": {
      "resptime": 52.84995000156756,
      "resptime_old": 42.84995000156756,
      "waittime": 39.11259092255472,
      "servicetime": 10.0,
      "networktime": 3.7373590790128306,
      "services": {
        "MS4_1": {
          "meanserv": 0.5205799492657792,
          "stddevserv": 0.5205799492657792,
          "rate": 1.9209345296728966,
          "cv": 1.0,
          "lambda": 0.15
        },
        "MS4_2": {
          "meanserv": 0.9361255376566691,
          "stddevserv": 0.9361255376566691,
          "rate": 1.0682327954680342,
          "cv": 1.0,
          "lambda": 0.15
        },
        "MS4_3": {
          "meanserv": 1.9795309291204524,
          "stddevserv": 1.9795309291204524,
          "rate": 0.5051701821321485,
          "cv": 1.0,
          "lambda": 0.15
        },
        "MS4_4": {
          "meanserv": 0.043750983278023625,
          "stddevserv": 0.043750983278023625,
          "rate": 22.856629156088154,
          "cv": 1.0,
          "lambda": 0.15
        },
        "MS4_5": {
          "meanserv": 0.0663019186856717,
          "stddevserv": 0.0663019186856717,
          "rate": 15.082519779568715,
          "cv": 1.0,
          "lambda": 0.15
        },
        "MS4_6": {
          "meanserv": 0.7308319782392436,
          "stddevserv": 0.7308319782392436,
          "rate": 1.3683035633022644,
          "cv": 1.0,
          "lambda": 0.15
        },
        "MS4_7": {
          "meanserv": 0.058951203016347264,
          "stddevserv": 0.058951203016347264,
          "rate": 16.963182239431116,
          "cv": 1.0,
          "lambda": 0.15
        },
        "MS4_8": {
          "meanserv": 5.663927500737813,
          "stddevserv": 5.663927500737813,
          "rate": 0.17655593223425525,
          "cv": 1.0,
          "lambda": 0.15
        }
      },
      "sensors": [
        "S4"
      ],
      "sources": [
        {
          "startTime": 0,
          "stopTime": -1,