{
  "servicechain": {
    "SC1": {
      "resptime": 23.154758277368575,
      "resptime_old": 13.154758277368577,
      "waittime": 6.957729211436851,
      "servicetime": 10.0,
      "networktime": 6.197029065931726,
      "services": {
        "MS1_1": {
          "meanserv": 2.6182318759920298,
          "stddevserv": 2.6182318759920298,
          "rate": 0.3819371420726848,
          "cv": 1.0,
          "lambda": 0.15
        },
        "MS1_2": {
          "meanserv": 2.6843978771223993,
          "stddevserv": 2.6843978771223993,
          "rate": 0.372523018484865,
          "cv": 1.0,
          "lambda": 0.15
        },
        "MS1_3": {
          "meanserv": 2.9406959160662716,
          "stddevserv": 2.9406959160662716,
          "rate": 0.3400555611807991,
          "cv": 1.0,
          "lambda": 0.15
        },
        "MS1_4": {
          "meanserv": 1.7566743308192994,
          "stddevserv": 1.7566743308192994,
          "rate": 0.5692574784385946,
          "cv": 1.0,
          "lambda": 0.15
        }
      },
      "sensors": [
        "S1"
      ],
      "sources": [
        {
          "startTime": 0,
          "stopTime": -1,
          "lambda": 0.15
        }
      ]
    },
    "SC2": {
      "resptime": 62.04362570786157,
      "resptime_old": 52.04362570786158,
      "waittime": 47.56227940663766,
      "servicetime": 10.0,
      "networktime": 4.481346301223915,
      "services": {
        "MS2_1": {
          "meanserv": 0.4303090505719842,
          "stddevserv": 0.4303090505719842,
          "rate": 2.323911148675027,
          "cv": 1.0,
          "lambda": 0.15
        },
        "MS2_2": {
          "meanserv": 0.15354552908143249,
          "stddevserv": 0.15354552908143249,
          "rate": 6.512726264205664,
          "cv": 1.0,
          "lambda": 0.15
        },
        "MS2_3": {
          "meanserv": 5.83833055783824,
          "stddevserv": 5.83833055783824,
          "rate": 0.1712818399186822,
          "cv": 1.0,
          "lambda": 0.15
        },
        "MS2_4": {
          "meanserv": 3.577814862508344,
          "stddevserv": 3.577814862508344,
          "rate": 0.27950020848728807,
          "cv": 1.0,
          "lambda": 0.15
        }
      },
      "sensors": [
        "S2"
      ],
      "sources": [
        {
          "startTime": 0,
          "stopTime": -1,
          "lambda": 0.15
        }
      ]
    },
    "SC3": {
      "resptime": 8215.06515727517,
      "resptime_old": 8205.06515727517,
      "waittime": 8202.849251016945,
      "servicetime": 10.0,
      "networktime": 2.2159062582242637,
      "services": {
        "MS3_1": {
          "meanserv": 0.9642806437848483,
          "stddevserv": 0.9642806437848483,
          "rate": 1.037042490114653,
          "cv": 1.0,
          "lambda": 0.15
        },
        "MS3_2": {
          "meanserv": 1.3620168571299762,
          "stddevserv": 1.3620168571299762,
          "rate": 0.7342053035284649,
          "cv": 1.0,
          "lambda": 0.15
        },
        "MS3_3": {
          "meanserv": 0.2769267184276911,
          "stddevserv": 0.2769267184276911,
          "rate": 3.6110636260657962,
          "cv": 1.0,
          "lambda": 0.15
        },
        "MS3_4": {
          "meanserv": 7.396775780657484,
          "stddevserv": 7.396775780657484,
          "rate": 0.135194039897085,
          "cv": 1.0,
          "lambda": 0.15
        }
      },
      "sensors": [
        "S3"
      ],
      "sources": [
        {
          "startTime": 0,
          "stopTime": -1,
          "lambda": 0.15
        }
      ]
    },
    "SC4": {
      "resptime": 39.68702259021485,
      "resptime_old": 29.68702259021486,
      "waittime": 23.12117456384671,
      "servicetime": 10.0,
      "networktime": 6.565848026368144,
      "services": {
        "MS4_1": {
          "meanserv": 2.8513581113254336,
          "stddevserv": 2.8513581113254336,
          "rate": 0.3507100690116953,
          "cv": 1.0,
          "lambda": 0.15
        },
        "MS4_2": {
          "meanserv": 5.200800695036611,
          "stddevserv": 5.200800695036611,
          "rate": 0.1922780853637308,
          "cv": 1.0,
          "lambda": 0.15
        },
        "MS4_3": {
          "meanserv": 0.8232164501947299,
          "stddevserv": 0.8232164501947299,
          "rate": 1.2147473483595381,
          "cv": 1.0,
          "lambda": 0.15
        },
        "MS4_4": {
          "meanserv": 1.124624743443226,
          "stddevserv": 1.124624743443226,
          "rate": 0.8891854868303302,
          "cv": 1.0,
          "lambda": 0.15
        }
      },
      "sensors": [
        "S4"
      ],
      "sources": [
        {
          "startTime": 0,
          "stopTime": -1,
          "lambda": 0.15
        }
      ]
    }
  },
  "microservice": {
    "MS1_1": "F9",
    "MS1_2": "F7",
    "MS1_3": "F4",
    "MS1_4": "F6",
    "MS2_1": "F6",
    "MS2_2": "F6",
    "MS2_3": "F2",
    "MS2_4": "F8",
    "MS3_1": "F10",
    "MS3_2": "F10",
    "MS3_3": "F10",
    "MS3_4": "F1",
    "MS4_1": "F5",
    "MS4_2": "F3",
    "MS4_3": "F6",
    "MS4_4": "F10"
  },
  "sensor": {
    "S1": "F9",
    "S2": "F6",
    "S3": "F10",
    "S4": "F5"
  },
  "fog": {
    "F1": {
      "rho": 1.1095163670986226,
      "capacity": 1.0,
      "tserv": 7.396775780657484,
      "stddev": 7.396775780657484,
      "mu": 0.135194039897085,
      "cv": 1.0,
      "lambda": 0.15,
      "twait": 8198.636948605763
    },
    "F2": {
      "rho": 0.875749583675736,
      "capacity": 1.0,
      "tserv": 5.83833055783824,
      "stddev": 5.83833055783824,
      "mu": 0.1712818399186822,
      "cv": 1.0,
      "lambda": 0.15,
      "twait": 41.15008791636297
    },
    "F3": {
      "rho": 0.7801201042554916,
      "capacity": 1.0,
      "tserv": 5.200800695036611,
      "stddev": 5.200800695036611,
      "mu": 0.1922780853637308,
      "cv": 1.0,
      "lambda": 0.15,
      "twait": 18.452115263590784
    },
    "F4": {
      "rho": 0.4411043874099407,
      "capacity": 1.0,
      "tserv": 2.9406959160662716,
      "stddev": 2.9406959160662716,
      "mu": 0.3400555611807991,
      "cv": 1.0,
      "lambda": 0.15,
      "twait": 2.320923337730275
    },
    "F5": {
      "rho": 0.427703716698815,
      "capacity": 1.0,
      "tserv": 2.8513581113254336,
      "stddev": 2.8513581113254336,
      "mu": 0.3507100690116953,
      "cv": 1.0,
      "lambda": 0.15,
      "twait": 2.1309529651643575
    },
    "F6": {
      "rho": 0.4745618041001169,
      "capacity": 1.0,
      "tserv": 0.7909363401668615,
      "stddev": 1.1664415005782773,
      "mu": 1.2643242562214716,
      "cv": 1.4747602826444877,
      "lambda": 0.6,
      "twait": 1.134005531363938
    },
    "F7": {
      "rho": 0.4026596815683599,
      "capacity": 1.0,
      "tserv": 2.6843978771223993,
      "stddev": 2.684397877122399,
      "mu": 0.372523018484865,
      "cv": 0.9999999999999999,
      "lambda": 0.15,
      "twait": 1.809519232257524
    },
    "F8": {
      "rho": 0.5366722293762516,
      "capacity": 1.0,
      "tserv": 3.577814862508344,
      "stddev": 3.577814862508344,
      "mu": 0.27950020848728807,
      "cv": 1.0,
      "lambda": 0.15,
      "twait": 4.144180427546818
    },
    "F9": {
      "rho": 0.39273478139880447,
      "capacity": 1.0,
      "tserv": 2.6182318759920298,
      "stddev": 2.61823187599203,
      "mu": 0.3819371420726848,
      "cv": 1.0000000000000002,
      "lambda": 0.15,
      "twait": 1.6932811100851137
    },
    "F10": {
      "rho": 0.5591773444178612,
      "capacity": 1.0,
      "tserv": 0.9319622406964353,
      "stddev": 1.0929979560503236,
      "mu": 1.0730048454030945,
      "cv": 1.1727921028576755,
      "lambda": 0.6,
      "twait": 1.404100803727635
    }
  },
  "extra": {
    "deltatime": 0.0105015,
    "obj_func": 2084.987640962654
  },