{
  "servicechain": {
    "SC1": {
      "resptime": 41.59389779527182,
      "resptime_old": 31.59389779527183,
      "waittime": 28.771162711785426,
      "servicetime": 10.0,
      "networktime": 2.8227350834864016,
      "services": {
        "MS1_1": {
          "meanserv": 4.067373524773291,
          "stddevserv": 4.067373524773291,
          "rate": 0.24585890474756392,
          "cv": 1.0,
          "lambda": 0.15
        },
        "MS1_2": {
          "meanserv": 0.3958745790740412,
          "stddevserv": 0.3958745790740412,
          "rate": 2.5260525753864282,
          "cv": 1.0,
          "lambda": 0.15
        },
        "MS1_3": {
          "meanserv": 0.26925982968123297,
          "stddevserv": 0.26925982968123297,
          "rate": 3.7138848419530834,
          "cv": 1.0,
          "lambda": 0.15
        },
        "MS1_4": {
          "meanserv": 0.14253787357901082,
          "stddevserv": 0.14253787357901082,
          "rate": 7.015679235916799,
          "cv": 1.0,
          "lambda": 0.15
        },
        "MS1_5": {
          "meanserv": 0.25509084747451016,
          "stddevserv": 0.25509084747451016,
          "rate": 3.920172008915077,
          "cv": 1.0,
          "lambda": 0.15
        },
        "MS1_6": {
          "meanserv": 0.02864521352119187,
          "stddevserv": 0.02864521352119187,
          "rate": 34.909846256171036,
          "cv": 1.0,
          "lambda": 0.15
        },
        "MS1_7": {
          "meanserv": 1.3729403857402653,
          "stddevserv": 1.3729403857402653,
          "rate": 0.7283637442574155,
          "cv": 1.0,
          "lambda": 0.15
        },
        "MS1_8": {
          "meanserv": 1.159337104695143,
          "stddevserv": 1.159337104695143,
          "rate": 0.8625618864005548,
          "cv": 1.0,
          "lambda": 0.15
        },
        "MS1_9": {
          "meanserv": 1.3500945115977165,
          "stddevserv": 1.3500945115977165,
          "rate": 0.7406888861555249,
          "cv": 1.0,
          "lambda": 0.15
        },
        "MS1_10": {
          "meanserv": 0.0005138615692690252,
          "stddevserv": 0.0005138615692690252,
          "rate": 1946.0494028041699,
          "cv": 1.0,
          "lambda": 0.15
        },
        "MS1_11": {
          "meanserv": 0.8478168046849461,
          "stddevserv": 0.8478168046849461,
          "rate": 1.1795000930320154,
          "cv": 1.0,
          "lambda": 0.15
        },
        "MS1_12": {
          "meanserv": 0.11051546360938147,
          "stddevserv": 0.11051546360938147,
          "rate": 9.048507487916032,
          "cv": 1.0,
          "lambda": 0.15
        }
      },
      "sensors": [
        "S1"
      ],
      "sources": [
        {
          "startTime": 0,
          "stopTime": -1,
          "lambda": 0.15
        }
      ]
    },
    "SC2": {
      "resptime": 40.776906164789764,
      "resptime_old": 30.77690616478976,
      "waittime": 25.032502843985522,
      "servicetime": 10.0,
      "networktime": 5.74440332080424,
      "services": {
        "MS2_1": {
          "meanserv": 0.14723501993293975,
          "stddevserv": 0.14723501993293975,
          "rate": 6.791862428214864,
          "cv": 1.0,
          "lambda": 0.15
        },
        "MS2_2": {
          "meanserv": 1.0154777956539651,
          "stddevserv": 1.0154777956539651,
          "rate": 0.9847581151255036,
          "cv": 1.0,
          "lambda": 0.15
        },
        "MS2_3": {
          "meanserv": 0.37585233100895343,
          "stddevserv": 0.37585233100895343,
          "rate": 2.6606193909069527,
          "cv": 1.0,
          "lambda": 0.15
        },
        "MS2_4": {
          "meanserv": 1.5445084041001866,
          "stddevserv": 1.5445084041001866,
          "rate": 0.6474552015031533,
          "cv": 1.0,
          "lambda": 0.15
        },
        "MS2_5": {
          "meanserv": 0.11601647554140193,
          "stddevserv": 0.11601647554140193,
          "rate": 8.619465427935168,
          "cv": 1.0,
          "lambda": 0.15
        },
        "MS2_6": {
          "meanserv": 2.8900890682580984,
          "stddevserv": 2.8900890682580984,
          "rate": 0.3460100973990797,
          "cv": 1.0,
          "lambda": 0.15
        },
        "MS2_7": {
          "meanserv": 0.9723395217516142,
          "stddevserv": 0.9723395217516142,
          "rate": 1.0284473454278162,
          "cv": 1.0,
          "lambda": 0.15
        },
        "MS2_8": {
          "meanserv": 0.06852402655245182,
          "stddevserv": 0.06852402655245182,
          "rate": 14.593421465601535,
          "cv": 1.0,
          "lambda": 0.15
        },
        "MS2_9": {
          "meanserv": 1.060003559295148,
          "stddevserv": 1.060003559295148,
          "rate": 0.9433930586657204,
          "cv": 1.0,
          "lambda": 0.15
        },
        "MS2_10": {
          "meanserv": 0.32765667666396503,
          "stddevserv": 0.32765667666396503,
          "rate": 3.0519750434555326,
          "cv": 1.0,
          "lambda": 0.15
        },
        "MS2_11": {
          "meanserv": 0.7229942597589645,
          "stddevserv": 0.7229942597589645,
          "rate": 1.3831368458352424,
          "cv": 1.0,
          "lambda": 0.15
        },
        "MS2_12": {
          "meanserv": 0.7593028614823112,
          "stddevserv": 0.7593028614823112,
          "rate": 1.316997539095006,
          "cv": 1.0,
          "lambda": 0.15
        }
      },
      "sensors": [
        "S2"
      ],
      "sources": [
        {
          "startTime": 0,
          "stopTime": -1,
          "lambda": 0.15
        }
      ]
    },
    "SC3": {
      "resptime": 38.40344266831295,
      "resptime_old": 28.403442668312955,
      "waittime": 25.1345801046146,
      "servicetime": 10.0,
      "networktime": 3.268862563698348,
      "services": {
        "MS3_1": {
          "meanserv": 0.3034479478780938,
          "stddevserv": 0.3034479478780938,
          "rate": 3.295458107371142,
          "cv": 1.0,
          "lambda": 0.15
        },
        "MS3_2": {
          "meanserv": 0.748990462394703,
          "stddevserv": 0.748990462394703,
          "rate": 1.3351304859113413,
          "cv": 1.0,
          "lambda": 0.15
        },
        "MS3_3": {
          "meanserv": 0.3271788150895216,
          "stddevserv": 0.3271788150895216,
          "rate": 3.056432610792307,
          "cv": 1.0,
          "lambda": 0.15
        },
        "MS3_4": {
          "meanserv": 0.3666176126086562,
          "stddevserv": 0.3666176126086562,
          "rate": 2.7276376409865613,
          "cv": 1.0,
          "lambda": 0.15
        },
        "MS3_5": {
          "meanserv": 1.2450487288617285,
          "stddevserv": 1.2450487288617285,
          "rate": 0.8031814151677731,
          "cv": 1.0,
          "lambda": 0.15
        },
        "MS3_6": {
          "meanserv": 0.5722804905092524,
          "stddevserv": 0.5722804905092524,
          "rate": 1.7473948816779248,
          "cv": 1.0,
          "lambda": 0.15
        },
        "MS3_7": {
          "meanserv": 1.001506963410689,
          "stddevserv": 1.001506963410689,
          "rate": 0.99849530411096,
          "cv": 1.0,
          "lambda": 0.15
        },
        "MS3_8": {
          "meanserv": 0.03522519167711469,
          "stddevserv": 0.03522519167711469,
          "rate": 28.388773840219752,
          "cv": 1.0,
          "lambda": 0.15
        },
        "MS3_9": {
          "meanserv": 1.3511769468446158,
          "stddevserv": 1.3511769468446158,
          "rate": 0.7400955162351502,
          "cv": 1.0,
          "lambda": 0.15
        },
        "MS3_10": {
          "meanserv": 1.8873277273497893,
          "stddevserv": 1.8873277273497893,
          "rate": 0.5298496840314074,
          "cv": 1.0,
          "lambda": 0.15
        },
        "MS3_11": {
          "meanserv": 1.2700426521559924,
          "stddevserv": 1.2700426521559924,
          "rate": 0.787375131301634,