{
  "servicechain": {
    "SC1": {
      "resptime": 45.61056313961411,
      "resptime_old": 35.610563139614115,
      "waittime": 30.34308249166465,
      "servicetime": 10.0,
      "networktime": 5.267480647949461,
      "services": {
        "MS1_1": {
          "meanserv": 1.0792294332735708,
          "stddevserv": 1.0792294332735708,
          "rate": 0.9265870343868882,
          "cv": 1.0,
          "lambda": 0.15
        },
        "MS1_2": {
          "meanserv": 1.7373855787886991,
          "stddevserv": 1.7373855787886991,
          "rate": 0.5755774723865255,
          "cv": 1.0,
          "lambda": 0.15
        },
        "MS1_3": {
          "meanserv": 0.11079237208083814,
          "stddevserv": 0.11079237208083814,
          "rate": 9.025892136963758,
          "cv": 1.0,
          "lambda": 0.15
        },
        "MS1_4": {
          "meanserv": 0.06630844798306113,
          "stddevserv": 0.06630844798306113,
          "rate": 15.08103462556469,
          "cv": 1.0,
          "lambda": 0.15
        },
        "MS1_5": {
          "meanserv": 0.4482759300358343,
          "stddevserv": 0.4482759300358343,
          "rate": 2.230768892543621,
          "cv": 1.0,
          "lambda": 0.15
        },
        "MS1_6": {
          "meanserv": 0.12854529553669014,
          "stddevserv": 0.12854529553669014,
          "rate": 7.779358986456056,
          "cv": 1.0,
          "lambda": 0.15
        },
        "MS1_7": {
          "meanserv": 0.7107158154888893,
          "stddevserv": 0.7107158154888893,
          "rate": 1.4070321473177252,
          "cv": 1.0,
          "lambda": 0.15
        },
        "MS1_8": {
          "meanserv": 0.6137470620320471,
          "stddevserv": 0.6137470620320471,
          "rate": 1.629335701728841,
          "cv": 1.0,
          "lambda": 0.15
        },
        "MS1_9": {
          "meanserv": 4.7642680198713805,
          "stddevserv": 4.7642680198713805,
          "rate": 0.20989583202059164,
          "cv": 1.0,
          "lambda": 0.15
        },
        "MS1_10": {
          "meanserv": 0.34073204490898945,
          "stddevserv": 0.34073204490898945,
          "rate": 2.9348575073621355,
          "cv": 1.0,
          "lambda": 0.15
        }
      },
      "sensors": [
        "S1"
      ],
      "sources": [
        {
          "startTime": 0,
          "stopTime": -1,
          "lambda": 0.15
        }
      ]
    },
    "SC2": {
      "resptime": 33.90194857440036,
      "resptime_old": 23.901948574400357,
      "waittime": 20.31703138191025,
      "servicetime": 10.0,
      "networktime": 3.5849171924901073,
      "services": {
        "MS2_1": {
          "meanserv": 2.5731611886067696,
          "stddevserv": 2.5731611886067696,
          "rate": 0.3886270337154615,
          "cv": 1.0,
          "lambda": 0.15
        },
        "MS2_2": {
          "meanserv": 0.10353177636093447,
          "stddevserv": 0.10353177636093447,
          "rate": 9.658870301942668,
          "cv": 1.0,
          "lambda": 0.15
        },
        "MS2_3": {
          "meanserv": 1.6425878142469754,
          "stddevserv": 1.6425878142469754,
          "rate": 0.6087954575861979,
          "cv": 1.0,
          "lambda": 0.15
        },
        "MS2_4": {
          "meanserv": 0.06870337175992258,
          "stddevserv": 0.06870337175992258,
          "rate": 14.555326389138589,
          "cv": 1.0,
          "lambda": 0.15
        },
        "MS2_5": {
          "meanserv": 0.6803447374965241,
          "stddevserv": 0.6803447374965241,
          "rate": 1.469843073497881,
          "cv": 1.0,
          "lambda": 0.15
        },
        "MS2_6": {
          "meanserv": 2.6404598360718508,
          "stddevserv": 2.6404598360718508,
          "rate": 0.37872191288002177,
          "cv": 1.0,
          "lambda": 0.15
        },
        "MS2_7": {
          "meanserv": 0.591799985663588,
          "stddevserv": 0.591799985663588,
          "rate": 1.6897600950069227,
          "cv": 1.0,
          "lambda": 0.15
        },
        "MS2_8": {
          "meanserv": 1.4761381375092029,
          "stddevserv": 1.4761381375092029,
          "rate": 0.6774433737532004,
          "cv": 1.0,
          "lambda": 0.15
        },
        "MS2_9": {
          "meanserv": 0.1181860849975287,
          "stddevserv": 0.1181860849975287,
          "rate": 8.461232978661661,
          "cv": 1.0,
          "lambda": 0.15
        },
        "MS2_10": {
          "meanserv": 0.10508706728670347,
          "stddevserv": 0.10508706728670347,
          "rate": 9.515918807323388,
          "cv": 1.0,
          "lambda": 0.15
        }
      },
      "sensors": [
        "S2"
      ],
      "sources": [
        {
          "startTime": 0,
          "stopTime": -1,
          "lambda": 0.15
        }
      ]
    },
    "SC3": {
      "resptime": 35.49642268834964,
      "resptime_old": 25.49642268834964,
      "waittime": 22.735354555110412,
      "servicetime": 10.0,
      "networktime": 2.7610681332392266,
      "services": {
        "MS3_1": {
          "meanserv": 3.5261097224247973,
          "stddevserv": 3.5261097224247973,
          "rate": 0.2835986621857957,
          "cv": 1.0,
          "lambda": 0.15
        },
        "MS3_2": {
          "meanserv": 1.4906757652510816,
          "stddevserv": 1.4906757652510816,
          "rate": 0.6708366925329099,
          "cv": 1.0,
          "lambda": 0.15
        },
        "MS3_3": {
          "meanserv": 0.5552161341830573,
          "stddevserv": 0.5552161341830573,
          "rate": 1.801100397544095,
          "cv": 1.0,
          "lambda": 0.15
        },
        "MS3_4": {
          "meanserv": 1.2340175249681664,
          "stddevserv": 1.2340175249681664,
          "rate": 0.8103612629211215,
          "cv": 1.0,
          "lambda": 0.15
        },
        "MS3_5": {
          "meanserv": 0.3098915749115472,
          "stddevserv": 0.3098915749115472,
          "rate": 3.2269350991082333,
          "cv": 1.0,
          "lambda": 0.15
        },
        "MS3_6": {
          "meanserv": 0.04438590727484204,
          "stddevserv": 0.04438590727484204,
          "rate": 22.529673524704556,
          "cv": 1.0,
          "lambda": 0.15
        },
        "MS3_7": {
          "meanserv": 0.08313028502632758,
          "stddevserv": 0.08313028502632758,
          "rate": 12.029310373268869,
          "cv": 1.0,
          "lambda": 0.15
        },
        "MS3_8": {
          "meanserv": 1.303269790706958,
          "stddevserv": 1.303269790706958,
          "rate": 0.7673008360437409,
          "cv": 1.0,
          "lambda": 0.15
        },
        "MS3_9": {
          "meanserv": 0.2351039608288481,
          "stddevserv": 0.2351039608288481,
          "rate": 4.253437485589552,
          "cv": 1.0,
          "lambda": 0.15
        },
        "MS3_10": {
          "meanserv": 1.2181993344243747,
          "stddevserv": 1.2181993344243747,
          "rate": 0.8208837188968926,
          "cv": 1.0,
          "lambda": 0.15
        }
      },
      "sensors": [
        "S3"
      ],
      "sources": [
        {
          "startTime": 0,
          "stopTime": -1,
          "lambda": 0.15
        }
      ]
    },
    "SC4": {
      "resptime": 36.71989841435534,
      "resptime_old": 26.71989841435534,
      "waittime": 19.40217051507005,
      "servicetime": 10.0,
      "networktime": 7.317727899285288,
      "services": {
        "MS4_1": {
          "meanserv": 1.4725027121701517,
          "stddevserv": 1.4725027121701517,
          "rate": 0.6791158968571375,
          "cv": 1.0,
          "lambda": 0.15
        },
        "MS4_2": {
          "meanserv": 1.7038327486863611,
          "stddevserv": 1.7038327486863611,
          "rate": 0.5869120667923483,
          "cv": 1.0,
          "lambda": 0.15
        },
        "MS4_3": {
          "meanserv": 0.7096547587356161,
          "stddevserv": 0.7096547587356161,
          "rate": 1.4091359040298534,
          "cv": 1.0,