{
  "servicechain": {
    "SC1": {
      "resptime": 31.09546799504918,
      "resptime_old": 21.095467995049184,
      "waittime": 17.084805256214118,
      "servicetime": 10.0,
      "networktime": 4.010662738835062,
      "services": {
        "MS1_1": {
          "meanserv": 1.0543493639458057,
          "stddevserv": 1.0543493639458057,
          "rate": 0.9484522248466029,
          "cv": 1.0,
          "lambda": 0.15
        },
        "MS1_2": {
          "meanserv": 0.48093732788727417,
          "stddevserv": 0.48093732788727417,
          "rate": 2.0792729988186482,
          "cv": 1.0,
          "lambda": 0.15
        },
        "MS1_3": {
          "meanserv": 3.678392518905386,
          "stddevserv": 3.678392518905386,
          "rate": 0.2718578821755486,
          "cv": 1.0,
          "lambda": 0.15
        },
        "MS1_4": {
          "meanserv": 1.082086626796272,
          "stddevserv": 1.082086626796272,
          "rate": 0.924140429459603,
          "cv": 1.0,
          "lambda": 0.15
        },
        "MS1_5": {
          "meanserv": 1.9478033304427544,
          "stddevserv": 1.9478033304427544,
          "rate": 0.513398855197917,
          "cv": 1.0,
          "lambda": 0.15
        },
        "MS1_6": {
          "meanserv": 1.7564308320225077,
          "stddevserv": 1.7564308320225077,
          "rate": 0.5693363961554425,
          "cv": 1.0,
          "lambda": 0.15
        }
      },
      "sensors": [
        "S1"
      ],
      "sources": [
        {
          "startTime": 0,
          "stopTime": -1,
          "lambda": 0.15
        }
      ]
    },
    "SC2": {
      "resptime": 37.52034364709186,
      "resptime_old": 27.520343647091867,
      "waittime": 25.023049147333822,
      "servicetime": 10.0,
      "networktime": 2.4972944997580435,
      "services": {
        "MS2_1": {
          "meanserv": 1.3014191935099328,
          "stddevserv": 1.3014191935099328,
          "rate": 0.768391925512483,
          "cv": 1.0,
          "lambda": 0.15
        },
        "MS2_2": {
          "meanserv": 1.4670939742497022,
          "stddevserv": 1.4670939742497022,
          "rate": 0.6816195946216859,
          "cv": 1.0,
          "lambda": 0.15
        },
        "MS2_3": {
          "meanserv": 5.117777455531391,
          "stddevserv": 5.117777455531391,
          "rate": 0.19539732016271655,
          "cv": 1.0,
          "lambda": 0.15
        },
        "MS2_4": {
          "meanserv": 0.6288734356709567,
          "stddevserv": 0.6288734356709567,
          "rate": 1.5901450805170068,
          "cv": 1.0,
          "lambda": 0.15
        },
        "MS2_5": {
          "meanserv": 0.44839758078159875,
          "stddevserv": 0.44839758078159875,
          "rate": 2.2301636825446445,
          "cv": 1.0,
          "lambda": 0.15
        },
        "MS2_6": {
          "meanserv": 1.036438360256419,
          "stddevserv": 1.036438360256419,
          "rate": 0.9648427136106735,
          "cv": 1.0,
          "lambda": 0.15
        }
      },
      "sensors": [
        "S2"
      ],
      "sources": [
        {
          "startTime": 0,
          "stopTime": -1,
          "lambda": 0.15
        }
      ]
    },
    "SC3": {
      "resptime": 27.57639900987605,
      "resptime_old": 17.57639900987605,
      "waittime": 12.476732412815371,
      "servicetime": 10.0,
      "networktime": 5.099666597060676,
      "services": {
        "MS3_1": {
          "meanserv": 1.6604607692417783,
          "stddevserv": 1.6604607692417783,
          "rate": 0.6022424730074372,
          "cv": 1.0,
          "lambda": 0.15
        },
        "MS3_2": {
          "meanserv": 3.4343194094552763,
          "stddevserv": 3.4343194094552763,
          "rate": 0.29117850752228425,
          "cv": 1.0,
          "lambda": 0.15
        },
        "MS3_3": {
          "meanserv": 0.481704408658306,
          "stddevserv": 0.481704408658306,
          "rate": 2.075961901169445,
          "cv": 1.0,
          "lambda": 0.15
        },
        "MS3_4": {
          "meanserv": 2.8860879602949607,
          "stddevserv": 2.8860879602949607,
          "rate": 0.34648978609016445,
          "cv": 1.0,
          "lambda": 0.15
        },
        "MS3_5": {
          "meanserv": 0.15090515308929575,
          "stddevserv": 0.15090515308929575,
          "rate": 6.626678940567826,
          "cv": 1.0,
          "lambda": 0.15
        },
        "MS3_6": {
          "meanserv": 1.386522299260383,
          "stddevserv": 1.386522299260383,
          "rate": 0.7212289340989563,
          "cv": 1.0,
          "lambda": 0.15
        }
      },
      "sensors": [
        "S3"
      ],
      "sources": [
        {
          "startTime": 0,
          "stopTime": -1,
          "lambda": 0.15
        }
      ]
    },
    "SC4": {
      "resptime": 32.316516756072645,
      "resptime_old": 22.316516756072645,
      "waittime": 19.44720658781349,
      "servicetime": 10.0,
      "networktime": 2.8693101682591537,
      "services": {
        "MS4_1": {
          "meanserv": 2.4045914845649197,
          "stddevserv": 2.4045914845649197,
          "rate": 0.4158710560271893,
          "cv": 1.0,
          "lambda": 0.15
        },
        "MS4_2": {
          "meanserv": 2.123512039384093,
          "stddevserv": 2.123512039384093,
          "rate": 0.4709179799564695,
          "cv": 1.0,
          "lambda": 0.15
        },
        "MS4_3": {
          "meanserv": 2.984031805499363,
          "stddevserv": 2.984031805499363,
          "rate": 0.3351170715262048,
          "cv": 1.0,
          "lambda": 0.15
        },
        "MS4_4": {
          "meanserv": 0.9900218408516599,
          "stddevserv": 0.9900218408516599,
          "rate": 1.0100787262832065,
          "cv": 1.0,
          "lambda": 0.15
        },
        "MS4_5": {
          "meanserv": 1.0381470674365065,
          "stddevserv": 1.0381470674365065,
          "rate": 0.9632546595438516,
          "cv": 1.0,
          "lambda": 0.15
        },
        "MS4_6": {
          "meanserv": 0.45969576226345765,
          "stddevserv": 0.45969576226345765,
          "rate": 2.1753517915331293,
          "cv": 1.0,
          "lambda": 0.15
        }
      },
      "sensors": [
        "S4"
      ],
      "sources": [
        {
          "startTime": 0,
          "stopTime": -1,
          "lambda": 0.15
        }
      ]
    }
  },
  "microservice": {
    "MS1_1": "F7",
    "MS1_2": "F7",
    "MS1_3": "F5",
    "MS1_4": "F3",
    "MS1_5": "F10",
    "MS1_6": "F10",
    "MS2_1": "F7",
    "MS2_2": "F7",
    "MS2_3": "F6",
    "MS2_4": "F9",
    "MS2_5": "F9",
    "MS2_6": "F9",
    "MS3_1": "F1",
    "MS3_2": "F2",
    "MS3_3": "F9",
    "MS3_4": "F3",
    "MS3_5": "F1",
    "MS3_6": "F1",
    "MS4_1": "F4",
    "MS4_2": "F4",
    "MS4_3": "F8",
    "MS4_4": "F8",
    "MS4_5": "F9",
    "MS4_6": "F9"
  },
  "sensor": {
    "S1": "F7",
    "S2": "F7",
    "S3": "F1",
    "S4": "F4"
  },
  "fog": {
    "F1": {
      "rho": 0.4796832332387185,
      "capacity": 1.0,
      "tserv": 1.0659627405304857,
      "stddev": 1.413725945027844,
      "mu": 0.9381190936395594,
      "cv": 1.3262433022042506,
      "lambda": 0.44999999999999996,
      "twait": 1.355620283112156
    },
    "F2": {
      "rho": 0.5151479114182914,
      "capacity": 1.0,
      "tserv": 3.4343194094552763,
      "stddev": 3.4343194094552763,
      "mu": 0.29117850752228425,
      "cv": 1.0,
      "lambda": 0.15,
      "twait": 3.648911725015779
    },
    "F3": {
      "rho": 0.5952261880636849,
      "capacity": 1.0,
      "tserv": 1.9840872935456164,
      "stddev": 2.3587735783753585,
      "mu": 0.5040100822444025,
      "cv": 1.1888456652328878,
      "lambda": 0.3,
      "twait": 3.520638527849821
    },
    "F4": {
      "rho": 0.6792155285923519,
      "capacity": 1.0,
      "tserv": 2.2640517619745064,
      "stddev": 2.2727589419363086,
      "mu": 0.44168601477904734,
      "cv": 1.0038458396172925,
      "lambda": 0.3,