{
  "servicechain": {
    "SC1": {
      "resptime": 103.51859853899927,
      "resptime_old": 93.51859853899927,
      "waittime": 84.78836948947733,
      "servicetime": 10.0,
      "networktime": 8.730229049521935,
      "services": {
        "MS1_1": {
          "meanserv": 1.1161978989647536,
          "stddevserv": 1.1161978989647536,
          "rate": 0.8958984790488099,
          "cv": 1.0,
          "lambda": 0.225
        },
        "MS1_2": {
          "meanserv": 3.31276971224853,
          "stddevserv": 3.31276971224853,
          "rate": 0.30186221405690583,
          "cv": 1.0,
          "lambda": 0.225
        },
        "MS1_3": {
          "meanserv": 2.5191322334243376,
          "stddevserv": 2.5191322334243376,
          "rate": 0.3969620914423646,
          "cv": 1.0,
          "lambda": 0.225
        },
        "MS1_4": {
          "meanserv": 2.662293464357873,
          "stddevserv": 2.662293464357873,
          "rate": 0.37561599177091215,
          "cv": 1.0,
          "lambda": 0.225
        },
        "MS1_5": {
          "meanserv": 0.38960669100450573,
          "stddevserv": 0.38960669100450573,
          "rate": 2.566691032491624,
          "cv": 1.0,
          "lambda": 0.225
        }
      },
      "sensors": [
        "S1"
      ],
      "sources": [
        {
          "startTime": 0,
          "stopTime": -1,
          "lambda": 0.225
        }
      ]
    },
    "SC2": {
      "resptime": 108.71973269456731,
      "resptime_old": 98.71973269456731,
      "waittime": 90.18950810068286,
      "servicetime": 10.0,
      "networktime": 8.530224593884455,
      "services": {
        "MS2_1": {
          "meanserv": 1.7027415615973707,
          "stddevserv": 1.7027415615973707,
          "rate": 0.5872881842749426,
          "cv": 1.0,
          "lambda": 0.225
        },
        "MS2_2": {
          "meanserv": 0.6795540133292632,
          "stddevserv": 0.6795540133292632,
          "rate": 1.471553372337265,
          "cv": 1.0,
          "lambda": 0.225
        },
        "MS2_3": {
          "meanserv": 3.864690252973799,
          "stddevserv": 3.864690252973799,
          "rate": 0.25875294901849394,
          "cv": 1.0,
          "lambda": 0.225
        },
        "MS2_4": {
          "meanserv": 1.7333800446051093,
          "stddevserv": 1.7333800446051093,
          "rate": 0.5769075299512955,
          "cv": 1.0,
          "lambda": 0.225
        },
        "MS2_5": {
          "meanserv": 2.0196341274944576,
          "stddevserv": 2.0196341274944576,
          "rate": 0.4951391870371057,
          "cv": 1.0,
          "lambda": 0.225
        }
      },
      "sensors": [
        "S2"
      ],
      "sources": [
        {
          "startTime": 0,
          "stopTime": -1,
          "lambda": 0.225
        }
      ]
    },
    "SC3": {
      "resptime": 5087.855611639879,
      "resptime_old": 5077.855611639879,
      "waittime": 5071.232785174009,
      "servicetime": 10.0,
      "networktime": 6.622826465869363,
      "services": {
        "MS3_1": {
          "meanserv": 1.7669274368084253,
          "stddevserv": 1.7669274368084253,
          "rate": 0.5659541977605402,
          "cv": 1.0,
          "lambda": 0.225
        },
        "MS3_2": {
          "meanserv": 0.8441603323930802,
          "stddevserv": 0.8441603323930802,
          "rate": 1.1846090862444763,
          "cv": 1.0,
          "lambda": 0.225
        },
        "MS3_3": {
          "meanserv": 4.720798237827649,
          "stddevserv": 4.720798237827649,
          "rate": 0.21182858271447033,
          "cv": 1.0,
          "lambda": 0.225
        },
        "MS3_4": {
          "meanserv": 0.21684308999546076,
          "stddevserv": 0.21684308999546076,
          "rate": 4.611629542914802,
          "cv": 1.0,
          "lambda": 0.225
        },
        "MS3_5": {
          "meanserv": 2.4512709029753843,
          "stddevserv": 2.4512709029753843,
          "rate": 0.40795164613841217,
          "cv": 1.0,
          "lambda": 0.225
        }
      },
      "sensors": [
        "S3"
      ],
      "sources": [
        {
          "startTime": 0,
          "stopTime": -1,
          "lambda": 0.225
        }
      ]
    },
    "SC4": {
      "resptime": 110.1556239322162,
      "resptime_old": 100.1556239322162,
      "waittime": 93.32365183540018,
      "servicetime": 10.0,
      "networktime": 6.831972096816023,
      "services": {
        "MS4_1": {
          "meanserv": 1.0006386717924831,
          "stddevserv": 1.0006386717924831,
          "rate": 0.9993617358488264,
          "cv": 1.0,
          "lambda": 0.225
        },
        "MS4_2": {
          "meanserv": 1.5974553401273959,
          "stddevserv": 1.5974553401273959,
          "rate": 0.6259955911632877,
          "cv": 1.0,
          "lambda": 0.225
        },
        "MS4_3": {
          "meanserv": 2.9677613163491783,
          "stddevserv": 2.9677613163491783,
          "rate": 0.3369543212559156,
          "cv": 1.0,
          "lambda": 0.225
        },
        "MS4_4": {
          "meanserv": 2.8865225439172733,
          "stddevserv": 2.8865225439172733,
          "rate": 0.3464376199338146,
          "cv": 1.0,
          "lambda": 0.225
        },
        "MS4_5": {
          "meanserv": 1.5476221278136695,
          "stddevserv": 1.5476221278136695,
          "rate": 0.6461525601295861,
          "cv": 1.0,
          "lambda": 0.225
        }
      },
      "sensors": [
        "S4"
      ],
      "sources": [
        {
          "startTime": 0,
          "stopTime": -1,
          "lambda": 0.225
        }
      ]
    }
  },
  "microservice": {
    "MS1_1": "F5",
    "MS1_2": "F3",
    "MS1_3": "F6",
    "MS1_4": "F5",
    "MS1_5": "F10",
    "MS2_1": "F8",
    "MS2_2": "F3",
    "MS2_3": "F2",
    "MS2_4": "F10",
    "MS2_5": "F8",
    "MS3_1": "F10",
    "MS3_2": "F4",
    "MS3_3": "F1",
    "MS3_4": "F8",
    "MS3_5": "F7",
    "MS4_1": "F9",
    "MS4_2": "F7",
    "MS4_3": "F4",
    "MS4_4": "F9",
    "MS4_5": "F6"
  },
  "sensor": {
    "S1": "F5",
    "S2": "F8",
    "S3": "F10",
    "S4": "F9"
  },
  "fog": {
    "F1": {
      "rho": 1.0621796035112212,
      "capacity": 1.0,
      "tserv": 4.720798237827649,
      "stddev": 4.720798237827649,
      "mu": 0.21182858271447033,
      "cv": 1.0,
      "lambda": 0.225,
      "twait": 5009.321264911728
    },
    "F2": {
      "rho": 0.8695553069191049,
      "capacity": 1.0,
      "tserv": 3.864690252973799,
      "stddev": 3.864690252973799,
      "mu": 0.25875294901849394,
      "cv": 1.0,
      "lambda": 0.225,
      "twait": 25.762350615427927
    },
    "F3": {
      "rho": 0.8982728382550034,
      "capacity": 1.0,
      "tserv": 1.9961618627888966,
      "stddev": 2.729757249458325,
      "mu": 0.5009613792555232,
      "cv": 1.3675029567214056,
      "lambda": 0.45,
      "twait": 25.294653277759018
    },
    "F4": {
      "rho": 0.8576823709670083,
      "capacity": 1.0,
      "tserv": 1.9059608243711295,
      "stddev": 2.426422723592723,
      "mu": 0.524669755649332,
      "cv": 1.2730706174893809,
      "lambda": 0.45,
      "twait": 15.051179123174343
    },
    "F5": {
      "rho": 0.8501605567475912,
      "capacity": 1.0,
      "tserv": 1.8892456816613135,
      "stddev": 2.1827631558050573,
      "mu": 0.5293117828490401,
      "cv": 1.155362257536372,
      "lambda": 0.45,
      "twait": 12.513951021861198
    },
    "F6": {
      "rho": 0.9150197312785519,
      "capacity": 1.0,
      "tserv": 2.033377180619004,
      "stddev": 2.1462848602443043,
      "mu": 0.4917926735538452,
      "cv": 1.0555271696276876,
      "lambda": 0.45,
      "twait": 23.143740989350515
    },
    "F7": {
      "rho": 0.9109634046981255,
      "capacity": 1.0,
      "tserv": 2.02436312155139,
      "stddev": 2.1124740366636465,
      "mu": 0.49398252188749636,
      "cv": 1.0435252520529676,
      "lambda": 0.45,
      "twait": 21.63305244603608
    },
    "F8": {
      "rho": 0.8863242252946402,