{
  "servicechain": {
    "SC1": {
      "resptime": 34.51192284355135,
      "resptime_old": 24.511922843551353,
      "waittime": 17.66287816454395,
      "servicetime": 10.0,
      "networktime": 6.849044679007405,
      "services": {
        "MS1_1": {
          "meanserv": 0.6013112108029295,
          "stddevserv": 0.6013112108029295,
          "rate": 1.6630323566804988,
          "cv": 1.0,
          "lambda": 0.15
        },
        "MS1_2": {
          "meanserv": 0.298507441135486,
          "stddevserv": 0.298507441135486,
          "rate": 3.350000241857026,
          "cv": 1.0,
          "lambda": 0.15
        },
        "MS1_3": {
          "meanserv": 4.0880311559418505,
          "stddevserv": 4.0880311559418505,
          "rate": 0.24461653100332298,
          "cv": 1.0,
          "lambda": 0.15
        },
        "MS1_4": {
          "meanserv": 1.5774180957287491,
          "stddevserv": 1.5774180957287491,
          "rate": 0.6339473362881712,
          "cv": 1.0,
          "lambda": 0.15
        },
        "MS1_5": {
          "meanserv": 0.16460802765478721,
          "stddevserv": 0.16460802765478721,
          "rate": 6.075037859618734,
          "cv": 1.0,
          "lambda": 0.15
        },
        "MS1_6": {
          "meanserv": 2.244452460257346,
          "stddevserv": 2.244452460257346,
          "rate": 0.4455429632425101,
          "cv": 1.0,
          "lambda": 0.15
        },
        "MS1_7": {
          "meanserv": 0.20328583832241875,
          "stddevserv": 0.20328583832241875,
          "rate": 4.9191818193157335,
          "cv": 1.0,
          "lambda": 0.15
        },
        "MS1_8": {
          "meanserv": 0.13547314497758833,
          "stddevserv": 0.13547314497758833,
          "rate": 7.381536762621349,
          "cv": 1.0,
          "lambda": 0.15
        },
        "MS1_9": {
          "meanserv": 0.6869126251788451,
          "stddevserv": 0.6869126251788451,
          "rate": 1.4557892275449722,
          "cv": 1.0,
          "lambda": 0.15
        }
      },
      "sensors": [
        "S1"
      ],
      "sources": [
        {
          "startTime": 0,
          "stopTime": -1,
          "lambda": 0.15
        }
      ]
    },
    "SC2": {
      "resptime": 27.38429742389618,
      "resptime_old": 17.38429742389618,
      "waittime": 13.715652859630918,
      "servicetime": 10.0,
      "networktime": 3.6686445642652608,
      "services": {
        "MS2_1": {
          "meanserv": 0.11326449400973271,
          "stddevserv": 0.11326449400973271,
          "rate": 8.828892132022158,
          "cv": 1.0,
          "lambda": 0.15
        },
        "MS2_2": {
          "meanserv": 0.9723242767768503,
          "stddevserv": 0.9723242767768503,
          "rate": 1.0284634703505415,
          "cv": 1.0,
          "lambda": 0.15
        },
        "MS2_3": {
          "meanserv": 0.19339987595248354,
          "stddevserv": 0.19339987595248354,
          "rate": 5.170634133424627,
          "cv": 1.0,
          "lambda": 0.15
        },
        "MS2_4": {
          "meanserv": 1.6011232836531317,
          "stddevserv": 1.6011232836531317,
          "rate": 0.6245615251552613,
          "cv": 1.0,
          "lambda": 0.15
        },
        "MS2_5": {
          "meanserv": 2.4179658168947267,
          "stddevserv": 2.4179658168947267,
          "rate": 0.4135707763165363,
          "cv": 1.0,
          "lambda": 0.15
        },
        "MS2_6": {
          "meanserv": 3.2695550304203422,
          "stddevserv": 3.2695550304203422,
          "rate": 0.30585201677166374,
          "cv": 1.0,
          "lambda": 0.15
        },
        "MS2_7": {
          "meanserv": 0.1368416395137757,
          "stddevserv": 0.1368416395137757,
          "rate": 7.307717179896336,
          "cv": 1.0,
          "lambda": 0.15
        },
        "MS2_8": {
          "meanserv": 0.640723968656081,
          "stddevserv": 0.640723968656081,
          "rate": 1.5607344955386961,
          "cv": 1.0,
          "lambda": 0.15
        },
        "MS2_9": {
          "meanserv": 0.6548016141228761,
          "stddevserv": 0.6548016141228761,
          "rate": 1.527180108344,
          "cv": 1.0,
          "lambda": 0.15
        }
      },
      "sensors": [
        "S2"
      ],
      "sources": [
        {
          "startTime": 0,
          "stopTime": -1,
          "lambda": 0.15
        }
      ]
    },
    "SC3": {
      "resptime": 32.5036794607785,
      "resptime_old": 22.5036794607785,
      "waittime": 18.82760796147936,
      "servicetime": 10.0,
      "networktime": 3.67607149929914,
      "services": {
        "MS3_1": {
          "meanserv": 2.7434165757418736,
          "stddevserv": 2.7434165757418736,
          "rate": 0.36450898811442095,
          "cv": 1.0,
          "lambda": 0.15
        },
        "MS3_2": {
          "meanserv": 1.4793718636619904,
          "stddevserv": 1.4793718636619904,
          "rate": 0.6759625653043256,
          "cv": 1.0,
          "lambda": 0.15
        },
        "MS3_3": {
          "meanserv": 0.2078573780168993,
          "stddevserv": 0.2078573780168993,
          "rate": 4.810991120645704,
          "cv": 1.0,
          "lambda": 0.15
        },
        "MS3_4": {
          "meanserv": 0.12817483250343376,
          "stddevserv": 0.12817483250343376,
          "rate": 7.801843626151884,
          "cv": 1.0,
          "lambda": 0.15
        },
        "MS3_5": {
          "meanserv": 0.20786168259004967,
          "stddevserv": 0.20786168259004967,
          "rate": 4.810891490627576,
          "cv": 1.0,
          "lambda": 0.15
        },
        "MS3_6": {
          "meanserv": 1.4655393832621249,
          "stddevserv": 1.4655393832621249,
          "rate": 0.6823426319490051,
          "cv": 1.0,
          "lambda": 0.15
        },
        "MS3_7": {
          "meanserv": 2.540679220859425,
          "stddevserv": 2.540679220859425,
          "rate": 0.3935955361030324,
          "cv": 1.0,
          "lambda": 0.15
        },
        "MS3_8": {
          "meanserv": 1.1043361438229606,
          "stddevserv": 1.1043361438229606,
          "rate": 0.9055213900164739,
          "cv": 1.0,
          "lambda": 0.15
        },
        "MS3_9": {
          "meanserv": 0.12276291954124297,
          "stddevserv": 0.12276291954124297,
          "rate": 8.14578216074475,
          "cv": 1.0,
          "lambda": 0.15
        }
      },
      "sensors": [
        "S3"
      ],
      "sources": [
        {
          "startTime": 0,
          "stopTime": -1,
          "lambda": 0.15
        }
      ]
    },
    "SC4": {
      "resptime": 35.92354093433411,
      "resptime_old": 25.923540934334113,
      "waittime": 22.81519574305596,
      "servicetime": 10.0,
      "networktime": 3.1083451912781523,
      "services": {
        "MS4_1": {
          "meanserv": 0.12885749089842968,
          "stddevserv": 0.12885749089842968,
          "rate": 7.760511189747111,
          "cv": 1.0,
          "lambda": 0.15
        },
        "MS4_2": {
          "meanserv": 0.9510966252384045,
          "stddevserv": 0.9510966252384045,
          "rate": 1.0514178827512264,
          "cv": 1.0,
          "lambda": 0.15
        },
        "MS4_3": {
          "meanserv": 0.814099550662889,
          "stddevserv": 0.814099550662889,
          "rate": 1.2283510034930492,
          "cv": 1.0,
          "lambda": 0.15
        },
        "MS4_4": {
          "meanserv": 1.8299760405500785,
          "stddevserv": 1.8299760405500785,
          "rate": 0.5464552419491824,
          "cv": 1.0,
          "lambda": 0.15
        },
        "MS4_5": {
          "meanserv": 0.3778640053104656,
          "stddevserv": 0.3778640053104656,
          "rate": 2.6464547719446494,
          "cv": 1.0,
          "lambda": 0.15
        },
        "MS4_6": {
          "meanserv": 0.851050384417591,
          "stddevserv": 0.851050384417591,
          "rate": 1.1750185633067323,
          "cv": 1.0,