{
  "servicechain": {
    "SC1": {
      "resptime": 18.34777145645446,
      "resptime_old": 8.347771456454458,
      "waittime": 4.681977043457207,
      "servicetime": 10.0,
      "networktime": 3.6657944129972506,
      "services": {
        "MS1_1": {
          "meanserv": 1.8332028740868633,
          "stddevserv": 1.8332028740868633,
          "rate": 0.545493362538017,
          "cv": 1.0,
          "lambda": 0.075
        },
        "MS1_2": {
          "meanserv": 4.673603316495356,
          "stddevserv": 4.673603316495356,
          "rate": 0.21396766740354858,
          "cv": 1.0,
          "lambda": 0.075
        },
        "MS1_3": {
          "meanserv": 2.1815789787449926,
          "stddevserv": 2.1815789787449926,
          "rate": 0.4583835880996959,
          "cv": 1.0,
          "lambda": 0.075
        },
        "MS1_4": {
          "meanserv": 0.1529036743661205,
          "stddevserv": 0.1529036743661205,
          "rate": 6.540065202132082,
          "cv": 1.0,
          "lambda": 0.075
        },
        "MS1_5": {
          "meanserv": 1.1587111563066674,
          "stddevserv": 1.1587111563066674,
          "rate": 0.8630278517274735,
          "cv": 1.0,
          "lambda": 0.075
        }
      },
      "sensors": [
        "S1"
      ],
      "sources": [
        {
          "startTime": 0,
          "stopTime": -1,
          "lambda": 0.075
        }
      ]
    },
    "SC2": {
      "resptime": 17.372587814628773,
      "resptime_old": 7.372587814628774,
      "waittime": 4.196793829365198,
      "servicetime": 10.0,
      "networktime": 3.175793985263576,
      "services": {
        "MS2_1": {
          "meanserv": 1.7993441788025655,
          "stddevserv": 1.7993441788025655,
          "rate": 0.5557580432807935,
          "cv": 1.0,
          "lambda": 0.075
        },
        "MS2_2": {
          "meanserv": 0.5600616518941501,
          "stddevserv": 0.5600616518941501,
          "rate": 1.7855177133052431,
          "cv": 1.0,
          "lambda": 0.075
        },
        "MS2_3": {
          "meanserv": 3.6882046152262244,
          "stddevserv": 3.6882046152262244,
          "rate": 0.2711346317044459,
          "cv": 1.0,
          "lambda": 0.075
        },
        "MS2_4": {
          "meanserv": 2.3284748817597016,
          "stddevserv": 2.3284748817597016,
          "rate": 0.4294656591890176,
          "cv": 1.0,
          "lambda": 0.075
        },
        "MS2_5": {
          "meanserv": 1.6239146723173583,
          "stddevserv": 1.6239146723173583,
          "rate": 0.6157959017470913,
          "cv": 1.0,
          "lambda": 0.075
        }
      },
      "sensors": [
        "S2"
      ],
      "sources": [
        {
          "startTime": 0,
          "stopTime": -1,
          "lambda": 0.075
        }
      ]
    },
    "SC3": {
      "resptime": 19.703049682532136,
      "resptime_old": 9.703049682532136,
      "waittime": 7.648408855462249,
      "servicetime": 10.0,
      "networktime": 2.054640827069885,
      "services": {
        "MS3_1": {
          "meanserv": 0.829424346315013,
          "stddevserv": 0.829424346315013,
          "rate": 1.2056554698964705,
          "cv": 1.0,
          "lambda": 0.075
        },
        "MS3_2": {
          "meanserv": 2.9990443297805593,
          "stddevserv": 2.9990443297805593,
          "rate": 0.33343955275018233,
          "cv": 1.0,
          "lambda": 0.075
        },
        "MS3_3": {
          "meanserv": 0.3997775728472064,
          "stddevserv": 0.3997775728472064,
          "rate": 2.5013909431637793,
          "cv": 1.0,
          "lambda": 0.075
        },
        "MS3_4": {
          "meanserv": 2.891283550970579,
          "stddevserv": 2.891283550970579,
          "rate": 0.3458671494410531,
          "cv": 1.0,
          "lambda": 0.075
        },
        "MS3_5": {
          "meanserv": 2.8804702000866422,
          "stddevserv": 2.8804702000866422,
          "rate": 0.3471655426152025,
          "cv": 1.0,
          "lambda": 0.075
        }
      },
      "sensors": [
        "S3"
      ],
      "sources": [
        {
          "startTime": 0,
          "stopTime": -1,
          "lambda": 0.075
        }
      ]
    },
    "SC4": {
      "resptime": 19.00393658970435,
      "resptime_old": 9.00393658970435,
      "waittime": 6.283517025541295,
      "servicetime": 10.0,
      "networktime": 2.720419564163055,
      "services": {
        "MS4_1": {
          "meanserv": 1.9679387752438116,
          "stddevserv": 1.9679387752438116,
          "rate": 0.5081458897907574,
          "cv": 1.0,
          "lambda": 0.075
        },
        "MS4_2": {
          "meanserv": 0.568277421789023,
          "stddevserv": 0.568277421789023,
          "rate": 1.759703908087443,
          "cv": 1.0,
          "lambda": 0.075
        },
        "MS4_3": {
          "meanserv": 5.787081231310832,
          "stddevserv": 5.787081231310832,
          "rate": 0.17279868037613322,
          "cv": 1.0,
          "lambda": 0.075
        },
        "MS4_4": {
          "meanserv": 0.7704405621241914,
          "stddevserv": 0.7704405621241914,
          "rate": 1.2979586604875621,
          "cv": 1.0,
          "lambda": 0.075
        },
        "MS4_5": {
          "meanserv": 0.9062620095321421,
          "stddevserv": 0.9062620095321421,
          "rate": 1.1034336532723579,
          "cv": 1.0,
          "lambda": 0.075
        }
      },
      "sensors": [
        "S4"
      ],
      "sources": [
        {
          "startTime": 0,
          "stopTime": -1,
          "lambda": 0.075
        }
      ]
    }
  },
  "microservice": {
    "MS1_1": "F3",
    "MS1_2": "F5",
    "MS1_3": "F7",
    "MS1_4": "F7",
    "MS1_5": "F7",
    "MS2_1": "F4",
    "MS2_2": "F4",
    "MS2_3": "F10",
    "MS2_4": "F2",
    "MS2_5": "F2",
    "MS3_1": "F8",
    "MS3_2": "F8",
    "MS3_3": "F8",
    "MS3_4": "F6",
    "MS3_5": "F6",
    "MS4_1": "F1",
    "MS4_2": "F1",
    "MS4_3": "F9",
    "MS4_4": "F4",
    "MS4_5": "F4"
  },
  "sensor": {
    "S1": "F3",
    "S2": "F4",
    "S3": "F8",
    "S4": "F1"
  },
  "fog": {
    "F1": {
      "rho": 0.19021621477746256,
      "capacity": 1.0,
      "tserv": 1.2681080985164173,
      "stddev": 1.6086093688961185,
      "mu": 0.7885763060498693,
      "cv": 1.2685112340013125,
      "lambda": 0.15,
      "twait": 0.3885965298197092
    },
    "F2": {
      "rho": 0.2964292165557795,
      "capacity": 1.0,
      "tserv": 1.97619477703853,
      "stddev": 2.038025598749703,
      "mu": 0.5060229951111256,
      "cv": 1.0312878175924698,
      "lambda": 0.15,
      "twait": 0.8590707211969203
    },
    "F3": {
      "rho": 0.13749021555651475,
      "capacity": 1.0,
      "tserv": 1.8332028740868633,
      "stddev": 1.8332028740868633,
      "mu": 0.545493362538017,
      "cv": 1.0,
      "lambda": 0.075,
      "twait": 0.2922256220892069
    },
    "F4": {
      "rho": 0.3027081301764787,
      "capacity": 1.0,
      "tserv": 1.0090271005882623,
      "stddev": 1.2103566908059478,
      "mu": 0.9910536589324513,
      "cv": 1.1995284270366082,
      "lambda": 0.3,
      "twait": 0.5341591769875499
    },
    "F5": {
      "rho": 0.3505202487371517,
      "capacity": 1.0,
      "tserv": 4.673603316495356,
      "stddev": 4.673603316495356,
      "mu": 0.21396766740354858,
      "cv": 1.0,
      "lambda": 0.075,
      "twait": 2.522315120388939
    },
    "F6": {
      "rho": 0.4328815313292916,
      "capacity": 1.0,
      "tserv": 2.8858768755286106,
      "stddev": 2.8858870048893888,
      "mu": 0.34651512976167026,
      "cv": 1.0000035099767643,
      "lambda": 0.15,
      "twait": 2.2027975721821873
    },
    "F7": {
      "rho": 0.26198953570633354,
      "capacity": 1.0,
      "tserv": 1.1643979364725936,
      "stddev": 1.6515738122961767,
      "mu": 0.8588129269872997,
      "cv": 1.4183929398736528,
      "lambda": 0.22499999999999998,
      "twait": 0.6224787669930205
    },