{
  "servicechain": {
    "SC1": {
      "resptime": 35.17678356486299,
      "resptime_old": 25.176783564862987,
      "waittime": 21.058166902741604,
      "servicetime": 10.0,
      "networktime": 4.118616662121383,
      "services": {
        "MS1_1": {
          "meanserv": 1.578371645945228,
          "stddevserv": 1.578371645945228,
          "rate": 0.6335643462482103,
          "cv": 1.0,
          "lambda": 0.15
        },
        "MS1_2": {
          "meanserv": 2.2538079912487454,
          "stddevserv": 2.2538079912487454,
          "rate": 0.4436935195379886,
          "cv": 1.0,
          "lambda": 0.15
        },
        "MS1_3": {
          "meanserv": 0.1521285967934114,
          "stddevserv": 0.1521285967934114,
          "rate": 6.573386076504647,
          "cv": 1.0,
          "lambda": 0.15
        },
        "MS1_4": {
          "meanserv": 0.3032279459044105,
          "stddevserv": 0.3032279459044105,
          "rate": 3.2978490719824345,
          "cv": 1.0,
          "lambda": 0.15
        },
        "MS1_5": {
          "meanserv": 0.42487372749652685,
          "stddevserv": 0.42487372749652685,
          "rate": 2.3536404707635743,
          "cv": 1.0,
          "lambda": 0.15
        },
        "MS1_6": {
          "meanserv": 2.673789563564303,
          "stddevserv": 2.673789563564303,
          "rate": 0.3740010110096125,
          "cv": 1.0,
          "lambda": 0.15
        },
        "MS1_7": {
          "meanserv": 0.34748842309124495,
          "stddevserv": 0.34748842309124495,
          "rate": 2.877793714979149,
          "cv": 1.0,
          "lambda": 0.15
        },
        "MS1_8": {
          "meanserv": 0.8972073030849277,
          "stddevserv": 0.8972073030849277,
          "rate": 1.1145696168116703,
          "cv": 1.0,
          "lambda": 0.15
        },
        "MS1_9": {
          "meanserv": 1.3691048028712025,
          "stddevserv": 1.3691048028712025,
          "rate": 0.7304042743133041,
          "cv": 1.0,
          "lambda": 0.15
        }
      },
      "sensors": [
        "S1"
      ],
      "sources": [
        {
          "startTime": 0,
          "stopTime": -1,
          "lambda": 0.15
        }
      ]
    },
    "SC2": {
      "resptime": 30.793758922650788,
      "resptime_old": 20.793758922650788,
      "waittime": 14.80657945930056,
      "servicetime": 10.0,
      "networktime": 5.987179463350229,
      "services": {
        "MS2_1": {
          "meanserv": 1.9870154419169228,
          "stddevserv": 1.9870154419169228,
          "rate": 0.503267352082214,
          "cv": 1.0,
          "lambda": 0.15
        },
        "MS2_2": {
          "meanserv": 0.12260001339236992,
          "stddevserv": 0.12260001339236992,
          "rate": 8.15660596055233,
          "cv": 1.0,
          "lambda": 0.15
        },
        "MS2_3": {
          "meanserv": 0.0793484534201383,
          "stddevserv": 0.0793484534201383,
          "rate": 12.602640088082728,
          "cv": 1.0,
          "lambda": 0.15
        },
        "MS2_4": {
          "meanserv": 2.9777718912817233,
          "stddevserv": 2.9777718912817233,
          "rate": 0.33582155937725966,
          "cv": 1.0,
          "lambda": 0.15
        },
        "MS2_5": {
          "meanserv": 1.6792832182825865,
          "stddevserv": 1.6792832182825865,
          "rate": 0.5954921654149002,
          "cv": 1.0,
          "lambda": 0.15
        },
        "MS2_6": {
          "meanserv": 0.4061637610307569,
          "stddevserv": 0.4061637610307569,
          "rate": 2.462061109199436,
          "cv": 1.0,
          "lambda": 0.15
        },
        "MS2_7": {
          "meanserv": 0.34352628931255325,
          "stddevserv": 0.34352628931255325,
          "rate": 2.910985363015877,
          "cv": 1.0,
          "lambda": 0.15
        },
        "MS2_8": {
          "meanserv": 1.705292717688648,
          "stddevserv": 1.705292717688648,
          "rate": 0.5864095880004688,
          "cv": 1.0,
          "lambda": 0.15
        },
        "MS2_9": {
          "meanserv": 0.6989982136743009,
          "stddevserv": 0.6989982136743009,
          "rate": 1.4306188205309938,
          "cv": 1.0,
          "lambda": 0.15
        }
      },
      "sensors": [
        "S2"
      ],
      "sources": [
        {
          "startTime": 0,
          "stopTime": -1,
          "lambda": 0.15
        }
      ]
    },
    "SC3": {
      "resptime": 31.03459297946098,
      "resptime_old": 21.03459297946098,
      "waittime": 16.566086852754747,
      "servicetime": 10.0,
      "networktime": 4.468506126706234,
      "services": {
        "MS3_1": {
          "meanserv": 0.019013758468350295,
          "stddevserv": 0.019013758468350295,
          "rate": 52.593494424817095,
          "cv": 1.0,
          "lambda": 0.15
        },
        "MS3_2": {
          "meanserv": 1.7623198012989916,
          "stddevserv": 1.7623198012989916,
          "rate": 0.5674339011925691,
          "cv": 1.0,
          "lambda": 0.15
        },
        "MS3_3": {
          "meanserv": 0.5665922759595574,
          "stddevserv": 0.5665922759595574,
          "rate": 1.7649375793315238,
          "cv": 1.0,
          "lambda": 0.15
        },
        "MS3_4": {
          "meanserv": 1.562992549782014,
          "stddevserv": 1.562992549782014,
          "rate": 0.639798315186766,
          "cv": 1.0,
          "lambda": 0.15
        },
        "MS3_5": {
          "meanserv": 3.205496737201554,
          "stddevserv": 3.205496737201554,
          "rate": 0.3119641297382866,
          "cv": 1.0,
          "lambda": 0.15
        },
        "MS3_6": {
          "meanserv": 1.5545737735041616,
          "stddevserv": 1.5545737735041616,
          "rate": 0.6432631355576661,
          "cv": 1.0,
          "lambda": 0.15
        },
        "MS3_7": {
          "meanserv": 0.8333482473344525,
          "stddevserv": 0.8333482473344525,
          "rate": 1.199978524222736,
          "cv": 1.0,
          "lambda": 0.15
        },
        "MS3_8": {
          "meanserv": 0.02015086004486122,
          "stddevserv": 0.02015086004486122,
          "rate": 49.62567343397412,
          "cv": 1.0,
          "lambda": 0.15
        },
        "MS3_9": {
          "meanserv": 0.47551199640605724,
          "stddevserv": 0.47551199640605724,
          "rate": 2.1029963650928862,
          "cv": 1.0,
          "lambda": 0.15
        }
      },
      "sensors": [
        "S3"
      ],
      "sources": [
        {
          "startTime": 0,
          "stopTime": -1,
          "lambda": 0.15
        }
      ]
    },
    "SC4": {
      "resptime": 38.11600877442608,
      "resptime_old": 28.116008774426074,
      "waittime": 20.73011934184945,
      "servicetime": 10.0,
      "networktime": 7.385889432576626,
      "services": {
        "MS4_1": {
          "meanserv": 0.8052551365227212,
          "stddevserv": 0.8052551365227212,
          "rate": 1.24184243557667,
          "cv": 1.0,
          "lambda": 0.15
        },
        "MS4_2": {
          "meanserv": 1.7161503132196032,
          "stddevserv": 1.7161503132196032,
          "rate": 0.5826995411164997,
          "cv": 1.0,
          "lambda": 0.15
        },
        "MS4_3": {
          "meanserv": 1.2870738235589765,
          "stddevserv": 1.2870738235589765,
          "rate": 0.7769562100446042,
          "cv": 1.0,
          "lambda": 0.15
        },
        "MS4_4": {
          "meanserv": 0.12202374299634222,
          "stddevserv": 0.12202374299634222,
          "rate": 8.195126419208234,
          "cv": 1.0,
          "lambda": 0.15
        },
        "MS4_5": {
          "meanserv": 2.75925454722526,
          "stddevserv": 2.75925454722526,
          "rate": 0.3624167262877621,
          "cv": 1.0,
          "lambda": 0.15
        },
        "MS4_6": {
          "meanserv": 0.32845527979794387,
          "stddevserv": 0.32845527979794387,
          "rate": 3.0445544995202116,
          "cv": 1.0,