{
  "servicechain": {
    "SC1": {
      "resptime": 31.860640518949648,
      "resptime_old": 21.86064051894965,
      "waittime": 18.900116593274728,
      "servicetime": 10.0,
      "networktime": 2.96052392567492,
      "services": {
        "MS1_1": {
          "meanserv": 1.500100979846336,
          "stddevserv": 1.500100979846336,
          "rate": 0.6666217897560708,
          "cv": 1.0,
          "lambda": 0.15
        },
        "MS1_2": {
          "meanserv": 1.0768807042923145,
          "stddevserv": 1.0768807042923145,
          "rate": 0.9286079655937027,
          "cv": 1.0,
          "lambda": 0.15
        },
        "MS1_3": {
          "meanserv": 0.7791420349744103,
          "stddevserv": 0.7791420349744103,
          "rate": 1.2834630338393223,
          "cv": 1.0,
          "lambda": 0.15
        },
        "MS1_4": {
          "meanserv": 0.6540762501965247,
          "stddevserv": 0.6540762501965247,
          "rate": 1.5288737355920483,
          "cv": 1.0,
          "lambda": 0.15
        },
        "MS1_5": {
          "meanserv": 2.3060960742069474,
          "stddevserv": 2.3060960742069474,
          "rate": 0.43363327798209533,
          "cv": 1.0,
          "lambda": 0.15
        },
        "MS1_6": {
          "meanserv": 0.02151361542549335,
          "stddevserv": 0.02151361542549335,
          "rate": 46.48219186882988,
          "cv": 1.0,
          "lambda": 0.15
        },
        "MS1_7": {
          "meanserv": 0.06954422646486336,
          "stddevserv": 0.06954422646486336,
          "rate": 14.379338887394796,
          "cv": 1.0,
          "lambda": 0.15
        },
        "MS1_8": {
          "meanserv": 0.5365288228816709,
          "stddevserv": 0.5365288228816709,
          "rate": 1.8638327660181373,
          "cv": 1.0,
          "lambda": 0.15
        },
        "MS1_9": {
          "meanserv": 0.29173903550047875,
          "stddevserv": 0.29173903550047875,
          "rate": 3.4277209365709274,
          "cv": 1.0,
          "lambda": 0.15
        },
        "MS1_10": {
          "meanserv": 2.7643782562109607,
          "stddevserv": 2.7643782562109607,
          "rate": 0.3617449955530565,
          "cv": 1.0,
          "lambda": 0.15
        }
      },
      "sensors": [
        "S1"
      ],
      "sources": [
        {
          "startTime": 0,
          "stopTime": -1,
          "lambda": 0.15
        }
      ]
    },
    "SC2": {
      "resptime": 46.80832852543775,
      "resptime_old": 36.80832852543776,
      "waittime": 33.463840962528245,
      "servicetime": 10.0,
      "networktime": 3.344487562909509,
      "services": {
        "MS2_1": {
          "meanserv": 0.11292264067084834,
          "stddevserv": 0.11292264067084834,
          "rate": 8.855620042705537,
          "cv": 1.0,
          "lambda": 0.15
        },
        "MS2_2": {
          "meanserv": 0.01321745745680225,
          "stddevserv": 0.01321745745680225,
          "rate": 75.65751607434595,
          "cv": 1.0,
          "lambda": 0.15
        },
        "MS2_3": {
          "meanserv": 0.032176473682205,
          "stddevserv": 0.032176473682205,
          "rate": 31.078607614887392,
          "cv": 1.0,
          "lambda": 0.15
        },
        "MS2_4": {
          "meanserv": 1.611621692553623,
          "stddevserv": 1.611621692553623,
          "rate": 0.6204930131062549,
          "cv": 1.0,
          "lambda": 0.15
        },
        "MS2_5": {
          "meanserv": 0.8507596600459999,
          "stddevserv": 0.8507596600459999,
          "rate": 1.1754200944905295,
          "cv": 1.0,
          "lambda": 0.15
        },
        "MS2_6": {
          "meanserv": 0.9639124403948962,
          "stddevserv": 0.9639124403948962,
          "rate": 1.0374386283367392,
          "cv": 1.0,
          "lambda": 0.15
        },
        "MS2_7": {
          "meanserv": 0.06512762249880755,
          "stddevserv": 0.06512762249880755,
          "rate": 15.35446806795856,
          "cv": 1.0,
          "lambda": 0.15
        },
        "MS2_8": {
          "meanserv": 0.7683463303762323,
          "stddevserv": 0.7683463303762323,
          "rate": 1.301496422206292,
          "cv": 1.0,
          "lambda": 0.15
        },
        "MS2_9": {
          "meanserv": 0.46404036946572,
          "stddevserv": 0.46404036946572,
          "rate": 2.154984923297439,
          "cv": 1.0,
          "lambda": 0.15
        },
        "MS2_10": {
          "meanserv": 5.117875312854865,
          "stddevserv": 5.117875312854865,
          "rate": 0.19539358403051396,
          "cv": 1.0,
          "lambda": 0.15
        }
      },
      "sensors": [
        "S2"
      ],
      "sources": [
        {
          "startTime": 0,
          "stopTime": -1,
          "lambda": 0.15
        }
      ]
    },
    "SC3": {
      "resptime": 35.54888572855601,
      "resptime_old": 25.54888572855601,
      "waittime": 21.537601468682105,
      "servicetime": 10.0,
      "networktime": 4.011284259873901,
      "services": {
        "MS3_1": {
          "meanserv": 3.1303260802845587,
          "stddevserv": 3.1303260802845587,
          "rate": 0.31945553733146426,
          "cv": 1.0,
          "lambda": 0.15
        },
        "MS3_2": {
          "meanserv": 0.5293694792092012,
          "stddevserv": 0.5293694792092012,
          "rate": 1.8890397714160825,
          "cv": 1.0,
          "lambda": 0.15
        },
        "MS3_3": {
          "meanserv": 1.2184365340182497,
          "stddevserv": 1.2184365340182497,
          "rate": 0.8207239130479176,
          "cv": 1.0,
          "lambda": 0.15
        },
        "MS3_4": {
          "meanserv": 0.04186371580946613,
          "stddevserv": 0.04186371580946613,
          "rate": 23.88703393055908,
          "cv": 1.0,
          "lambda": 0.15
        },
        "MS3_5": {
          "meanserv": 0.33063630262869204,
          "stddevserv": 0.33063630262869204,
          "rate": 3.0244712756875045,
          "cv": 1.0,
          "lambda": 0.15
        },
        "MS3_6": {
          "meanserv": 0.2613424650937102,
          "stddevserv": 0.2613424650937102,
          "rate": 3.826396906608452,
          "cv": 1.0,
          "lambda": 0.15
        },
        "MS3_7": {
          "meanserv": 0.9968422479903936,
          "stddevserv": 0.9968422479903936,
          "rate": 1.0031677549943057,
          "cv": 1.0,
          "lambda": 0.15
        },
        "MS3_8": {
          "meanserv": 0.829973672216159,
          "stddevserv": 0.829973672216159,
          "rate": 1.2048574954550597,
          "cv": 1.0,
          "lambda": 0.15
        },
        "MS3_9": {
          "meanserv": 2.621256268712578,
          "stddevserv": 2.621256268712578,
          "rate": 0.3814964648577252,
          "cv": 1.0,
          "lambda": 0.15
        },
        "MS3_10": {
          "meanserv": 0.03995323403699125,
          "stddevserv": 0.03995323403699125,
          "rate": 25.029262939619265,
          "cv": 1.0,
          "lambda": 0.15
        }
      },
      "sensors": [
        "S3"
      ],
      "sources": [
        {
          "startTime": 0,
          "stopTime": -1,
          "lambda": 0.15
        }
      ]
    },
    "SC4": {
      "resptime": 44.83521246508413,
      "resptime_old": 34.83521246508414,
      "waittime": 29.674115734056798,
      "servicetime": 10.0,
      "networktime": 5.161096731027338,
      "services": {
        "MS4_1": {
          "meanserv": 2.5966861635103387,
          "stddevserv": 2.5966861635103387,
          "rate": 0.3851062227127774,
          "cv": 1.0,
          "lambda": 0.15
        },
        "MS4_2": {
          "meanserv": 0.46161379785634526,
          "stddevserv": 0.46161379785634526,
          "rate": 2.1663130622261018,
          "cv": 1.0,
          "lambda": 0.15
        },
        "MS4_3": {
          "meanserv": 4.252575130073782,
          "stddevserv": 4.252575130073782,
          "rate": 0.23515163622344987,
          "cv": 1.0,