{
  "servicechain": {
    "SC1": {
      "resptime": 35.69235253524745,
      "resptime_old": 25.692352535247448,
      "waittime": 21.44585953575572,
      "servicetime": 10.0,
      "networktime": 4.246492999491732,
      "services": {
        "MS1_1": {
          "meanserv": 0.24772186834924992,
          "stddevserv": 0.24772186834924992,
          "rate": 4.03678531356042,
          "cv": 1.0,
          "lambda": 0.15
        },
        "MS1_2": {
          "meanserv": 1.196038420294675,
          "stddevserv": 1.196038420294675,
          "rate": 0.8360935426753466,
          "cv": 1.0,
          "lambda": 0.15
        },
        "MS1_3": {
          "meanserv": 2.0320909616591254,
          "stddevserv": 2.0320909616591254,
          "rate": 0.4921039554172013,
          "cv": 1.0,
          "lambda": 0.15
        },
        "MS1_4": {
          "meanserv": 1.951645229697443,
          "stddevserv": 1.951645229697443,
          "rate": 0.5123882070282961,
          "cv": 1.0,
          "lambda": 0.15
        },
        "MS1_5": {
          "meanserv": 0.4443072306492768,
          "stddevserv": 0.4443072306492768,
          "rate": 2.250694859362689,
          "cv": 1.0,
          "lambda": 0.15
        },
        "MS1_6": {
          "meanserv": 0.4274563619038414,
          "stddevserv": 0.4274563619038414,
          "rate": 2.339420088511761,
          "cv": 1.0,
          "lambda": 0.15
        },
        "MS1_7": {
          "meanserv": 0.06618664002427899,
          "stddevserv": 0.06618664002427899,
          "rate": 15.10878932112544,
          "cv": 1.0,
          "lambda": 0.15
        },
        "MS1_8": {
          "meanserv": 3.6345532874221096,
          "stddevserv": 3.6345532874221096,
          "rate": 0.27513697583156715,
          "cv": 1.0,
          "lambda": 0.15
        }
      },
      "sensors": [
        "S1"
      ],
      "sources": [
        {
          "startTime": 0,
          "stopTime": -1,
          "lambda": 0.15
        }
      ]
    },
    "SC2": {
      "resptime": 34.524418582094064,
      "resptime_old": 24.524418582094068,
      "waittime": 20.412150048000186,
      "servicetime": 10.0,
      "networktime": 4.112268534093881,
      "services": {
        "MS2_1": {
          "meanserv": 0.24831115406834137,
          "stddevserv": 0.24831115406834137,
          "rate": 4.027205317264062,
          "cv": 1.0,
          "lambda": 0.15
        },
        "MS2_2": {
          "meanserv": 0.15634503322367266,
          "stddevserv": 0.15634503322367266,
          "rate": 6.396109805223969,
          "cv": 1.0,
          "lambda": 0.15
        },
        "MS2_3": {
          "meanserv": 0.8800913022209722,
          "stddevserv": 0.8800913022209722,
          "rate": 1.136245747999588,
          "cv": 1.0,
          "lambda": 0.15
        },
        "MS2_4": {
          "meanserv": 0.5558892879564581,
          "stddevserv": 0.5558892879564581,
          "rate": 1.7989193561836154,
          "cv": 1.0,
          "lambda": 0.15
        },
        "MS2_5": {
          "meanserv": 2.413010666447578,
          "stddevserv": 2.413010666447578,
          "rate": 0.4144200495691115,
          "cv": 1.0,
          "lambda": 0.15
        },
        "MS2_6": {
          "meanserv": 0.7958474442472516,
          "stddevserv": 0.7958474442472516,
          "rate": 1.256522223233179,
          "cv": 1.0,
          "lambda": 0.15
        },
        "MS2_7": {
          "meanserv": 1.4186390795284396,
          "stddevserv": 1.4186390795284396,
          "rate": 0.704900925422415,
          "cv": 1.0,
          "lambda": 0.15
        },
        "MS2_8": {
          "meanserv": 3.5318660323072866,
          "stddevserv": 3.5318660323072866,
          "rate": 0.2831364470941507,
          "cv": 1.0,
          "lambda": 0.15
        }
      },
      "sensors": [
        "S2"
      ],
      "sources": [
        {
          "startTime": 0,
          "stopTime": -1,
          "lambda": 0.15
        }
      ]
    },
    "SC3": {
      "resptime": 34.54416848649257,
      "resptime_old": 24.544168486492577,
      "waittime": 18.11161084253525,
      "servicetime": 10.0,
      "networktime": 6.432557643957324,
      "services": {
        "MS3_1": {
          "meanserv": 1.6575892573691375,
          "stddevserv": 1.6575892573691375,
          "rate": 0.6032857630768926,
          "cv": 1.0,
          "lambda": 0.15
        },
        "MS3_2": {
          "meanserv": 2.366243270379261,
          "stddevserv": 2.366243270379261,
          "rate": 0.42261081627491337,
          "cv": 1.0,
          "lambda": 0.15
        },
        "MS3_3": {
          "meanserv": 0.11688480991327133,
          "stddevserv": 0.11688480991327133,
          "rate": 8.555431631723586,
          "cv": 1.0,
          "lambda": 0.15
        },
        "MS3_4": {
          "meanserv": 1.9469456344480314,
          "stddevserv": 1.9469456344480314,
          "rate": 0.513625024914219,
          "cv": 1.0,
          "lambda": 0.15
        },
        "MS3_5": {
          "meanserv": 1.9019612927552991,
          "stddevserv": 1.9019612927552991,
          "rate": 0.5257730553240324,
          "cv": 1.0,
          "lambda": 0.15
        },
        "MS3_6": {
          "meanserv": 0.1483045480971441,
          "stddevserv": 0.1483045480971441,
          "rate": 6.742881542277239,
          "cv": 1.0,
          "lambda": 0.15
        },
        "MS3_7": {
          "meanserv": 0.7980267319826293,
          "stddevserv": 0.7980267319826293,
          "rate": 1.2530908551341198,
          "cv": 1.0,
          "lambda": 0.15
        },
        "MS3_8": {
          "meanserv": 1.0640444550552264,
          "stddevserv": 1.0640444550552264,
          "rate": 0.9398103577806791,
          "cv": 1.0,
          "lambda": 0.15
        }
      },
      "sensors": [
        "S3"
      ],
      "sources": [
        {
          "startTime": 0,
          "stopTime": -1,
          "lambda": 0.15
        }
      ]
    },
    "SC4": {
      "resptime": 40.393998133034344,
      "resptime_old": 30.39399813303434,
      "waittime": 26.056383281548765,
      "servicetime": 10.0,
      "networktime": 4.337614851485582,
      "services": {
        "MS4_1": {
          "meanserv": 4.597020413256305,
          "stddevserv": 4.597020413256305,
          "rate": 0.21753220784409105,
          "cv": 1.0,
          "lambda": 0.15
        },
        "MS4_2": {
          "meanserv": 0.7875405262146886,
          "stddevserv": 0.7875405262146886,
          "rate": 1.269775924810495,
          "cv": 1.0,
          "lambda": 0.15
        },
        "MS4_3": {
          "meanserv": 0.03111354482626183,
          "stddevserv": 0.03111354482626183,
          "rate": 32.14034291444464,
          "cv": 1.0,
          "lambda": 0.15
        },
        "MS4_4": {
          "meanserv": 0.2006990356463314,
          "stddevserv": 0.2006990356463314,
          "rate": 4.982584977449437,
          "cv": 1.0,
          "lambda": 0.15
        },
        "MS4_5": {
          "meanserv": 1.518701848027832,
          "stddevserv": 1.518701848027832,
          "rate": 0.6584570903753018,
          "cv": 1.0,
          "lambda": 0.15
        },
        "MS4_6": {
          "meanserv": 1.1083945577611019,
          "stddevserv": 1.1083945577611019,
          "rate": 0.9022058011724154,
          "cv": 1.0,
          "lambda": 0.15
        },
        "MS4_7": {
          "meanserv": 0.9048143156390509,
          "stddevserv": 0.9048143156390509,
          "rate": 1.105199136127418,
          "cv": 1.0,
          "lambda": 0.15
        },
        "MS4_8": {
          "meanserv": 0.8517157586284281,
          "stddevserv": 0.8517157586284281,
          "rate": 1.1741006196836883,
          "cv": 1.0,
          "lambda": 0.15
        }
      },
      "sensors": [
        "S4"
      ],
      "sources": [
        {
          "startTime": 0,
          "stopTime": -1,
          "lambda": 0.15
        }
      ]
    }
  },