{
  "servicechain": {
    "SC1": {
      "resptime": 20.236058429406622,
      "resptime_old": 10.23605842940662,
      "waittime": 7.309326100901909,
      "servicetime": 10.0,
      "networktime": 2.9267323285047127,
      "services": {
        "MS1_1": {
          "meanserv": 1.520965930244249,
          "stddevserv": 1.520965930244249,
          "rate": 0.6574769231283253,
          "cv": 1.0,
          "lambda": 0.1
        },
        "MS1_2": {
          "meanserv": 2.8492649161724524,
          "stddevserv": 2.8492649161724524,
          "rate": 0.3509677160322971,
          "cv": 1.0,
          "lambda": 0.1
        },
        "MS1_3": {
          "meanserv": 4.021095352418222,
          "stddevserv": 4.021095352418222,
          "rate": 0.24868845733753023,
          "cv": 1.0,
          "lambda": 0.1
        },
        "MS1_4": {
          "meanserv": 0.11497629937505671,
          "stddevserv": 0.11497629937505671,
          "rate": 8.697444651075132,
          "cv": 1.0,
          "lambda": 0.1
        },
        "MS1_5": {
          "meanserv": 1.4936975017900203,
          "stddevserv": 1.4936975017900203,
          "rate": 0.6694795959701465,
          "cv": 1.0,
          "lambda": 0.1
        }
      },
      "sensors": [
        "S1"
      ],
      "sources": [
        {
          "startTime": 0,
          "stopTime": -1,
          "lambda": 0.1
        }
      ]
    },
    "SC2": {
      "resptime": 22.866246375390546,
      "resptime_old": 12.866246375390547,
      "waittime": 9.32914438453542,
      "servicetime": 10.0,
      "networktime": 3.5371019908551267,
      "services": {
        "MS2_1": {
          "meanserv": 1.9885352840698378,
          "stddevserv": 1.9885352840698378,
          "rate": 0.5028827036718951,
          "cv": 1.0,
          "lambda": 0.1
        },
        "MS2_2": {
          "meanserv": 0.34172016752367607,
          "stddevserv": 0.34172016752367607,
          "rate": 2.9263710340734135,
          "cv": 1.0,
          "lambda": 0.1
        },
        "MS2_3": {
          "meanserv": 1.3898620139868343,
          "stddevserv": 1.3898620139868343,
          "rate": 0.7194958851573252,
          "cv": 1.0,
          "lambda": 0.1
        },
        "MS2_4": {
          "meanserv": 5.310010453830753,
          "stddevserv": 5.310010453830753,
          "rate": 0.18832354638371362,
          "cv": 1.0,
          "lambda": 0.1
        },
        "MS2_5": {
          "meanserv": 0.9698720805888996,
          "stddevserv": 0.9698720805888996,
          "rate": 1.0310638072938514,
          "cv": 1.0,
          "lambda": 0.1
        }
      },
      "sensors": [
        "S2"
      ],
      "sources": [
        {
          "startTime": 0,
          "stopTime": -1,
          "lambda": 0.1
        }
      ]
    },
    "SC3": {
      "resptime": 25.511799314315475,
      "resptime_old": 15.511799314315471,
      "waittime": 11.865434215175211,
      "servicetime": 10.0,
      "networktime": 3.6463650991402603,
      "services": {
        "MS3_1": {
          "meanserv": 0.19275067190201778,
          "stddevserv": 0.19275067190201778,
          "rate": 5.188049359995676,
          "cv": 1.0,
          "lambda": 0.1
        },
        "MS3_2": {
          "meanserv": 0.054317932442509154,
          "stddevserv": 0.054317932442509154,
          "rate": 18.41012636219933,
          "cv": 1.0,
          "lambda": 0.1
        },
        "MS3_3": {
          "meanserv": 5.310561303712,
          "stddevserv": 5.310561303712,
          "rate": 0.1883040121015109,
          "cv": 1.0,
          "lambda": 0.1
        },
        "MS3_4": {
          "meanserv": 3.6166300413460126,
          "stddevserv": 3.6166300413460126,
          "rate": 0.2765004959223938,
          "cv": 1.0,
          "lambda": 0.1
        },
        "MS3_5": {
          "meanserv": 0.8257400505974601,
          "stddevserv": 0.8257400505974601,
          "rate": 1.2110348762621541,
          "cv": 1.0,
          "lambda": 0.1
        }
      },
      "sensors": [
        "S3"
      ],
      "sources": [
        {
          "startTime": 0,
          "stopTime": -1,
          "lambda": 0.1
        }
      ]
    },
    "SC4": {
      "resptime": 20.613873513461353,
      "resptime_old": 10.61387351346135,
      "waittime": 5.612020559966863,
      "servicetime": 10.0,
      "networktime": 5.00185295349449,
      "services": {
        "MS4_1": {
          "meanserv": 3.565003952334024,
          "stddevserv": 3.565003952334024,
          "rate": 0.280504597854736,
          "cv": 1.0,
          "lambda": 0.1
        },
        "MS4_2": {
          "meanserv": 0.5967779475998221,
          "stddevserv": 0.5967779475998221,
          "rate": 1.6756651347823668,
          "cv": 1.0,
          "lambda": 0.1
        },
        "MS4_3": {
          "meanserv": 3.859140668729504,
          "stddevserv": 3.859140668729504,
          "rate": 0.25912504514359086,
          "cv": 1.0,
          "lambda": 0.1
        },
        "MS4_4": {
          "meanserv": 0.4046121876666451,
          "stddevserv": 0.4046121876666451,
          "rate": 2.4715024175788978,
          "cv": 1.0,
          "lambda": 0.1
        },
        "MS4_5": {
          "meanserv": 1.574465243670005,
          "stddevserv": 1.574465243670005,
          "rate": 0.635136281363091,
          "cv": 1.0,
          "lambda": 0.1
        }
      },
      "sensors": [
        "S4"
      ],
      "sources": [
        {
          "startTime": 0,
          "stopTime": -1,
          "lambda": 0.1
        }
      ]
    }
  },
  "microservice": {
    "MS1_1": "F2",
    "MS1_2": "F2",
    "MS1_3": "F5",
    "MS1_4": "F3",
    "MS1_5": "F3",
    "MS2_1": "F1",
    "MS2_2": "F1",
    "MS2_3": "F1",
    "MS2_4": "F7",
    "MS2_5": "F3",
    "MS3_1": "F3",
    "MS3_2": "F3",
    "MS3_3": "F4",
    "MS3_4": "F10",
    "MS3_5": "F10",
    "MS4_1": "F8",
    "MS4_2": "F9",
    "MS4_3": "F6",
    "MS4_4": "F9",
    "MS4_5": "F9"
  },
  "sensor": {
    "S1": "F2",
    "S2": "F1",
    "S3": "F3",
    "S4": "F8"
  },
  "fog": {
    "F1": {
      "rho": 0.3720117465580348,
      "capacity": 1.0,
      "tserv": 1.2400391551934493,
      "stddev": 1.56975921873119,
      "mu": 0.8064261485710889,
      "cv": 1.265894880945355,
      "lambda": 0.30000000000000004,
      "twait": 0.9558716479019935
    },
    "F2": {
      "rho": 0.43702308464167017,
      "capacity": 1.0,
      "tserv": 2.1851154232083507,
      "stddev": 2.3784277392327806,
      "mu": 0.45764172884365295,
      "cv": 1.0884677825121907,
      "lambda": 0.2,
      "twait": 1.8529441685642323
    },
    "F3": {
      "rho": 0.28256144860985033,
      "capacity": 1.0,
      "tserv": 0.5651228972197007,
      "stddev": 0.9852303620729741,
      "mu": 1.7695266019476712,
      "cv": 1.7433913347346637,
      "lambda": 0.5,
      "twait": 0.44953074824762757
    },
    "F4": {
      "rho": 0.5310561303712,
      "capacity": 1.0,
      "tserv": 5.310561303712,
      "stddev": 5.310561303712,
      "mu": 0.1883040121015109,
      "cv": 1.0,
      "lambda": 0.1,
      "twait": 6.013952455078919
    },
    "F5": {
      "rho": 0.4021095352418222,
      "capacity": 1.0,
      "tserv": 4.021095352418222,
      "stddev": 4.021095352418222,
      "mu": 0.24868845733753023,
      "cv": 1.0,
      "lambda": 0.1,
      "twait": 2.704376267278189
    },
    "F6": {
      "rho": 0.3859140668729504,
      "capacity": 1.0,
      "tserv": 3.859140668729504,
      "stddev": 3.859140668729504,
      "mu": 0.25912504514359086,
      "cv": 1.0,
      "lambda": 0.1,
      "twait": 2.4252251839093604
    },
    "F7": {
      "rho": 0.5310010453830752,
      "capacity": 1.0,
      "tserv": 5.310010453830752,
      "stddev": 5.3100104538307535,
      "mu": 0.18832354638371365,
      "cv": 1.0000000000000004,
      "lambda": 0.1,
      "twait": 6.011998692581812
    },
    "F8": {
      "rho": 0.35650039523340243,
      "capacity": 1.0,
      "tserv": 3.565003952334024,