{
  "servicechain": {
    "SC1": {
      "resptime": 15.772491773256398,
      "resptime_old": 5.772491773256398,
      "waittime": 2.5227700535412048,
      "servicetime": 10.0,
      "networktime": 3.2497217197151933,
      "services": {
        "MS1_1": {
          "meanserv": 4.467888902540449,
          "stddevserv": 4.467888902540449,
          "rate": 0.2238193522295056,
          "cv": 1.0,
          "lambda": 0.05
        },
        "MS1_2": {
          "meanserv": 2.2449956320489175,
          "stddevserv": 2.2449956320489175,
          "rate": 0.4454351650953281,
          "cv": 1.0,
          "lambda": 0.05
        },
        "MS1_3": {
          "meanserv": 0.7284555036868667,
          "stddevserv": 0.7284555036868667,
          "rate": 1.3727674441867614,
          "cv": 1.0,
          "lambda": 0.05
        },
        "MS1_4": {
          "meanserv": 1.0903476030532468,
          "stddevserv": 1.0903476030532468,
          "rate": 0.9171387153965846,
          "cv": 1.0,
          "lambda": 0.05
        },
        "MS1_5": {
          "meanserv": 1.46831235867052,
          "stddevserv": 1.46831235867052,
          "rate": 0.6810539965116467,
          "cv": 1.0,
          "lambda": 0.05
        }
      },
      "sensors": [
        "S1"
      ],
      "sources": [
        {
          "startTime": 0,
          "stopTime": -1,
          "lambda": 0.05
        }
      ]
    },
    "SC2": {
      "resptime": 17.892759838074006,
      "resptime_old": 7.892759838074005,
      "waittime": 3.7869398048043967,
      "servicetime": 10.0,
      "networktime": 4.105820033269608,
      "services": {
        "MS2_1": {
          "meanserv": 1.1151198920842142,
          "stddevserv": 1.1151198920842142,
          "rate": 0.8967645605630356,
          "cv": 1.0,
          "lambda": 0.05
        },
        "MS2_2": {
          "meanserv": 0.2944010015290577,
          "stddevserv": 0.2944010015290577,
          "rate": 3.396727574995355,
          "cv": 1.0,
          "lambda": 0.05
        },
        "MS2_3": {
          "meanserv": 3.4731137174040336,
          "stddevserv": 3.4731137174040336,
          "rate": 0.2879260748039792,
          "cv": 1.0,
          "lambda": 0.05
        },
        "MS2_4": {
          "meanserv": 0.021921606593864773,
          "stddevserv": 0.021921606593864773,
          "rate": 45.61709451896976,
          "cv": 1.0,
          "lambda": 0.05
        },
        "MS2_5": {
          "meanserv": 5.09544378238883,
          "stddevserv": 5.09544378238883,
          "rate": 0.19625375977186882,
          "cv": 1.0,
          "lambda": 0.05
        }
      },
      "sensors": [
        "S2"
      ],
      "sources": [
        {
          "startTime": 0,
          "stopTime": -1,
          "lambda": 0.05
        }
      ]
    },
    "SC3": {
      "resptime": 18.01822197401689,
      "resptime_old": 8.018221974016887,
      "waittime": 3.4164096514980598,
      "servicetime": 10.0,
      "networktime": 4.6018123225188265,
      "services": {
        "MS3_1": {
          "meanserv": 2.4689970890985977,
          "stddevserv": 2.4689970890985977,
          "rate": 0.40502275373888286,
          "cv": 1.0,
          "lambda": 0.05
        },
        "MS3_2": {
          "meanserv": 5.503668625814914,
          "stddevserv": 5.503668625814914,
          "rate": 0.18169698577227342,
          "cv": 1.0,
          "lambda": 0.05
        },
        "MS3_3": {
          "meanserv": 1.3511933276966266,
          "stddevserv": 1.3511933276966266,
          "rate": 0.7400865438735519,
          "cv": 1.0,
          "lambda": 0.05
        },
        "MS3_4": {
          "meanserv": 0.001631898009602395,
          "stddevserv": 0.001631898009602395,
          "rate": 612.7833933957954,
          "cv": 1.0,
          "lambda": 0.05
        },
        "MS3_5": {
          "meanserv": 0.6745090593802594,
          "stddevserv": 0.6745090593802594,
          "rate": 1.4825597760225822,
          "cv": 1.0,
          "lambda": 0.05
        }
      },
      "sensors": [
        "S3"
      ],
      "sources": [
        {
          "startTime": 0,
          "stopTime": -1,
          "lambda": 0.05
        }
      ]
    },
    "SC4": {
      "resptime": 16.481201392190876,
      "resptime_old": 6.481201392190877,
      "waittime": 2.875996837077683,
      "servicetime": 10.0,
      "networktime": 3.6052045551131933,
      "services": {
        "MS4_1": {
          "meanserv": 1.5199350368285358,
          "stddevserv": 1.5199350368285358,
          "rate": 0.6579228557600585,
          "cv": 1.0,
          "lambda": 0.05
        },
        "MS4_2": {
          "meanserv": 0.4940025154963348,
          "stddevserv": 0.4940025154963348,
          "rate": 2.0242811901378253,
          "cv": 1.0,
          "lambda": 0.05
        },
        "MS4_3": {
          "meanserv": 5.21062626872431,
          "stddevserv": 5.21062626872431,
          "rate": 0.19191551042574095,
          "cv": 1.0,
          "lambda": 0.05
        },
        "MS4_4": {
          "meanserv": 2.415435706029408,
          "stddevserv": 2.415435706029408,
          "rate": 0.41400398176767905,
          "cv": 1.0,
          "lambda": 0.05
        },
        "MS4_5": {
          "meanserv": 0.3600004729214117,
          "stddevserv": 0.3600004729214117,
          "rate": 2.777774128697605,
          "cv": 1.0,
          "lambda": 0.05
        }
      },
      "sensors": [
        "S4"
      ],
      "sources": [
        {
          "startTime": 0,
          "stopTime": -1,
          "lambda": 0.05
        }
      ]
    }
  },
  "microservice": {
    "MS1_1": "F4",
    "MS1_2": "F6",
    "MS1_3": "F6",
    "MS1_4": "F10",
    "MS1_5": "F10",
    "MS2_1": "F10",
    "MS2_2": "F10",
    "MS2_3": "F5",
    "MS2_4": "F5",
    "MS2_5": "F3",
    "MS3_1": "F7",
    "MS3_2": "F1",
    "MS3_3": "F7",
    "MS3_4": "F9",
    "MS3_5": "F9",
    "MS4_1": "F9",
    "MS4_2": "F9",
    "MS4_3": "F2",
    "MS4_4": "F8",
    "MS4_5": "F8"
  },
  "sensor": {
    "S1": "F4",
    "S2": "F10",
    "S3": "F7",
    "S4": "F9"
  },
  "fog": {
    "F1": {
      "rho": 0.2751834312907457,
      "capacity": 1.0,
      "tserv": 5.503668625814913,
      "stddev": 5.503668625814915,
      "mu": 0.18169698577227344,
      "cv": 1.0000000000000002,
      "lambda": 0.05,
      "twait": 2.089519586777672
    },
    "F2": {
      "rho": 0.2605313134362155,
      "capacity": 1.0,
      "tserv": 5.21062626872431,
      "stddev": 5.21062626872431,
      "mu": 0.19191551042574095,
      "cv": 1.0,
      "lambda": 0.05,
      "twait": 1.83581986672656
    },
    "F3": {
      "rho": 0.2547721891194415,
      "capacity": 1.0,
      "tserv": 5.09544378238883,
      "stddev": 5.09544378238883,
      "mu": 0.19625375977186882,
      "cv": 1.0,
      "lambda": 0.05,
      "twait": 1.7419872796216869
    },
    "F4": {
      "rho": 0.22339444512702247,
      "capacity": 1.0,
      "tserv": 4.467888902540449,
      "stddev": 4.467888902540449,
      "mu": 0.2238193522295056,
      "cv": 1.0,
      "lambda": 0.05,
      "twait": 1.2852104340606416
    },
    "F5": {
      "rho": 0.17475176619989494,
      "capacity": 1.0,
      "tserv": 1.7475176619989492,
      "stddev": 3.0015298552334024,
      "mu": 0.5722402821703791,
      "cv": 1.7175962913015796,
      "lambda": 0.1,
      "twait": 0.7308709644435103
    },
    "F6": {
      "rho": 0.1486725567867892,
      "capacity": 1.0,
      "tserv": 1.486725567867892,
      "stddev": 1.833112079120723,
      "mu": 0.6726190909826731,
      "cv": 1.2329861803275386,
      "lambda": 0.1,
      "twait": 0.32717451159243693
    },
    "F7": {
      "rho": 0.19100952083976122,
      "capacity": 1.0,
      "tserv": 1.9100952083976124,
      "stddev": 2.067173512225259,
      "mu": 0.5235341126471411,
      "cv": 1.082235850410525,
      "lambda": 0.1,
      "twait": 0.48960217943554835
    },
    "F8": {
      "rho": 0.138771808947541,
      "capacity": 1.0,