{
  "servicechain": {
    "SC1": {
      "resptime": 34.70609861207376,
      "resptime_old": 24.70609861207376,
      "waittime": 18.889051805118065,
      "servicetime": 10.0,
      "networktime": 5.817046806955691,
      "services": {
        "MS1_1": {
          "meanserv": 1.3243974600119446,
          "stddevserv": 1.3243974600119446,
          "rate": 0.7550603426791389,
          "cv": 1.0,
          "lambda": 0.15
        },
        "MS1_2": {
          "meanserv": 0.023002008853163503,
          "stddevserv": 0.023002008853163503,
          "rate": 43.47446374721608,
          "cv": 1.0,
          "lambda": 0.15
        },
        "MS1_3": {
          "meanserv": 0.6778157388649617,
          "stddevserv": 0.6778157388649617,
          "rate": 1.4753272057012912,
          "cv": 1.0,
          "lambda": 0.15
        },
        "MS1_4": {
          "meanserv": 2.8679075614240874,
          "stddevserv": 2.8679075614240874,
          "rate": 0.3486862733830376,
          "cv": 1.0,
          "lambda": 0.15
        },
        "MS1_5": {
          "meanserv": 0.6282711074911962,
          "stddevserv": 0.6282711074911962,
          "rate": 1.5916695644228918,
          "cv": 1.0,
          "lambda": 0.15
        },
        "MS1_6": {
          "meanserv": 1.54421313190847,
          "stddevserv": 1.54421313190847,
          "rate": 0.6475790027534055,
          "cv": 1.0,
          "lambda": 0.15
        },
        "MS1_7": {
          "meanserv": 2.9343929914461766,
          "stddevserv": 2.9343929914461766,
          "rate": 0.34078598296650214,
          "cv": 1.0,
          "lambda": 0.15
        }
      },
      "sensors": [
        "S1"
      ],
      "sources": [
        {
          "startTime": 0,
          "stopTime": -1,
          "lambda": 0.15
        }
      ]
    },
    "SC2": {
      "resptime": 27.919401833516595,
      "resptime_old": 17.91940183351659,
      "waittime": 13.162874072190355,
      "servicetime": 10.0,
      "networktime": 4.75652776132624,
      "services": {
        "MS2_1": {
          "meanserv": 3.3101399390188324,
          "stddevserv": 3.3101399390188324,
          "rate": 0.3021020314616707,
          "cv": 1.0,
          "lambda": 0.15
        },
        "MS2_2": {
          "meanserv": 1.7326151431290309,
          "stddevserv": 1.7326151431290309,
          "rate": 0.5771622186067482,
          "cv": 1.0,
          "lambda": 0.15
        },
        "MS2_3": {
          "meanserv": 0.18602472376680268,
          "stddevserv": 0.18602472376680268,
          "rate": 5.375629538649832,
          "cv": 1.0,
          "lambda": 0.15
        },
        "MS2_4": {
          "meanserv": 0.10131819431612676,
          "stddevserv": 0.10131819431612676,
          "rate": 9.869895597229673,
          "cv": 1.0,
          "lambda": 0.15
        },
        "MS2_5": {
          "meanserv": 0.6454672463266009,
          "stddevserv": 0.6454672463266009,
          "rate": 1.5492652891236074,
          "cv": 1.0,
          "lambda": 0.15
        },
        "MS2_6": {
          "meanserv": 2.2418656603855878,
          "stddevserv": 2.2418656603855878,
          "rate": 0.4460570575972897,
          "cv": 1.0,
          "lambda": 0.15
        },
        "MS2_7": {
          "meanserv": 1.7825690930570186,
          "stddevserv": 1.7825690930570186,
          "rate": 0.5609880727175904,
          "cv": 1.0,
          "lambda": 0.15
        }
      },
      "sensors": [
        "S2"
      ],
      "sources": [
        {
          "startTime": 0,
          "stopTime": -1,
          "lambda": 0.15
        }
      ]
    },
    "SC3": {
      "resptime": 37.07795884892089,
      "resptime_old": 27.077958848920893,
      "waittime": 24.78132896664821,
      "servicetime": 10.0,
      "networktime": 2.2966298822726814,
      "services": {
        "MS3_1": {
          "meanserv": 0.15188550890711583,
          "stddevserv": 0.15188550890711583,
          "rate": 6.5839065701227675,
          "cv": 1.0,
          "lambda": 0.15
        },
        "MS3_2": {
          "meanserv": 0.06854738515087555,
          "stddevserv": 0.06854738515087555,
          "rate": 14.588448527962953,
          "cv": 1.0,
          "lambda": 0.15
        },
        "MS3_3": {
          "meanserv": 0.0004048008621426735,
          "stddevserv": 0.0004048008621426735,
          "rate": 2470.350469875102,
          "cv": 1.0,
          "lambda": 0.15
        },
        "MS3_4": {
          "meanserv": 0.7888485224874164,
          "stddevserv": 0.7888485224874164,
          "rate": 1.2676704988262837,
          "cv": 1.0,
          "lambda": 0.15
        },
        "MS3_5": {
          "meanserv": 1.0827849180602453,
          "stddevserv": 1.0827849180602453,
          "rate": 0.9235444485054795,
          "cv": 1.0,
          "lambda": 0.15
        },
        "MS3_6": {
          "meanserv": 2.875257909653075,
          "stddevserv": 2.875257909653075,
          "rate": 0.3477948870752463,
          "cv": 1.0,
          "lambda": 0.15
        },
        "MS3_7": {
          "meanserv": 5.032270954879129,
          "stddevserv": 5.032270954879129,
          "rate": 0.19871743969398786,
          "cv": 1.0,
          "lambda": 0.15
        }
      },
      "sensors": [
        "S3"
      ],
      "sources": [
        {
          "startTime": 0,
          "stopTime": -1,
          "lambda": 0.15
        }
      ]
    },
    "SC4": {
      "resptime": 32.57465910999245,
      "resptime_old": 22.574659109992457,
      "waittime": 19.28988719088202,
      "servicetime": 10.0,
      "networktime": 3.284771919110435,
      "services": {
        "MS4_1": {
          "meanserv": 1.7871379515864738,
          "stddevserv": 1.7871379515864738,
          "rate": 0.5595538940417456,
          "cv": 1.0,
          "lambda": 0.15
        },
        "MS4_2": {
          "meanserv": 1.1947674622235838,
          "stddevserv": 1.1947674622235838,
          "rate": 0.8369829541046409,
          "cv": 1.0,
          "lambda": 0.15
        },
        "MS4_3": {
          "meanserv": 0.9943436152379159,
          "stddevserv": 0.9943436152379159,
          "rate": 1.005688561454413,
          "cv": 1.0,
          "lambda": 0.15
        },
        "MS4_4": {
          "meanserv": 0.6285095908663609,
          "stddevserv": 0.6285095908663609,
          "rate": 1.5910656170283144,
          "cv": 1.0,
          "lambda": 0.15
        },
        "MS4_5": {
          "meanserv": 1.5505822236230857,
          "stddevserv": 1.5505822236230857,
          "rate": 0.6449190405803847,
          "cv": 1.0,
          "lambda": 0.15
        },
        "MS4_6": {
          "meanserv": 3.247522538809763,
          "stddevserv": 3.247522538809763,
          "rate": 0.3079270391658332,
          "cv": 1.0,
          "lambda": 0.15
        },
        "MS4_7": {
          "meanserv": 0.5971366176528168,
          "stddevserv": 0.5971366176528168,
          "rate": 1.6746586466774231,
          "cv": 1.0,
          "lambda": 0.15
        }
      },
      "sensors": [
        "S4"
      ],
      "sources": [
        {
          "startTime": 0,
          "stopTime": -1,
          "lambda": 0.15
        }
      ]
    }
  },
  "microservice": {
    "MS1_1": "F7",
    "MS1_2": "F10",
    "MS1_3": "F10",
    "MS1_4": "F4",
    "MS1_5": "F1",
    "MS1_6": "F1",
    "MS1_7": "F7",
    "MS2_1": "F6",
    "MS2_2": "F2",
    "MS2_3": "F10",
    "MS2_4": "F10",
    "MS2_5": "F10",
    "MS2_6": "F2",
    "MS2_7": "F1",
    "MS3_1": "F10",
    "MS3_2": "F10",
    "MS3_3": "F10",
    "MS3_4": "F10",
    "MS3_5": "F8",
    "MS3_6": "F8",
    "MS3_7": "F3",
    "MS4_1": "F9",
    "MS4_2": "F9",
    "MS4_3": "F9",
    "MS4_4": "F10",
    "MS4_5": "F4",
    "MS4_6": "F5",
    "MS4_7": "F5"
  },
  "sensor": {
    "S1": "F7",
    "S2": "F6",
    "S3": "F10",
    "S4": "F9"
  },
  "fog": {
    "F1": {
      "rho": 0.5932579998685027,
      "capacity": 1.0,
      "tserv": 1.318351110818895,