{
  "servicechain": {
    "SC1": {
      "resptime": 43.036703679098856,
      "resptime_old": 33.036703679098856,
      "waittime": 29.047175531077016,
      "servicetime": 10.0,
      "networktime": 3.9895281480218387,
      "services": {
        "MS1_1": {
          "meanserv": 0.39757419658610127,
          "stddevserv": 0.39757419658610127,
          "rate": 2.515253778003758,
          "cv": 1.0,
          "lambda": 0.15
        },
        "MS1_2": {
          "meanserv": 0.005990530598167787,
          "stddevserv": 0.005990530598167787,
          "rate": 166.9301213995721,
          "cv": 1.0,
          "lambda": 0.15
        },
        "MS1_3": {
          "meanserv": 2.9433784604996185,
          "stddevserv": 2.9433784604996185,
          "rate": 0.33974564039931743,
          "cv": 1.0,
          "lambda": 0.15
        },
        "MS1_4": {
          "meanserv": 1.8019541746195298,
          "stddevserv": 1.8019541746195298,
          "rate": 0.5549530693316012,
          "cv": 1.0,
          "lambda": 0.15
        },
        "MS1_5": {
          "meanserv": 0.0363747304613522,
          "stddevserv": 0.0363747304613522,
          "rate": 27.49161264748038,
          "cv": 1.0,
          "lambda": 0.15
        },
        "MS1_6": {
          "meanserv": 0.6724507513732894,
          "stddevserv": 0.6724507513732894,
          "rate": 1.4870977509621106,
          "cv": 1.0,
          "lambda": 0.15
        },
        "MS1_7": {
          "meanserv": 0.13506700578918984,
          "stddevserv": 0.13506700578918984,
          "rate": 7.403732644823577,
          "cv": 1.0,
          "lambda": 0.15
        },
        "MS1_8": {
          "meanserv": 0.598577278060362,
          "stddevserv": 0.598577278060362,
          "rate": 1.6706280653358807,
          "cv": 1.0,
          "lambda": 0.15
        },
        "MS1_9": {
          "meanserv": 3.157337279692343,
          "stddevserv": 3.157337279692343,
          "rate": 0.3167225771006137,
          "cv": 1.0,
          "lambda": 0.15
        },
        "MS1_10": {
          "meanserv": 0.25129559232004617,
          "stddevserv": 0.25129559232004617,
          "rate": 3.979377396824436,
          "cv": 1.0,
          "lambda": 0.15
        }
      },
      "sensors": [
        "S1"
      ],
      "sources": [
        {
          "startTime": 0,
          "stopTime": -1,
          "lambda": 0.15
        }
      ]
    },
    "SC2": {
      "resptime": 42.74607121362923,
      "resptime_old": 32.74607121362923,
      "waittime": 27.707071517895386,
      "servicetime": 10.0,
      "networktime": 5.0389996957338425,
      "services": {
        "MS2_1": {
          "meanserv": 1.9452476425460397,
          "stddevserv": 1.9452476425460397,
          "rate": 0.5140733642998527,
          "cv": 1.0,
          "lambda": 0.15
        },
        "MS2_2": {
          "meanserv": 1.4740702344828236,
          "stddevserv": 1.4740702344828236,
          "rate": 0.678393726843585,
          "cv": 1.0,
          "lambda": 0.15
        },
        "MS2_3": {
          "meanserv": 0.6320103780299977,
          "stddevserv": 0.6320103780299977,
          "rate": 1.5822524989495284,
          "cv": 1.0,
          "lambda": 0.15
        },
        "MS2_4": {
          "meanserv": 3.239586923992034,
          "stddevserv": 3.239586923992034,
          "rate": 0.3086813298924338,
          "cv": 1.0,
          "lambda": 0.15
        },
        "MS2_5": {
          "meanserv": 0.22003451204560598,
          "stddevserv": 0.22003451204560598,
          "rate": 4.544741598503114,
          "cv": 1.0,
          "lambda": 0.15
        },
        "MS2_6": {
          "meanserv": 0.28361395218245544,
          "stddevserv": 0.28361395218245544,
          "rate": 3.5259196252682123,
          "cv": 1.0,
          "lambda": 0.15
        },
        "MS2_7": {
          "meanserv": 0.10232026816056905,
          "stddevserv": 0.10232026816056905,
          "rate": 9.773234745932458,
          "cv": 1.0,
          "lambda": 0.15
        },
        "MS2_8": {
          "meanserv": 0.11647179152076426,
          "stddevserv": 0.11647179152076426,
          "rate": 8.5857698842189,
          "cv": 1.0,
          "lambda": 0.15
        },
        "MS2_9": {
          "meanserv": 1.0985801838520626,
          "stddevserv": 1.0985801838520626,
          "rate": 0.9102658273823938,
          "cv": 1.0,
          "lambda": 0.15
        },
        "MS2_10": {
          "meanserv": 0.8880641131876477,
          "stddevserv": 0.8880641131876477,
          "rate": 1.1260448262125646,
          "cv": 1.0,
          "lambda": 0.15
        }
      },
      "sensors": [
        "S2"
      ],
      "sources": [
        {
          "startTime": 0,
          "stopTime": -1,
          "lambda": 0.15
        }
      ]
    },
    "SC3": {
      "resptime": 38.4480746222275,
      "resptime_old": 28.4480746222275,
      "waittime": 23.410831206841348,
      "servicetime": 10.0,
      "networktime": 5.037243415386148,
      "services": {
        "MS3_1": {
          "meanserv": 0.9134196457136412,
          "stddevserv": 0.9134196457136412,
          "rate": 1.0947870507194037,
          "cv": 1.0,
          "lambda": 0.15
        },
        "MS3_2": {
          "meanserv": 0.2595378243614721,
          "stddevserv": 0.2595378243614721,
          "rate": 3.853002938821152,
          "cv": 1.0,
          "lambda": 0.15
        },
        "MS3_3": {
          "meanserv": 0.2967042651825136,
          "stddevserv": 0.2967042651825136,
          "rate": 3.370359369066918,
          "cv": 1.0,
          "lambda": 0.15
        },
        "MS3_4": {
          "meanserv": 1.8931636539401764,
          "stddevserv": 1.8931636539401764,
          "rate": 0.5282163525159246,
          "cv": 1.0,
          "lambda": 0.15
        },
        "MS3_5": {
          "meanserv": 0.03492786738107734,
          "stddevserv": 0.03492786738107734,
          "rate": 28.630433948044708,
          "cv": 1.0,
          "lambda": 0.15
        },
        "MS3_6": {
          "meanserv": 1.326552139620456,
          "stddevserv": 1.326552139620456,
          "rate": 0.7538339203810813,
          "cv": 1.0,
          "lambda": 0.15
        },
        "MS3_7": {
          "meanserv": 1.265310080247576,
          "stddevserv": 1.265310080247576,
          "rate": 0.7903201085731772,
          "cv": 1.0,
          "lambda": 0.15
        },
        "MS3_8": {
          "meanserv": 3.108001796379101,
          "stddevserv": 3.108001796379101,
          "rate": 0.32175013578339134,
          "cv": 1.0,
          "lambda": 0.15
        },
        "MS3_9": {
          "meanserv": 0.13276568150089574,
          "stddevserv": 0.13276568150089574,
          "rate": 7.532066936991193,
          "cv": 1.0,
          "lambda": 0.15
        },
        "MS3_10": {
          "meanserv": 0.7696170456730904,
          "stddevserv": 0.7696170456730904,
          "rate": 1.2993475204611946,
          "cv": 1.0,
          "lambda": 0.15
        }
      },
      "sensors": [
        "S3"
      ],
      "sources": [
        {
          "startTime": 0,
          "stopTime": -1,
          "lambda": 0.15
        }
      ]
    },
    "SC4": {
      "resptime": 43.32588435306171,
      "resptime_old": 33.32588435306171,
      "waittime": 28.642114652143896,
      "servicetime": 10.0,
      "networktime": 4.683769700917816,
      "services": {
        "MS4_1": {
          "meanserv": 0.29336632801851503,
          "stddevserv": 0.29336632801851503,
          "rate": 3.4087074912594866,
          "cv": 1.0,
          "lambda": 0.15
        },
        "MS4_2": {
          "meanserv": 3.258840253576799,
          "stddevserv": 3.258840253576799,
          "rate": 0.306857630993858,
          "cv": 1.0,
          "lambda": 0.15
        },
        "MS4_3": {
          "meanserv": 0.48000378954669376,
          "stddevserv": 0.48000378954669376,
          "rate": 2.083316885777882,
          "cv": 1.0,