{
  "servicechain": {
    "SC1": {
      "resptime": 33.11043264551126,
      "resptime_old": 23.11043264551126,
      "waittime": 19.4835436798344,
      "servicetime": 10.0,
      "networktime": 3.6268889656768586,
      "services": {
        "MS1_1": {
          "meanserv": 1.4605776875483212,
          "stddevserv": 1.4605776875483212,
          "rate": 0.684660602804749,
          "cv": 1.0,
          "lambda": 0.175
        },
        "MS1_2": {
          "meanserv": 0.9783426350771842,
          "stddevserv": 0.9783426350771842,
          "rate": 1.0221367894501574,
          "cv": 1.0,
          "lambda": 0.175
        },
        "MS1_3": {
          "meanserv": 4.243690588894471,
          "stddevserv": 4.243690588894471,
          "rate": 0.23564394694960814,
          "cv": 1.0,
          "lambda": 0.175
        },
        "MS1_4": {
          "meanserv": 1.0083985703469107,
          "stddevserv": 1.0083985703469107,
          "rate": 0.9916713781694262,
          "cv": 1.0,
          "lambda": 0.175
        },
        "MS1_5": {
          "meanserv": 2.308990518133113,
          "stddevserv": 2.308990518133113,
          "rate": 0.43308969532214864,
          "cv": 1.0,
          "lambda": 0.175
        }
      },
      "sensors": [
        "S1"
      ],
      "sources": [
        {
          "startTime": 0,
          "stopTime": -1,
          "lambda": 0.175
        }
      ]
    },
    "SC2": {
      "resptime": 6693.83431984114,
      "resptime_old": 6683.834319841139,
      "waittime": 6681.317711754848,
      "servicetime": 10.0,
      "networktime": 2.5166080862925213,
      "services": {
        "MS2_1": {
          "meanserv": 0.08296857088993415,
          "stddevserv": 0.08296857088993415,
          "rate": 12.052756715872532,
          "cv": 1.0,
          "lambda": 0.175
        },
        "MS2_2": {
          "meanserv": 6.1777504548678905,
          "stddevserv": 6.1777504548678905,
          "rate": 0.1618712195168111,
          "cv": 1.0,
          "lambda": 0.175
        },
        "MS2_3": {
          "meanserv": 0.7895923497868447,
          "stddevserv": 0.7895923497868447,
          "rate": 1.266476302955514,
          "cv": 1.0,
          "lambda": 0.175
        },
        "MS2_4": {
          "meanserv": 1.0066024101518165,
          "stddevserv": 1.0066024101518165,
          "rate": 0.9934408957447055,
          "cv": 1.0,
          "lambda": 0.175
        },
        "MS2_5": {
          "meanserv": 1.9430862143035146,
          "stddevserv": 1.9430862143035146,
          "rate": 0.5146452034082507,
          "cv": 1.0,
          "lambda": 0.175
        }
      },
      "sensors": [
        "S2"
      ],
      "sources": [
        {
          "startTime": 0,
          "stopTime": -1,
          "lambda": 0.175
        }
      ]
    },
    "SC3": {
      "resptime": 8381.929421452456,
      "resptime_old": 8371.929421452454,
      "waittime": 8367.656045741827,
      "servicetime": 10.0,
      "networktime": 4.273375710629024,
      "services": {
        "MS3_1": {
          "meanserv": 0.2112771381086309,
          "stddevserv": 0.2112771381086309,
          "rate": 4.733119773166545,
          "cv": 1.0,
          "lambda": 0.175
        },
        "MS3_2": {
          "meanserv": 6.915418760225982,
          "stddevserv": 6.915418760225982,
          "rate": 0.14460440280948686,
          "cv": 1.0,
          "lambda": 0.175
        },
        "MS3_3": {
          "meanserv": 2.3687464292404377,
          "stddevserv": 2.3687464292404377,
          "rate": 0.4221642247797119,
          "cv": 1.0,
          "lambda": 0.175
        },
        "MS3_4": {
          "meanserv": 0.4516686829832288,
          "stddevserv": 0.4516686829832288,
          "rate": 2.2140122564953915,
          "cv": 1.0,
          "lambda": 0.175
        },
        "MS3_5": {
          "meanserv": 0.052888989441720824,
          "stddevserv": 0.052888989441720824,
          "rate": 18.9075270780493,
          "cv": 1.0,
          "lambda": 0.175
        }
      },
      "sensors": [
        "S3"
      ],
      "sources": [
        {
          "startTime": 0,
          "stopTime": -1,
          "lambda": 0.175
        }
      ]
    },
    "SC4": {
      "resptime": 34.02246471272303,
      "resptime_old": 24.02246471272303,
      "waittime": 19.886806831671873,
      "servicetime": 10.0,
      "networktime": 4.135657881051156,
      "services": {
        "MS4_1": {
          "meanserv": 2.3898626498977693,
          "stddevserv": 2.3898626498977693,
          "rate": 0.4184340886882252,
          "cv": 1.0,
          "lambda": 0.175
        },
        "MS4_2": {
          "meanserv": 3.7435647190411556,
          "stddevserv": 3.7435647190411556,
          "rate": 0.26712507330610047,
          "cv": 1.0,
          "lambda": 0.175
        },
        "MS4_3": {
          "meanserv": 1.5774341909361222,
          "stddevserv": 1.5774341909361222,
          "rate": 0.6339408678637515,
          "cv": 1.0,
          "lambda": 0.175
        },
        "MS4_4": {
          "meanserv": 2.1743761312343164,
          "stddevserv": 2.1743761312343164,
          "rate": 0.45990203150010456,
          "cv": 1.0,
          "lambda": 0.175
        },
        "MS4_5": {
          "meanserv": 0.11476230889063643,
          "stddevserv": 0.11476230889063643,
          "rate": 8.713662261300069,
          "cv": 1.0,
          "lambda": 0.175
        }
      },
      "sensors": [
        "S4"
      ],
      "sources": [
        {
          "startTime": 0,
          "stopTime": -1,
          "lambda": 0.175
        }
      ]
    }
  },
  "microservice": {
    "MS1_1": "F5",
    "MS1_2": "F5",
    "MS1_3": "F4",
    "MS1_4": "F1",
    "MS1_5": "F1",
    "MS2_1": "F5",
    "MS2_2": "F6",
    "MS2_3": "F2",
    "MS2_4": "F2",
    "MS2_5": "F2",
    "MS3_1": "F3",
    "MS3_2": "F10",
    "MS3_3": "F3",
    "MS3_4": "F9",
    "MS3_5": "F9",
    "MS4_1": "F8",
    "MS4_2": "F7",
    "MS4_3": "F8",
    "MS4_4": "F9",
    "MS4_5": "F9"
  },
  "sensor": {
    "S1": "F5",
    "S2": "F5",
    "S3": "F3",
    "S4": "F8"
  },
  "fog": {
    "F1": {
      "rho": 0.5805430904840042,
      "capacity": 1.0,
      "tserv": 1.6586945442400118,
      "stddev": 1.8965856949831545,
      "mu": 0.6028837578760979,
      "cv": 1.1434207109254952,
      "lambda": 0.35,
      "twait": 2.648551807015209
    },
    "F2": {
      "rho": 0.6543741704923807,
      "capacity": 1.0,
      "tserv": 1.2464269914140587,
      "stddev": 1.4333918189137884,
      "mu": 0.8022932806240903,
      "cv": 1.1500006248160752,
      "lambda": 0.5249999999999999,
      "twait": 2.7403926772663874
    },
    "F3": {
      "rho": 0.451504124286087,
      "capacity": 1.0,
      "tserv": 1.2900117836745344,
      "stddev": 1.997865679445829,
      "mu": 0.7751867174046657,
      "cv": 1.548718937865054,
      "lambda": 0.35,
      "twait": 1.8044430905865183
    },
    "F4": {
      "rho": 0.7426458530565323,
      "capacity": 1.0,
      "tserv": 4.243690588894471,
      "stddev": 4.243690588894471,
      "mu": 0.23564394694960814,
      "cv": 1.0,
      "lambda": 0.175,
      "twait": 12.246001297930539
    },
    "F5": {
      "rho": 0.4413305563652019,
      "capacity": 1.0,
      "tserv": 0.8406296311718133,
      "stddev": 1.1654292518276117,
      "mu": 1.1895845244070555,
      "cv": 1.38637660226542,
      "lambda": 0.5249999999999999,
      "twait": 0.9702193839367226
    },
    "F6": {
      "rho": 1.0811063296018808,
      "capacity": 1.0,
      "tserv": 6.1777504548678905,
      "stddev": 6.1777504548678905,
      "mu": 0.1618712195168111,
      "cv": 1.0,
      "lambda": 0.175,
      "twait": 6672.126314339111
    },
    "F7": {
      "rho": 0.6551238258322021,
      "capacity": 1.0,
      "tserv": 3.7435647190411556,
      "stddev": 3.743564719041155,
      "mu": 0.26712507330610047,
      "cv": 0.9999999999999999,
      "lambda": 0.175,
      "twait": 7.111243468490352
    },