{
  "servicechain": {
    "SC1": {
      "resptime": 23.04863856905814,
      "resptime_old": 13.048638569058141,
      "waittime": 7.870044794522225,
      "servicetime": 10.0,
      "networktime": 5.178593774535917,
      "services": {
        "MS1_1": {
          "meanserv": 2.5544910671694976,
          "stddevserv": 2.5544910671694976,
          "rate": 0.39146740924330165,
          "cv": 1.0,
          "lambda": 0.125
        },
        "MS1_2": {
          "meanserv": 1.7233743132586796,
          "stddevserv": 1.7233743132586796,
          "rate": 0.5802569948423615,
          "cv": 1.0,
          "lambda": 0.125
        },
        "MS1_3": {
          "meanserv": 2.001576334353822,
          "stddevserv": 2.001576334353822,
          "rate": 0.499606226770679,
          "cv": 1.0,
          "lambda": 0.125
        },
        "MS1_4": {
          "meanserv": 1.4296563940507934,
          "stddevserv": 1.4296563940507934,
          "rate": 0.6994687703711775,
          "cv": 1.0,
          "lambda": 0.125
        },
        "MS1_5": {
          "meanserv": 2.2909018911672074,
          "stddevserv": 2.2909018911672074,
          "rate": 0.4365093083451527,
          "cv": 1.0,
          "lambda": 0.125
        }
      },
      "sensors": [
        "S1"
      ],
      "sources": [
        {
          "startTime": 0,
          "stopTime": -1,
          "lambda": 0.125
        }
      ]
    },
    "SC2": {
      "resptime": 27.452208459371963,
      "resptime_old": 17.45220845937196,
      "waittime": 14.738864718958572,
      "servicetime": 10.0,
      "networktime": 2.7133437404133907,
      "services": {
        "MS2_1": {
          "meanserv": 5.20462472027016,
          "stddevserv": 5.20462472027016,
          "rate": 0.19213681172925995,
          "cv": 1.0,
          "lambda": 0.125
        },
        "MS2_2": {
          "meanserv": 3.028732895753394,
          "stddevserv": 3.028732895753394,
          "rate": 0.3301710762946797,
          "cv": 1.0,
          "lambda": 0.125
        },
        "MS2_3": {
          "meanserv": 0.6144113488947518,
          "stddevserv": 0.6144113488947518,
          "rate": 1.6275741029179773,
          "cv": 1.0,
          "lambda": 0.125
        },
        "MS2_4": {
          "meanserv": 1.12424561925169,
          "stddevserv": 1.12424561925169,
          "rate": 0.889485342771992,
          "cv": 1.0,
          "lambda": 0.125
        },
        "MS2_5": {
          "meanserv": 0.027985415830004357,
          "stddevserv": 0.027985415830004357,
          "rate": 35.73289766621432,
          "cv": 1.0,
          "lambda": 0.125
        }
      },
      "sensors": [
        "S2"
      ],
      "sources": [
        {
          "startTime": 0,
          "stopTime": -1,
          "lambda": 0.125
        }
      ]
    },
    "SC3": {
      "resptime": 27.379690847123932,
      "resptime_old": 17.379690847123932,
      "waittime": 13.665069613676236,
      "servicetime": 10.0,
      "networktime": 3.7146212334476933,
      "services": {
        "MS3_1": {
          "meanserv": 4.497035637978955,
          "stddevserv": 4.497035637978955,
          "rate": 0.2223687069665779,
          "cv": 1.0,
          "lambda": 0.125
        },
        "MS3_2": {
          "meanserv": 0.218011640910575,
          "stddevserv": 0.218011640910575,
          "rate": 4.586911028343594,
          "cv": 1.0,
          "lambda": 0.125
        },
        "MS3_3": {
          "meanserv": 0.44137952487140364,
          "stddevserv": 0.44137952487140364,
          "rate": 2.2656238988234696,
          "cv": 1.0,
          "lambda": 0.125
        },
        "MS3_4": {
          "meanserv": 3.075595398860865,
          "stddevserv": 3.075595398860865,
          "rate": 0.32514029653262544,
          "cv": 1.0,
          "lambda": 0.125
        },
        "MS3_5": {
          "meanserv": 1.767977797378201,
          "stddevserv": 1.767977797378201,
          "rate": 0.5656179627837729,
          "cv": 1.0,
          "lambda": 0.125
        }
      },
      "sensors": [
        "S3"
      ],
      "sources": [
        {
          "startTime": 0,
          "stopTime": -1,
          "lambda": 0.125
        }
      ]
    },
    "SC4": {
      "resptime": 84.68677317635908,
      "resptime_old": 74.68677317635908,
      "waittime": 72.63925294114028,
      "servicetime": 10.0,
      "networktime": 2.0475202352188,
      "services": {
        "MS4_1": {
          "meanserv": 0.2913892258281803,
          "stddevserv": 0.2913892258281803,
          "rate": 3.4318358791675334,
          "cv": 1.0,
          "lambda": 0.125
        },
        "MS4_2": {
          "meanserv": 0.4001475788436737,
          "stddevserv": 0.4001475788436737,
          "rate": 2.4990779724064547,
          "cv": 1.0,
          "lambda": 0.125
        },
        "MS4_3": {
          "meanserv": 7.246945498969431,
          "stddevserv": 7.246945498969431,
          "rate": 0.13798917076749195,
          "cv": 1.0,
          "lambda": 0.125
        },
        "MS4_4": {
          "meanserv": 1.8771503038649602,
          "stddevserv": 1.8771503038649602,
          "rate": 0.5327223919901615,
          "cv": 1.0,
          "lambda": 0.125
        },
        "MS4_5": {
          "meanserv": 0.18436739249375478,
          "stddevserv": 0.18436739249375478,
          "rate": 5.4239526115436805,
          "cv": 1.0,
          "lambda": 0.125
        }
      },
      "sensors": [
        "S4"
      ],
      "sources": [
        {
          "startTime": 0,
          "stopTime": -1,
          "lambda": 0.125
        }
      ]
    }
  },
  "microservice": {
    "MS1_1": "F5",
    "MS1_2": "F7",
    "MS1_3": "F7",
    "MS1_4": "F6",
    "MS1_5": "F6",
    "MS2_1": "F2",
    "MS2_2": "F8",
    "MS2_3": "F10",
    "MS2_4": "F10",
    "MS2_5": "F10",
    "MS3_1": "F3",
    "MS3_2": "F4",
    "MS3_3": "F4",
    "MS3_4": "F4",
    "MS3_5": "F10",
    "MS4_1": "F9",
    "MS4_2": "F9",
    "MS4_3": "F1",
    "MS4_4": "F9",
    "MS4_5": "F9"
  },
  "sensor": {
    "S1": "F5",
    "S2": "F2",
    "S3": "F3",
    "S4": "F9"
  },
  "fog": {
    "F1": {
      "rho": 0.9058681873711789,
      "capacity": 1.0,
      "tserv": 7.246945498969431,
      "stddev": 7.246945498969431,
      "mu": 0.13798917076749195,
      "cv": 1.0,
      "lambda": 0.125,
      "twait": 69.74026314584292
    },
    "F2": {
      "rho": 0.65057809003377,
      "capacity": 1.0,
      "tserv": 5.20462472027016,
      "stddev": 5.20462472027016,
      "mu": 0.19213681172925995,
      "cv": 1.0,
      "lambda": 0.125,
      "twait": 9.690333414361874
    },
    "F3": {
      "rho": 0.5621294547473694,
      "capacity": 1.0,
      "tserv": 4.497035637978955,
      "stddev": 4.497035637978955,
      "mu": 0.2223687069665779,
      "cv": 1.0,
      "lambda": 0.125,
      "twait": 5.773204474619572
    },
    "F4": {
      "rho": 0.46687332058035547,
      "capacity": 1.0,
      "tserv": 1.2449955215476145,
      "stddev": 2.217597986565934,
      "mu": 0.8032157406935341,
      "cv": 1.7812096093400465,
      "lambda": 0.375,
      "twait": 2.2747013966275884
    },
    "F5": {
      "rho": 0.3193113833961872,
      "capacity": 1.0,
      "tserv": 2.5544910671694976,
      "stddev": 2.5544910671694976,
      "mu": 0.39146740924330165,
      "cv": 1.0,
      "lambda": 0.125,
      "twait": 1.198313085652571
    },
    "F6": {
      "rho": 0.46506978565225016,
      "capacity": 1.0,
      "tserv": 1.8602791426090004,
      "stddev": 1.9574244280629909,
      "mu": 0.5375537343269473,
      "cv": 1.0522208109680498,
      "lambda": 0.25,
      "twait": 1.703995372764477
    },
    "F7": {
      "rho": 0.46561883095156265,
      "capacity": 1.0,
      "tserv": 1.8624753238062508,
      "stddev": 1.8728354209748141,
      "mu": 0.5369198653093284,
      "cv": 1.0055625419763365,
      "lambda": 0.25,
      "twait": 1.6318704816703502
    },
    "F8": {
      "rho": 0.3785916119691743,
      "capacity": 1.0,