{
  "servicechain": {
    "SC1": {
      "resptime": 56.00498750413938,
      "resptime_old": 46.00498750413938,
      "waittime": 38.610352958560696,
      "servicetime": 10.0,
      "networktime": 7.394634545578681,
      "services": {
        "MS1_1": {
          "meanserv": 2.779875965771091,
          "stddevserv": 2.779875965771091,
          "rate": 0.3597282800790778,
          "cv": 1.0,
          "lambda": 0.175
        },
        "MS1_2": {
          "meanserv": 0.2546746893717269,
          "stddevserv": 0.2546746893717269,
          "rate": 3.9265778726066705,
          "cv": 1.0,
          "lambda": 0.175
        },
        "MS1_3": {
          "meanserv": 2.4289577261869435,
          "stddevserv": 2.4289577261869435,
          "rate": 0.4116992194713213,
          "cv": 1.0,
          "lambda": 0.175
        },
        "MS1_4": {
          "meanserv": 4.302318475251196,
          "stddevserv": 4.302318475251196,
          "rate": 0.23243281634133645,
          "cv": 1.0,
          "lambda": 0.175
        },
        "MS1_5": {
          "meanserv": 0.23417314341904216,
          "stddevserv": 0.23417314341904216,
          "rate": 4.270344521150086,
          "cv": 1.0,
          "lambda": 0.175
        }
      },
      "sensors": [
        "S1"
      ],
      "sources": [
        {
          "startTime": 0,
          "stopTime": -1,
          "lambda": 0.175
        }
      ]
    },
    "SC2": {
      "resptime": 43.11107283934894,
      "resptime_old": 33.11107283934894,
      "waittime": 26.04367128533371,
      "servicetime": 10.0,
      "networktime": 7.067401554015234,
      "services": {
        "MS2_1": {
          "meanserv": 0.2199873481383685,
          "stddevserv": 0.2199873481383685,
          "rate": 4.5457159625880665,
          "cv": 1.0,
          "lambda": 0.175
        },
        "MS2_2": {
          "meanserv": 2.0570744269742445,
          "stddevserv": 2.0570744269742445,
          "rate": 0.48612728197243804,
          "cv": 1.0,
          "lambda": 0.175
        },
        "MS2_3": {
          "meanserv": 1.0278189323020497,
          "stddevserv": 1.0278189323020497,
          "rate": 0.972934014515823,
          "cv": 1.0,
          "lambda": 0.175
        },
        "MS2_4": {
          "meanserv": 2.7855516154872575,
          "stddevserv": 2.7855516154872575,
          "rate": 0.35899532230533693,
          "cv": 1.0,
          "lambda": 0.175
        },
        "MS2_5": {
          "meanserv": 3.90956767709808,
          "stddevserv": 3.90956767709808,
          "rate": 0.25578275722349464,
          "cv": 1.0,
          "lambda": 0.175
        }
      },
      "sensors": [
        "S2"
      ],
      "sources": [
        {
          "startTime": 0,
          "stopTime": -1,
          "lambda": 0.175
        }
      ]
    },
    "SC3": {
      "resptime": 35.78532264754871,
      "resptime_old": 25.78532264754871,
      "waittime": 22.020529665764887,
      "servicetime": 10.0,
      "networktime": 3.764792981783824,
      "services": {
        "MS3_1": {
          "meanserv": 3.532862250663029,
          "stddevserv": 3.532862250663029,
          "rate": 0.28305660652699527,
          "cv": 1.0,
          "lambda": 0.175
        },
        "MS3_2": {
          "meanserv": 4.103794055304437,
          "stddevserv": 4.103794055304437,
          "rate": 0.24367694541285057,
          "cv": 1.0,
          "lambda": 0.175
        },
        "MS3_3": {
          "meanserv": 0.7197830971327228,
          "stddevserv": 0.7197830971327228,
          "rate": 1.3893074232828326,
          "cv": 1.0,
          "lambda": 0.175
        },
        "MS3_4": {
          "meanserv": 0.6632872102396377,
          "stddevserv": 0.6632872102396377,
          "rate": 1.5076425182971824,
          "cv": 1.0,
          "lambda": 0.175
        },
        "MS3_5": {
          "meanserv": 0.9802733866601727,
          "stddevserv": 0.9802733866601727,
          "rate": 1.0201235834903533,
          "cv": 1.0,
          "lambda": 0.175
        }
      },
      "sensors": [
        "S3"
      ],
      "sources": [
        {
          "startTime": 0,
          "stopTime": -1,
          "lambda": 0.175
        }
      ]
    },
    "SC4": {
      "resptime": 46.98624981775167,
      "resptime_old": 36.98624981775168,
      "waittime": 31.142355458260283,
      "servicetime": 10.0,
      "networktime": 5.84389435949139,
      "services": {
        "MS4_1": {
          "meanserv": 1.2241574133013455,
          "stddevserv": 1.2241574133013455,
          "rate": 0.8168884075971644,
          "cv": 1.0,
          "lambda": 0.175
        },
        "MS4_2": {
          "meanserv": 3.192883685217225,
          "stddevserv": 3.192883685217225,
          "rate": 0.31319650152929573,
          "cv": 1.0,
          "lambda": 0.175
        },
        "MS4_3": {
          "meanserv": 0.5926634818481933,
          "stddevserv": 0.5926634818481933,
          "rate": 1.6872981559139546,
          "cv": 1.0,
          "lambda": 0.175
        },
        "MS4_4": {
          "meanserv": 2.946965763444444,
          "stddevserv": 2.946965763444444,
          "rate": 0.3393320724673739,
          "cv": 1.0,
          "lambda": 0.175
        },
        "MS4_5": {
          "meanserv": 2.043329656188792,
          "stddevserv": 2.043329656188792,
          "rate": 0.4893972918032202,
          "cv": 1.0,
          "lambda": 0.175
        }
      },
      "sensors": [
        "S4"
      ],
      "sources": [
        {
          "startTime": 0,
          "stopTime": -1,
          "lambda": 0.175
        }
      ]
    }
  },
  "microservice": {
    "MS1_1": "F9",
    "MS1_2": "F7",
    "MS1_3": "F2",
    "MS1_4": "F4",
    "MS1_5": "F7",
    "MS2_1": "F7",
    "MS2_2": "F2",
    "MS2_3": "F7",
    "MS2_4": "F10",
    "MS2_5": "F6",
    "MS3_1": "F1",
    "MS3_2": "F3",
    "MS3_3": "F7",
    "MS3_4": "F7",
    "MS3_5": "F7",
    "MS4_1": "F10",
    "MS4_2": "F8",
    "MS4_3": "F5",
    "MS4_4": "F5",
    "MS4_5": "F9"
  },
  "sensor": {
    "S1": "F9",
    "S2": "F7",
    "S3": "F1",
    "S4": "F10"
  },
  "fog": {
    "F1": {
      "rho": 0.61825089386603,
      "capacity": 1.0,
      "tserv": 3.532862250663029,
      "stddev": 3.5328622506630287,
      "mu": 0.28305660652699527,
      "cv": 0.9999999999999999,
      "lambda": 0.175,
      "twait": 5.721546453631922
    },
    "F2": {
      "rho": 0.7850556268032077,
      "capacity": 1.0,
      "tserv": 2.2430160765805938,
      "stddev": 2.2583776730023843,
      "mu": 0.4458282802522165,
      "cv": 1.0068486341146554,
      "lambda": 0.35,
      "twait": 8.2486150697083
    },
    "F3": {
      "rho": 0.7181639596782765,
      "capacity": 1.0,
      "tserv": 4.103794055304437,
      "stddev": 4.103794055304437,
      "mu": 0.24367694541285057,
      "cv": 1.0,
      "lambda": 0.175,
      "twait": 10.457133108658855
    },
    "F4": {
      "rho": 0.7529057331689594,
      "capacity": 1.0,
      "tserv": 4.302318475251196,
      "stddev": 4.302318475251196,
      "mu": 0.23243281634133645,
      "cv": 1.0,
      "lambda": 0.175,
      "twait": 13.109329841919422
    },
    "F5": {
      "rho": 0.6194351179262115,
      "capacity": 1.0,
      "tserv": 1.7698146226463187,
      "stddev": 2.429735256174505,
      "mu": 0.5650309287787147,
      "cv": 1.372875568482669,
      "lambda": 0.35,
      "twait": 4.155073383987843
    },
    "F6": {
      "rho": 0.6841743434921639,
      "capacity": 1.0,
      "tserv": 3.9095676770980794,
      "stddev": 3.9095676770980803,
      "mu": 0.25578275722349464,
      "cv": 1.0000000000000002,
      "lambda": 0.175,
      "twait": 8.469311608160615
    },
    "F7": {
      "rho": 0.7174996162711512,
      "capacity": 1.0,
      "tserv": 0.5857139724662458,
      "stddev": 0.7450336504052902,
      "mu": 1.7073179862678265,
      "cv": 1.2720093517117281,
      "lambda": 1.225,
      "twait": 1.947283367824704
    },
    "F8": {
      "rho": 0.5587546449130143,