{
  "servicechain": {
    "SC1": {
      "resptime": 35.89229487194973,
      "resptime_old": 25.89229487194973,
      "waittime": 20.882869341454512,
      "servicetime": 10.0,
      "networktime": 5.009425530495216,
      "services": {
        "MS1_1": {
          "meanserv": 3.801366919447098,
          "stddevserv": 3.801366919447098,
          "rate": 0.26306326676443226,
          "cv": 1.0,
          "lambda": 0.15
        },
        "MS1_2": {
          "meanserv": 0.8904553901144316,
          "stddevserv": 0.8904553901144316,
          "rate": 1.1230208847087677,
          "cv": 1.0,
          "lambda": 0.15
        },
        "MS1_3": {
          "meanserv": 0.04635145572774224,
          "stddevserv": 0.04635145572774224,
          "rate": 21.57429544119972,
          "cv": 1.0,
          "lambda": 0.15
        },
        "MS1_4": {
          "meanserv": 1.3807315090102135,
          "stddevserv": 1.3807315090102135,
          "rate": 0.7242537694506999,
          "cv": 1.0,
          "lambda": 0.15
        },
        "MS1_5": {
          "meanserv": 3.881094725700515,
          "stddevserv": 3.881094725700515,
          "rate": 0.25765926128471545,
          "cv": 1.0,
          "lambda": 0.15
        }
      },
      "sensors": [
        "S1"
      ],
      "sources": [
        {
          "startTime": 0,
          "stopTime": -1,
          "lambda": 0.15
        }
      ]
    },
    "SC2": {
      "resptime": 33.60706971788213,
      "resptime_old": 23.607069717882133,
      "waittime": 17.97590215745414,
      "servicetime": 10.0,
      "networktime": 5.631167560427992,
      "services": {
        "MS2_1": {
          "meanserv": 0.18462249890418891,
          "stddevserv": 0.18462249890418891,
          "rate": 5.416457939500411,
          "cv": 1.0,
          "lambda": 0.15
        },
        "MS2_2": {
          "meanserv": 0.7380950567242839,
          "stddevserv": 0.7380950567242839,
          "rate": 1.3548390425998353,
          "cv": 1.0,
          "lambda": 0.15
        },
        "MS2_3": {
          "meanserv": 2.5815754067009102,
          "stddevserv": 2.5815754067009102,
          "rate": 0.38736036817066544,
          "cv": 1.0,
          "lambda": 0.15
        },
        "MS2_4": {
          "meanserv": 4.386323536662906,
          "stddevserv": 4.386323536662906,
          "rate": 0.227981358794339,
          "cv": 1.0,
          "lambda": 0.15
        },
        "MS2_5": {
          "meanserv": 2.109383501007711,
          "stddevserv": 2.109383501007711,
          "rate": 0.47407216351235903,
          "cv": 1.0,
          "lambda": 0.15
        }
      },
      "sensors": [
        "S2"
      ],
      "sources": [
        {
          "startTime": 0,
          "stopTime": -1,
          "lambda": 0.15
        }
      ]
    },
    "SC3": {
      "resptime": 34.45523801831173,
      "resptime_old": 24.45523801831174,
      "waittime": 18.499929323617163,
      "servicetime": 10.0,
      "networktime": 5.955308694694572,
      "services": {
        "MS3_1": {
          "meanserv": 3.7169572394043104,
          "stddevserv": 3.7169572394043104,
          "rate": 0.2690372623603985,
          "cv": 1.0,
          "lambda": 0.15
        },
        "MS3_2": {
          "meanserv": 0.9212196394403849,
          "stddevserv": 0.9212196394403849,
          "rate": 1.085517456626817,
          "cv": 1.0,
          "lambda": 0.15
        },
        "MS3_3": {
          "meanserv": 3.9146975091681275,
          "stddevserv": 3.9146975091681275,
          "rate": 0.25544757868469375,
          "cv": 1.0,
          "lambda": 0.15
        },
        "MS3_4": {
          "meanserv": 0.3300024915697293,
          "stddevserv": 0.3300024915697293,
          "rate": 3.0302801510475894,
          "cv": 1.0,
          "lambda": 0.15
        },
        "MS3_5": {
          "meanserv": 1.1171231204174479,
          "stddevserv": 1.1171231204174479,
          "rate": 0.8951564798214173,
          "cv": 1.0,
          "lambda": 0.15
        }
      },
      "sensors": [
        "S3"
      ],
      "sources": [
        {
          "startTime": 0,
          "stopTime": -1,
          "lambda": 0.15
        }
      ]
    },
    "SC4": {
      "resptime": 32.336112251376676,
      "resptime_old": 22.33611225137667,
      "waittime": 17.919391017683857,
      "servicetime": 10.0,
      "networktime": 4.416721233692815,
      "services": {
        "MS4_1": {
          "meanserv": 0.5700307489423806,
          "stddevserv": 0.5700307489423806,
          "rate": 1.7542913287666895,
          "cv": 1.0,
          "lambda": 0.15
        },
        "MS4_2": {
          "meanserv": 1.0380861810740605,
          "stddevserv": 1.0380861810740605,
          "rate": 0.9633111568495648,
          "cv": 1.0,
          "lambda": 0.15
        },
        "MS4_3": {
          "meanserv": 2.629092639830597,
          "stddevserv": 2.629092639830597,
          "rate": 0.38035936233286705,
          "cv": 1.0,
          "lambda": 0.15
        },
        "MS4_4": {
          "meanserv": 3.333120425182295,
          "stddevserv": 3.333120425182295,
          "rate": 0.3000191629575784,
          "cv": 1.0,
          "lambda": 0.15
        },
        "MS4_5": {
          "meanserv": 2.429670004970667,
          "stddevserv": 2.429670004970667,
          "rate": 0.4115785262830673,
          "cv": 1.0,
          "lambda": 0.15
        }
      },
      "sensors": [
        "S4"
      ],
      "sources": [
        {
          "startTime": 0,
          "stopTime": -1,
          "lambda": 0.15
        }
      ]
    }
  },
  "microservice": {
    "MS1_1": "F3",
    "MS1_2": "F4",
    "MS1_3": "F2",
    "MS1_4": "F2",
    "MS1_5": "F5",
    "MS2_1": "F10",
    "MS2_2": "F10",
    "MS2_3": "F1",
    "MS2_4": "F6",
    "MS2_5": "F10",
    "MS3_1": "F8",
    "MS3_2": "F10",
    "MS3_3": "F9",
    "MS3_4": "F1",
    "MS3_5": "F1",
    "MS4_1": "F7",
    "MS4_2": "F7",
    "MS4_3": "F7",
    "MS4_4": "F4",
    "MS4_5": "F2"
  },
  "sensor": {
    "S1": "F3",
    "S2": "F10",
    "S3": "F8",
    "S4": "F7"
  },
  "fog": {
    "F1": {
      "rho": 0.6043051528032131,
      "capacity": 1.0,
      "tserv": 1.3429003395626957,
      "stddev": 1.882609059806808,
      "mu": 0.7446568971198873,
      "cv": 1.401897820965526,
      "lambda": 0.44999999999999996,
      "twait": 3.0407512308748417
    },
    "F2": {
      "rho": 0.5785129454562934,
      "capacity": 1.0,
      "tserv": 1.2855843232362076,
      "stddev": 1.8855191526031263,
      "mu": 0.7778564050024313,
      "cv": 1.4666631496070983,
      "lambda": 0.44999999999999996,
      "twait": 2.7801082641551695
    },
    "F3": {
      "rho": 0.5702050379170647,
      "capacity": 1.0,
      "tserv": 3.801366919447098,
      "stddev": 3.801366919447098,
      "mu": 0.26306326676443226,
      "cv": 1.0,
      "lambda": 0.15,
      "twait": 5.04323865951166
    },
    "F4": {
      "rho": 0.6335363722945089,
      "capacity": 1.0,
      "tserv": 2.111787907648363,
      "stddev": 2.728177854110944,
      "mu": 0.4735324017995615,
      "cv": 1.2918806117935289,
      "lambda": 0.3,
      "twait": 4.871944309347714
    },
    "F5": {
      "rho": 0.5821642088550772,
      "capacity": 1.0,
      "tserv": 3.8810947257005153,
      "stddev": 3.881094725700514,
      "mu": 0.25765926128471545,
      "cv": 0.9999999999999997,
      "lambda": 0.15,
      "twait": 5.407469844284802
    },
    "F6": {
      "rho": 0.6579485304994359,
      "capacity": 1.0,
      "tserv": 4.386323536662906,
      "stddev": 4.386323536662906,
      "mu": 0.227981358794339,
      "cv": 1.0,
      "lambda": 0.15,
      "twait": 8.4372539882852
    },
    "F7": {
      "rho": 0.6355814354770557,
      "capacity": 1.0,
      "tserv": 1.4124031899490128,
      "stddev": 1.8836775956305856,
      "mu": 0.7080131276368044,
      "cv": 1.3336684659417866,
      "lambda": 0.44999999999999996,
      "twait": 3.422446148060324
    },