{
  "servicechain": {
    "SC1": {
      "resptime": 53.99849105459457,
      "resptime_old": 43.99849105459457,
      "waittime": 38.019485587706356,
      "servicetime": 10.0,
      "networktime": 5.979005466888212,
      "services": {
        "MS1_1": {
          "meanserv": 5.7122944133051154,
          "stddevserv": 5.7122944133051154,
          "rate": 0.1750610048513594,
          "cv": 1.0,
          "lambda": 0.15
        },
        "MS1_2": {
          "meanserv": 0.8769220748986326,
          "stddevserv": 0.8769220748986326,
          "rate": 1.140352180227182,
          "cv": 1.0,
          "lambda": 0.15
        },
        "MS1_3": {
          "meanserv": 3.410783511796252,
          "stddevserv": 3.410783511796252,
          "rate": 0.2931877665473294,
          "cv": 1.0,
          "lambda": 0.15
        }
      },
      "sensors": [
        "S1"
      ],
      "sources": [
        {
          "startTime": 0,
          "stopTime": -1,
          "lambda": 0.15
        }
      ]
    },
    "SC2": {
      "resptime": 39.128149382185704,
      "resptime_old": 29.1281493821857,
      "waittime": 23.58629305986572,
      "servicetime": 10.0,
      "networktime": 5.541856322319979,
      "services": {
        "MS2_1": {
          "meanserv": 4.197949155499074,
          "stddevserv": 4.197949155499074,
          "rate": 0.23821155591893173,
          "cv": 1.0,
          "lambda": 0.15
        },
        "MS2_2": {
          "meanserv": 5.075617376313193,
          "stddevserv": 5.075617376313193,
          "rate": 0.1970203673481739,
          "cv": 1.0,
          "lambda": 0.15
        },
        "MS2_3": {
          "meanserv": 0.7264334681877322,
          "stddevserv": 0.7264334681877322,
          "rate": 1.3765885573729788,
          "cv": 1.0,
          "lambda": 0.15
        }
      },
      "sensors": [
        "S2"
      ],
      "sources": [
        {
          "startTime": 0,
          "stopTime": -1,
          "lambda": 0.15
        }
      ]
    },
    "SC3": {
      "resptime": 109.67422340842398,
      "resptime_old": 99.67422340842398,
      "waittime": 93.77119041314079,
      "servicetime": 10.0,
      "networktime": 5.903032995283196,
      "services": {
        "MS3_1": {
          "meanserv": 6.240013610928158,
          "stddevserv": 6.240013610928158,
          "rate": 0.1602560606997229,
          "cv": 1.0,
          "lambda": 0.15
        },
        "MS3_2": {
          "meanserv": 0.9871769388960789,
          "stddevserv": 0.9871769388960789,
          "rate": 1.0129896278961505,
          "cv": 1.0,
          "lambda": 0.15
        },
        "MS3_3": {
          "meanserv": 2.772809450175763,
          "stddevserv": 2.772809450175763,
          "rate": 0.36064504899051464,
          "cv": 1.0,
          "lambda": 0.15
        }
      },
      "sensors": [
        "S3"
      ],
      "sources": [
        {
          "startTime": 0,
          "stopTime": -1,
          "lambda": 0.15
        }
      ]
    },
    "SC4": {
      "resptime": 33.41901081130685,
      "resptime_old": 23.419010811306844,
      "waittime": 17.741170693427357,
      "servicetime": 10.0,
      "networktime": 5.677840117879488,
      "services": {
        "MS4_1": {
          "meanserv": 4.492016144190252,
          "stddevserv": 4.492016144190252,
          "rate": 0.2226171874500829,
          "cv": 1.0,
          "lambda": 0.15
        },
        "MS4_2": {
          "meanserv": 1.1913486494145848,
          "stddevserv": 1.1913486494145848,
          "rate": 0.8393848437998302,
          "cv": 1.0,
          "lambda": 0.15
        },
        "MS4_3": {
          "meanserv": 4.316635206395163,
          "stddevserv": 4.316635206395163,
          "rate": 0.2316619200340312,
          "cv": 1.0,
          "lambda": 0.15
        }
      },
      "sensors": [
        "S4"
      ],
      "sources": [
        {
          "startTime": 0,
          "stopTime": -1,
          "lambda": 0.15
        }
      ]
    }
  },
  "microservice": {
    "MS1_1": "F5",
    "MS1_2": "F8",
    "MS1_3": "F9",
    "MS2_1": "F7",
    "MS2_2": "F10",
    "MS2_3": "F8",
    "MS3_1": "F3",
    "MS3_2": "F6",
    "MS3_3": "F1",
    "MS4_1": "F4",
    "MS4_2": "F6",
    "MS4_3": "F2"
  },
  "sensor": {
    "S1": "F5",
    "S2": "F7",
    "S3": "F3",
    "S4": "F4"
  },
  "fog": {
    "F1": {
      "rho": 0.4159214175263644,
      "capacity": 1.0,
      "tserv": 2.772809450175763,
      "stddev": 2.772809450175763,
      "mu": 0.36064504899051464,
      "cv": 1.0,
      "lambda": 0.15,
      "twait": 1.974513141987464
    },
    "F2": {
      "rho": 0.6474952809592744,
      "capacity": 1.0,
      "tserv": 4.316635206395163,
      "stddev": 4.316635206395163,
      "mu": 0.2316619200340312,
      "cv": 1.0,
      "lambda": 0.15,
      "twait": 7.928974492510609
    },
    "F3": {
      "rho": 0.9360020416392237,
      "capacity": 1.0,
      "tserv": 6.240013610928158,
      "stddev": 6.240013610928158,
      "mu": 0.1602560606997229,
      "cv": 1.0,
      "lambda": 0.15,
      "twait": 91.26330947558772
    },
    "F4": {
      "rho": 0.6738024216285378,
      "capacity": 1.0,
      "tserv": 4.492016144190252,
      "stddev": 4.492016144190252,
      "mu": 0.2226171874500829,
      "cv": 1.0,
      "lambda": 0.15,
      "twait": 9.278828405351142
    },
    "F5": {
      "rho": 0.8568441619957673,
      "capacity": 1.0,
      "tserv": 5.7122944133051154,
      "stddev": 5.7122944133051154,
      "mu": 0.1750610048513594,
      "cv": 1.0,
      "lambda": 0.15,
      "twait": 34.190335426605564
    },
    "F6": {
      "rho": 0.32677883824659953,
      "capacity": 1.0,
      "tserv": 1.089262794155332,
      "stddev": 1.0987886413769972,
      "mu": 0.9180521040154037,
      "cv": 1.008745224084379,
      "lambda": 0.3,
      "twait": 0.5333677955656071
    },
    "F7": {
      "rho": 0.6296923733248612,
      "capacity": 1.0,
      "tserv": 4.197949155499074,
      "stddev": 4.197949155499074,
      "mu": 0.23821155591893173,
      "cv": 1.0,
      "lambda": 0.15,
      "twait": 7.138434038093169
    },
    "F8": {
      "rho": 0.24050333146295472,
      "capacity": 1.0,
      "tserv": 0.8016777715431824,
      "stddev": 0.8087092553948775,
      "mu": 1.247383968343115,
      "cv": 1.008770960230268,
      "lambda": 0.3,
      "twait": 0.25609682626630226
    },
    "F9": {
      "rho": 0.5116175267694377,
      "capacity": 1.0,
      "tserv": 3.4107835117962515,
      "stddev": 3.410783511796252,
      "mu": 0.2931877665473295,
      "cv": 1.0000000000000002,
      "lambda": 0.15,
      "twait": 3.573053334834489
    },
    "F10": {
      "rho": 0.7613426064469789,
      "capacity": 1.0,
      "tserv": 5.075617376313193,
      "stddev": 5.075617376313193,
      "mu": 0.1970203673481739,
      "cv": 1.0,
      "lambda": 0.15,
      "twait": 16.19176219550625
    }
  },
  "extra": {
    "conv_gen": 31,
    "max_gen": 600,
    "population": 600,
    "deltatime": 28.0317432,
    "obj_func": 59.05496866412777
  },