{
  "servicechain": {
    "SC1": {
      "resptime": 38.7157843637789,
      "resptime_old": 28.7157843637789,
      "waittime": 25.253291562567224,
      "servicetime": 10.0,
      "networktime": 3.4624928012116745,
      "services": {
        "MS1_1": {
          "meanserv": 0.4605333789373689,
          "stddevserv": 0.4605333789373689,
          "rate": 2.1713952684762874,
          "cv": 1.0,
          "lambda": 0.075
        },
        "MS1_2": {
          "meanserv": 2.031439012856279,
          "stddevserv": 2.031439012856279,
          "rate": 0.492261886116858,
          "cv": 1.0,
          "lambda": 0.075
        },
        "MS1_3": {
          "meanserv": 0.5201932517984806,
          "stddevserv": 0.5201932517984806,
          "rate": 1.9223624999798983,
          "cv": 1.0,
          "lambda": 0.075
        },
        "MS1_4": {
          "meanserv": 0.7066076774070504,
          "stddevserv": 0.7066076774070504,
          "rate": 1.4152124750039152,
          "cv": 1.0,
          "lambda": 0.075
        },
        "MS1_5": {
          "meanserv": 1.1859235345667036,
          "stddevserv": 1.1859235345667036,
          "rate": 0.8432246859536068,
          "cv": 1.0,
          "lambda": 0.075
        },
        "MS1_6": {
          "meanserv": 1.1691590736229607,
          "stddevserv": 1.1691590736229607,
          "rate": 0.8553156046603866,
          "cv": 1.0,
          "lambda": 0.075
        },
        "MS1_7": {
          "meanserv": 2.485221695905995,
          "stddevserv": 2.485221695905995,
          "rate": 0.4023785892612075,
          "cv": 1.0,
          "lambda": 0.075
        },
        "MS1_8": {
          "meanserv": 0.4692903375009969,
          "stddevserv": 0.4692903375009969,
          "rate": 2.1308770287602092,
          "cv": 1.0,
          "lambda": 0.075
        },
        "MS1_9": {
          "meanserv": 0.4196461009539778,
          "stddevserv": 0.4196461009539778,
          "rate": 2.3829603032810476,
          "cv": 1.0,
          "lambda": 0.075
        },
        "MS1_10": {
          "meanserv": 0.5519859364501869,
          "stddevserv": 0.5519859364501869,
          "rate": 1.8116403588667216,
          "cv": 1.0,
          "lambda": 0.075
        }
      },
      "sensors": [
        "S1"
      ],
      "sources": [
        {
          "startTime": 0,
          "stopTime": -1,
          "lambda": 0.075
        }
      ]
    },
    "SC2": {
      "resptime": 42.296630609074036,
      "resptime_old": 32.29663060907403,
      "waittime": 27.936324449641244,
      "servicetime": 10.0,
      "networktime": 4.360306159432791,
      "services": {
        "MS2_1": {
          "meanserv": 0.38842222135725524,
          "stddevserv": 0.38842222135725524,
          "rate": 2.5745179987533207,
          "cv": 1.0,
          "lambda": 0.075
        },
        "MS2_2": {
          "meanserv": 0.2711027296744839,
          "stddevserv": 0.2711027296744839,
          "rate": 3.6886386249253604,
          "cv": 1.0,
          "lambda": 0.075
        },
        "MS2_3": {
          "meanserv": 0.2761810700662526,
          "stddevserv": 0.2761810700662526,
          "rate": 3.6208129679565357,
          "cv": 1.0,
          "lambda": 0.075
        },
        "MS2_4": {
          "meanserv": 0.28182992643563165,
          "stddevserv": 0.28182992643563165,
          "rate": 3.5482392258594806,
          "cv": 1.0,
          "lambda": 0.075
        },
        "MS2_5": {
          "meanserv": 1.0170840667544567,
          "stddevserv": 1.0170840667544567,
          "rate": 0.9832028960900229,
          "cv": 1.0,
          "lambda": 0.075
        },
        "MS2_6": {
          "meanserv": 0.4518786777655981,
          "stddevserv": 0.4518786777655981,
          "rate": 2.2129833718747127,
          "cv": 1.0,
          "lambda": 0.075
        },
        "MS2_7": {
          "meanserv": 3.270352901928233,
          "stddevserv": 3.270352901928233,
          "rate": 0.3057773977268294,
          "cv": 1.0,
          "lambda": 0.075
        },
        "MS2_8": {
          "meanserv": 0.786248049685164,
          "stddevserv": 0.786248049685164,
          "rate": 1.2718632502814198,
          "cv": 1.0,
          "lambda": 0.075
        },
        "MS2_9": {
          "meanserv": 1.7634980715233004,
          "stddevserv": 1.7634980715233004,
          "rate": 0.5670547737748334,
          "cv": 1.0,
          "lambda": 0.075
        },
        "MS2_10": {
          "meanserv": 1.4934022848096244,
          "stddevserv": 1.4934022848096244,
          "rate": 0.6696119392421298,
          "cv": 1.0,
          "lambda": 0.075
        }
      },
      "sensors": [
        "S2"
      ],
      "sources": [
        {
          "startTime": 0,
          "stopTime": -1,
          "lambda": 0.075
        }
      ]
    },
    "SC3": {
      "resptime": 39.26547625618366,
      "resptime_old": 29.26547625618366,
      "waittime": 24.89929871227905,
      "servicetime": 10.0,
      "networktime": 4.3661775439046115,
      "services": {
        "MS3_1": {
          "meanserv": 1.1723699573726043,
          "stddevserv": 1.1723699573726043,
          "rate": 0.8529730685364011,
          "cv": 1.0,
          "lambda": 0.075
        },
        "MS3_2": {
          "meanserv": 1.7367269697274066,
          "stddevserv": 1.7367269697274066,
          "rate": 0.5757957453479047,
          "cv": 1.0,
          "lambda": 0.075
        },
        "MS3_3": {
          "meanserv": 0.21562711489925412,
          "stddevserv": 0.21562711489925412,
          "rate": 4.637635672430263,
          "cv": 1.0,
          "lambda": 0.075
        },
        "MS3_4": {
          "meanserv": 1.2515516623173548,
          "stddevserv": 1.2515516623173548,
          "rate": 0.7990081673084231,
          "cv": 1.0,
          "lambda": 0.075
        },
        "MS3_5": {
          "meanserv": 0.3526298948198976,
          "stddevserv": 0.3526298948198976,
          "rate": 2.835834439138351,
          "cv": 1.0,
          "lambda": 0.075
        },
        "MS3_6": {
          "meanserv": 1.96172375828435,
          "stddevserv": 1.96172375828435,
          "rate": 0.5097557674861227,
          "cv": 1.0,
          "lambda": 0.075
        },
        "MS3_7": {
          "meanserv": 0.46884932252434375,
          "stddevserv": 0.46884932252434375,
          "rate": 2.132881401248218,
          "cv": 1.0,
          "lambda": 0.075
        },
        "MS3_8": {
          "meanserv": 1.0278926601113358,
          "stddevserv": 1.0278926601113358,
          "rate": 0.9728642287334607,
          "cv": 1.0,
          "lambda": 0.075
        },
        "MS3_9": {
          "meanserv": 0.10478064052712277,
          "stddevserv": 0.10478064052712277,
          "rate": 9.54374772829478,
          "cv": 1.0,
          "lambda": 0.075
        },
        "MS3_10": {
          "meanserv": 1.7078480194163301,
          "stddevserv": 1.7078480194163301,
          "rate": 0.5855321952721282,
          "cv": 1.0,
          "lambda": 0.075
        }
      },
      "sensors": [
        "S3"
      ],
      "sources": [
        {
          "startTime": 0,
          "stopTime": -1,
          "lambda": 0.075
        }
      ]
    },
    "SC4": {
      "resptime": 38.852139172368105,
      "resptime_old": 28.85213917236811,
      "waittime": 27.566496817605216,
      "servicetime": 10.0,
      "networktime": 1.2856423547628912,
      "services": {
        "MS4_1": {
          "meanserv": 0.09049916558151794,
          "stddevserv": 0.09049916558151794,
          "rate": 11.049825637334092,
          "cv": 1.0,
          "lambda": 0.075
        },
        "MS4_2": {
          "meanserv": 0.17193231735531778,
          "stddevserv": 0.17193231735531778,
          "rate": 5.816242201478538,
          "cv": 1.0,
          "lambda": 0.075
        },
        "MS4_3": {
          "meanserv": 4.140937904047397,
          "stddevserv": 4.140937904047397,