{
  "servicechain": {
    "SC1": {
      "resptime": 30.23381714709496,
      "resptime_old": 20.23381714709496,
      "waittime": 16.965070324911768,
      "servicetime": 10.0,
      "networktime": 3.268746822183193,
      "services": {
        "MS1_1": {
          "meanserv": 0.38148612407893134,
          "stddevserv": 0.38148612407893134,
          "rate": 2.6213273219685838,
          "cv": 1.0,
          "lambda": 0.15
        },
        "MS1_2": {
          "meanserv": 0.884232070173413,
          "stddevserv": 0.884232070173413,
          "rate": 1.1309248258818332,
          "cv": 1.0,
          "lambda": 0.15
        },
        "MS1_3": {
          "meanserv": 2.4039345811712067,
          "stddevserv": 2.4039345811712067,
          "rate": 0.4159846976837431,
          "cv": 1.0,
          "lambda": 0.15
        },
        "MS1_4": {
          "meanserv": 2.6050721873531466,
          "stddevserv": 2.6050721873531466,
          "rate": 0.38386652195463283,
          "cv": 1.0,
          "lambda": 0.15
        },
        "MS1_5": {
          "meanserv": 0.3209245202274307,
          "stddevserv": 0.3209245202274307,
          "rate": 3.115997491532671,
          "cv": 1.0,
          "lambda": 0.15
        },
        "MS1_6": {
          "meanserv": 0.7303144426377441,
          "stddevserv": 0.7303144426377441,
          "rate": 1.3692732083843333,
          "cv": 1.0,
          "lambda": 0.15
        },
        "MS1_7": {
          "meanserv": 2.6740360743581277,
          "stddevserv": 2.6740360743581277,
          "rate": 0.37396653305809974,
          "cv": 1.0,
          "lambda": 0.15
        }
      },
      "sensors": [
        "S1"
      ],
      "sources": [
        {
          "startTime": 0,
          "stopTime": -1,
          "lambda": 0.15
        }
      ]
    },
    "SC2": {
      "resptime": 57.01948491586255,
      "resptime_old": 47.019484915862556,
      "waittime": 40.547351036030435,
      "servicetime": 10.0,
      "networktime": 6.472133879832117,
      "services": {
        "MS2_1": {
          "meanserv": 1.3238254272819716,
          "stddevserv": 1.3238254272819716,
          "rate": 0.7553866086808456,
          "cv": 1.0,
          "lambda": 0.15
        },
        "MS2_2": {
          "meanserv": 1.407681689077439,
          "stddevserv": 1.407681689077439,
          "rate": 0.7103878723146396,
          "cv": 1.0,
          "lambda": 0.15
        },
        "MS2_3": {
          "meanserv": 5.526009850509564,
          "stddevserv": 5.526009850509564,
          "rate": 0.18096239910028175,
          "cv": 1.0,
          "lambda": 0.15
        },
        "MS2_4": {
          "meanserv": 0.062482359594138615,
          "stddevserv": 0.062482359594138615,
          "rate": 16.0045172188697,
          "cv": 1.0,
          "lambda": 0.15
        },
        "MS2_5": {
          "meanserv": 0.19993555481832637,
          "stddevserv": 0.19993555481832637,
          "rate": 5.001611648856858,
          "cv": 1.0,
          "lambda": 0.15
        },
        "MS2_6": {
          "meanserv": 0.6542148106979582,
          "stddevserv": 0.6542148106979582,
          "rate": 1.5285499252655808,
          "cv": 1.0,
          "lambda": 0.15
        },
        "MS2_7": {
          "meanserv": 0.8258503080206019,
          "stddevserv": 0.8258503080206019,
          "rate": 1.2108731937108557,
          "cv": 1.0,
          "lambda": 0.15
        }
      },
      "sensors": [
        "S2"
      ],
      "sources": [
        {
          "startTime": 0,
          "stopTime": -1,
          "lambda": 0.15
        }
      ]
    },
    "SC3": {
      "resptime": 32.252936020564576,
      "resptime_old": 22.252936020564572,
      "waittime": 17.57933037541694,
      "servicetime": 10.0,
      "networktime": 4.673605645147635,
      "services": {
        "MS3_1": {
          "meanserv": 1.1537954546478202,
          "stddevserv": 1.1537954546478202,
          "rate": 0.8667047490711739,
          "cv": 1.0,
          "lambda": 0.15
        },
        "MS3_2": {
          "meanserv": 0.4434028935051959,
          "stddevserv": 0.4434028935051959,
          "rate": 2.255285237529199,
          "cv": 1.0,
          "lambda": 0.15
        },
        "MS3_3": {
          "meanserv": 2.558466417396194,
          "stddevserv": 2.558466417396194,
          "rate": 0.3908591464013514,
          "cv": 1.0,
          "lambda": 0.15
        },
        "MS3_4": {
          "meanserv": 1.0990401357371118,
          "stddevserv": 1.0990401357371118,
          "rate": 0.909884878161718,
          "cv": 1.0,
          "lambda": 0.15
        },
        "MS3_5": {
          "meanserv": 1.5904859893108085,
          "stddevserv": 1.5904859893108085,
          "rate": 0.6287386413465492,
          "cv": 1.0,
          "lambda": 0.15
        },
        "MS3_6": {
          "meanserv": 2.607074200183387,
          "stddevserv": 2.607074200183387,
          "rate": 0.38357174488154494,
          "cv": 1.0,
          "lambda": 0.15
        },
        "MS3_7": {
          "meanserv": 0.5477349092194821,
          "stddevserv": 0.5477349092194821,
          "rate": 1.8257006868979595,
          "cv": 1.0,
          "lambda": 0.15
        }
      },
      "sensors": [
        "S3"
      ],
      "sources": [
        {
          "startTime": 0,
          "stopTime": -1,
          "lambda": 0.15
        }
      ]
    },
    "SC4": {
      "resptime": 31.758934408746065,
      "resptime_old": 21.758934408746065,
      "waittime": 15.403549182538352,
      "servicetime": 10.0,
      "networktime": 6.355385226207711,
      "services": {
        "MS4_1": {
          "meanserv": 1.9479511050699472,
          "stddevserv": 1.9479511050699472,
          "rate": 0.5133599079552317,
          "cv": 1.0,
          "lambda": 0.15
        },
        "MS4_2": {
          "meanserv": 1.5844313640631125,
          "stddevserv": 1.5844313640631125,
          "rate": 0.6311412552675063,
          "cv": 1.0,
          "lambda": 0.15
        },
        "MS4_3": {
          "meanserv": 0.8599461023930965,
          "stddevserv": 0.8599461023930965,
          "rate": 1.1628635762371098,
          "cv": 1.0,
          "lambda": 0.15
        },
        "MS4_4": {
          "meanserv": 2.000653172245203,
          "stddevserv": 2.000653172245203,
          "rate": 0.49983676025053614,
          "cv": 1.0,
          "lambda": 0.15
        },
        "MS4_5": {
          "meanserv": 1.4971937068154988,
          "stddevserv": 1.4971937068154988,
          "rate": 0.6679162458724063,
          "cv": 1.0,
          "lambda": 0.15
        },
        "MS4_6": {
          "meanserv": 1.0731462509550767,
          "stddevserv": 1.0731462509550767,
          "rate": 0.9318394385760765,
          "cv": 1.0,
          "lambda": 0.15
        },
        "MS4_7": {
          "meanserv": 1.0366782984580656,
          "stddevserv": 1.0366782984580656,
          "rate": 0.9646194016865018,
          "cv": 1.0,
          "lambda": 0.15
        }
      },
      "sensors": [
        "S4"
      ],
      "sources": [
        {
          "startTime": 0,
          "stopTime": -1,
          "lambda": 0.15
        }
      ]
    }
  },
  "microservice": {
    "MS1_1": "F10",
    "MS1_2": "F10",
    "MS1_3": "F6",
    "MS1_4": "F4",
    "MS1_5": "F2",
    "MS1_6": "F2",
    "MS1_7": "F2",
    "MS2_1": "F9",
    "MS2_2": "F10",
    "MS2_3": "F1",
    "MS2_4": "F7",
    "MS2_5": "F7",
    "MS2_6": "F8",
    "MS2_7": "F3",
    "MS3_1": "F8",
    "MS3_2": "F8",
    "MS3_3": "F5",
    "MS3_4": "F5",
    "MS3_5": "F9",
    "MS3_6": "F3",
    "MS3_7": "F3",
    "MS4_1": "F8",
    "MS4_2": "F10",
    "MS4_3": "F4",
    "MS4_4": "F7",
    "MS4_5": "F7",
    "MS4_6": "F6",
    "MS4_7": "F9"
  },
  "sensor": {
    "S1": "F10",
    "S2": "F9",
    "S3": "F8",
    "S4": "F8"
  },
  "fog": {
    "F1": {
      "rho": 0.8289014775764345,
      "capacity": 1.0,
      "tserv": 5.526009850509564,
      "stddev": 5.526009850509564,