{
  "servicechain": {
    "SC1": {
      "resptime": 37.718650271057655,
      "resptime_old": 27.718650271057662,
      "waittime": 24.390031436941474,
      "servicetime": 10.0,
      "networktime": 3.3286188341161873,
      "services": {
        "MS1_1": {
          "meanserv": 3.5979588111182723,
          "stddevserv": 3.5979588111182723,
          "rate": 0.277935366272076,
          "cv": 1.0,
          "lambda": 0.15
        },
        "MS1_2": {
          "meanserv": 0.34015218808589953,
          "stddevserv": 0.34015218808589953,
          "rate": 2.9398605536750724,
          "cv": 1.0,
          "lambda": 0.15
        },
        "MS1_3": {
          "meanserv": 0.8342117979737367,
          "stddevserv": 0.8342117979737367,
          "rate": 1.1987363430113978,
          "cv": 1.0,
          "lambda": 0.15
        },
        "MS1_4": {
          "meanserv": 5.2276772028220915,
          "stddevserv": 5.2276772028220915,
          "rate": 0.19128954623674227,
          "cv": 1.0,
          "lambda": 0.15
        }
      },
      "sensors": [
        "S1"
      ],
      "sources": [
        {
          "startTime": 0,
          "stopTime": -1,
          "lambda": 0.15
        }
      ]
    },
    "SC2": {
      "resptime": 37.01207262699022,
      "resptime_old": 27.012072626990218,
      "waittime": 23.07134862361081,
      "servicetime": 10.0,
      "networktime": 3.940724003379409,
      "services": {
        "MS2_1": {
          "meanserv": 5.015991189269422,
          "stddevserv": 5.015991189269422,
          "rate": 0.19936239165237643,
          "cv": 1.0,
          "lambda": 0.15
        },
        "MS2_2": {
          "meanserv": 0.5556870704415484,
          "stddevserv": 0.5556870704415484,
          "rate": 1.7995739926167456,
          "cv": 1.0,
          "lambda": 0.15
        },
        "MS2_3": {
          "meanserv": 1.5888006029724915,
          "stddevserv": 1.5888006029724915,
          "rate": 0.629405602017709,
          "cv": 1.0,
          "lambda": 0.15
        },
        "MS2_4": {
          "meanserv": 2.839521137316538,
          "stddevserv": 2.839521137316538,
          "rate": 0.3521720570620722,
          "cv": 1.0,
          "lambda": 0.15
        }
      },
      "sensors": [
        "S2"
      ],
      "sources": [
        {
          "startTime": 0,
          "stopTime": -1,
          "lambda": 0.15
        }
      ]
    },
    "SC3": {
      "resptime": 30.491418361335086,
      "resptime_old": 20.49141836133509,
      "waittime": 13.90481273171978,
      "servicetime": 10.0,
      "networktime": 6.586605629615306,
      "services": {
        "MS3_1": {
          "meanserv": 2.055401097890651,
          "stddevserv": 2.055401097890651,
          "rate": 0.4865230445902977,
          "cv": 1.0,
          "lambda": 0.15
        },
        "MS3_2": {
          "meanserv": 4.217878825455346,
          "stddevserv": 4.217878825455346,
          "rate": 0.23708599544512612,
          "cv": 1.0,
          "lambda": 0.15
        },
        "MS3_3": {
          "meanserv": 3.284155842924485,
          "stddevserv": 3.284155842924485,
          "rate": 0.3044922494023661,
          "cv": 1.0,
          "lambda": 0.15
        },
        "MS3_4": {
          "meanserv": 0.44256423372951836,
          "stddevserv": 0.44256423372951836,
          "rate": 2.259559005871155,
          "cv": 1.0,
          "lambda": 0.15
        }
      },
      "sensors": [
        "S3"
      ],
      "sources": [
        {
          "startTime": 0,
          "stopTime": -1,
          "lambda": 0.15
        }
      ]
    },
    "SC4": {
      "resptime": 31.18921391832,
      "resptime_old": 21.18921391832,
      "waittime": 17.543520192908726,
      "servicetime": 10.0,
      "networktime": 3.645693725411274,
      "services": {
        "MS4_1": {
          "meanserv": 4.312715562435026,
          "stddevserv": 4.312715562435026,
          "rate": 0.23187246771159292,
          "cv": 1.0,
          "lambda": 0.15
        },
        "MS4_2": {
          "meanserv": 4.389610618959327,
          "stddevserv": 4.389610618959327,
          "rate": 0.22781063898489393,
          "cv": 1.0,
          "lambda": 0.15
        },
        "MS4_3": {
          "meanserv": 0.22205127245512557,
          "stddevserv": 0.22205127245512557,
          "rate": 4.503464397854736,
          "cv": 1.0,
          "lambda": 0.15
        },
        "MS4_4": {
          "meanserv": 1.0756225461505213,
          "stddevserv": 1.0756225461505213,
          "rate": 0.9296941604458161,
          "cv": 1.0,
          "lambda": 0.15
        }
      },
      "sensors": [
        "S4"
      ],
      "sources": [
        {
          "startTime": 0,
          "stopTime": -1,
          "lambda": 0.15
        }
      ]
    }
  },
  "microservice": {
    "MS1_1": "F7",
    "MS1_2": "F6",
    "MS1_3": "F6",
    "MS1_4": "F1",
    "MS2_1": "F2",
    "MS2_2": "F10",
    "MS2_3": "F10",
    "MS2_4": "F3",
    "MS3_1": "F10",
    "MS3_2": "F5",
    "MS3_3": "F4",
    "MS3_4": "F6",
    "MS4_1": "F9",
    "MS4_2": "F8",
    "MS4_3": "F6",
    "MS4_4": "F6"
  },
  "sensor": {
    "S1": "F7",
    "S2": "F2",
    "S3": "F10",
    "S4": "F9"
  },
  "fog": {
    "F1": {
      "rho": 0.7841515804233137,
      "capacity": 1.0,
      "tserv": 5.2276772028220915,
      "stddev": 5.2276772028220915,
      "mu": 0.19128954623674227,
      "cv": 1.0,
      "lambda": 0.15,
      "twait": 18.991528168588143
    },
    "F2": {
      "rho": 0.7523986783904133,
      "capacity": 1.0,
      "tserv": 5.015991189269422,
      "stddev": 5.015991189269422,
      "mu": 0.19936239165237643,
      "cv": 1.0,
      "lambda": 0.15,
      "twait": 15.242346515319031
    },
    "F3": {
      "rho": 0.42592817059748067,
      "capacity": 1.0,
      "tserv": 2.839521137316538,
      "stddev": 2.839521137316538,
      "mu": 0.3521720570620722,
      "cv": 1.0,
      "lambda": 0.15,
      "twait": 2.106760829300507
    },
    "F4": {
      "rho": 0.4926233764386727,
      "capacity": 1.0,
      "tserv": 3.284155842924485,
      "stddev": 3.284155842924485,
      "mu": 0.3044922494023661,
      "cv": 1.0,
      "lambda": 0.15,
      "twait": 3.1886607797111153
    },
    "F5": {
      "rho": 0.6326818238183018,
      "capacity": 1.0,
      "tserv": 4.217878825455346,
      "stddev": 4.217878825455346,
      "mu": 0.23708599544512612,
      "cv": 1.0,
      "lambda": 0.15,
      "twait": 7.265023734119935
    },
    "F6": {
      "rho": 0.4371903057592202,
      "capacity": 1.0,
      "tserv": 0.5829204076789603,
      "stddev": 0.7387167416756041,
      "mu": 1.7155000696951817,
      "cv": 1.2672686218294964,
      "lambda": 0.75,
      "twait": 0.5900075783930935
    },
    "F7": {
      "rho": 0.5396938216677408,
      "capacity": 1.0,
      "tserv": 3.5979588111182723,
      "stddev": 3.5979588111182723,
      "mu": 0.277935366272076,
      "cv": 1.0,
      "lambda": 0.15,
      "twait": 4.218488111567145
    },
    "F8": {
      "rho": 0.658441592843899,
      "capacity": 1.0,
      "tserv": 4.389610618959327,
      "stddev": 4.389610618959327,
      "mu": 0.22781063898489393,
      "cv": 1.0,
      "lambda": 0.15,
      "twait": 8.462102373580663
    },
    "F9": {
      "rho": 0.6469073343652539,
      "capacity": 1.0,
      "tserv": 4.312715562435026,
      "stddev": 4.312715562435026,
      "mu": 0.23187246771159292,
      "cv": 1.0,
      "lambda": 0.15,
      "twait": 7.901402662541873
    },
    "F10": {
      "rho": 0.6299833156957035,
      "capacity": 1.0,
      "tserv": 1.3999629237682303,
      "stddev": 1.6568856061062713,
      "mu": 0.7143046312314727,
      "cv": 1.1835210618624752,
      "lambda": 0.44999999999999996,
      "twait": 2.861120639495635
    }
  },
  "extra": {
    "conv_gen": 100,
    "max_gen": 600,
    "population": 600,
    "deltatime": 31.5740826,
    "obj_func": 34.10283879442574
  },