{
  "servicechain": {
    "SC1": {
      "resptime": 64.97808824268704,
      "resptime_old": 54.97808824268702,
      "waittime": 49.61490237455256,
      "servicetime": 10.0,
      "networktime": 5.363185868134474,
      "services": {
        "MS1_1": {
          "meanserv": 2.559081684358514,
          "stddevserv": 2.559081684358514,
          "rate": 0.39076517412951217,
          "cv": 1.0,
          "lambda": 0.15
        },
        "MS1_2": {
          "meanserv": 1.5141560261298128,
          "stddevserv": 1.5141560261298128,
          "rate": 0.6604339201132415,
          "cv": 1.0,
          "lambda": 0.15
        },
        "MS1_3": {
          "meanserv": 5.926762289511673,
          "stddevserv": 5.926762289511673,
          "rate": 0.16872618660101407,
          "cv": 1.0,
          "lambda": 0.15
        }
      },
      "sensors": [
        "S1"
      ],
      "sources": [
        {
          "startTime": 0,
          "stopTime": -1,
          "lambda": 0.15
        }
      ]
    },
    "SC2": {
      "resptime": 48.792306157297034,
      "resptime_old": 38.79230615729704,
      "waittime": 33.6135180758778,
      "servicetime": 10.0,
      "networktime": 5.178788081419238,
      "services": {
        "MS2_1": {
          "meanserv": 3.9601097208133673,
          "stddevserv": 3.9601097208133673,
          "rate": 0.2525182559322144,
          "cv": 1.0,
          "lambda": 0.15
        },
        "MS2_2": {
          "meanserv": 0.4989492051651432,
          "stddevserv": 0.4989492051651432,
          "rate": 2.0042120313008978,
          "cv": 1.0,
          "lambda": 0.15
        },
        "MS2_3": {
          "meanserv": 5.5409410740214895,
          "stddevserv": 5.5409410740214895,
          "rate": 0.18047475810354047,
          "cv": 1.0,
          "lambda": 0.15
        }
      },
      "sensors": [
        "S2"
      ],
      "sources": [
        {
          "startTime": 0,
          "stopTime": -1,
          "lambda": 0.15
        }
      ]
    },
    "SC3": {
      "resptime": 28.53760521500378,
      "resptime_old": 18.53760521500378,
      "waittime": 14.38337522810599,
      "servicetime": 10.0,
      "networktime": 4.154229986897787,
      "services": {
        "MS3_1": {
          "meanserv": 4.0528379426469785,
          "stddevserv": 4.0528379426469785,
          "rate": 0.24674068249244693,
          "cv": 1.0,
          "lambda": 0.15
        },
        "MS3_2": {
          "meanserv": 4.225337622010508,
          "stddevserv": 4.225337622010508,
          "rate": 0.23666747830772827,
          "cv": 1.0,
          "lambda": 0.15
        },
        "MS3_3": {
          "meanserv": 1.7218244353425138,
          "stddevserv": 1.7218244353425138,
          "rate": 0.5807793056445241,
          "cv": 1.0,
          "lambda": 0.15
        }
      },
      "sensors": [
        "S3"
      ],
      "sources": [
        {
          "startTime": 0,
          "stopTime": -1,
          "lambda": 0.15
        }
      ]
    },
    "SC4": {
      "resptime": 7711.5894621573225,
      "resptime_old": 7701.5894621573225,
      "waittime": 7696.175325138927,
      "servicetime": 10.0,
      "networktime": 5.414137018395385,
      "services": {
        "MS4_1": {
          "meanserv": 0.6450938779170556,
          "stddevserv": 0.6450938779170556,
          "rate": 1.5501619752289406,
          "cv": 1.0,
          "lambda": 0.15
        },
        "MS4_2": {
          "meanserv": 7.165668442466845,
          "stddevserv": 7.165668442466845,
          "rate": 0.13955432183738342,
          "cv": 1.0,
          "lambda": 0.15
        },
        "MS4_3": {
          "meanserv": 2.1892376796160997,
          "stddevserv": 2.1892376796160997,
          "rate": 0.45678000580337075,
          "cv": 1.0,
          "lambda": 0.15
        }
      },
      "sensors": [
        "S4"
      ],
      "sources": [
        {
          "startTime": 0,
          "stopTime": -1,
          "lambda": 0.15
        }
      ]
    }
  },
  "microservice": {
    "MS1_1": "F7",
    "MS1_2": "F6",
    "MS1_3": "F2",
    "MS2_1": "F3",
    "MS2_2": "F6",
    "MS2_3": "F8",
    "MS3_1": "F10",
    "MS3_2": "F5",
    "MS3_3": "F9",
    "MS4_1": "F9",
    "MS4_2": "F4",
    "MS4_3": "F1"
  },
  "sensor": {
    "S1": "F7",
    "S2": "F3",
    "S3": "F10",
    "S4": "F9"
  },
  "fog": {
    "F1": {
      "rho": 0.328385651942415,
      "capacity": 1.0,
      "tserv": 2.1892376796160997,
      "stddev": 2.1892376796160997,
      "mu": 0.45678000580337075,
      "cv": 1.0,
      "lambda": 0.15,
      "twait": 1.0704271651682942
    },
    "F2": {
      "rho": 0.889014343426751,
      "capacity": 1.0,
      "tserv": 5.926762289511673,
      "stddev": 5.926762289511673,
      "mu": 0.16872618660101407,
      "cv": 1.0,
      "lambda": 0.15,
      "twait": 47.47439307149745
    },
    "F3": {
      "rho": 0.5940164581220051,
      "capacity": 1.0,
      "tserv": 3.9601097208133673,
      "stddev": 3.960109720813367,
      "mu": 0.2525182559322144,
      "cv": 0.9999999999999999,
      "lambda": 0.15,
      "twait": 5.794250523680112
    },
    "F4": {
      "rho": 1.0748502663700266,
      "capacity": 1.0,
      "tserv": 7.165668442466844,
      "stddev": 7.1656684424668455,
      "mu": 0.13955432183738342,
      "cv": 1.0000000000000002,
      "lambda": 0.15,
      "twait": 7694.318613470669
    },
    "F5": {
      "rho": 0.6338006433015761,
      "capacity": 1.0,
      "tserv": 4.225337622010508,
      "stddev": 4.225337622010508,
      "mu": 0.23666747830772827,
      "cv": 1.0,
      "lambda": 0.15,
      "twait": 7.313015858741781
    },
    "F6": {
      "rho": 0.3019657846942434,
      "capacity": 1.0,
      "tserv": 1.006552615647478,
      "stddev": 1.2363133149543342,
      "mu": 0.9934900416077475,
      "cv": 1.2282649667141936,
      "lambda": 0.3,
      "twait": 0.5461663751726398
    },
    "F7": {
      "rho": 0.38386225265377705,
      "capacity": 1.0,
      "tserv": 2.559081684358514,
      "stddev": 2.559081684358514,
      "mu": 0.39076517412951217,
      "cv": 1.0,
      "lambda": 0.15,
      "twait": 1.594342927882461
    },
    "F8": {
      "rho": 0.8311411611032233,
      "capacity": 1.0,
      "tserv": 5.5409410740214895,
      "stddev": 5.5409410740214895,
      "mu": 0.18047475810354047,
      "cv": 1.0,
      "lambda": 0.15,
      "twait": 27.273101177025048
    },
    "F9": {
      "rho": 0.3550377469889354,
      "capacity": 1.0,
      "tserv": 1.1834591566297847,
      "stddev": 1.4072135310811043,
      "mu": 0.8449805761339212,
      "cv": 1.189068100236361,
      "lambda": 0.3,
      "twait": 0.7862845030895085
    },
    "F10": {
      "rho": 0.6079256913970468,
      "capacity": 1.0,
      "tserv": 4.0528379426469785,
      "stddev": 4.0528379426469785,
      "mu": 0.24674068249244693,
      "cv": 1.0,
      "lambda": 0.15,
      "twait": 6.2840748662747
    }
  },
  "extra": {
    "conv_gen": 0,
    "max_gen": 600,
    "population": 600,
    "deltatime": 27.8929025,
    "obj_func": 1963.4743654430777
  },