{
  "servicechain": {
    "SC1": {
      "resptime": 29.924325124648522,
      "resptime_old": 19.924325124648526,
      "waittime": 15.937776293583427,
      "servicetime": 10.0,
      "networktime": 3.9865488310650967,
      "services": {
        "MS1_1": {
          "meanserv": 1.4902010602232796,
          "stddevserv": 1.4902010602232796,
          "rate": 0.6710503882275913,
          "cv": 1.0,
          "lambda": 0.125
        },
        "MS1_2": {
          "meanserv": 1.8125239225160392,
          "stddevserv": 1.8125239225160392,
          "rate": 0.5517168560246415,
          "cv": 1.0,
          "lambda": 0.125
        },
        "MS1_3": {
          "meanserv": 0.48709062267009795,
          "stddevserv": 0.48709062267009795,
          "rate": 2.0530060597723536,
          "cv": 1.0,
          "lambda": 0.125
        },
        "MS1_4": {
          "meanserv": 5.049106750336699,
          "stddevserv": 5.049106750336699,
          "rate": 0.1980548341413687,
          "cv": 1.0,
          "lambda": 0.125
        },
        "MS1_5": {
          "meanserv": 1.1610776442538846,
          "stddevserv": 1.1610776442538846,
          "rate": 0.861268843603139,
          "cv": 1.0,
          "lambda": 0.125
        }
      },
      "sensors": [
        "S1"
      ],
      "sources": [
        {
          "startTime": 0,
          "stopTime": -1,
          "lambda": 0.125
        }
      ]
    },
    "SC2": {
      "resptime": 25.72859036047688,
      "resptime_old": 15.728590360476879,
      "waittime": 11.54275591968126,
      "servicetime": 10.0,
      "networktime": 4.1858344407956185,
      "services": {
        "MS2_1": {
          "meanserv": 2.806487165537941,
          "stddevserv": 2.806487165537941,
          "rate": 0.35631732518838094,
          "cv": 1.0,
          "lambda": 0.125
        },
        "MS2_2": {
          "meanserv": 2.587340516299791,
          "stddevserv": 2.587340516299791,
          "rate": 0.38649725217851133,
          "cv": 1.0,
          "lambda": 0.125
        },
        "MS2_3": {
          "meanserv": 3.2028982054052415,
          "stddevserv": 3.2028982054052415,
          "rate": 0.31221722823172793,
          "cv": 1.0,
          "lambda": 0.125
        },
        "MS2_4": {
          "meanserv": 0.11594436820947074,
          "stddevserv": 0.11594436820947074,
          "rate": 8.62482598717819,
          "cv": 1.0,
          "lambda": 0.125
        },
        "MS2_5": {
          "meanserv": 1.2873297445475558,
          "stddevserv": 1.2873297445475558,
          "rate": 0.7768017512494124,
          "cv": 1.0,
          "lambda": 0.125
        }
      },
      "sensors": [
        "S2"
      ],
      "sources": [
        {
          "startTime": 0,
          "stopTime": -1,
          "lambda": 0.125
        }
      ]
    },
    "SC3": {
      "resptime": 28.307746662188784,
      "resptime_old": 18.307746662188784,
      "waittime": 15.92650813779209,
      "servicetime": 10.0,
      "networktime": 2.3812385243966934,
      "services": {
        "MS3_1": {
          "meanserv": 1.4725623257883658,
          "stddevserv": 1.4725623257883658,
          "rate": 0.679088404264743,
          "cv": 1.0,
          "lambda": 0.125
        },
        "MS3_2": {
          "meanserv": 0.6446676051083087,
          "stddevserv": 0.6446676051083087,
          "rate": 1.5511869870241006,
          "cv": 1.0,
          "lambda": 0.125
        },
        "MS3_3": {
          "meanserv": 5.146710515854326,
          "stddevserv": 5.146710515854326,
          "rate": 0.19429886272397145,
          "cv": 1.0,
          "lambda": 0.125
        },
        "MS3_4": {
          "meanserv": 2.246733479210576,
          "stddevserv": 2.246733479210576,
          "rate": 0.44509062122996684,
          "cv": 1.0,
          "lambda": 0.125
        },
        "MS3_5": {
          "meanserv": 0.48932607403842354,
          "stddevserv": 0.48932607403842354,
          "rate": 2.043627047598278,
          "cv": 1.0,
          "lambda": 0.125
        }
      },
      "sensors": [
        "S3"
      ],
      "sources": [
        {
          "startTime": 0,
          "stopTime": -1,
          "lambda": 0.125
        }
      ]
    },
    "SC4": {
      "resptime": 22.679938367750868,
      "resptime_old": 12.679938367750868,
      "waittime": 9.154040785398731,
      "servicetime": 10.0,
      "networktime": 3.5258975823521372,
      "services": {
        "MS4_1": {
          "meanserv": 2.828186270900115,
          "stddevserv": 2.828186270900115,
          "rate": 0.35358349988798093,
          "cv": 1.0,
          "lambda": 0.125
        },
        "MS4_2": {
          "meanserv": 0.43863848810784445,
          "stddevserv": 0.43863848810784445,
          "rate": 2.2797817043226223,
          "cv": 1.0,
          "lambda": 0.125
        },
        "MS4_3": {
          "meanserv": 2.356121360952728,
          "stddevserv": 2.356121360952728,
          "rate": 0.4244263545047769,
          "cv": 1.0,
          "lambda": 0.125
        },
        "MS4_4": {
          "meanserv": 0.4059773789690615,
          "stddevserv": 0.4059773789690615,
          "rate": 2.463191428397806,
          "cv": 1.0,
          "lambda": 0.125
        },
        "MS4_5": {
          "meanserv": 3.971076501070251,
          "stddevserv": 3.971076501070251,
          "rate": 0.2518208852764454,
          "cv": 1.0,
          "lambda": 0.125
        }
      },
      "sensors": [
        "S4"
      ],
      "sources": [
        {
          "startTime": 0,
          "stopTime": -1,
          "lambda": 0.125
        }
      ]
    }
  },
  "microservice": {
    "MS1_1": "F4",
    "MS1_2": "F1",
    "MS1_3": "F1",
    "MS1_4": "F10",
    "MS1_5": "F6",
    "MS2_1": "F3",
    "MS2_2": "F4",
    "MS2_3": "F7",
    "MS2_4": "F7",
    "MS2_5": "F3",
    "MS3_1": "F1",
    "MS3_2": "F1",
    "MS3_3": "F9",
    "MS3_4": "F6",
    "MS3_5": "F6",
    "MS4_1": "F8",
    "MS4_2": "F2",
    "MS4_3": "F2",
    "MS4_4": "F2",
    "MS4_5": "F5"
  },
  "sensor": {
    "S1": "F4",
    "S2": "F3",
    "S3": "F1",
    "S4": "F8"
  },
  "fog": {
    "F1": {
      "rho": 0.5521055595103515,
      "capacity": 1.0,
      "tserv": 1.104211119020703,
      "stddev": 1.354247388414593,
      "mu": 0.9056239180845008,
      "cv": 1.2264388259517265,
      "lambda": 0.5,
      "twait": 1.7042342505182666
    },
    "F2": {
      "rho": 0.40009215350370425,
      "capacity": 1.0,
      "tserv": 1.0669124093432114,
      "stddev": 1.6735344014402684,
      "mu": 0.9372840649736163,
      "cv": 1.5685771266551225,
      "lambda": 0.375,
      "twait": 1.2311326767790376
    },
    "F3": {
      "rho": 0.5117271137606871,
      "capacity": 1.0,
      "tserv": 2.0469084550427485,
      "stddev": 2.311656085623588,
      "mu": 0.4885416333771095,
      "cv": 1.1293402398766827,
      "lambda": 0.25,
      "twait": 2.440640354555098
    },
    "F4": {
      "rho": 0.5096926970653839,
      "capacity": 1.0,
      "tserv": 2.0387707882615356,
      "stddev": 2.181385756831765,
      "mu": 0.49049162650240946,
      "cv": 1.0699514478976018,
      "lambda": 0.25,
      "twait": 2.272816989931185
    },
    "F5": {
      "rho": 0.4963845626337814,
      "capacity": 1.0,
      "tserv": 3.971076501070251,
      "stddev": 3.971076501070251,
      "mu": 0.2518208852764454,
      "cv": 1.0,
      "lambda": 0.125,
      "twait": 3.9140600663034117
    },
    "F6": {
      "rho": 0.4871421496878605,
      "capacity": 1.0,
      "tserv": 1.2990457325009614,
      "stddev": 1.6541005424161752,
      "mu": 0.7697958393464488,
      "cv": 1.2733197154126759,
      "lambda": 0.375,
      "twait": 1.6172494545240963
    },
    "F7": {
      "rho": 0.414855321701839,
      "capacity": 1.0,
      "tserv": 1.6594212868073561,
      "stddev": 2.7419556895760056,
      "mu": 0.6026197252922736,
      "cv": 1.652356584415879,
      "lambda": 0.25,
      "twait": 2.194329110319939
    },