{
  "servicechain": {
    "SC1": {
      "resptime": 42.747935656289165,
      "resptime_old": 32.74793565628916,
      "waittime": 27.228809613442802,
      "servicetime": 10.0,
      "networktime": 5.5191260428463575,
      "services": {
        "MS1_1": {
          "meanserv": 1.723669583578955,
          "stddevserv": 1.723669583578955,
          "rate": 0.5801575948933566,
          "cv": 1.0,
          "lambda": 0.15
        },
        "MS1_2": {
          "meanserv": 1.1617235378440438,
          "stddevserv": 1.1617235378440438,
          "rate": 0.8607899964356628,
          "cv": 1.0,
          "lambda": 0.15
        },
        "MS1_3": {
          "meanserv": 1.5137418799830509,
          "stddevserv": 1.5137418799830509,
          "rate": 0.6606146088864218,
          "cv": 1.0,
          "lambda": 0.15
        },
        "MS1_4": {
          "meanserv": 0.40480321199068214,
          "stddevserv": 0.40480321199068214,
          "rate": 2.470336129702,
          "cv": 1.0,
          "lambda": 0.15
        },
        "MS1_5": {
          "meanserv": 4.851172625686335,
          "stddevserv": 4.851172625686335,
          "rate": 0.20613572782488274,
          "cv": 1.0,
          "lambda": 0.15
        },
        "MS1_6": {
          "meanserv": 0.34488916091693333,
          "stddevserv": 0.34488916091693333,
          "rate": 2.8994822491416317,
          "cv": 1.0,
          "lambda": 0.15
        }
      },
      "sensors": [
        "S1"
      ],
      "sources": [
        {
          "startTime": 0,
          "stopTime": -1,
          "lambda": 0.15
        }
      ]
    },
    "SC2": {
      "resptime": 31.819918708306147,
      "resptime_old": 21.819918708306147,
      "waittime": 17.774865844409895,
      "servicetime": 10.0,
      "networktime": 4.045052863896254,
      "services": {
        "MS2_1": {
          "meanserv": 1.3794083000684854,
          "stddevserv": 1.3794083000684854,
          "rate": 0.7249485159327747,
          "cv": 1.0,
          "lambda": 0.15
        },
        "MS2_2": {
          "meanserv": 2.042268986343557,
          "stddevserv": 2.042268986343557,
          "rate": 0.48965146446765695,
          "cv": 1.0,
          "lambda": 0.15
        },
        "MS2_3": {
          "meanserv": 0.31744874611324736,
          "stddevserv": 0.31744874611324736,
          "rate": 3.1501148208764946,
          "cv": 1.0,
          "lambda": 0.15
        },
        "MS2_4": {
          "meanserv": 3.0278056734650525,
          "stddevserv": 3.0278056734650525,
          "rate": 0.3302721864760857,
          "cv": 1.0,
          "lambda": 0.15
        },
        "MS2_5": {
          "meanserv": 1.2908659783905003,
          "stddevserv": 1.2908659783905003,
          "rate": 0.7746737591200886,
          "cv": 1.0,
          "lambda": 0.15
        },
        "MS2_6": {
          "meanserv": 1.9422023156191575,
          "stddevserv": 1.9422023156191575,
          "rate": 0.5148794190790615,
          "cv": 1.0,
          "lambda": 0.15
        }
      },
      "sensors": [
        "S2"
      ],
      "sources": [
        {
          "startTime": 0,
          "stopTime": -1,
          "lambda": 0.15
        }
      ]
    },
    "SC3": {
      "resptime": 29.872989953703552,
      "resptime_old": 19.87298995370355,
      "waittime": 14.662148797563889,
      "servicetime": 10.0,
      "networktime": 5.210841156139664,
      "services": {
        "MS3_1": {
          "meanserv": 3.434028179821036,
          "stddevserv": 3.434028179821036,
          "rate": 0.29120320149851386,
          "cv": 1.0,
          "lambda": 0.15
        },
        "MS3_2": {
          "meanserv": 1.5733916503777472,
          "stddevserv": 1.5733916503777472,
          "rate": 0.6355696623659566,
          "cv": 1.0,
          "lambda": 0.15
        },
        "MS3_3": {
          "meanserv": 3.1850377098071903,
          "stddevserv": 3.1850377098071903,
          "rate": 0.31396802522018996,
          "cv": 1.0,
          "lambda": 0.15
        },
        "MS3_4": {
          "meanserv": 0.16695302068166207,
          "stddevserv": 0.16695302068166207,
          "rate": 5.989708936783789,
          "cv": 1.0,
          "lambda": 0.15
        },
        "MS3_5": {
          "meanserv": 0.32117744919032276,
          "stddevserv": 0.32117744919032276,
          "rate": 3.1135436268049497,
          "cv": 1.0,
          "lambda": 0.15
        },
        "MS3_6": {
          "meanserv": 1.3194119901220418,
          "stddevserv": 1.3194119901220418,
          "rate": 0.7579133792072807,
          "cv": 1.0,
          "lambda": 0.15
        }
      },
      "sensors": [
        "S3"
      ],
      "sources": [
        {
          "startTime": 0,
          "stopTime": -1,
          "lambda": 0.15
        }
      ]
    },
    "SC4": {
      "resptime": 30.526944254780627,
      "resptime_old": 20.52694425478062,
      "waittime": 15.476200149840743,
      "servicetime": 10.0,
      "networktime": 5.050744104939884,
      "services": {
        "MS4_1": {
          "meanserv": 2.039526702094042,
          "stddevserv": 2.039526702094042,
          "rate": 0.49030983461666405,
          "cv": 1.0,
          "lambda": 0.15
        },
        "MS4_2": {
          "meanserv": 0.28299830472366416,
          "stddevserv": 0.28299830472366416,
          "rate": 3.5335900721259006,
          "cv": 1.0,
          "lambda": 0.15
        },
        "MS4_3": {
          "meanserv": 3.842060667143677,
          "stddevserv": 3.842060667143677,
          "rate": 0.26027699368511925,
          "cv": 1.0,
          "lambda": 0.15
        },
        "MS4_4": {
          "meanserv": 1.8723166290182114,
          "stddevserv": 1.8723166290182114,
          "rate": 0.5340976972064662,
          "cv": 1.0,
          "lambda": 0.15
        },
        "MS4_5": {
          "meanserv": 0.9402731305202678,
          "stddevserv": 0.9402731305202678,
          "rate": 1.063520765978588,
          "cv": 1.0,
          "lambda": 0.15
        },
        "MS4_6": {
          "meanserv": 1.0228245665001374,
          "stddevserv": 1.0228245665001374,
          "rate": 0.977684768974373,
          "cv": 1.0,
          "lambda": 0.15
        }
      },
      "sensors": [
        "S4"
      ],
      "sources": [
        {
          "startTime": 0,
          "stopTime": -1,
          "lambda": 0.15
        }
      ]
    }
  },
  "microservice": {
    "MS1_1": "F3",
    "MS1_2": "F4",
    "MS1_3": "F10",
    "MS1_4": "F10",
    "MS1_5": "F7",
    "MS1_6": "F9",
    "MS2_1": "F8",
    "MS2_2": "F8",
    "MS2_3": "F8",
    "MS2_4": "F5",
    "MS2_5": "F5",
    "MS2_6": "F10",
    "MS3_1": "F6",
    "MS3_2": "F9",
    "MS3_3": "F4",
    "MS3_4": "F2",
    "MS3_5": "F2",
    "MS3_6": "F2",
    "MS4_1": "F3",
    "MS4_2": "F3",
    "MS4_3": "F1",
    "MS4_4": "F9",
    "MS4_5": "F2",
    "MS4_6": "F2"
  },
  "sensor": {
    "S1": "F3",
    "S2": "F8",
    "S3": "F6",
    "S4": "F3"
  },
  "fog": {
    "F1": {
      "rho": 0.5763091000715516,
      "capacity": 1.0,
      "tserv": 3.842060667143677,
      "stddev": 3.842060667143677,
      "mu": 0.26027699368511925,
      "cv": 1.0,
      "lambda": 0.15,
      "twait": 5.226013883885179
    },
    "F2": {
      "rho": 0.5655960235521647,
      "capacity": 1.0,
      "tserv": 0.7541280314028862,
      "stddev": 0.9757842382630576,
      "mu": 1.326034782369413,
      "cv": 1.2939238400246569,
      "lambda": 0.75,
      "twait": 1.3128885063044868
    },
    "F3": {
      "rho": 0.6069291885594992,
      "capacity": 1.0,
      "tserv": 1.3487315301322205,
      "stddev": 1.7286177390865638,
      "mu": 0.7414374007419896,
      "cv": 1.2816618433448366,
      "lambda": 0.44999999999999996,
      "twait": 2.7517156575277077
    },
    "F4": {
      "rho": 0.6520141871476851,
      "capacity": 1.0,
      "tserv": 2.1733806238256173,
      "stddev": 2.602015268067058,
      "mu": 0.4601126875971614,
      "cv": 1.1972202381591825,