{
  "servicechain": {
    "SC1": {
      "resptime": 33.61788265055105,
      "resptime_old": 23.617882650551053,
      "waittime": 21.64915658033754,
      "servicetime": 10.0,
      "networktime": 1.9687260702135125,
      "services": {
        "MS1_1": {
          "meanserv": 1.9028238971223488,
          "stddevserv": 1.9028238971223488,
          "rate": 0.5255347073958371,
          "cv": 1.0,
          "lambda": 0.075
        },
        "MS1_2": {
          "meanserv": 0.19062138213360913,
          "stddevserv": 0.19062138213360913,
          "rate": 5.246001203050172,
          "cv": 1.0,
          "lambda": 0.075
        },
        "MS1_3": {
          "meanserv": 1.0124054353530818,
          "stddevserv": 1.0124054353530818,
          "rate": 0.987746573734311,
          "cv": 1.0,
          "lambda": 0.075
        },
        "MS1_4": {
          "meanserv": 1.025385318217455,
          "stddevserv": 1.025385318217455,
          "rate": 0.9752431424885376,
          "cv": 1.0,
          "lambda": 0.075
        },
        "MS1_5": {
          "meanserv": 2.512376524878988,
          "stddevserv": 2.512376524878988,
          "rate": 0.39802951114111623,
          "cv": 1.0,
          "lambda": 0.075
        },
        "MS1_6": {
          "meanserv": 0.056041730101083154,
          "stddevserv": 0.056041730101083154,
          "rate": 17.843845973282548,
          "cv": 1.0,
          "lambda": 0.075
        },
        "MS1_7": {
          "meanserv": 0.5791664164053074,
          "stddevserv": 0.5791664164053074,
          "rate": 1.7266194511184991,
          "cv": 1.0,
          "lambda": 0.075
        },
        "MS1_8": {
          "meanserv": 0.5961027184804104,
          "stddevserv": 0.5961027184804104,
          "rate": 1.677563226937142,
          "cv": 1.0,
          "lambda": 0.075
        },
        "MS1_9": {
          "meanserv": 2.0379472331610646,
          "stddevserv": 2.0379472331610646,
          "rate": 0.4906898391323399,
          "cv": 1.0,
          "lambda": 0.075
        },
        "MS1_10": {
          "meanserv": 0.08712934414665163,
          "stddevserv": 0.08712934414665163,
          "rate": 11.47718957136704,
          "cv": 1.0,
          "lambda": 0.075
        }
      },
      "sensors": [
        "S1"
      ],
      "sources": [
        {
          "startTime": 0,
          "stopTime": -1,
          "lambda": 0.075
        }
      ]
    },
    "SC2": {
      "resptime": 31.725380690338394,
      "resptime_old": 21.72538069033839,
      "waittime": 18.511703405868847,
      "servicetime": 10.0,
      "networktime": 3.2136772844695463,
      "services": {
        "MS2_1": {
          "meanserv": 0.769230691417877,
          "stddevserv": 0.769230691417877,
          "rate": 1.3000001315038012,
          "cv": 1.0,
          "lambda": 0.075
        },
        "MS2_2": {
          "meanserv": 1.5486419654403774,
          "stddevserv": 1.5486419654403774,
          "rate": 0.6457270449310318,
          "cv": 1.0,
          "lambda": 0.075
        },
        "MS2_3": {
          "meanserv": 0.7446794433623825,
          "stddevserv": 0.7446794433623825,
          "rate": 1.3428596813211229,
          "cv": 1.0,
          "lambda": 0.075
        },
        "MS2_4": {
          "meanserv": 0.886929053473827,
          "stddevserv": 0.886929053473827,
          "rate": 1.1274858976412026,
          "cv": 1.0,
          "lambda": 0.075
        },
        "MS2_5": {
          "meanserv": 0.7138987034240865,
          "stddevserv": 0.7138987034240865,
          "rate": 1.4007589525007964,
          "cv": 1.0,
          "lambda": 0.075
        },
        "MS2_6": {
          "meanserv": 0.3108081386258341,
          "stddevserv": 0.3108081386258341,
          "rate": 3.217418965993836,
          "cv": 1.0,
          "lambda": 0.075
        },
        "MS2_7": {
          "meanserv": 1.7496835693558976,
          "stddevserv": 1.7496835693558976,
          "rate": 0.5715319144067433,
          "cv": 1.0,
          "lambda": 0.075
        },
        "MS2_8": {
          "meanserv": 1.702824950368452,
          "stddevserv": 1.702824950368452,
          "rate": 0.5872594242782402,
          "cv": 1.0,
          "lambda": 0.075
        },
        "MS2_9": {
          "meanserv": 0.973119044717091,
          "stddevserv": 0.973119044717091,
          "rate": 1.0276235013884905,
          "cv": 1.0,
          "lambda": 0.075
        },
        "MS2_10": {
          "meanserv": 0.6001844398141749,
          "stddevserv": 0.6001844398141749,
          "rate": 1.6661544912920656,
          "cv": 1.0,
          "lambda": 0.075
        }
      },
      "sensors": [
        "S2"
      ],
      "sources": [
        {
          "startTime": 0,
          "stopTime": -1,
          "lambda": 0.075
        }
      ]
    },
    "SC3": {
      "resptime": 33.0859157740487,
      "resptime_old": 23.085915774048704,
      "waittime": 19.01314061636192,
      "servicetime": 10.0,
      "networktime": 4.072775157686784,
      "services": {
        "MS3_1": {
          "meanserv": 0.2637536306922561,
          "stddevserv": 0.2637536306922561,
          "rate": 3.791417002963593,
          "cv": 1.0,
          "lambda": 0.075
        },
        "MS3_2": {
          "meanserv": 1.5951881388775468,
          "stddevserv": 1.5951881388775468,
          "rate": 0.6268853031364998,
          "cv": 1.0,
          "lambda": 0.075
        },
        "MS3_3": {
          "meanserv": 0.6484495937350221,
          "stddevserv": 0.6484495937350221,
          "rate": 1.5421399128960407,
          "cv": 1.0,
          "lambda": 0.075
        },
        "MS3_4": {
          "meanserv": 0.2729191123427124,
          "stddevserv": 0.2729191123427124,
          "rate": 3.6640893025632857,
          "cv": 1.0,
          "lambda": 0.075
        },
        "MS3_5": {
          "meanserv": 0.025401851809374598,
          "stddevserv": 0.025401851809374598,
          "rate": 39.36720863913347,
          "cv": 1.0,
          "lambda": 0.075
        },
        "MS3_6": {
          "meanserv": 2.5983586628188835,
          "stddevserv": 2.5983586628188835,
          "rate": 0.38485833934685876,
          "cv": 1.0,
          "lambda": 0.075
        },
        "MS3_7": {
          "meanserv": 2.8074883634006236,
          "stddevserv": 2.8074883634006236,
          "rate": 0.35619025640011237,
          "cv": 1.0,
          "lambda": 0.075
        },
        "MS3_8": {
          "meanserv": 0.36006105390444176,
          "stddevserv": 0.36006105390444176,
          "rate": 2.77730676271751,
          "cv": 1.0,
          "lambda": 0.075
        },
        "MS3_9": {
          "meanserv": 1.4054730506715334,
          "stddevserv": 1.4054730506715334,
          "rate": 0.7115042152691587,
          "cv": 1.0,
          "lambda": 0.075
        },
        "MS3_10": {
          "meanserv": 0.022906541747605758,
          "stddevserv": 0.022906541747605758,
          "rate": 43.65565134267909,
          "cv": 1.0,
          "lambda": 0.075
        }
      },
      "sensors": [
        "S3"
      ],
      "sources": [
        {
          "startTime": 0,
          "stopTime": -1,
          "lambda": 0.075
        }
      ]
    },
    "SC4": {
      "resptime": 36.996430893349796,
      "resptime_old": 26.996430893349793,
      "waittime": 21.746366030036857,
      "servicetime": 10.0,
      "networktime": 5.2500648633129385,
      "services": {
        "MS4_1": {
          "meanserv": 0.23824641705991745,
          "stddevserv": 0.23824641705991745,
          "rate": 4.197334895275703,
          "cv": 1.0,
          "lambda": 0.075
        },
        "MS4_2": {
          "meanserv": 1.3487481346959418,
          "stddevserv": 1.3487481346959418,
          "rate": 0.7414282728371946,
          "cv": 1.0,
          "lambda": 0.075
        },
        "MS4_3": {
          "meanserv": 0.3054971447530552,
          "stddevserv": 0.3054971447530552,