{
  "servicechain": {
    "SC1": {
      "resptime": 21.35940109073553,
      "resptime_old": 11.35940109073553,
      "waittime": 5.6460234843124475,
      "servicetime": 10.0,
      "networktime": 5.713377606423082,
      "services": {
        "MS1_1": {
          "meanserv": 4.256127123975437,
          "stddevserv": 4.256127123975437,
          "rate": 0.23495538804911204,
          "cv": 1.0,
          "lambda": 0.075
        },
        "MS1_2": {
          "meanserv": 0.38159751007254794,
          "stddevserv": 0.38159751007254794,
          "rate": 2.6205621724572667,
          "cv": 1.0,
          "lambda": 0.075
        },
        "MS1_3": {
          "meanserv": 4.884786912736156,
          "stddevserv": 4.884786912736156,
          "rate": 0.2047172206002865,
          "cv": 1.0,
          "lambda": 0.075
        },
        "MS1_4": {
          "meanserv": 0.38374787759046214,
          "stddevserv": 0.38374787759046214,
          "rate": 2.605877604532853,
          "cv": 1.0,
          "lambda": 0.075
        },
        "MS1_5": {
          "meanserv": 0.09374057562539662,
          "stddevserv": 0.09374057562539662,
          "rate": 10.667739058869994,
          "cv": 1.0,
          "lambda": 0.075
        }
      },
      "sensors": [
        "S1"
      ],
      "sources": [
        {
          "startTime": 0,
          "stopTime": -1,
          "lambda": 0.075
        }
      ]
    },
    "SC2": {
      "resptime": 20.685126061411147,
      "resptime_old": 10.685126061411147,
      "waittime": 6.1012178467861204,
      "servicetime": 10.0,
      "networktime": 4.583908214625028,
      "services": {
        "MS2_1": {
          "meanserv": 0.18819065526141432,
          "stddevserv": 0.18819065526141432,
          "rate": 5.3137601259260565,
          "cv": 1.0,
          "lambda": 0.075
        },
        "MS2_2": {
          "meanserv": 0.19204720946577103,
          "stddevserv": 0.19204720946577103,
          "rate": 5.207053009422832,
          "cv": 1.0,
          "lambda": 0.075
        },
        "MS2_3": {
          "meanserv": 2.3735017574546093,
          "stddevserv": 2.3735017574546093,
          "rate": 0.4213184156528369,
          "cv": 1.0,
          "lambda": 0.075
        },
        "MS2_4": {
          "meanserv": 4.351681796672513,
          "stddevserv": 4.351681796672513,
          "rate": 0.22979621367643285,
          "cv": 1.0,
          "lambda": 0.075
        },
        "MS2_5": {
          "meanserv": 2.8945785811456926,
          "stddevserv": 2.8945785811456926,
          "rate": 0.34547343316697715,
          "cv": 1.0,
          "lambda": 0.075
        }
      },
      "sensors": [
        "S2"
      ],
      "sources": [
        {
          "startTime": 0,
          "stopTime": -1,
          "lambda": 0.075
        }
      ]
    },
    "SC3": {
      "resptime": 17.27808568768101,
      "resptime_old": 7.278085687681008,
      "waittime": 3.912606378918933,
      "servicetime": 10.0,
      "networktime": 3.365479308762076,
      "services": {
        "MS3_1": {
          "meanserv": 1.999990244281844,
          "stddevserv": 1.999990244281844,
          "rate": 0.5000024389414358,
          "cv": 1.0,
          "lambda": 0.075
        },
        "MS3_2": {
          "meanserv": 2.2200598370670983,
          "stddevserv": 2.2200598370670983,
          "rate": 0.450438309501194,
          "cv": 1.0,
          "lambda": 0.075
        },
        "MS3_3": {
          "meanserv": 3.7151439442811505,
          "stddevserv": 3.7151439442811505,
          "rate": 0.2691685746226158,
          "cv": 1.0,
          "lambda": 0.075
        },
        "MS3_4": {
          "meanserv": 1.5876785269894373,
          "stddevserv": 1.5876785269894373,
          "rate": 0.6298504281570175,
          "cv": 1.0,
          "lambda": 0.075
        },
        "MS3_5": {
          "meanserv": 0.47712744738046986,
          "stddevserv": 0.47712744738046986,
          "rate": 2.0958760714568205,
          "cv": 1.0,
          "lambda": 0.075
        }
      },
      "sensors": [
        "S3"
      ],
      "sources": [
        {
          "startTime": 0,
          "stopTime": -1,
          "lambda": 0.075
        }
      ]
    },
    "SC4": {
      "resptime": 18.44457999580984,
      "resptime_old": 8.444579995809839,
      "waittime": 5.370713250835383,
      "servicetime": 10.0,
      "networktime": 3.073866744974457,
      "services": {
        "MS4_1": {
          "meanserv": 0.23307706044263798,
          "stddevserv": 0.23307706044263798,
          "rate": 4.2904265143077325,
          "cv": 1.0,
          "lambda": 0.075
        },
        "MS4_2": {
          "meanserv": 0.7527874658126887,
          "stddevserv": 0.7527874658126887,
          "rate": 1.3283961880534598,
          "cv": 1.0,
          "lambda": 0.075
        },
        "MS4_3": {
          "meanserv": 1.2099815240241272,
          "stddevserv": 1.2099815240241272,
          "rate": 0.8264589005245504,
          "cv": 1.0,
          "lambda": 0.075
        },
        "MS4_4": {
          "meanserv": 5.737763388102013,
          "stddevserv": 5.737763388102013,
          "rate": 0.1742839382456286,
          "cv": 1.0,
          "lambda": 0.075
        },
        "MS4_5": {
          "meanserv": 2.066390561618533,
          "stddevserv": 2.066390561618533,
          "rate": 0.4839356211619231,
          "cv": 1.0,
          "lambda": 0.075
        }
      },
      "sensors": [
        "S4"
      ],
      "sources": [
        {
          "startTime": 0,
          "stopTime": -1,
          "lambda": 0.075
        }
      ]
    }
  },
  "microservice": {
    "MS1_1": "F2",
    "MS1_2": "F10",
    "MS1_3": "F3",
    "MS1_4": "F1",
    "MS1_5": "F1",
    "MS2_1": "F4",
    "MS2_2": "F4",
    "MS2_3": "F7",
    "MS2_4": "F5",
    "MS2_5": "F7",
    "MS3_1": "F6",
    "MS3_2": "F6",
    "MS3_3": "F9",
    "MS3_4": "F4",
    "MS3_5": "F4",
    "MS4_1": "F1",
    "MS4_2": "F1",
    "MS4_3": "F1",
    "MS4_4": "F8",
    "MS4_5": "F10"
  },
  "sensor": {
    "S1": "F2",
    "S2": "F4",
    "S3": "F6",
    "S4": "F1"
  },
  "fog": {
    "F1": {
      "rho": 0.20050008776214845,
      "capacity": 1.0,
      "tserv": 0.5346669006990625,
      "stddev": 0.7813954608480734,
      "mu": 1.870323370854876,
      "cv": 1.461462192304068,
      "lambda": 0.375,
      "twait": 0.2102363178567853
    },
    "F2": {
      "rho": 0.3192095342981578,
      "capacity": 1.0,
      "tserv": 4.256127123975437,
      "stddev": 4.256127123975437,
      "mu": 0.23495538804911204,
      "cv": 1.0,
      "lambda": 0.075,
      "twait": 1.9956160163867005
    },
    "F3": {
      "rho": 0.3663590184552117,
      "capacity": 1.0,
      "tserv": 4.884786912736156,
      "stddev": 4.884786912736156,
      "mu": 0.2047172206002865,
      "cv": 1.0,
      "lambda": 0.075,
      "twait": 2.8242897647654543
    },
    "F4": {
      "rho": 0.18337828793228197,
      "capacity": 1.0,
      "tserv": 0.6112609597742732,
      "stddev": 1.018182605825235,
      "mu": 1.6359624870681755,
      "cv": 1.6657085481154073,
      "lambda": 0.3,
      "twait": 0.25905552575467405
    },
    "F5": {
      "rho": 0.3263761347504385,
      "capacity": 1.0,
      "tserv": 4.351681796672513,
      "stddev": 4.351681796672513,
      "mu": 0.22979621367643285,
      "cv": 1.0,
      "lambda": 0.075,
      "twait": 2.1084245344182344
    },
    "F6": {
      "rho": 0.31650375610117065,
      "capacity": 1.0,
      "tserv": 2.110025040674471,
      "stddev": 2.1157554171282738,
      "mu": 0.4739280248922303,
      "cv": 1.0027157859946396,
      "lambda": 0.15,
      "twait": 0.9797376434488367
    },
    "F7": {
      "rho": 0.39510602539502265,
      "capacity": 1.0,
      "tserv": 2.634040169300151,
      "stddev": 2.6596857223327652,
      "mu": 0.37964493163583535,
      "cv": 1.00973620422783,
      "lambda": 0.15,
      "twait": 1.7373411304292687
    },
    "F8": {
      "rho": 0.43033225410765097,