{
  "servicechain": {
    "SC1": {
      "resptime": 29.000980216985827,
      "resptime_old": 19.00098021698583,
      "waittime": 16.708817549717843,
      "servicetime": 10.0,
      "networktime": 2.2921626672679842,
      "services": {
        "MS1_1": {
          "meanserv": 0.4518926612377372,
          "stddevserv": 0.4518926612377372,
          "rate": 2.212914892799969,
          "cv": 1.0,
          "lambda": 0.075
        },
        "MS1_2": {
          "meanserv": 0.07860287648586706,
          "stddevserv": 0.07860287648586706,
          "rate": 12.722180722989213,
          "cv": 1.0,
          "lambda": 0.075
        },
        "MS1_3": {
          "meanserv": 0.013185079990271076,
          "stddevserv": 0.013185079990271076,
          "rate": 75.84330172724577,
          "cv": 1.0,
          "lambda": 0.075
        },
        "MS1_4": {
          "meanserv": 1.2636897386455381,
          "stddevserv": 1.2636897386455381,
          "rate": 0.7913334811690653,
          "cv": 1.0,
          "lambda": 0.075
        },
        "MS1_5": {
          "meanserv": 0.7125767794470417,
          "stddevserv": 0.7125767794470417,
          "rate": 1.4033575452402451,
          "cv": 1.0,
          "lambda": 0.075
        },
        "MS1_6": {
          "meanserv": 0.7131606672891486,
          "stddevserv": 0.7131606672891486,
          "rate": 1.4022085707575251,
          "cv": 1.0,
          "lambda": 0.075
        },
        "MS1_7": {
          "meanserv": 3.684960916291465,
          "stddevserv": 3.684960916291465,
          "rate": 0.2713732988534373,
          "cv": 1.0,
          "lambda": 0.075
        },
        "MS1_8": {
          "meanserv": 0.5393958130044947,
          "stddevserv": 0.5393958130044947,
          "rate": 1.853926144568844,
          "cv": 1.0,
          "lambda": 0.075
        },
        "MS1_9": {
          "meanserv": 0.3966344006631095,
          "stddevserv": 0.3966344006631095,
          "rate": 2.5212134860923796,
          "cv": 1.0,
          "lambda": 0.075
        },
        "MS1_10": {
          "meanserv": 2.145901066945327,
          "stddevserv": 2.145901066945327,
          "rate": 0.46600470795398413,
          "cv": 1.0,
          "lambda": 0.075
        }
      },
      "sensors": [
        "S1"
      ],
      "sources": [
        {
          "startTime": 0,
          "stopTime": -1,
          "lambda": 0.075
        }
      ]
    },
    "SC2": {
      "resptime": 34.98986123840131,
      "resptime_old": 24.989861238401314,
      "waittime": 21.245867456837917,
      "servicetime": 10.0,
      "networktime": 3.7439937815633924,
      "services": {
        "MS2_1": {
          "meanserv": 0.05574248763303591,
          "stddevserv": 0.05574248763303591,
          "rate": 17.93963711456874,
          "cv": 1.0,
          "lambda": 0.075
        },
        "MS2_2": {
          "meanserv": 1.1920175542012157,
          "stddevserv": 1.1920175542012157,
          "rate": 0.8389138200822145,
          "cv": 1.0,
          "lambda": 0.075
        },
        "MS2_3": {
          "meanserv": 0.6161565300862604,
          "stddevserv": 0.6161565300862604,
          "rate": 1.6229642163493787,
          "cv": 1.0,
          "lambda": 0.075
        },
        "MS2_4": {
          "meanserv": 1.5652046209187764,
          "stddevserv": 1.5652046209187764,
          "rate": 0.6388941015347879,
          "cv": 1.0,
          "lambda": 0.075
        },
        "MS2_5": {
          "meanserv": 0.20980530865688385,
          "stddevserv": 0.20980530865688385,
          "rate": 4.766323628328217,
          "cv": 1.0,
          "lambda": 0.075
        },
        "MS2_6": {
          "meanserv": 3.336711839038058,
          "stddevserv": 3.336711839038058,
          "rate": 0.29969624236065,
          "cv": 1.0,
          "lambda": 0.075
        },
        "MS2_7": {
          "meanserv": 1.6132303232596712,
          "stddevserv": 1.6132303232596712,
          "rate": 0.6198742892331788,
          "cv": 1.0,
          "lambda": 0.075
        },
        "MS2_8": {
          "meanserv": 0.2884663686397406,
          "stddevserv": 0.2884663686397406,
          "rate": 3.4666086196303816,
          "cv": 1.0,
          "lambda": 0.075
        },
        "MS2_9": {
          "meanserv": 0.3194358261631951,
          "stddevserv": 0.3194358261631951,
          "rate": 3.1305192407852043,
          "cv": 1.0,
          "lambda": 0.075
        },
        "MS2_10": {
          "meanserv": 0.8032291414031629,
          "stddevserv": 0.8032291414031629,
          "rate": 1.2449747506086464,
          "cv": 1.0,
          "lambda": 0.075
        }
      },
      "sensors": [
        "S2"
      ],
      "sources": [
        {
          "startTime": 0,
          "stopTime": -1,
          "lambda": 0.075
        }
      ]
    },
    "SC3": {
      "resptime": 28.528263084565584,
      "resptime_old": 18.528263084565584,
      "waittime": 17.7864943567776,
      "servicetime": 10.0,
      "networktime": 0.7417687277879842,
      "services": {
        "MS3_1": {
          "meanserv": 1.7257722538773923,
          "stddevserv": 1.7257722538773923,
          "rate": 0.5794507344484431,
          "cv": 1.0,
          "lambda": 0.075
        },
        "MS3_2": {
          "meanserv": 2.6982112672475678,
          "stddevserv": 2.6982112672475678,
          "rate": 0.3706159010373176,
          "cv": 1.0,
          "lambda": 0.075
        },
        "MS3_3": {
          "meanserv": 1.9904259516022318,
          "stddevserv": 1.9904259516022318,
          "rate": 0.5024050250123752,
          "cv": 1.0,
          "lambda": 0.075
        },
        "MS3_4": {
          "meanserv": 0.2301662355980092,
          "stddevserv": 0.2301662355980092,
          "rate": 4.344685906696253,
          "cv": 1.0,
          "lambda": 0.075
        },
        "MS3_5": {
          "meanserv": 0.6418599473121365,
          "stddevserv": 0.6418599473121365,
          "rate": 1.5579722713461353,
          "cv": 1.0,
          "lambda": 0.075
        },
        "MS3_6": {
          "meanserv": 0.3367660827430523,
          "stddevserv": 0.3367660827430523,
          "rate": 2.9694201739519763,
          "cv": 1.0,
          "lambda": 0.075
        },
        "MS3_7": {
          "meanserv": 0.36604296718581875,
          "stddevserv": 0.36604296718581875,
          "rate": 2.7319197188464437,
          "cv": 1.0,
          "lambda": 0.075
        },
        "MS3_8": {
          "meanserv": 1.0297799193730475,
          "stddevserv": 1.0297799193730475,
          "rate": 0.9710812778412128,
          "cv": 1.0,
          "lambda": 0.075
        },
        "MS3_9": {
          "meanserv": 0.11840548978718246,
          "stddevserv": 0.11840548978718246,
          "rate": 8.445554355607685,
          "cv": 1.0,
          "lambda": 0.075
        },
        "MS3_10": {
          "meanserv": 0.8625698852735617,
          "stddevserv": 0.8625698852735617,
          "rate": 1.1593263538094107,
          "cv": 1.0,
          "lambda": 0.075
        }
      },
      "sensors": [
        "S3"
      ],
      "sources": [
        {
          "startTime": 0,
          "stopTime": -1,
          "lambda": 0.075
        }
      ]
    },
    "SC4": {
      "resptime": 29.260290180167473,
      "resptime_old": 19.260290180167477,
      "waittime": 16.971661978522587,
      "servicetime": 10.0,
      "networktime": 2.2886282016448884,
      "services": {
        "MS4_1": {
          "meanserv": 0.783340411565977,
          "stddevserv": 0.783340411565977,
          "rate": 1.276584209412736,
          "cv": 1.0,
          "lambda": 0.075
        },
        "MS4_2": {
          "meanserv": 0.570921502502767,
          "stddevserv": 0.570921502502767,
          "rate": 1.7515542778057365,
          "cv": 1.0,
          "lambda": 0.075
        },
        "MS4_3": {
          "meanserv": 2.145747377886882,
          "stddevserv": 2.145747377886882,