{
  "servicechain": {
    "SC1": {
      "resptime": 37.455113439718865,
      "resptime_old": 27.455113439718865,
      "waittime": 24.173865842429734,
      "servicetime": 10.0,
      "networktime": 3.2812475972891324,
      "services": {
        "MS1_1": {
          "meanserv": 0.5511326182886944,
          "stddevserv": 0.5511326182886944,
          "rate": 1.8144453200847928,
          "cv": 1.0,
          "lambda": 0.15
        },
        "MS1_2": {
          "meanserv": 0.7696810999016246,
          "stddevserv": 0.7696810999016246,
          "rate": 1.2992393864521465,
          "cv": 1.0,
          "lambda": 0.15
        },
        "MS1_3": {
          "meanserv": 0.1912610468981224,
          "stddevserv": 0.1912610468981224,
          "rate": 5.228456166156314,
          "cv": 1.0,
          "lambda": 0.15
        },
        "MS1_4": {
          "meanserv": 0.12017019490130232,
          "stddevserv": 0.12017019490130232,
          "rate": 8.321530982131765,
          "cv": 1.0,
          "lambda": 0.15
        },
        "MS1_5": {
          "meanserv": 1.231774432824805,
          "stddevserv": 1.231774432824805,
          "rate": 0.8118369511102117,
          "cv": 1.0,
          "lambda": 0.15
        },
        "MS1_6": {
          "meanserv": 0.7958006995027076,
          "stddevserv": 0.7958006995027076,
          "rate": 1.2565960304192942,
          "cv": 1.0,
          "lambda": 0.15
        },
        "MS1_7": {
          "meanserv": 1.1235252686729091,
          "stddevserv": 1.1235252686729091,
          "rate": 0.8900556381621793,
          "cv": 1.0,
          "lambda": 0.15
        },
        "MS1_8": {
          "meanserv": 0.3229276255182354,
          "stddevserv": 0.3229276255182354,
          "rate": 3.0966691016143213,
          "cv": 1.0,
          "lambda": 0.15
        },
        "MS1_9": {
          "meanserv": 0.6407623263052962,
          "stddevserv": 0.6407623263052962,
          "rate": 1.560641066034744,
          "cv": 1.0,
          "lambda": 0.15
        },
        "MS1_10": {
          "meanserv": 1.0668578623069642,
          "stddevserv": 1.0668578623069642,
          "rate": 0.9373319870724003,
          "cv": 1.0,
          "lambda": 0.15
        },
        "MS1_11": {
          "meanserv": 2.328510250068282,
          "stddevserv": 2.328510250068282,
          "rate": 0.42945913593065593,
          "cv": 1.0,
          "lambda": 0.15
        },
        "MS1_12": {
          "meanserv": 0.8575965748110566,
          "stddevserv": 0.8575965748110566,
          "rate": 1.1660494332318403,
          "cv": 1.0,
          "lambda": 0.15
        }
      },
      "sensors": [
        "S1"
      ],
      "sources": [
        {
          "startTime": 0,
          "stopTime": -1,
          "lambda": 0.15
        }
      ]
    },
    "SC2": {
      "resptime": 40.961673282662645,
      "resptime_old": 30.961673282662648,
      "waittime": 26.34171920911091,
      "servicetime": 10.0,
      "networktime": 4.619954073551737,
      "services": {
        "MS2_1": {
          "meanserv": 3.083028244137178,
          "stddevserv": 3.083028244137178,
          "rate": 0.324356418693745,
          "cv": 1.0,
          "lambda": 0.15
        },
        "MS2_2": {
          "meanserv": 0.28684429208339557,
          "stddevserv": 0.28684429208339557,
          "rate": 3.4862119540076657,
          "cv": 1.0,
          "lambda": 0.15
        },
        "MS2_3": {
          "meanserv": 0.4958417720569721,
          "stddevserv": 0.4958417720569721,
          "rate": 2.016772398685886,
          "cv": 1.0,
          "lambda": 0.15
        },
        "MS2_4": {
          "meanserv": 0.09851050958219121,
          "stddevserv": 0.09851050958219121,
          "rate": 10.151201168700284,
          "cv": 1.0,
          "lambda": 0.15
        },
        "MS2_5": {
          "meanserv": 0.2039973100435013,
          "stddevserv": 0.2039973100435013,
          "rate": 4.902025422721287,
          "cv": 1.0,
          "lambda": 0.15
        },
        "MS2_6": {
          "meanserv": 1.166968051718876,
          "stddevserv": 1.166968051718876,
          "rate": 0.8569214885763652,
          "cv": 1.0,
          "lambda": 0.15
        },
        "MS2_7": {
          "meanserv": 2.360907349099607,
          "stddevserv": 2.360907349099607,
          "rate": 0.4235659651707111,
          "cv": 1.0,
          "lambda": 0.15
        },
        "MS2_8": {
          "meanserv": 1.0259835955420167,
          "stddevserv": 1.0259835955420167,
          "rate": 0.9746744532223346,
          "cv": 1.0,
          "lambda": 0.15
        },
        "MS2_9": {
          "meanserv": 0.0018764439048979398,
          "stddevserv": 0.0018764439048979398,
          "rate": 532.9229386446221,
          "cv": 1.0,
          "lambda": 0.15
        },
        "MS2_10": {
          "meanserv": 0.01593911929903058,
          "stddevserv": 0.01593911929903058,
          "rate": 62.73872359188755,
          "cv": 1.0,
          "lambda": 0.15
        },
        "MS2_11": {
          "meanserv": 0.05532268533411511,
          "stddevserv": 0.05532268533411511,
          "rate": 18.075767543831486,
          "cv": 1.0,
          "lambda": 0.15
        },
        "MS2_12": {
          "meanserv": 1.2047806271982182,
          "stddevserv": 1.2047806271982182,
          "rate": 0.8300266267773192,
          "cv": 1.0,
          "lambda": 0.15
        }
      },
      "sensors": [
        "S2"
      ],
      "sources": [
        {
          "startTime": 0,
          "stopTime": -1,
          "lambda": 0.15
        }
      ]
    },
    "SC3": {
      "resptime": 41.78828889938187,
      "resptime_old": 31.788288899381868,
      "waittime": 26.52423511645315,
      "servicetime": 10.0,
      "networktime": 5.264053782928721,
      "services": {
        "MS3_1": {
          "meanserv": 0.6688099671411862,
          "stddevserv": 0.6688099671411862,
          "rate": 1.49519302811003,
          "cv": 1.0,
          "lambda": 0.15
        },
        "MS3_2": {
          "meanserv": 1.3823792423541748,
          "stddevserv": 1.3823792423541748,
          "rate": 0.723390491813963,
          "cv": 1.0,
          "lambda": 0.15
        },
        "MS3_3": {
          "meanserv": 0.5642714077243514,
          "stddevserv": 0.5642714077243514,
          "rate": 1.7721968299490796,
          "cv": 1.0,
          "lambda": 0.15
        },
        "MS3_4": {
          "meanserv": 0.40833914677395544,
          "stddevserv": 0.40833914677395544,
          "rate": 2.4489447262169324,
          "cv": 1.0,
          "lambda": 0.15
        },
        "MS3_5": {
          "meanserv": 0.22285006972386068,
          "stddevserv": 0.22285006972386068,
          "rate": 4.487321907680469,
          "cv": 1.0,
          "lambda": 0.15
        },
        "MS3_6": {
          "meanserv": 0.4287572710838887,
          "stddevserv": 0.4287572710838887,
          "rate": 2.33232196266205,
          "cv": 1.0,
          "lambda": 0.15
        },
        "MS3_7": {
          "meanserv": 0.5482501754454026,
          "stddevserv": 0.5482501754454026,
          "rate": 1.8239848244236174,
          "cv": 1.0,
          "lambda": 0.15
        },
        "MS3_8": {
          "meanserv": 0.36324466116043386,
          "stddevserv": 0.36324466116043386,
          "rate": 2.7529654442968705,
          "cv": 1.0,
          "lambda": 0.15
        },
        "MS3_9": {
          "meanserv": 1.6704333149410227,
          "stddevserv": 1.6704333149410227,
          "rate": 0.5986470642411168,
          "cv": 1.0,
          "lambda": 0.15
        },
        "MS3_10": {
          "meanserv": 2.749162049807894,
          "stddevserv": 2.749162049807894,
          "rate": 0.3637472007406322,
          "cv": 1.0,
          "lambda": 0.15
        },
        "MS3_11": {
          "meanserv": 0.08180364147418828,
          "stddevserv": 0.08180364147418828,
          "rate": 12.224394684380067,