{
  "servicechain": {
    "SC1": {
      "resptime": 22.19838839569136,
      "resptime_old": 12.198388395691357,
      "waittime": 8.77183400962857,
      "servicetime": 10.0,
      "networktime": 3.4265543860627883,
      "services": {
        "MS1_1": {
          "meanserv": 1.4991751210865356,
          "stddevserv": 1.4991751210865356,
          "rate": 0.6670334812354972,
          "cv": 1.0,
          "lambda": 0.1
        },
        "MS1_2": {
          "meanserv": 1.904509742705228,
          "stddevserv": 1.904509742705228,
          "rate": 0.5250695113691397,
          "cv": 1.0,
          "lambda": 0.1
        },
        "MS1_3": {
          "meanserv": 0.9138758538266272,
          "stddevserv": 0.9138758538266272,
          "rate": 1.0942405314822023,
          "cv": 1.0,
          "lambda": 0.1
        },
        "MS1_4": {
          "meanserv": 0.5440277281041048,
          "stddevserv": 0.5440277281041048,
          "rate": 1.8381416026071389,
          "cv": 1.0,
          "lambda": 0.1
        },
        "MS1_5": {
          "meanserv": 5.138411554277504,
          "stddevserv": 5.138411554277504,
          "rate": 0.19461267153027934,
          "cv": 1.0,
          "lambda": 0.1
        }
      },
      "sensors": [
        "S1"
      ],
      "sources": [
        {
          "startTime": 0,
          "stopTime": -1,
          "lambda": 0.1
        }
      ]
    },
    "SC2": {
      "resptime": 28.024890828022087,
      "resptime_old": 18.02489082802209,
      "waittime": 14.29829195727162,
      "servicetime": 10.0,
      "networktime": 3.726598870750469,
      "services": {
        "MS2_1": {
          "meanserv": 1.993821653586667,
          "stddevserv": 1.993821653586667,
          "rate": 0.5015493728845353,
          "cv": 1.0,
          "lambda": 0.1
        },
        "MS2_2": {
          "meanserv": 6.628132030031542,
          "stddevserv": 6.628132030031542,
          "rate": 0.15087207005972106,
          "cv": 1.0,
          "lambda": 0.1
        },
        "MS2_3": {
          "meanserv": 0.004145884459118676,
          "stddevserv": 0.004145884459118676,
          "rate": 241.20305567140142,
          "cv": 1.0,
          "lambda": 0.1
        },
        "MS2_4": {
          "meanserv": 0.8694291265084964,
          "stddevserv": 0.8694291265084964,
          "rate": 1.1501800083646354,
          "cv": 1.0,
          "lambda": 0.1
        },
        "MS2_5": {
          "meanserv": 0.5044713054141763,
          "stddevserv": 0.5044713054141763,
          "rate": 1.9822733013109426,
          "cv": 1.0,
          "lambda": 0.1
        }
      },
      "sensors": [
        "S2"
      ],
      "sources": [
        {
          "startTime": 0,
          "stopTime": -1,
          "lambda": 0.1
        }
      ]
    },
    "SC3": {
      "resptime": 20.81776266635299,
      "resptime_old": 10.81776266635299,
      "waittime": 5.923546215189903,
      "servicetime": 10.0,
      "networktime": 4.894216451163086,
      "services": {
        "MS3_1": {
          "meanserv": 3.362197834686934,
          "stddevserv": 3.362197834686934,
          "rate": 0.2974244970606001,
          "cv": 1.0,
          "lambda": 0.1
        },
        "MS3_2": {
          "meanserv": 2.1347203818221248,
          "stddevserv": 2.1347203818221248,
          "rate": 0.46844542663073935,
          "cv": 1.0,
          "lambda": 0.1
        },
        "MS3_3": {
          "meanserv": 0.5531873237030398,
          "stddevserv": 0.5531873237030398,
          "rate": 1.8077059201320684,
          "cv": 1.0,
          "lambda": 0.1
        },
        "MS3_4": {
          "meanserv": 2.1513183529080324,
          "stddevserv": 2.1513183529080324,
          "rate": 0.46483125040431866,
          "cv": 1.0,
          "lambda": 0.1
        },
        "MS3_5": {
          "meanserv": 1.7985761068798691,
          "stddevserv": 1.7985761068798691,
          "rate": 0.5559953766620298,
          "cv": 1.0,
          "lambda": 0.1
        }
      },
      "sensors": [
        "S3"
      ],
      "sources": [
        {
          "startTime": 0,
          "stopTime": -1,
          "lambda": 0.1
        }
      ]
    },
    "SC4": {
      "resptime": 20.886319461762884,
      "resptime_old": 10.886319461762884,
      "waittime": 7.063064523900952,
      "servicetime": 10.0,
      "networktime": 3.823254937861934,
      "services": {
        "MS4_1": {
          "meanserv": 1.4930138876157495,
          "stddevserv": 1.4930138876157495,
          "rate": 0.6697861341376656,
          "cv": 1.0,
          "lambda": 0.1
        },
        "MS4_2": {
          "meanserv": 0.7173531368630159,
          "stddevserv": 0.7173531368630159,
          "rate": 1.39401355986676,
          "cv": 1.0,
          "lambda": 0.1
        },
        "MS4_3": {
          "meanserv": 1.692563738837488,
          "stddevserv": 1.692563738837488,
          "rate": 0.5908196997572659,
          "cv": 1.0,
          "lambda": 0.1
        },
        "MS4_4": {
          "meanserv": 1.999060902914369,
          "stddevserv": 1.999060902914369,
          "rate": 0.5002348845611111,
          "cv": 1.0,
          "lambda": 0.1
        },
        "MS4_5": {
          "meanserv": 4.098008333769378,
          "stddevserv": 4.098008333769378,
          "rate": 0.24402097764408223,
          "cv": 1.0,
          "lambda": 0.1
        }
      },
      "sensors": [
        "S4"
      ],
      "sources": [
        {
          "startTime": 0,
          "stopTime": -1,
          "lambda": 0.1
        }
      ]
    }
  },
  "microservice": {
    "MS1_1": "F4",
    "MS1_2": "F4",
    "MS1_3": "F3",
    "MS1_4": "F3",
    "MS1_5": "F1",
    "MS2_1": "F3",
    "MS2_2": "F5",
    "MS2_3": "F9",
    "MS2_4": "F9",
    "MS2_5": "F9",
    "MS3_1": "F10",
    "MS3_2": "F8",
    "MS3_3": "F9",
    "MS3_4": "F2",
    "MS3_5": "F2",
    "MS4_1": "F7",
    "MS4_2": "F7",
    "MS4_3": "F7",
    "MS4_4": "F8",
    "MS4_5": "F6"
  },
  "sensor": {
    "S1": "F4",
    "S2": "F3",
    "S3": "F10",
    "S4": "F7"
  },
  "fog": {
    "F1": {
      "rho": 0.5138411554277504,
      "capacity": 1.0,
      "tserv": 5.138411554277504,
      "stddev": 5.138411554277504,
      "mu": 0.19461267153027934,
      "cv": 1.0,
      "lambda": 0.1,
      "twait": 5.430997213341593
    },
    "F2": {
      "rho": 0.39498944597879015,
      "capacity": 1.0,
      "tserv": 1.9749472298939508,
      "stddev": 1.990635603753808,
      "mu": 0.5063426429139057,
      "cv": 1.0079436926832215,
      "lambda": 0.2,
      "twait": 1.2996544631389064
    },
    "F3": {
      "rho": 0.3451725235517399,
      "capacity": 1.0,
      "tserv": 1.1505750785057995,
      "stddev": 1.4423881850474216,
      "mu": 0.8691305927629298,
      "cv": 1.253623698264512,
      "lambda": 0.30000000000000004,
      "twait": 0.7798176183995249
    },
    "F4": {
      "rho": 0.3403684863791764,
      "capacity": 1.0,
      "tserv": 1.7018424318958818,
      "stddev": 1.725808720786482,
      "mu": 0.5875984646157769,
      "cv": 1.0140825545546548,
      "lambda": 0.2,
      "twait": 0.8906007797439633
    },
    "F5": {
      "rho": 0.6628132030031543,
      "capacity": 1.0,
      "tserv": 6.628132030031542,
      "stddev": 6.628132030031542,
      "mu": 0.15087207005972106,
      "cv": 1.0,
      "lambda": 0.1,
      "twait": 13.029019700300136
    },
    "F6": {
      "rho": 0.4098008333769378,
      "capacity": 1.0,
      "tserv": 4.098008333769378,
      "stddev": 4.098008333769378,
      "mu": 0.24402097764408223,
      "cv": 1.0,
      "lambda": 0.1,
      "twait": 2.8454246046688767
    },
    "F7": {
      "rho": 0.39029307633162535,
      "capacity": 1.0,
      "tserv": 1.3009769211054176,
      "stddev": 1.430535232639597,
      "mu": 0.7686531434779929,
      "cv": 1.099585403424448,
      "lambda": 0.30000000000000004,
      "twait": 0.9198612946469885
    },
    "F8": {
      "rho": 0.4133781284736494,
      "capacity": 1.0,