{
  "servicechain": {
    "SC1": {
      "resptime": 34.33050909875693,
      "resptime_old": 24.330509098756924,
      "waittime": 18.8551996894343,
      "servicetime": 10.0,
      "networktime": 5.475309409322625,
      "services": {
        "MS1_1": {
          "meanserv": 2.4520122785243412,
          "stddevserv": 2.4520122785243412,
          "rate": 0.40782830035492945,
          "cv": 1.0,
          "lambda": 0.2
        },
        "MS1_2": {
          "meanserv": 1.2650771995022438,
          "stddevserv": 1.2650771995022438,
          "rate": 0.7904655940313042,
          "cv": 1.0,
          "lambda": 0.2
        },
        "MS1_3": {
          "meanserv": 2.4410638276320658,
          "stddevserv": 2.4410638276320658,
          "rate": 0.4096574569990011,
          "cv": 1.0,
          "lambda": 0.2
        },
        "MS1_4": {
          "meanserv": 2.4583818154596013,
          "stddevserv": 2.4583818154596013,
          "rate": 0.4067716388526276,
          "cv": 1.0,
          "lambda": 0.2
        },
        "MS1_5": {
          "meanserv": 1.3834648788817479,
          "stddevserv": 1.3834648788817479,
          "rate": 0.7228228307525221,
          "cv": 1.0,
          "lambda": 0.2
        }
      },
      "sensors": [
        "S1"
      ],
      "sources": [
        {
          "startTime": 0,
          "stopTime": -1,
          "lambda": 0.2
        }
      ]
    },
    "SC2": {
      "resptime": 79.87948458382422,
      "resptime_old": 69.87948458382422,
      "waittime": 66.09863336663516,
      "servicetime": 10.0,
      "networktime": 3.7808512171890696,
      "services": {
        "MS2_1": {
          "meanserv": 1.7501846225506423,
          "stddevserv": 1.7501846225506423,
          "rate": 0.5713682928733792,
          "cv": 1.0,
          "lambda": 0.2
        },
        "MS2_2": {
          "meanserv": 2.0212791199594147,
          "stddevserv": 2.0212791199594147,
          "rate": 0.49473622426776914,
          "cv": 1.0,
          "lambda": 0.2
        },
        "MS2_3": {
          "meanserv": 1.5353255586340775,
          "stddevserv": 1.5353255586340775,
          "rate": 0.6513276577572662,
          "cv": 1.0,
          "lambda": 0.2
        },
        "MS2_4": {
          "meanserv": 0.10862525207177143,
          "stddevserv": 0.10862525207177143,
          "rate": 9.205962526460008,
          "cv": 1.0,
          "lambda": 0.2
        },
        "MS2_5": {
          "meanserv": 4.584585446784094,
          "stddevserv": 4.584585446784094,
          "rate": 0.21812222972121953,
          "cv": 1.0,
          "lambda": 0.2
        }
      },
      "sensors": [
        "S2"
      ],
      "sources": [
        {
          "startTime": 0,
          "stopTime": -1,
          "lambda": 0.2
        }
      ]
    },
    "SC3": {
      "resptime": 13985.552825967754,
      "resptime_old": 13975.552825967754,
      "waittime": 13972.319518327142,
      "servicetime": 10.000000000000002,
      "networktime": 3.233307640611841,
      "services": {
        "MS3_1": {
          "meanserv": 0.108783833789583,
          "stddevserv": 0.108783833789583,
          "rate": 9.192542358217189,
          "cv": 1.0,
          "lambda": 0.2
        },
        "MS3_2": {
          "meanserv": 8.360033169410158,
          "stddevserv": 8.360033169410158,
          "rate": 0.11961675028504162,
          "cv": 1.0,
          "lambda": 0.2
        },
        "MS3_3": {
          "meanserv": 0.08698861543867942,
          "stddevserv": 0.08698861543867942,
          "rate": 11.495757174166389,
          "cv": 1.0,
          "lambda": 0.2
        },
        "MS3_4": {
          "meanserv": 0.49107365029928296,
          "stddevserv": 0.49107365029928296,
          "rate": 2.036354423395663,
          "cv": 1.0,
          "lambda": 0.2
        },
        "MS3_5": {
          "meanserv": 0.9531207310622971,
          "stddevserv": 0.9531207310622971,
          "rate": 1.0491850270484138,
          "cv": 1.0,
          "lambda": 0.2
        }
      },
      "sensors": [
        "S3"
      ],
      "sources": [
        {
          "startTime": 0,
          "stopTime": -1,
          "lambda": 0.2
        }
      ]
    },
    "SC4": {
      "resptime": 272.7596340182136,
      "resptime_old": 262.75963401821355,
      "waittime": 260.4103679993007,
      "servicetime": 10.0,
      "networktime": 2.3492660189128585,
      "services": {
        "MS4_1": {
          "meanserv": 1.4244902842164708,
          "stddevserv": 1.4244902842164708,
          "rate": 0.7020054900199209,
          "cv": 1.0,
          "lambda": 0.2
        },
        "MS4_2": {
          "meanserv": 1.8677249957547604,
          "stddevserv": 1.8677249957547604,
          "rate": 0.5354107281708747,
          "cv": 1.0,
          "lambda": 0.2
        },
        "MS4_3": {
          "meanserv": 4.903551832994967,
          "stddevserv": 4.903551832994967,
          "rate": 0.20393380840214856,
          "cv": 1.0,
          "lambda": 0.2
        },
        "MS4_4": {
          "meanserv": 1.4800751977977082,
          "stddevserv": 1.4800751977977082,
          "rate": 0.6756413467964056,
          "cv": 1.0,
          "lambda": 0.2
        },
        "MS4_5": {
          "meanserv": 0.32415768923609356,
          "stddevserv": 0.32415768923609356,
          "rate": 3.0849183382217125,
          "cv": 1.0,
          "lambda": 0.2
        }
      },
      "sensors": [
        "S4"
      ],
      "sources": [
        {
          "startTime": 0,
          "stopTime": -1,
          "lambda": 0.2
        }
      ]
    }
  },
  "microservice": {
    "MS1_1": "F7",
    "MS1_2": "F5",
    "MS1_3": "F5",
    "MS1_4": "F10",
    "MS1_5": "F1",
    "MS2_1": "F9",
    "MS2_2": "F9",
    "MS2_3": "F8",
    "MS2_4": "F8",
    "MS2_5": "F3",
    "MS3_1": "F7",
    "MS3_2": "F6",
    "MS3_3": "F8",
    "MS3_4": "F8",
    "MS3_5": "F8",
    "MS4_1": "F4",
    "MS4_2": "F4",
    "MS4_3": "F2",
    "MS4_4": "F1",
    "MS4_5": "F1"
  },
  "sensor": {
    "S1": "F7",
    "S2": "F9",
    "S3": "F7",
    "S4": "F4"
  },
  "fog": {
    "F1": {
      "rho": 0.63753955318311,
      "capacity": 1.0,
      "tserv": 1.0625659219718497,
      "stddev": 1.2951464169280291,
      "mu": 0.9411180796615956,
      "cv": 1.218885708779903,
      "lambda": 0.6000000000000001,
      "twait": 2.3228332397067146
    },
    "F2": {
      "rho": 0.9807103665989935,
      "capacity": 1.0,
      "tserv": 4.903551832994967,
      "stddev": 4.903551832994967,
      "mu": 0.20393380840214856,
      "cv": 1.0,
      "lambda": 0.2,
      "twait": 249.30303317857397
    },
    "F3": {
      "rho": 0.9169170893568188,
      "capacity": 1.0,
      "tserv": 4.584585446784094,
      "stddev": 4.584585446784094,
      "mu": 0.21812222972121953,
      "cv": 1.0,
      "lambda": 0.2,
      "twait": 50.596262350829285
    },
    "F4": {
      "rho": 0.6584430559942462,
      "capacity": 1.0,
      "tserv": 1.6461076399856156,
      "stddev": 1.6756786288471988,
      "mu": 0.6074936873561552,
      "cv": 1.017964189062291,
      "lambda": 0.4,
      "twait": 3.230834170656647
    },
    "F5": {
      "rho": 0.741228205426862,
      "capacity": 1.0,
      "tserv": 1.8530705135671548,
      "stddev": 2.0310939424413914,
      "mu": 0.5396448719455382,
      "cv": 1.096069430478143,
      "lambda": 0.4,
      "twait": 5.842377793718669
    },
    "F6": {
      "rho": 1.6720066338820319,
      "capacity": 1.0,
      "tserv": 8.360033169410158,
      "stddev": 8.360033169410158,
      "mu": 0.11961675028504162,
      "cv": 1.0,
      "lambda": 0.2,
      "twait": 13964.052887808873
    },
    "F7": {
      "rho": 0.5121592224627849,
      "capacity": 1.0,
      "tserv": 1.2803980561569621,
      "stddev": 2.093986378732575,
      "mu": 0.7810071213333766,
      "cv": 1.63541827376523,
      "lambda": 0.4,
      "twait": 2.4697394780896653
    },
    "F8": {
      "rho": 0.6350267615012217,
      "capacity": 1.0,