{
  "servicechain": {
    "SC1": {
      "resptime": 38.67417496340688,
      "resptime_old": 28.674174963406873,
      "waittime": 21.068402298759697,
      "servicetime": 10.0,
      "networktime": 7.605772664647178,
      "services": {
        "MS1_1": {
          "meanserv": 1.1607970075576324,
          "stddevserv": 1.1607970075576324,
          "rate": 0.8614770657481653,
          "cv": 1.0,
          "lambda": 0.225
        },
        "MS1_2": {
          "meanserv": 3.109029267947842,
          "stddevserv": 3.109029267947842,
          "rate": 0.32164380384236907,
          "cv": 1.0,
          "lambda": 0.225
        },
        "MS1_3": {
          "meanserv": 0.10606512659758494,
          "stddevserv": 0.10606512659758494,
          "rate": 9.4281695791873,
          "cv": 1.0,
          "lambda": 0.225
        },
        "MS1_4": {
          "meanserv": 3.2848636011185857,
          "stddevserv": 3.2848636011185857,
          "rate": 0.30442664336487907,
          "cv": 1.0,
          "lambda": 0.225
        },
        "MS1_5": {
          "meanserv": 2.339244996778355,
          "stddevserv": 2.339244996778355,
          "rate": 0.4274883568746394,
          "cv": 1.0,
          "lambda": 0.225
        }
      },
      "sensors": [
        "S1"
      ],
      "sources": [
        {
          "startTime": 0,
          "stopTime": -1,
          "lambda": 0.225
        }
      ]
    },
    "SC2": {
      "resptime": 14526.646739222399,
      "resptime_old": 14516.6467392224,
      "waittime": 14509.469343949095,
      "servicetime": 10.0,
      "networktime": 7.177395273303631,
      "services": {
        "MS2_1": {
          "meanserv": 0.4946648416506205,
          "stddevserv": 0.4946648416506205,
          "rate": 2.0215708006721353,
          "cv": 1.0,
          "lambda": 0.225
        },
        "MS2_2": {
          "meanserv": 5.428551388526778,
          "stddevserv": 5.428551388526778,
          "rate": 0.18421120634751584,
          "cv": 1.0,
          "lambda": 0.225
        },
        "MS2_3": {
          "meanserv": 3.1055542533149847,
          "stddevserv": 3.1055542533149847,
          "rate": 0.3220037128420998,
          "cv": 1.0,
          "lambda": 0.225
        },
        "MS2_4": {
          "meanserv": 0.10234143089691727,
          "stddevserv": 0.10234143089691727,
          "rate": 9.771213781515751,
          "cv": 1.0,
          "lambda": 0.225
        },
        "MS2_5": {
          "meanserv": 0.8688880856106991,
          "stddevserv": 0.8688880856106991,
          "rate": 1.150896204655803,
          "cv": 1.0,
          "lambda": 0.225
        }
      },
      "sensors": [
        "S2"
      ],
      "sources": [
        {
          "startTime": 0,
          "stopTime": -1,
          "lambda": 0.225
        }
      ]
    },
    "SC3": {
      "resptime": 14549.262889831387,
      "resptime_old": 14539.262889831387,
      "waittime": 14533.953658353788,
      "servicetime": 10.0,
      "networktime": 5.3092314775986775,
      "services": {
        "MS3_1": {
          "meanserv": 0.16035021776127478,
          "stddevserv": 0.16035021776127478,
          "rate": 6.236349497752313,
          "cv": 1.0,
          "lambda": 0.225
        },
        "MS3_2": {
          "meanserv": 1.2924559006415648,
          "stddevserv": 1.2924559006415648,
          "rate": 0.7737207896250913,
          "cv": 1.0,
          "lambda": 0.225
        },
        "MS3_3": {
          "meanserv": 3.9259894080428195,
          "stddevserv": 3.9259894080428195,
          "rate": 0.25471286243192365,
          "cv": 1.0,
          "lambda": 0.225
        },
        "MS3_4": {
          "meanserv": 4.179592966508078,
          "stddevserv": 4.179592966508078,
          "rate": 0.23925774782692996,
          "cv": 1.0,
          "lambda": 0.225
        },
        "MS3_5": {
          "meanserv": 0.44161150704626273,
          "stddevserv": 0.44161150704626273,
          "rate": 2.2644337478625554,
          "cv": 1.0,
          "lambda": 0.225
        }
      },
      "sensors": [
        "S3"
      ],
      "sources": [
        {
          "startTime": 0,
          "stopTime": -1,
          "lambda": 0.225
        }
      ]
    },
    "SC4": {
      "resptime": 14531.56490175624,
      "resptime_old": 14521.564901756241,
      "waittime": 14512.960263920864,
      "servicetime": 10.0,
      "networktime": 8.604637835375726,
      "services": {
        "MS4_1": {
          "meanserv": 0.06958252242468266,
          "stddevserv": 0.06958252242468266,
          "rate": 14.371424966411896,
          "cv": 1.0,
          "lambda": 0.225
        },
        "MS4_2": {
          "meanserv": 4.302939690792401,
          "stddevserv": 4.302939690792401,
          "rate": 0.23239926000818442,
          "cv": 1.0,
          "lambda": 0.225
        },
        "MS4_3": {
          "meanserv": 0.858250026295118,
          "stddevserv": 0.858250026295118,
          "rate": 1.1651616304828865,
          "cv": 1.0,
          "lambda": 0.225
        },
        "MS4_4": {
          "meanserv": 3.2898524585633293,
          "stddevserv": 3.2898524585633293,
          "rate": 0.3039649992196603,
          "cv": 1.0,
          "lambda": 0.225
        },
        "MS4_5": {
          "meanserv": 1.4793753019244686,
          "stddevserv": 1.4793753019244686,
          "rate": 0.675960994278554,
          "cv": 1.0,
          "lambda": 0.225
        }
      },
      "sensors": [
        "S4"
      ],
      "sources": [
        {
          "startTime": 0,
          "stopTime": -1,
          "lambda": 0.225
        }
      ]
    }
  },
  "microservice": {
    "MS1_1": "F10",
    "MS1_2": "F4",
    "MS1_3": "F10",
    "MS1_4": "F3",
    "MS1_5": "F6",
    "MS2_1": "F9",
    "MS2_2": "F1",
    "MS2_3": "F7",
    "MS2_4": "F10",
    "MS2_5": "F10",
    "MS3_1": "F8",
    "MS3_2": "F8",
    "MS3_3": "F5",
    "MS3_4": "F1",
    "MS3_5": "F8",
    "MS4_1": "F8",
    "MS4_2": "F1",
    "MS4_3": "F8",
    "MS4_4": "F2",
    "MS4_5": "F9"
  },
  "sensor": {
    "S1": "F10",
    "S2": "F9",
    "S3": "F8",
    "S4": "F8"
  },
  "fog": {
    "F1": {
      "rho": 3.129993910311133,
      "capacity": 1.0,
      "tserv": 4.637028015275752,
      "stddev": 4.704637024927509,
      "mu": 0.2156553716530722,
      "cv": 1.0145802461035458,
      "lambda": 0.675,
      "twait": 14499.355580305455
    },
    "F2": {
      "rho": 0.7402168031767492,
      "capacity": 1.0,
      "tserv": 3.2898524585633293,
      "stddev": 3.2898524585633293,
      "mu": 0.3039649992196603,
      "cv": 1.0,
      "lambda": 0.225,
      "twait": 9.373986076003836
    },
    "F3": {
      "rho": 0.7390943102516817,
      "capacity": 1.0,
      "tserv": 3.2848636011185857,
      "stddev": 3.2848636011185857,
      "mu": 0.30442664336487907,
      "cv": 1.0,
      "lambda": 0.225,
      "twait": 9.305370074073846
    },
    "F4": {
      "rho": 0.6995315852882644,
      "capacity": 1.0,
      "tserv": 3.109029267947842,
      "stddev": 3.109029267947842,
      "mu": 0.32164380384236907,
      "cv": 1.0,
      "lambda": 0.225,
      "twait": 7.2382455726725725
    },
    "F5": {
      "rho": 0.8833476168096344,
      "capacity": 1.0,
      "tserv": 3.9259894080428195,
      "stddev": 3.9259894080428195,
      "mu": 0.25471286243192365,
      "cv": 1.0,
      "lambda": 0.225,
      "twait": 29.729468806093934
    },
    "F6": {
      "rho": 0.5263301242751298,
      "capacity": 1.0,
      "tserv": 2.339244996778355,
      "stddev": 2.3392449967783553,
      "mu": 0.4274883568746394,
      "cv": 1.0000000000000002,
      "lambda": 0.225,
      "twait": 2.5993105598707635
    },
    "F7": {
      "rho": 0.6987497069958716,
      "capacity": 1.0,
      "tserv": 3.1055542533149847,
      "stddev": 3.1055542533149847,
      "mu": 0.3220037128420998,
      "cv": 1.0,
      "lambda": 0.225,
      "twait": 7.203329506915667
    },
    "F8": {
      "rho": 0.6350062891880032,
      "capacity": 1.0,