{
  "servicechain": {
    "SC1": {
      "resptime": 17.256153380631496,
      "resptime_old": 7.2561533806314955,
      "waittime": 4.674031174530978,
      "servicetime": 10.0,
      "networktime": 2.5821222061005167,
      "services": {
        "MS1_1": {
          "meanserv": 0.06610176912077326,
          "stddevserv": 0.06610176912077326,
          "rate": 15.128188145356889,
          "cv": 1.0,
          "lambda": 0.075
        },
        "MS1_2": {
          "meanserv": 3.5647561719176215,
          "stddevserv": 3.5647561719176215,
          "rate": 0.28052409527411265,
          "cv": 1.0,
          "lambda": 0.075
        },
        "MS1_3": {
          "meanserv": 1.1650257780894258,
          "stddevserv": 1.1650257780894258,
          "rate": 0.8583501059006107,
          "cv": 1.0,
          "lambda": 0.075
        },
        "MS1_4": {
          "meanserv": 1.8436029369473772,
          "stddevserv": 1.8436029369473772,
          "rate": 0.5424161461012814,
          "cv": 1.0,
          "lambda": 0.075
        },
        "MS1_5": {
          "meanserv": 3.3605133439248025,
          "stddevserv": 3.3605133439248025,
          "rate": 0.2975735840501328,
          "cv": 1.0,
          "lambda": 0.075
        }
      },
      "sensors": [
        "S1"
      ],
      "sources": [
        {
          "startTime": 0,
          "stopTime": -1,
          "lambda": 0.075
        }
      ]
    },
    "SC2": {
      "resptime": 20.433692135354278,
      "resptime_old": 10.433692135354278,
      "waittime": 8.378928329727353,
      "servicetime": 10.0,
      "networktime": 2.0547638056269255,
      "services": {
        "MS2_1": {
          "meanserv": 1.6347202624094692,
          "stddevserv": 1.6347202624094692,
          "rate": 0.6117254572510568,
          "cv": 1.0,
          "lambda": 0.075
        },
        "MS2_2": {
          "meanserv": 0.801910153664046,
          "stddevserv": 0.801910153664046,
          "rate": 1.2470224942667856,
          "cv": 1.0,
          "lambda": 0.075
        },
        "MS2_3": {
          "meanserv": 0.49666002804622744,
          "stddevserv": 0.49666002804622744,
          "rate": 2.0134497312655153,
          "cv": 1.0,
          "lambda": 0.075
        },
        "MS2_4": {
          "meanserv": 0.33524514058317356,
          "stddevserv": 0.33524514058317356,
          "rate": 2.982891857165942,
          "cv": 1.0,
          "lambda": 0.075
        },
        "MS2_5": {
          "meanserv": 6.731464415297084,
          "stddevserv": 6.731464415297084,
          "rate": 0.1485560850217859,
          "cv": 1.0,
          "lambda": 0.075
        }
      },
      "sensors": [
        "S2"
      ],
      "sources": [
        {
          "startTime": 0,
          "stopTime": -1,
          "lambda": 0.075
        }
      ]
    },
    "SC3": {
      "resptime": 18.074479254508077,
      "resptime_old": 8.074479254508077,
      "waittime": 5.176137340868274,
      "servicetime": 10.0,
      "networktime": 2.8983419136398023,
      "services": {
        "MS3_1": {
          "meanserv": 2.3324745342918716,
          "stddevserv": 2.3324745342918716,
          "rate": 0.4287292252490102,
          "cv": 1.0,
          "lambda": 0.075
        },
        "MS3_2": {
          "meanserv": 3.2747760817943137,
          "stddevserv": 3.2747760817943137,
          "rate": 0.30536438981564823,
          "cv": 1.0,
          "lambda": 0.075
        },
        "MS3_3": {
          "meanserv": 2.8904594859846178,
          "stddevserv": 2.8904594859846178,
          "rate": 0.3459657555654533,
          "cv": 1.0,
          "lambda": 0.075
        },
        "MS3_4": {
          "meanserv": 0.8031018330561412,
          "stddevserv": 0.8031018330561412,
          "rate": 1.2451721050051376,
          "cv": 1.0,
          "lambda": 0.075
        },
        "MS3_5": {
          "meanserv": 0.6991880648730557,
          "stddevserv": 0.6991880648730557,
          "rate": 1.4302303632450584,
          "cv": 1.0,
          "lambda": 0.075
        }
      },
      "sensors": [
        "S3"
      ],
      "sources": [
        {
          "startTime": 0,
          "stopTime": -1,
          "lambda": 0.075
        }
      ]
    },
    "SC4": {
      "resptime": 20.869902304025402,
      "resptime_old": 10.869902304025404,
      "waittime": 7.9043519969279075,
      "servicetime": 10.0,
      "networktime": 2.965550307097494,
      "services": {
        "MS4_1": {
          "meanserv": 0.22275906751905272,
          "stddevserv": 0.22275906751905272,
          "rate": 4.489155081933845,
          "cv": 1.0,
          "lambda": 0.075
        },
        "MS4_2": {
          "meanserv": 0.011324012530499195,
          "stddevserv": 0.011324012530499195,
          "rate": 88.30792065150754,
          "cv": 1.0,
          "lambda": 0.075
        },
        "MS4_3": {
          "meanserv": 4.696758810201268,
          "stddevserv": 4.696758810201268,
          "rate": 0.2129127852654515,
          "cv": 1.0,
          "lambda": 0.075
        },
        "MS4_4": {
          "meanserv": 0.7840954211375291,
          "stddevserv": 0.7840954211375291,
          "rate": 1.2753549798176944,
          "cv": 1.0,
          "lambda": 0.075
        },
        "MS4_5": {
          "meanserv": 4.285062688611651,
          "stddevserv": 4.285062688611651,
          "rate": 0.23336881457013114,
          "cv": 1.0,
          "lambda": 0.075
        }
      },
      "sensors": [
        "S4"
      ],
      "sources": [
        {
          "startTime": 0,
          "stopTime": -1,
          "lambda": 0.075
        }
      ]
    }
  },
  "microservice": {
    "MS1_1": "F8",
    "MS1_2": "F8",
    "MS1_3": "F3",
    "MS1_4": "F3",
    "MS1_5": "F10",
    "MS2_1": "F9",
    "MS2_2": "F9",
    "MS2_3": "F9",
    "MS2_4": "F9",
    "MS2_5": "F5",
    "MS3_1": "F7",
    "MS3_2": "F7",
    "MS3_3": "F6",
    "MS3_4": "F4",
    "MS3_5": "F4",
    "MS4_1": "F9",
    "MS4_2": "F9",
    "MS4_3": "F2",
    "MS4_4": "F1",
    "MS4_5": "F1"
  },
  "sensor": {
    "S1": "F8",
    "S2": "F9",
    "S3": "F7",
    "S4": "F9"
  },
  "fog": {
    "F1": {
      "rho": 0.38018685823118853,
      "capacity": 1.0,
      "tserv": 2.53457905487459,
      "stddev": 3.542947486115421,
      "mu": 0.39454283269514334,
      "cv": 1.3978445372621153,
      "lambda": 0.15,
      "twait": 2.296244617445376
    },
    "F2": {
      "rho": 0.3522569107650951,
      "capacity": 1.0,
      "tserv": 4.696758810201268,
      "stddev": 4.696758810201268,
      "mu": 0.2129127852654515,
      "cv": 1.0,
      "lambda": 0.075,
      "twait": 2.554200541212177
    },
    "F3": {
      "rho": 0.22564715362776022,
      "capacity": 1.0,
      "tserv": 1.5043143575184015,
      "stddev": 1.5789854864747384,
      "mu": 0.664754673783513,
      "cv": 1.0496379819704162,
      "lambda": 0.15,
      "twait": 0.4606579101842222
    },
    "F4": {
      "rho": 0.11267174234468978,
      "capacity": 1.0,
      "tserv": 0.7511449489645985,
      "stddev": 0.7547302630503386,
      "mu": 1.3313009711087467,
      "cv": 1.0047731321240758,
      "lambda": 0.15,
      "twait": 0.09583571478793512
    },
    "F5": {
      "rho": 0.5048598311472813,
      "capacity": 1.0,
      "tserv": 6.731464415297084,
      "stddev": 6.731464415297084,
      "mu": 0.1485560850217859,
      "cv": 1.0,
      "lambda": 0.075,
      "twait": 6.863603888077395
    },
    "F6": {
      "rho": 0.21678446144884633,
      "capacity": 1.0,
      "tserv": 2.8904594859846178,
      "stddev": 2.8904594859846178,
      "mu": 0.3459657555654533,
      "cv": 1.0,
      "lambda": 0.075,
      "twait": 0.8000437582839904
    },
    "F7": {
      "rho": 0.4205437962064639,
      "capacity": 1.0,
      "tserv": 2.8036253080430926,
      "stddev": 2.881714935782593,
      "mu": 0.3566810433374179,
      "cv": 1.0278530898959555,
      "lambda": 0.15,
      "twait": 2.092211076504207
    },
    "F8": {
      "rho": 0.2723143455778796,