{
  "servicechain": {
    "SC1": {
      "resptime": 15.547910571194766,
      "resptime_old": 5.547910571194764,
      "waittime": 3.7826423273720726,
      "servicetime": 10.0,
      "networktime": 1.7652682438226919,
      "services": {
        "MS1_1": {
          "meanserv": 3.5332456869080753,
          "stddevserv": 3.5332456869080753,
          "rate": 0.2830258885492604,
          "cv": 1.0,
          "lambda": 0.05
        },
        "MS1_2": {
          "meanserv": 1.2980055778689206,
          "stddevserv": 1.2980055778689206,
          "rate": 0.7704127139744735,
          "cv": 1.0,
          "lambda": 0.05
        },
        "MS1_3": {
          "meanserv": 1.5918771681167332,
          "stddevserv": 1.5918771681167332,
          "rate": 0.6281891718963768,
          "cv": 1.0,
          "lambda": 0.05
        },
        "MS1_4": {
          "meanserv": 2.3050415029427613,
          "stddevserv": 2.3050415029427613,
          "rate": 0.4338316679866011,
          "cv": 1.0,
          "lambda": 0.05
        },
        "MS1_5": {
          "meanserv": 1.2718300641635096,
          "stddevserv": 1.2718300641635096,
          "rate": 0.7862685654138126,
          "cv": 1.0,
          "lambda": 0.05
        }
      },
      "sensors": [
        "S1"
      ],
      "sources": [
        {
          "startTime": 0,
          "stopTime": -1,
          "lambda": 0.05
        }
      ]
    },
    "SC2": {
      "resptime": 16.776301922914236,
      "resptime_old": 6.776301922914238,
      "waittime": 4.4597702655950116,
      "servicetime": 10.0,
      "networktime": 2.3165316573192256,
      "services": {
        "MS2_1": {
          "meanserv": 2.5051017437838876,
          "stddevserv": 2.5051017437838876,
          "rate": 0.3991853833806875,
          "cv": 1.0,
          "lambda": 0.05
        },
        "MS2_2": {
          "meanserv": 1.4304243677392314,
          "stddevserv": 1.4304243677392314,
          "rate": 0.6990932359328358,
          "cv": 1.0,
          "lambda": 0.05
        },
        "MS2_3": {
          "meanserv": 2.079896712762686,
          "stddevserv": 2.079896712762686,
          "rate": 0.4807931056690405,
          "cv": 1.0,
          "lambda": 0.05
        },
        "MS2_4": {
          "meanserv": 3.731204786121772,
          "stddevserv": 3.731204786121772,
          "rate": 0.26800994781082593,
          "cv": 1.0,
          "lambda": 0.05
        },
        "MS2_5": {
          "meanserv": 0.2533723895924229,
          "stddevserv": 0.2533723895924229,
          "rate": 3.9467599512662326,
          "cv": 1.0,
          "lambda": 0.05
        }
      },
      "sensors": [
        "S2"
      ],
      "sources": [
        {
          "startTime": 0,
          "stopTime": -1,
          "lambda": 0.05
        }
      ]
    },
    "SC3": {
      "resptime": 15.669053334474677,
      "resptime_old": 5.669053334474678,
      "waittime": 3.9697882550046986,
      "servicetime": 10.0,
      "networktime": 1.6992650794699795,
      "services": {
        "MS3_1": {
          "meanserv": 0.2793185802519593,
          "stddevserv": 0.2793185802519593,
          "rate": 3.5801413536398115,
          "cv": 1.0,
          "lambda": 0.05
        },
        "MS3_2": {
          "meanserv": 1.622714731298931,
          "stddevserv": 1.622714731298931,
          "rate": 0.6162512613659039,
          "cv": 1.0,
          "lambda": 0.05
        },
        "MS3_3": {
          "meanserv": 2.151825880788248,
          "stddevserv": 2.151825880788248,
          "rate": 0.4647216156883865,
          "cv": 1.0,
          "lambda": 0.05
        },
        "MS3_4": {
          "meanserv": 0.5722889065982875,
          "stddevserv": 0.5722889065982875,
          "rate": 1.7473691844632244,
          "cv": 1.0,
          "lambda": 0.05
        },
        "MS3_5": {
          "meanserv": 5.373851901062574,
          "stddevserv": 5.373851901062574,
          "rate": 0.18608625961617392,
          "cv": 1.0,
          "lambda": 0.05
        }
      },
      "sensors": [
        "S3"
      ],
      "sources": [
        {
          "startTime": 0,
          "stopTime": -1,
          "lambda": 0.05
        }
      ]
    },
    "SC4": {
      "resptime": 16.48047578273813,
      "resptime_old": 6.480475782738129,
      "waittime": 3.0532208439586848,
      "servicetime": 10.0,
      "networktime": 3.427254938779444,
      "services": {
        "MS4_1": {
          "meanserv": 0.9466335422124261,
          "stddevserv": 0.9466335422124261,
          "rate": 1.05637499138563,
          "cv": 1.0,
          "lambda": 0.05
        },
        "MS4_2": {
          "meanserv": 5.005921671136108,
          "stddevserv": 5.005921671136108,
          "rate": 0.19976341335222034,
          "cv": 1.0,
          "lambda": 0.05
        },
        "MS4_3": {
          "meanserv": 0.42770946117798214,
          "stddevserv": 0.42770946117798214,
          "rate": 2.338035724638486,
          "cv": 1.0,
          "lambda": 0.05
        },
        "MS4_4": {
          "meanserv": 2.236625261953643,
          "stddevserv": 2.236625261953643,
          "rate": 0.44710216638013023,
          "cv": 1.0,
          "lambda": 0.05
        },
        "MS4_5": {
          "meanserv": 1.3831100635198403,
          "stddevserv": 1.3831100635198403,
          "rate": 0.7230082597006968,
          "cv": 1.0,
          "lambda": 0.05
        }
      },
      "sensors": [
        "S4"
      ],
      "sources": [
        {
          "startTime": 0,
          "stopTime": -1,
          "lambda": 0.05
        }
      ]
    }
  },
  "microservice": {
    "MS1_1": "F9",
    "MS1_2": "F9",
    "MS1_3": "F2",
    "MS1_4": "F2",
    "MS1_5": "F2",
    "MS2_1": "F10",
    "MS2_2": "F10",
    "MS2_3": "F10",
    "MS2_4": "F8",
    "MS2_5": "F8",
    "MS3_1": "F7",
    "MS3_2": "F7",
    "MS3_3": "F7",
    "MS3_4": "F7",
    "MS3_5": "F4",
    "MS4_1": "F5",
    "MS4_2": "F6",
    "MS4_3": "F1",
    "MS4_4": "F1",
    "MS4_5": "F1"
  },
  "sensor": {
    "S1": "F9",
    "S2": "F10",
    "S3": "F7",
    "S4": "F5"
  },
  "fog": {
    "F1": {
      "rho": 0.20237223933257328,
      "capacity": 1.0,
      "tserv": 1.349148262217155,
      "stddev": 1.7064817301951722,
      "mu": 0.7412083816174704,
      "cv": 1.2648585614977443,
      "lambda": 0.15000000000000002,
      "twait": 0.44497080865518707
    },
    "F2": {
      "rho": 0.2584374367611502,
      "capacity": 1.0,
      "tserv": 1.7229162450743345,
      "stddev": 1.8279643285101896,
      "mu": 0.5804112665713796,
      "cv": 1.0609710911579007,
      "lambda": 0.15000000000000002,
      "twait": 0.638168741921887
    },
    "F3": {
      "rho": 0,
      "capacity": 1.0,
      "tserv": 0,
      "stddev": 0,
      "mu": 0,
      "cv": 0,
      "lambda": 0.0,
      "twait": 0
    },
    "F4": {
      "rho": 0.26869259505312876,
      "capacity": 1.0,
      "tserv": 5.373851901062574,
      "stddev": 5.373851901062574,
      "mu": 0.18608625961617392,
      "cv": 1.0,
      "lambda": 0.05,
      "twait": 1.9744285412132414
    },
    "F5": {
      "rho": 0.047331677110621306,
      "capacity": 1.0,
      "tserv": 0.9466335422124261,
      "stddev": 0.9466335422124261,
      "mu": 1.05637499138563,
      "cv": 1.0,
      "lambda": 0.05,
      "twait": 0.04703184947536561
    },
    "F6": {
      "rho": 0.25029608355680544,
      "capacity": 1.0,
      "tserv": 5.005921671136108,
      "stddev": 5.005921671136108,
      "mu": 0.19976341335222034,
      "cv": 1.0,
      "lambda": 0.05,
      "twait": 1.6712765685177584
    },
    "F7": {
      "rho": 0.23130740494687133,
      "capacity": 1.0,
      "tserv": 1.1565370247343565,
      "stddev": 1.5801796421817556,
      "mu": 0.8646502261608864,
      "cv": 1.3663026849872835,
      "lambda": 0.2,
      "twait": 0.49883992844786423
    },
    "F8": {
      "rho": 0.19922885878570978,
      "capacity": 1.0,
      "tserv": 1.9922885878570975,
      "stddev": 3.1649443765223055,