{
  "servicechain": {
    "SC1": {
      "resptime": 33.52990474309998,
      "resptime_old": 23.529904743099983,
      "waittime": 19.551233312723188,
      "servicetime": 10.0,
      "networktime": 3.9786714303767954,
      "services": {
        "MS1_1": {
          "meanserv": 1.1532016807370016,
          "stddevserv": 1.1532016807370016,
          "rate": 0.8671510081054585,
          "cv": 1.0,
          "lambda": 0.15
        },
        "MS1_2": {
          "meanserv": 2.035446642948505,
          "stddevserv": 2.035446642948505,
          "rate": 0.49129266220971585,
          "cv": 1.0,
          "lambda": 0.15
        },
        "MS1_3": {
          "meanserv": 4.895520925136416,
          "stddevserv": 4.895520925136416,
          "rate": 0.2042683537242024,
          "cv": 1.0,
          "lambda": 0.15
        },
        "MS1_4": {
          "meanserv": 1.9158307511780777,
          "stddevserv": 1.9158307511780777,
          "rate": 0.521966775710789,
          "cv": 1.0,
          "lambda": 0.15
        }
      },
      "sensors": [
        "S1"
      ],
      "sources": [
        {
          "startTime": 0,
          "stopTime": -1,
          "lambda": 0.15
        }
      ]
    },
    "SC2": {
      "resptime": 54.30148451715606,
      "resptime_old": 44.301484517156055,
      "waittime": 40.497209577964256,
      "servicetime": 10.0,
      "networktime": 3.8042749391918065,
      "services": {
        "MS2_1": {
          "meanserv": 0.2917409013061356,
          "stddevserv": 0.2917409013061356,
          "rate": 3.4276990148551687,
          "cv": 1.0,
          "lambda": 0.15
        },
        "MS2_2": {
          "meanserv": 1.8978853982992316,
          "stddevserv": 1.8978853982992316,
          "rate": 0.5269022043671017,
          "cv": 1.0,
          "lambda": 0.15
        },
        "MS2_3": {
          "meanserv": 2.1366556125858707,
          "stddevserv": 2.1366556125858707,
          "rate": 0.46802114206404927,
          "cv": 1.0,
          "lambda": 0.15
        },
        "MS2_4": {
          "meanserv": 5.673718087808762,
          "stddevserv": 5.673718087808762,
          "rate": 0.1762512667220321,
          "cv": 1.0,
          "lambda": 0.15
        }
      },
      "sensors": [
        "S2"
      ],
      "sources": [
        {
          "startTime": 0,
          "stopTime": -1,
          "lambda": 0.15
        }
      ]
    },
    "SC3": {
      "resptime": 28.18862917408592,
      "resptime_old": 18.18862917408592,
      "waittime": 13.64767553616981,
      "servicetime": 10.0,
      "networktime": 4.540953637916112,
      "services": {
        "MS3_1": {
          "meanserv": 2.8351997294728246,
          "stddevserv": 2.8351997294728246,
          "rate": 0.35270883726626884,
          "cv": 1.0,
          "lambda": 0.15
        },
        "MS3_2": {
          "meanserv": 2.700309802533889,
          "stddevserv": 2.700309802533889,
          "rate": 0.37032787832774977,
          "cv": 1.0,
          "lambda": 0.15
        },
        "MS3_3": {
          "meanserv": 0.6569390094121834,
          "stddevserv": 0.6569390094121834,
          "rate": 1.5222113250585942,
          "cv": 1.0,
          "lambda": 0.15
        },
        "MS3_4": {
          "meanserv": 3.807551458581103,
          "stddevserv": 3.807551458581103,
          "rate": 0.2626359777085333,
          "cv": 1.0,
          "lambda": 0.15
        }
      },
      "sensors": [
        "S3"
      ],
      "sources": [
        {
          "startTime": 0,
          "stopTime": -1,
          "lambda": 0.15
        }
      ]
    },
    "SC4": {
      "resptime": 30.62946482508893,
      "resptime_old": 20.629464825088935,
      "waittime": 14.859824076058981,
      "servicetime": 10.0,
      "networktime": 5.769640749029952,
      "services": {
        "MS4_1": {
          "meanserv": 3.185485243343451,
          "stddevserv": 3.185485243343451,
          "rate": 0.31392391538766345,
          "cv": 1.0,
          "lambda": 0.15
        },
        "MS4_2": {
          "meanserv": 3.9419720902643505,
          "stddevserv": 3.9419720902643505,
          "rate": 0.25368013194962513,
          "cv": 1.0,
          "lambda": 0.15
        },
        "MS4_3": {
          "meanserv": 1.3258220090815014,
          "stddevserv": 1.3258220090815014,
          "rate": 0.7542490569249011,
          "cv": 1.0,
          "lambda": 0.15
        },
        "MS4_4": {
          "meanserv": 1.546720657310697,
          "stddevserv": 1.546720657310697,
          "rate": 0.6465291552637001,
          "cv": 1.0,
          "lambda": 0.15
        }
      },
      "sensors": [
        "S4"
      ],
      "sources": [
        {
          "startTime": 0,
          "stopTime": -1,
          "lambda": 0.15
        }
      ]
    }
  },
  "microservice": {
    "MS1_1": "F6",
    "MS1_2": "F6",
    "MS1_3": "F8",
    "MS1_4": "F5",
    "MS2_1": "F5",
    "MS2_2": "F5",
    "MS2_3": "F9",
    "MS2_4": "F1",
    "MS3_1": "F4",
    "MS3_2": "F2",
    "MS3_3": "F2",
    "MS3_4": "F10",
    "MS4_1": "F3",
    "MS4_2": "F7",
    "MS4_3": "F4",
    "MS4_4": "F9"
  },
  "sensor": {
    "S1": "F6",
    "S2": "F5",
    "S3": "F4",
    "S4": "F3"
  },
  "fog": {
    "F1": {
      "rho": 0.8510577131713143,
      "capacity": 1.0,
      "tserv": 5.673718087808762,
      "stddev": 5.673718087808762,
      "mu": 0.1762512667220321,
      "cv": 1.0,
      "lambda": 0.15,
      "twait": 32.4196817693769
    },
    "F2": {
      "rho": 0.5035873217919109,
      "capacity": 1.0,
      "tserv": 1.6786244059730364,
      "stddev": 2.214827757506155,
      "mu": 0.5957258791434865,
      "cv": 1.319430212991751,
      "lambda": 0.3,
      "twait": 2.333716149120168
    },
    "F3": {
      "rho": 0.4778227865015176,
      "capacity": 1.0,
      "tserv": 3.185485243343451,
      "stddev": 3.185485243343451,
      "mu": 0.31392391538766345,
      "cv": 1.0,
      "lambda": 0.15,
      "twait": 2.914905890159561
    },
    "F4": {
      "rho": 0.6241532607831489,
      "capacity": 1.0,
      "tserv": 2.080510869277163,
      "stddev": 2.338297677496873,
      "mu": 0.48065117792315715,
      "cv": 1.1239055330238548,
      "lambda": 0.3,
      "twait": 3.9096367549362836
    },
    "F5": {
      "rho": 0.6158185576175168,
      "capacity": 1.0,
      "tserv": 1.3684856835944819,
      "stddev": 1.741332747529379,
      "mu": 0.7307347179353658,
      "cv": 1.2724522940974963,
      "lambda": 0.44999999999999996,
      "twait": 2.872661870432151
    },
    "F6": {
      "rho": 0.478297248552826,
      "capacity": 1.0,
      "tserv": 1.5943241618427533,
      "stddev": 1.7120302624981212,
      "mu": 0.627225017303996,
      "cv": 1.073828211020349,
      "lambda": 0.3,
      "twait": 1.573573401011425
    },
    "F7": {
      "rho": 0.5912958135396525,
      "capacity": 1.0,
      "tserv": 3.9419720902643505,
      "stddev": 3.9419720902643505,
      "mu": 0.25368013194962513,
      "cv": 1.0,
      "lambda": 0.15,
      "twait": 5.703077363240088
    },
    "F8": {
      "rho": 0.7343281387704623,
      "capacity": 1.0,
      "tserv": 4.895520925136416,
      "stddev": 4.895520925136416,
      "mu": 0.2042683537242024,
      "cv": 1.0,
      "lambda": 0.15,
      "twait": 13.531424640268186
    },
    "F9": {
      "rho": 0.552506440484485,
      "capacity": 1.0,
      "tserv": 1.8416881349482837,
      "stddev": 1.8883396972306254,
      "mu": 0.5429800958282662,
      "cv": 1.0253308697586043,
      "lambda": 0.3,
      "twait": 2.33220406772305
    },
    "F10": {
      "rho": 0.5711327187871654,
      "capacity": 1.0,
      "tserv": 3.807551458581103,
      "stddev": 3.807551458581103,
      "mu": 0.2626359777085333,
      "cv": 1.0,
      "lambda": 0.15,
      "twait": 5.07060648299319
    }
  },
  "extra": {
    "deltatime": 0.7347865,
    "conv": 10,
    "obj_func": 36.662370814857724
  },