{
  "servicechain": {
    "SC1": {
      "resptime": 25.754249659705103,
      "resptime_old": 15.754249659705103,
      "waittime": 12.376759702048066,
      "servicetime": 10.0,
      "networktime": 3.3774899576570365,
      "services": {
        "MS1_1": {
          "meanserv": 1.846632288168223,
          "stddevserv": 1.846632288168223,
          "rate": 0.5415263268205689,
          "cv": 1.0,
          "lambda": 0.125
        },
        "MS1_2": {
          "meanserv": 1.2960735014532763,
          "stddevserv": 1.2960735014532763,
          "rate": 0.7715611798857923,
          "cv": 1.0,
          "lambda": 0.125
        },
        "MS1_3": {
          "meanserv": 1.6295251120026366,
          "stddevserv": 1.6295251120026366,
          "rate": 0.6136757222299143,
          "cv": 1.0,
          "lambda": 0.125
        },
        "MS1_4": {
          "meanserv": 0.34940351224210175,
          "stddevserv": 0.34940351224210175,
          "rate": 2.8620204576166364,
          "cv": 1.0,
          "lambda": 0.125
        },
        "MS1_5": {
          "meanserv": 4.8783655861337625,
          "stddevserv": 4.8783655861337625,
          "rate": 0.20498668710733653,
          "cv": 1.0,
          "lambda": 0.125
        }
      },
      "sensors": [
        "S1"
      ],
      "sources": [
        {
          "startTime": 0,
          "stopTime": -1,
          "lambda": 0.125
        }
      ]
    },
    "SC2": {
      "resptime": 27.088070435436265,
      "resptime_old": 17.088070435436265,
      "waittime": 12.241419477739907,
      "servicetime": 10.0,
      "networktime": 4.846650957696358,
      "services": {
        "MS2_1": {
          "meanserv": 2.1486991530133706,
          "stddevserv": 2.1486991530133706,
          "rate": 0.46539786577268566,
          "cv": 1.0,
          "lambda": 0.125
        },
        "MS2_2": {
          "meanserv": 2.295491087295387,
          "stddevserv": 2.295491087295387,
          "rate": 0.4356366293620545,
          "cv": 1.0,
          "lambda": 0.125
        },
        "MS2_3": {
          "meanserv": 1.49473206979002,
          "stddevserv": 1.49473206979002,
          "rate": 0.6690162205059801,
          "cv": 1.0,
          "lambda": 0.125
        },
        "MS2_4": {
          "meanserv": 0.4379596113495827,
          "stddevserv": 0.4379596113495827,
          "rate": 2.2833155708547572,
          "cv": 1.0,
          "lambda": 0.125
        },
        "MS2_5": {
          "meanserv": 3.6231180785516397,
          "stddevserv": 3.6231180785516397,
          "rate": 0.2760053573522382,
          "cv": 1.0,
          "lambda": 0.125
        }
      },
      "sensors": [
        "S2"
      ],
      "sources": [
        {
          "startTime": 0,
          "stopTime": -1,
          "lambda": 0.125
        }
      ]
    },
    "SC3": {
      "resptime": 25.838152724764964,
      "resptime_old": 15.838152724764962,
      "waittime": 10.087267380751099,
      "servicetime": 10.0,
      "networktime": 5.750885344013863,
      "services": {
        "MS3_1": {
          "meanserv": 1.3886221454526781,
          "stddevserv": 1.3886221454526781,
          "rate": 0.7201383063597975,
          "cv": 1.0,
          "lambda": 0.125
        },
        "MS3_2": {
          "meanserv": 0.46569794755010663,
          "stddevserv": 0.46569794755010663,
          "rate": 2.1473145957818622,
          "cv": 1.0,
          "lambda": 0.125
        },
        "MS3_3": {
          "meanserv": 2.6920989353818188,
          "stddevserv": 2.6920989353818188,
          "rate": 0.37145737359692194,
          "cv": 1.0,
          "lambda": 0.125
        },
        "MS3_4": {
          "meanserv": 4.107071981216416,
          "stddevserv": 4.107071981216416,
          "rate": 0.24348246258489584,
          "cv": 1.0,
          "lambda": 0.125
        },
        "MS3_5": {
          "meanserv": 1.3465089903989806,
          "stddevserv": 1.3465089903989806,
          "rate": 0.742661212907084,
          "cv": 1.0,
          "lambda": 0.125
        }
      },
      "sensors": [
        "S3"
      ],
      "sources": [
        {
          "startTime": 0,
          "stopTime": -1,
          "lambda": 0.125
        }
      ]
    },
    "SC4": {
      "resptime": 23.705004199876996,
      "resptime_old": 13.705004199876994,
      "waittime": 10.786851911844778,
      "servicetime": 10.0,
      "networktime": 2.918152288032217,
      "services": {
        "MS4_1": {
          "meanserv": 4.276910084644348,
          "stddevserv": 4.276910084644348,
          "rate": 0.23381365991077557,
          "cv": 1.0,
          "lambda": 0.125
        },
        "MS4_2": {
          "meanserv": 3.6898966577150594,
          "stddevserv": 3.6898966577150594,
          "rate": 0.2710102999522058,
          "cv": 1.0,
          "lambda": 0.125
        },
        "MS4_3": {
          "meanserv": 0.28894989561243456,
          "stddevserv": 0.28894989561243456,
          "rate": 3.4608076181529044,
          "cv": 1.0,
          "lambda": 0.125
        },
        "MS4_4": {
          "meanserv": 0.2543446988384801,
          "stddevserv": 0.2543446988384801,
          "rate": 3.9316722721830475,
          "cv": 1.0,
          "lambda": 0.125
        },
        "MS4_5": {
          "meanserv": 1.4898986631896776,
          "stddevserv": 1.4898986631896776,
          "rate": 0.671186587857681,
          "cv": 1.0,
          "lambda": 0.125
        }
      },
      "sensors": [
        "S4"
      ],
      "sources": [
        {
          "startTime": 0,
          "stopTime": -1,
          "lambda": 0.125
        }
      ]
    }
  },
  "microservice": {
    "MS1_1": "F2",
    "MS1_2": "F2",
    "MS1_3": "F10",
    "MS1_4": "F10",
    "MS1_5": "F4",
    "MS2_1": "F9",
    "MS2_2": "F9",
    "MS2_3": "F1",
    "MS2_4": "F2",
    "MS2_5": "F8",
    "MS3_1": "F10",
    "MS3_2": "F10",
    "MS3_3": "F1",
    "MS3_4": "F6",
    "MS3_5": "F3",
    "MS4_1": "F7",
    "MS4_2": "F5",
    "MS4_3": "F3",
    "MS4_4": "F3",
    "MS4_5": "F3"
  },
  "sensor": {
    "S1": "F2",
    "S2": "F9",
    "S3": "F10",
    "S4": "F7"
  },
  "fog": {
    "F1": {
      "rho": 0.5233538756464798,
      "capacity": 1.0,
      "tserv": 2.0934155025859194,
      "stddev": 2.258147951724072,
      "mu": 0.47768825575464435,
      "cv": 1.0786907562949948,
      "lambda": 0.25,
      "twait": 2.4865461381865566
    },
    "F2": {
      "rho": 0.44758317512138523,
      "capacity": 1.0,
      "tserv": 1.1935551336570274,
      "stddev": 1.4479422558536128,
      "mu": 0.8378331019665773,
      "cv": 1.213133951690316,
      "lambda": 0.375,
      "twait": 1.195126965767382
    },
    "F3": {
      "rho": 0.4224627810049466,
      "capacity": 1.0,
      "tserv": 0.8449255620098932,
      "stddev": 1.1733007596362233,
      "mu": 1.1835362130851133,
      "cv": 1.3886439378697424,
      "lambda": 0.5,
      "twait": 0.9049346990737309
    },
    "F4": {
      "rho": 0.6097956982667203,
      "capacity": 1.0,
      "tserv": 4.8783655861337625,
      "stddev": 4.8783655861337625,
      "mu": 0.20498668710733653,
      "cv": 1.0,
      "lambda": 0.125,
      "twait": 7.623714899560937
    },
    "F5": {
      "rho": 0.4612370822143824,
      "capacity": 1.0,
      "tserv": 3.6898966577150594,
      "stddev": 3.6898966577150594,
      "mu": 0.2710102999522058,
      "cv": 1.0,
      "lambda": 0.125,
      "twait": 3.1589352420025243
    },
    "F6": {
      "rho": 0.513383997652052,
      "capacity": 1.0,
      "tserv": 4.107071981216416,
      "stddev": 4.107071981216416,
      "mu": 0.24348246258489584,
      "cv": 1.0,
      "lambda": 0.125,
      "twait": 4.332995672538447
    },
    "F7": {
      "rho": 0.5346137605805436,
      "capacity": 1.0,
      "tserv": 4.276910084644348,
      "stddev": 4.276910084644348,
      "mu": 0.23381365991077557,
      "cv": 1.0,
      "lambda": 0.125,
      "twait": 4.913112572621059
    },
    "F8": {
      "rho": 0.452889759818955,