{
  "servicechain": {
    "SC1": {
      "resptime": 60.817045447494095,
      "resptime_old": 50.81704544749409,
      "waittime": 46.54941277060209,
      "servicetime": 10.0,
      "networktime": 4.267632676892006,
      "services": {
        "MS1_1": {
          "meanserv": 1.2981056769785027,
          "stddevserv": 1.2981056769785027,
          "rate": 0.7703533061557981,
          "cv": 1.0,
          "lambda": 0.15
        },
        "MS1_2": {
          "meanserv": 0.6943441900741376,
          "stddevserv": 0.6943441900741376,
          "rate": 1.4402079174785438,
          "cv": 1.0,
          "lambda": 0.15
        },
        "MS1_3": {
          "meanserv": 1.6190892614832044,
          "stddevserv": 1.6190892614832044,
          "rate": 0.6176311731472586,
          "cv": 1.0,
          "lambda": 0.15
        },
        "MS1_4": {
          "meanserv": 0.5658904201346617,
          "stddevserv": 0.5658904201346617,
          "rate": 1.7671265750744387,
          "cv": 1.0,
          "lambda": 0.15
        },
        "MS1_5": {
          "meanserv": 5.822570451329494,
          "stddevserv": 5.822570451329494,
          "rate": 0.1717454530364103,
          "cv": 1.0,
          "lambda": 0.15
        }
      },
      "sensors": [
        "S1"
      ],
      "sources": [
        {
          "startTime": 0,
          "stopTime": -1,
          "lambda": 0.15
        }
      ]
    },
    "SC2": {
      "resptime": 33.41213751956287,
      "resptime_old": 23.41213751956287,
      "waittime": 17.580562197158454,
      "servicetime": 10.0,
      "networktime": 5.831575322404415,
      "services": {
        "MS2_1": {
          "meanserv": 3.990917181866215,
          "stddevserv": 3.990917181866215,
          "rate": 0.25056896809178697,
          "cv": 1.0,
          "lambda": 0.15
        },
        "MS2_2": {
          "meanserv": 1.6134166790816762,
          "stddevserv": 1.6134166790816762,
          "rate": 0.6198026913724355,
          "cv": 1.0,
          "lambda": 0.15
        },
        "MS2_3": {
          "meanserv": 0.21564013469457333,
          "stddevserv": 0.21564013469457333,
          "rate": 4.637355663946195,
          "cv": 1.0,
          "lambda": 0.15
        },
        "MS2_4": {
          "meanserv": 2.550553945925528,
          "stddevserv": 2.550553945925528,
          "rate": 0.39207169156233107,
          "cv": 1.0,
          "lambda": 0.15
        },
        "MS2_5": {
          "meanserv": 1.6294720584320075,
          "stddevserv": 1.6294720584320075,
          "rate": 0.6136957027432985,
          "cv": 1.0,
          "lambda": 0.15
        }
      },
      "sensors": [
        "S2"
      ],
      "sources": [
        {
          "startTime": 0,
          "stopTime": -1,
          "lambda": 0.15
        }
      ]
    },
    "SC3": {
      "resptime": 31.147333752620874,
      "resptime_old": 21.147333752620877,
      "waittime": 15.28773910361235,
      "servicetime": 10.0,
      "networktime": 5.8595946490085264,
      "services": {
        "MS3_1": {
          "meanserv": 1.1412552955172273,
          "stddevserv": 1.1412552955172273,
          "rate": 0.8762281357448518,
          "cv": 1.0,
          "lambda": 0.15
        },
        "MS3_2": {
          "meanserv": 2.1166797165667095,
          "stddevserv": 2.1166797165667095,
          "rate": 0.47243803215633257,
          "cv": 1.0,
          "lambda": 0.15
        },
        "MS3_3": {
          "meanserv": 0.3186878966971429,
          "stddevserv": 0.3186878966971429,
          "rate": 3.1378662646555573,
          "cv": 1.0,
          "lambda": 0.15
        },
        "MS3_4": {
          "meanserv": 2.7969216149434826,
          "stddevserv": 2.7969216149434826,
          "rate": 0.3575359404629604,
          "cv": 1.0,
          "lambda": 0.15
        },
        "MS3_5": {
          "meanserv": 3.6264554762754377,
          "stddevserv": 3.6264554762754377,
          "rate": 0.2757513518481283,
          "cv": 1.0,
          "lambda": 0.15
        }
      },
      "sensors": [
        "S3"
      ],
      "sources": [
        {
          "startTime": 0,
          "stopTime": -1,
          "lambda": 0.15
        }
      ]
    },
    "SC4": {
      "resptime": 28.535273715957867,
      "resptime_old": 18.535273715957867,
      "waittime": 13.018354314833529,
      "servicetime": 10.0,
      "networktime": 5.516919401124338,
      "services": {
        "MS4_1": {
          "meanserv": 0.30094665547303556,
          "stddevserv": 0.30094665547303556,
          "rate": 3.322848025767805,
          "cv": 1.0,
          "lambda": 0.15
        },
        "MS4_2": {
          "meanserv": 0.5459954688885338,
          "stddevserv": 0.5459954688885338,
          "rate": 1.8315170307835509,
          "cv": 1.0,
          "lambda": 0.15
        },
        "MS4_3": {
          "meanserv": 2.2915507660332626,
          "stddevserv": 2.2915507660332626,
          "rate": 0.43638570649299974,
          "cv": 1.0,
          "lambda": 0.15
        },
        "MS4_4": {
          "meanserv": 3.270944912194624,
          "stddevserv": 3.270944912194624,
          "rate": 0.3057220548936286,
          "cv": 1.0,
          "lambda": 0.15
        },
        "MS4_5": {
          "meanserv": 3.590562197410544,
          "stddevserv": 3.590562197410544,
          "rate": 0.27850791742897085,
          "cv": 1.0,
          "lambda": 0.15
        }
      },
      "sensors": [
        "S4"
      ],
      "sources": [
        {
          "startTime": 0,
          "stopTime": -1,
          "lambda": 0.15
        }
      ]
    }
  },
  "microservice": {
    "MS1_1": "F1",
    "MS1_2": "F4",
    "MS1_3": "F4",
    "MS1_4": "F4",
    "MS1_5": "F5",
    "MS2_1": "F7",
    "MS2_2": "F3",
    "MS2_3": "F4",
    "MS2_4": "F2",
    "MS2_5": "F2",
    "MS3_1": "F6",
    "MS3_2": "F1",
    "MS3_3": "F1",
    "MS3_4": "F6",
    "MS3_5": "F10",
    "MS4_1": "F4",
    "MS4_2": "F4",
    "MS4_3": "F3",
    "MS4_4": "F9",
    "MS4_5": "F8"
  },
  "sensor": {
    "S1": "F1",
    "S2": "F7",
    "S3": "F6",
    "S4": "F4"
  },
  "fog": {
    "F1": {
      "rho": 0.5600209935363533,
      "capacity": 1.0,
      "tserv": 1.2444910967474518,
      "stddev": 1.6214882488636744,
      "mu": 0.8035413050471448,
      "cv": 1.3029327836105264,
      "lambda": 0.44999999999999996,
      "twait": 2.136570127629873
    },
    "F2": {
      "rho": 0.6270039006536303,
      "capacity": 1.0,
      "tserv": 2.0900130021787677,
      "stddev": 2.1891437300941705,
      "mu": 0.4784659229189167,
      "cv": 1.047430675221667,
      "lambda": 0.3,
      "twait": 3.6838875673256073
    },
    "F3": {
      "rho": 0.5857451167672407,
      "capacity": 1.0,
      "tserv": 1.9524837225574692,
      "stddev": 2.010503819144521,
      "mu": 0.5121681622472866,
      "cv": 1.0297160462424004,
      "lambda": 0.3,
      "twait": 2.844016550518284
    },
    "F4": {
      "rho": 0.591285919612222,
      "capacity": 1.0,
      "tserv": 0.6569843551246911,
      "stddev": 0.9244982673649915,
      "mu": 1.5221062605215414,
      "cv": 1.4071846005975714,
      "lambda": 0.9,
      "twait": 1.4162626098141011
    },
    "F5": {
      "rho": 0.8733855676994241,
      "capacity": 1.0,
      "tserv": 5.822570451329494,
      "stddev": 5.822570451329494,
      "mu": 0.1717454530364103,
      "cv": 1.0,
      "lambda": 0.15,
      "twait": 40.16405481352991
    },
    "F6": {
      "rho": 0.5907265365691065,
      "capacity": 1.0,
      "tserv": 1.969088455230355,
      "stddev": 2.2908349624455067,
      "mu": 0.5078492016667755,
      "cv": 1.1633987068282883,
      "lambda": 0.3,
      "twait": 3.3444267653667397
    },
    "F7": {
      "rho": 0.5986375772799324,
      "capacity": 1.0,
      "tserv": 3.9909171818662155,
      "stddev": 3.9909171818662146,
      "mu": 0.2505689680917869,
      "cv": 0.9999999999999998,
      "lambda": 0.15,
      "twait": 5.952507902174853
    },