{
  "servicechain": {
    "SC1": {
      "resptime": 37.655221816124396,
      "resptime_old": 27.655221816124396,
      "waittime": 23.256675700939702,
      "servicetime": 10.0,
      "networktime": 4.398546115184693,
      "services": {
        "MS1_1": {
          "meanserv": 0.36449875172352875,
          "stddevserv": 0.36449875172352875,
          "rate": 2.7434936204075044,
          "cv": 1.0,
          "lambda": 0.075
        },
        "MS1_2": {
          "meanserv": 1.530692631616094,
          "stddevserv": 1.530692631616094,
          "rate": 0.6532990225112715,
          "cv": 1.0,
          "lambda": 0.075
        },
        "MS1_3": {
          "meanserv": 1.047316928969387,
          "stddevserv": 1.047316928969387,
          "rate": 0.9548208114844956,
          "cv": 1.0,
          "lambda": 0.075
        },
        "MS1_4": {
          "meanserv": 0.27806047250631316,
          "stddevserv": 0.27806047250631316,
          "rate": 3.5963400011028024,
          "cv": 1.0,
          "lambda": 0.075
        },
        "MS1_5": {
          "meanserv": 0.06025224222248049,
          "stddevserv": 0.06025224222248049,
          "rate": 16.596892714921964,
          "cv": 1.0,
          "lambda": 0.075
        },
        "MS1_6": {
          "meanserv": 1.4428644562806525,
          "stddevserv": 1.4428644562806525,
          "rate": 0.6930657939816138,
          "cv": 1.0,
          "lambda": 0.075
        },
        "MS1_7": {
          "meanserv": 1.3915449257604982,
          "stddevserv": 1.3915449257604982,
          "rate": 0.7186257385498973,
          "cv": 1.0,
          "lambda": 0.075
        },
        "MS1_8": {
          "meanserv": 0.907668934551892,
          "stddevserv": 0.907668934551892,
          "rate": 1.1017232847058833,
          "cv": 1.0,
          "lambda": 0.075
        },
        "MS1_9": {
          "meanserv": 1.6822783951606466,
          "stddevserv": 1.6822783951606466,
          "rate": 0.5944319340227314,
          "cv": 1.0,
          "lambda": 0.075
        },
        "MS1_10": {
          "meanserv": 1.2948222612085072,
          "stddevserv": 1.2948222612085072,
          "rate": 0.7723067713298826,
          "cv": 1.0,
          "lambda": 0.075
        }
      },
      "sensors": [
        "S1"
      ],
      "sources": [
        {
          "startTime": 0,
          "stopTime": -1,
          "lambda": 0.075
        }
      ]
    },
    "SC2": {
      "resptime": 39.035842814139045,
      "resptime_old": 29.035842814139045,
      "waittime": 23.0471299729291,
      "servicetime": 10.0,
      "networktime": 5.988712841209947,
      "services": {
        "MS2_1": {
          "meanserv": 1.0740926535559703,
          "stddevserv": 1.0740926535559703,
          "rate": 0.9310183778739444,
          "cv": 1.0,
          "lambda": 0.075
        },
        "MS2_2": {
          "meanserv": 2.0203844927511234,
          "stddevserv": 2.0203844927511234,
          "rate": 0.4949552937017037,
          "cv": 1.0,
          "lambda": 0.075
        },
        "MS2_3": {
          "meanserv": 0.36334985864430314,
          "stddevserv": 0.36334985864430314,
          "rate": 2.7521684024623156,
          "cv": 1.0,
          "lambda": 0.075
        },
        "MS2_4": {
          "meanserv": 2.7032122911459253,
          "stddevserv": 2.7032122911459253,
          "rate": 0.3699302504932336,
          "cv": 1.0,
          "lambda": 0.075
        },
        "MS2_5": {
          "meanserv": 2.1606376977096344,
          "stddevserv": 2.1606376977096344,
          "rate": 0.462826322552847,
          "cv": 1.0,
          "lambda": 0.075
        },
        "MS2_6": {
          "meanserv": 0.0912819119064654,
          "stddevserv": 0.0912819119064654,
          "rate": 10.955072906718677,
          "cv": 1.0,
          "lambda": 0.075
        },
        "MS2_7": {
          "meanserv": 0.6794583911092307,
          "stddevserv": 0.6794583911092307,
          "rate": 1.4717604684629446,
          "cv": 1.0,
          "lambda": 0.075
        },
        "MS2_8": {
          "meanserv": 0.10254872602255816,
          "stddevserv": 0.10254872602255816,
          "rate": 9.751461951658229,
          "cv": 1.0,
          "lambda": 0.075
        },
        "MS2_9": {
          "meanserv": 0.5535948840787768,
          "stddevserv": 0.5535948840787768,
          "rate": 1.8063750745530727,
          "cv": 1.0,
          "lambda": 0.075
        },
        "MS2_10": {
          "meanserv": 0.2514390930760122,
          "stddevserv": 0.2514390930760122,
          "rate": 3.9771062954704957,
          "cv": 1.0,
          "lambda": 0.075
        }
      },
      "sensors": [
        "S2"
      ],
      "sources": [
        {
          "startTime": 0,
          "stopTime": -1,
          "lambda": 0.075
        }
      ]
    },
    "SC3": {
      "resptime": 36.40145669010561,
      "resptime_old": 26.401456690105608,
      "waittime": 22.52833113497223,
      "servicetime": 10.0,
      "networktime": 3.8731255551333748,
      "services": {
        "MS3_1": {
          "meanserv": 0.25646219672853965,
          "stddevserv": 0.25646219672853965,
          "rate": 3.8992101477571017,
          "cv": 1.0,
          "lambda": 0.075
        },
        "MS3_2": {
          "meanserv": 0.8395214719909128,
          "stddevserv": 0.8395214719909128,
          "rate": 1.191154762996728,
          "cv": 1.0,
          "lambda": 0.075
        },
        "MS3_3": {
          "meanserv": 0.6549650955253616,
          "stddevserv": 0.6549650955253616,
          "rate": 1.526798919258252,
          "cv": 1.0,
          "lambda": 0.075
        },
        "MS3_4": {
          "meanserv": 0.5315127518378604,
          "stddevserv": 0.5315127518378604,
          "rate": 1.8814224052804156,
          "cv": 1.0,
          "lambda": 0.075
        },
        "MS3_5": {
          "meanserv": 0.7683524123222383,
          "stddevserv": 0.7683524123222383,
          "rate": 1.3014861201224568,
          "cv": 1.0,
          "lambda": 0.075
        },
        "MS3_6": {
          "meanserv": 1.3665170277233187,
          "stddevserv": 1.3665170277233187,
          "rate": 0.7317874418777253,
          "cv": 1.0,
          "lambda": 0.075
        },
        "MS3_7": {
          "meanserv": 0.6149662373621316,
          "stddevserv": 0.6149662373621316,
          "rate": 1.6261055310767178,
          "cv": 1.0,
          "lambda": 0.075
        },
        "MS3_8": {
          "meanserv": 2.6519944982142283,
          "stddevserv": 2.6519944982142283,
          "rate": 0.3770746887572238,
          "cv": 1.0,
          "lambda": 0.075
        },
        "MS3_9": {
          "meanserv": 1.2323982017643198,
          "stddevserv": 1.2323982017643198,
          "rate": 0.8114260460364069,
          "cv": 1.0,
          "lambda": 0.075
        },
        "MS3_10": {
          "meanserv": 1.0833101065310888,
          "stddevserv": 1.0833101065310888,
          "rate": 0.9230967143860039,
          "cv": 1.0,
          "lambda": 0.075
        }
      },
      "sensors": [
        "S3"
      ],
      "sources": [
        {
          "startTime": 0,
          "stopTime": -1,
          "lambda": 0.075
        }
      ]
    },
    "SC4": {
      "resptime": 34.99609651399715,
      "resptime_old": 24.996096513997156,
      "waittime": 22.973466823543006,
      "servicetime": 10.0,
      "networktime": 2.022629690454146,
      "services": {
        "MS4_1": {
          "meanserv": 0.7869732482791358,
          "stddevserv": 0.7869732482791358,
          "rate": 1.270691223858863,
          "cv": 1.0,
          "lambda": 0.075
        },
        "MS4_2": {
          "meanserv": 0.43626648924587785,
          "stddevserv": 0.43626648924587785,
          "rate": 2.2921769713016036,
          "cv": 1.0,
          "lambda": 0.075
        },
        "MS4_3": {
          "meanserv": 2.4951131473423303,
          "stddevserv": 2.4951131473423303,