{
  "servicechain": {
    "SC1": {
      "resptime": 64.43060876969827,
      "resptime_old": 54.43060876969828,
      "waittime": 46.94820124895061,
      "servicetime": 10.0,
      "networktime": 7.482407520747663,
      "services": {
        "MS1_1": {
          "meanserv": 2.5050080322091017,
          "stddevserv": 2.5050080322091017,
          "rate": 0.3992003167822683,
          "cv": 1.0,
          "lambda": 0.225
        },
        "MS1_2": {
          "meanserv": 3.526174868972642,
          "stddevserv": 3.526174868972642,
          "rate": 0.28359342266294124,
          "cv": 1.0,
          "lambda": 0.225
        },
        "MS1_3": {
          "meanserv": 0.1720150077840783,
          "stddevserv": 0.1720150077840783,
          "rate": 5.813446238686622,
          "cv": 1.0,
          "lambda": 0.225
        },
        "MS1_4": {
          "meanserv": 3.4449887340828242,
          "stddevserv": 3.4449887340828242,
          "rate": 0.2902767112433634,
          "cv": 1.0,
          "lambda": 0.225
        },
        "MS1_5": {
          "meanserv": 0.35181335695135374,
          "stddevserv": 0.35181335695135374,
          "rate": 2.842416242139075,
          "cv": 1.0,
          "lambda": 0.225
        }
      },
      "sensors": [
        "S1"
      ],
      "sources": [
        {
          "startTime": 0,
          "stopTime": -1,
          "lambda": 0.225
        }
      ]
    },
    "SC2": {
      "resptime": 65.32499433664941,
      "resptime_old": 55.32499433664942,
      "waittime": 52.65913457459413,
      "servicetime": 10.0,
      "networktime": 2.6658597620552884,
      "services": {
        "MS2_1": {
          "meanserv": 3.8318656504371162,
          "stddevserv": 3.8318656504371162,
          "rate": 0.2609694835950018,
          "cv": 1.0,
          "lambda": 0.225
        },
        "MS2_2": {
          "meanserv": 3.709837321027609,
          "stddevserv": 3.709837321027609,
          "rate": 0.26955359857208083,
          "cv": 1.0,
          "lambda": 0.225
        },
        "MS2_3": {
          "meanserv": 0.2606316096095185,
          "stddevserv": 0.2606316096095185,
          "rate": 3.8368331511984,
          "cv": 1.0,
          "lambda": 0.225
        },
        "MS2_4": {
          "meanserv": 1.0043587219567138,
          "stddevserv": 1.0043587219567138,
          "rate": 0.995660194050765,
          "cv": 1.0,
          "lambda": 0.225
        },
        "MS2_5": {
          "meanserv": 1.1933066969690422,
          "stddevserv": 1.1933066969690422,
          "rate": 0.8380075319613687,
          "cv": 1.0,
          "lambda": 0.225
        }
      },
      "sensors": [
        "S2"
      ],
      "sources": [
        {
          "startTime": 0,
          "stopTime": -1,
          "lambda": 0.225
        }
      ]
    },
    "SC3": {
      "resptime": 5160.322161701016,
      "resptime_old": 5150.322161701016,
      "waittime": 5146.273208159077,
      "servicetime": 10.0,
      "networktime": 4.0489535419396585,
      "services": {
        "MS3_1": {
          "meanserv": 0.786852277637532,
          "stddevserv": 0.786852277637532,
          "rate": 1.2708865798831122,
          "cv": 1.0,
          "lambda": 0.225
        },
        "MS3_2": {
          "meanserv": 0.591069388374954,
          "stddevserv": 0.591069388374954,
          "rate": 1.6918487400427418,
          "cv": 1.0,
          "lambda": 0.225
        },
        "MS3_3": {
          "meanserv": 2.1315012438444647,
          "stddevserv": 2.1315012438444647,
          "rate": 0.46915290473692534,
          "cv": 1.0,
          "lambda": 0.225
        },
        "MS3_4": {
          "meanserv": 1.7170145344419376,
          "stddevserv": 1.7170145344419376,
          "rate": 0.5824062522132458,
          "cv": 1.0,
          "lambda": 0.225
        },
        "MS3_5": {
          "meanserv": 4.773562555701112,
          "stddevserv": 4.773562555701112,
          "rate": 0.209487146828251,
          "cv": 1.0,
          "lambda": 0.225
        }
      },
      "sensors": [
        "S3"
      ],
      "sources": [
        {
          "startTime": 0,
          "stopTime": -1,
          "lambda": 0.225
        }
      ]
    },
    "SC4": {
      "resptime": 9133.91192432051,
      "resptime_old": 9123.91192432051,
      "waittime": 9117.654800375563,
      "servicetime": 10.0,
      "networktime": 6.257123944946635,
      "services": {
        "MS4_1": {
          "meanserv": 0.8125408374456133,
          "stddevserv": 0.8125408374456133,
          "rate": 1.2307073736056178,
          "cv": 1.0,
          "lambda": 0.225
        },
        "MS4_2": {
          "meanserv": 0.9706725934758631,
          "stddevserv": 0.9706725934758631,
          "rate": 1.0302134898226796,
          "cv": 1.0,
          "lambda": 0.225
        },
        "MS4_3": {
          "meanserv": 6.359945264321469,
          "stddevserv": 6.359945264321469,
          "rate": 0.15723405759635703,
          "cv": 1.0,
          "lambda": 0.225
        },
        "MS4_4": {
          "meanserv": 1.0175343720278427,
          "stddevserv": 1.0175343720278427,
          "rate": 0.9827677840573597,
          "cv": 1.0,
          "lambda": 0.225
        },
        "MS4_5": {
          "meanserv": 0.8393069327292118,
          "stddevserv": 0.8393069327292118,
          "rate": 1.191459239766143,
          "cv": 1.0,
          "lambda": 0.225
        }
      },
      "sensors": [
        "S4"
      ],
      "sources": [
        {
          "startTime": 0,
          "stopTime": -1,
          "lambda": 0.225
        }
      ]
    }
  },
  "microservice": {
    "MS1_1": "F6",
    "MS1_2": "F9",
    "MS1_3": "F4",
    "MS1_4": "F8",
    "MS1_5": "F6",
    "MS2_1": "F5",
    "MS2_2": "F3",
    "MS2_3": "F4",
    "MS2_4": "F4",
    "MS2_5": "F4",
    "MS3_1": "F2",
    "MS3_2": "F2",
    "MS3_3": "F2",
    "MS3_4": "F1",
    "MS3_5": "F10",
    "MS4_1": "F6",
    "MS4_2": "F1",
    "MS4_3": "F7",
    "MS4_4": "F1",
    "MS4_5": "F4"
  },
  "sensor": {
    "S1": "F6",
    "S2": "F5",
    "S3": "F2",
    "S4": "F6"
  },
  "fog": {
    "F1": {
      "rho": 0.8336748374877698,
      "capacity": 1.0,
      "tserv": 1.2350738333152145,
      "stddev": 1.3260491023734655,
      "mu": 0.8096681939376663,
      "cv": 1.0736597817913873,
      "lambda": 0.675,
      "twait": 6.663375954608385
    },
    "F2": {
      "rho": 0.7896201547178139,
      "capacity": 1.0,
      "tserv": 1.1698076366189833,
      "stddev": 1.5185787700280102,
      "mu": 0.8548414018652101,
      "cv": 1.2981440046134907,
      "lambda": 0.675,
      "twait": 5.894834372600273
    },
    "F3": {
      "rho": 0.8347133972312122,
      "capacity": 1.0,
      "tserv": 3.709837321027609,
      "stddev": 3.709837321027609,
      "mu": 0.26955359857208083,
      "cv": 1.0,
      "lambda": 0.225,
      "twait": 18.735038784370587
    },
    "F4": {
      "rho": 0.780664268035927,
      "capacity": 1.0,
      "tserv": 0.6939237938097129,
      "stddev": 0.9012981443499036,
      "mu": 1.4410804311953296,
      "cv": 1.2988431184953095,
      "lambda": 1.125,
      "twait": 3.318205692404583
    },
    "F5": {
      "rho": 0.8621697713483512,
      "capacity": 1.0,
      "tserv": 3.8318656504371162,
      "stddev": 3.8318656504371162,
      "mu": 0.2609694835950018,
      "cv": 1.0,
      "lambda": 0.225,
      "twait": 23.969478713009792
    },
    "F6": {
      "rho": 0.8256065009863656,
      "capacity": 1.0,
      "tserv": 1.223120742202023,
      "stddev": 1.7916517457495422,
      "mu": 0.8175807714614245,
      "cv": 1.4648200164801186,
      "lambda": 0.675,
      "twait": 9.107498958968907
    },
    "F7": {
      "rho": 1.4309876844723306,
      "capacity": 1.0,
      "tserv": 6.359945264321469,
      "stddev": 6.359945264321469,
      "mu": 0.15723405759635703,
      "cv": 1.0,
      "lambda": 0.225,
      "twait": 9091.902343814972
    },
    "F8": {
      "rho": 0.7751224651686355,
      "capacity": 1.0,