{
  "servicechain": {
    "SC1": {
      "resptime": 195.2564611790845,
      "resptime_old": 185.2564611790845,
      "waittime": 176.82270288399502,
      "servicetime": 10.0,
      "networktime": 8.433758295089483,
      "services": {
        "MS1_1": {
          "meanserv": 0.2871636225017371,
          "stddevserv": 0.2871636225017371,
          "rate": 3.4823352320468475,
          "cv": 1.0,
          "lambda": 0.225
        },
        "MS1_2": {
          "meanserv": 2.0129514441260676,
          "stddevserv": 2.0129514441260676,
          "rate": 0.4967829715505903,
          "cv": 1.0,
          "lambda": 0.225
        },
        "MS1_3": {
          "meanserv": 2.6451801624089955,
          "stddevserv": 2.6451801624089955,
          "rate": 0.3780460832918423,
          "cv": 1.0,
          "lambda": 0.225
        },
        "MS1_4": {
          "meanserv": 2.142356356505254,
          "stddevserv": 2.142356356505254,
          "rate": 0.46677575229886714,
          "cv": 1.0,
          "lambda": 0.225
        },
        "MS1_5": {
          "meanserv": 2.912348414457946,
          "stddevserv": 2.912348414457946,
          "rate": 0.3433655104710824,
          "cv": 1.0,
          "lambda": 0.225
        }
      },
      "sensors": [
        "S1"
      ],
      "sources": [
        {
          "startTime": 0,
          "stopTime": -1,
          "lambda": 0.225
        }
      ]
    },
    "SC2": {
      "resptime": 146.3301272647601,
      "resptime_old": 136.3301272647601,
      "waittime": 127.95221393395514,
      "servicetime": 10.0,
      "networktime": 8.377913330804972,
      "services": {
        "MS2_1": {
          "meanserv": 0.15846137832243978,
          "stddevserv": 0.15846137832243978,
          "rate": 6.310685989144837,
          "cv": 1.0,
          "lambda": 0.225
        },
        "MS2_2": {
          "meanserv": 1.9640744912501262,
          "stddevserv": 1.9640744912501262,
          "rate": 0.5091456584029579,
          "cv": 1.0,
          "lambda": 0.225
        },
        "MS2_3": {
          "meanserv": 3.5947188594175037,
          "stddevserv": 3.5947188594175037,
          "rate": 0.27818587186037746,
          "cv": 1.0,
          "lambda": 0.225
        },
        "MS2_4": {
          "meanserv": 2.9627469360276697,
          "stddevserv": 2.9627469360276697,
          "rate": 0.3375246086122898,
          "cv": 1.0,
          "lambda": 0.225
        },
        "MS2_5": {
          "meanserv": 1.3199983349822606,
          "stddevserv": 1.3199983349822606,
          "rate": 0.7575767131656563,
          "cv": 1.0,
          "lambda": 0.225
        }
      },
      "sensors": [
        "S2"
      ],
      "sources": [
        {
          "startTime": 0,
          "stopTime": -1,
          "lambda": 0.225
        }
      ]
    },
    "SC3": {
      "resptime": 204.3645363454877,
      "resptime_old": 194.36453634548764,
      "waittime": 187.8514027940913,
      "servicetime": 10.0,
      "networktime": 6.513133551396388,
      "services": {
        "MS3_1": {
          "meanserv": 2.3464142271565915,
          "stddevserv": 2.3464142271565915,
          "rate": 0.4261822096142888,
          "cv": 1.0,
          "lambda": 0.225
        },
        "MS3_2": {
          "meanserv": 1.7501444828600752,
          "stddevserv": 1.7501444828600752,
          "rate": 0.5713813972465898,
          "cv": 1.0,
          "lambda": 0.225
        },
        "MS3_3": {
          "meanserv": 2.229865260283116,
          "stddevserv": 2.229865260283116,
          "rate": 0.4484575897079245,
          "cv": 1.0,
          "lambda": 0.225
        },
        "MS3_4": {
          "meanserv": 3.5999014990852833,
          "stddevserv": 3.5999014990852833,
          "rate": 0.2777853783649622,
          "cv": 1.0,
          "lambda": 0.225
        },
        "MS3_5": {
          "meanserv": 0.07367453061493379,
          "stddevserv": 0.07367453061493379,
          "rate": 13.573211687314103,
          "cv": 1.0,
          "lambda": 0.225
        }
      },
      "sensors": [
        "S3"
      ],
      "sources": [
        {
          "startTime": 0,
          "stopTime": -1,
          "lambda": 0.225
        }
      ]
    },
    "SC4": {
      "resptime": 222.41743077301945,
      "resptime_old": 212.41743077301945,
      "waittime": 204.41896537429005,
      "servicetime": 10.0,
      "networktime": 7.998465398729407,
      "services": {
        "MS4_1": {
          "meanserv": 2.5885728130383523,
          "stddevserv": 2.5885728130383523,
          "rate": 0.3863132591685703,
          "cv": 1.0,
          "lambda": 0.225
        },
        "MS4_2": {
          "meanserv": 0.47782070053655,
          "stddevserv": 0.47782070053655,
          "rate": 2.092835238986275,
          "cv": 1.0,
          "lambda": 0.225
        },
        "MS4_3": {
          "meanserv": 1.627512271467939,
          "stddevserv": 1.627512271467939,
          "rate": 0.6144346912346457,
          "cv": 1.0,
          "lambda": 0.225
        },
        "MS4_4": {
          "meanserv": 3.5330111478045376,
          "stddevserv": 3.5330111478045376,
          "rate": 0.2830446772355683,
          "cv": 1.0,
          "lambda": 0.225
        },
        "MS4_5": {
          "meanserv": 1.773083067152621,
          "stddevserv": 1.773083067152621,
          "rate": 0.5639893688714153,
          "cv": 1.0,
          "lambda": 0.225
        }
      },
      "sensors": [
        "S4"
      ],
      "sources": [
        {
          "startTime": 0,
          "stopTime": -1,
          "lambda": 0.225
        }
      ]
    }
  },
  "microservice": {
    "MS1_1": "F4",
    "MS1_2": "F6",
    "MS1_3": "F2",
    "MS1_4": "F6",
    "MS1_5": "F10",
    "MS2_1": "F5",
    "MS2_2": "F3",
    "MS2_3": "F8",
    "MS2_4": "F4",
    "MS2_5": "F10",
    "MS3_1": "F9",
    "MS3_2": "F1",
    "MS3_3": "F3",
    "MS3_4": "F7",
    "MS3_5": "F7",
    "MS4_1": "F1",
    "MS4_2": "F4",
    "MS4_3": "F2",
    "MS4_4": "F5",
    "MS4_5": "F9"
  },
  "sensor": {
    "S1": "F4",
    "S2": "F5",
    "S3": "F9",
    "S4": "F1"
  },
  "fog": {
    "F1": {
      "rho": 0.9762113915771462,
      "capacity": 1.0,
      "tserv": 2.1693586479492137,
      "stddev": 2.248910397471364,
      "mu": 0.46096573332645674,
      "cv": 1.0366706305558806,
      "lambda": 0.45,
      "twait": 92.34822894175826
    },
    "F2": {
      "rho": 0.9613557976223103,
      "capacity": 1.0,
      "tserv": 2.1363462169384673,
      "stddev": 2.254284615294508,
      "mu": 0.46808892307402755,
      "cv": 1.0552056578755546,
      "lambda": 0.45,
      "twait": 56.1610560104004
    },
    "F3": {
      "rho": 0.9436364440949796,
      "capacity": 1.0,
      "tserv": 2.096969875766621,
      "stddev": 2.105375269714227,
      "mu": 0.4768785720559838,
      "cv": 1.0040083522633023,
      "lambda": 0.45,
      "twait": 35.24839228990783
    },
    "F4": {
      "rho": 0.8387395332898403,
      "capacity": 1.0,
      "tserv": 1.242577086355319,
      "stddev": 2.1248761927208832,
      "mu": 0.8047790442789855,
      "cv": 1.7100558315890817,
      "lambda": 0.675,
      "twait": 12.681007075503015
    },
    "F5": {
      "rho": 0.83058131837857,
      "capacity": 1.0,
      "tserv": 1.8457362630634888,
      "stddev": 3.01670937051341,
      "mu": 0.5417892144245109,
      "cv": 1.634420599997521,
      "lambda": 0.45,
      "twait": 16.610550107736803
    },
    "F6": {
      "rho": 0.9349442551420474,
      "capacity": 1.0,
      "tserv": 2.077653900315661,
      "stddev": 2.079667892998979,
      "mu": 0.4813121183696999,
      "cv": 1.0009693590847888,
      "lambda": 0.45,
      "twait": 29.88782106861918
    },
    "F7": {
      "rho": 0.8265546066825488,
      "capacity": 1.0,
      "tserv": 1.8367880148501086,
      "stddev": 3.096922428489419,
      "mu": 0.5444286395137466,
      "cv": 1.6860532644221025,
      "lambda": 0.45,
      "twait": 16.818329161766812
    },