{
  "servicechain": {
    "SC1": {
      "resptime": 14.5176491919722,
      "resptime_old": 4.517649191972202,
      "waittime": 1.9540946236109713,
      "servicetime": 10.0,
      "networktime": 2.5635545683612304,
      "services": {
        "MS1_1": {
          "meanserv": 1.538228358802678,
          "stddevserv": 1.538228358802678,
          "rate": 0.6500985333402495,
          "cv": 1.0,
          "lambda": 0.025
        },
        "MS1_2": {
          "meanserv": 2.688151319646139,
          "stddevserv": 2.688151319646139,
          "rate": 0.3720028678041969,
          "cv": 1.0,
          "lambda": 0.025
        },
        "MS1_3": {
          "meanserv": 2.7929166885363568,
          "stddevserv": 2.7929166885363568,
          "rate": 0.35804863213591076,
          "cv": 1.0,
          "lambda": 0.025
        },
        "MS1_4": {
          "meanserv": 0.3850034399213893,
          "stddevserv": 0.3850034399213893,
          "rate": 2.5973793901794275,
          "cv": 1.0,
          "lambda": 0.025
        },
        "MS1_5": {
          "meanserv": 2.595700193093437,
          "stddevserv": 2.595700193093437,
          "rate": 0.3852525043765727,
          "cv": 1.0,
          "lambda": 0.025
        }
      },
      "sensors": [
        "S1"
      ],
      "sources": [
        {
          "startTime": 0,
          "stopTime": -1,
          "lambda": 0.025
        }
      ]
    },
    "SC2": {
      "resptime": 15.134934065471969,
      "resptime_old": 5.134934065471969,
      "waittime": 1.3277574658406963,
      "servicetime": 10.0,
      "networktime": 3.8071765996312728,
      "services": {
        "MS2_1": {
          "meanserv": 1.3340192251198346,
          "stddevserv": 1.3340192251198346,
          "rate": 0.7496143842381059,
          "cv": 1.0,
          "lambda": 0.025
        },
        "MS2_2": {
          "meanserv": 1.138413036158178,
          "stddevserv": 1.138413036158178,
          "rate": 0.8784158018558161,
          "cv": 1.0,
          "lambda": 0.025
        },
        "MS2_3": {
          "meanserv": 1.1856143537943198,
          "stddevserv": 1.1856143537943198,
          "rate": 0.8434445794281265,
          "cv": 1.0,
          "lambda": 0.025
        },
        "MS2_4": {
          "meanserv": 0.3530866424768586,
          "stddevserv": 0.3530866424768586,
          "rate": 2.8321660456626883,
          "cv": 1.0,
          "lambda": 0.025
        },
        "MS2_5": {
          "meanserv": 5.988866742450809,
          "stddevserv": 5.988866742450809,
          "rate": 0.16697649872749923,
          "cv": 1.0,
          "lambda": 0.025
        }
      },
      "sensors": [
        "S2"
      ],
      "sources": [
        {
          "startTime": 0,
          "stopTime": -1,
          "lambda": 0.025
        }
      ]
    },
    "SC3": {
      "resptime": 13.501395215571325,
      "resptime_old": 3.5013952155713244,
      "waittime": 1.8122449554582993,
      "servicetime": 10.0,
      "networktime": 1.689150260113025,
      "services": {
        "MS3_1": {
          "meanserv": 0.6583636314350494,
          "stddevserv": 0.6583636314350494,
          "rate": 1.518917437496173,
          "cv": 1.0,
          "lambda": 0.025
        },
        "MS3_2": {
          "meanserv": 2.0641411296924304,
          "stddevserv": 2.0641411296924304,
          "rate": 0.4844629980068301,
          "cv": 1.0,
          "lambda": 0.025
        },
        "MS3_3": {
          "meanserv": 1.7145218854536806,
          "stddevserv": 1.7145218854536806,
          "rate": 0.5832529806030382,
          "cv": 1.0,
          "lambda": 0.025
        },
        "MS3_4": {
          "meanserv": 4.30510078647776,
          "stddevserv": 4.30510078647776,
          "rate": 0.23228259908362217,
          "cv": 1.0,
          "lambda": 0.025
        },
        "MS3_5": {
          "meanserv": 1.2578725669410797,
          "stddevserv": 1.2578725669410797,
          "rate": 0.7949930909391087,
          "cv": 1.0,
          "lambda": 0.025
        }
      },
      "sensors": [
        "S3"
      ],
      "sources": [
        {
          "startTime": 0,
          "stopTime": -1,
          "lambda": 0.025
        }
      ]
    },
    "SC4": {
      "resptime": 13.657343262121131,
      "resptime_old": 3.657343262121132,
      "waittime": 1.666708759883163,
      "servicetime": 10.0,
      "networktime": 1.990634502237969,
      "services": {
        "MS4_1": {
          "meanserv": 2.758986987780804,
          "stddevserv": 2.758986987780804,
          "rate": 0.3624518725274423,
          "cv": 1.0,
          "lambda": 0.025
        },
        "MS4_2": {
          "meanserv": 2.628117132330738,
          "stddevserv": 2.628117132330738,
          "rate": 0.38050054455265203,
          "cv": 1.0,
          "lambda": 0.025
        },
        "MS4_3": {
          "meanserv": 1.1241164956748468,
          "stddevserv": 1.1241164956748468,
          "rate": 0.8895875150374558,
          "cv": 1.0,
          "lambda": 0.025
        },
        "MS4_4": {
          "meanserv": 2.843190642160039,
          "stddevserv": 2.843190642160039,
          "rate": 0.3517175335243353,
          "cv": 1.0,
          "lambda": 0.025
        },
        "MS4_5": {
          "meanserv": 0.6455887420535724,
          "stddevserv": 0.6455887420535724,
          "rate": 1.5489737271735413,
          "cv": 1.0,
          "lambda": 0.025
        }
      },
      "sensors": [
        "S4"
      ],
      "sources": [
        {
          "startTime": 0,
          "stopTime": -1,
          "lambda": 0.025
        }
      ]
    }
  },
  "microservice": {
    "MS1_1": "F4",
    "MS1_2": "F4",
    "MS1_3": "F4",
    "MS1_4": "F6",
    "MS1_5": "F6",
    "MS2_1": "F8",
    "MS2_2": "F9",
    "MS2_3": "F9",
    "MS2_4": "F9",
    "MS2_5": "F1",
    "MS3_1": "F7",
    "MS3_2": "F7",
    "MS3_3": "F7",
    "MS3_4": "F2",
    "MS3_5": "F2",
    "MS4_1": "F5",
    "MS4_2": "F5",
    "MS4_3": "F3",
    "MS4_4": "F3",
    "MS4_5": "F3"
  },
  "sensor": {
    "S1": "F4",
    "S2": "F8",
    "S3": "F7",
    "S4": "F5"
  },
  "fog": {
    "F1": {
      "rho": 0.14972166856127023,
      "capacity": 1.0,
      "tserv": 5.988866742450809,
      "stddev": 5.988866742450809,
      "mu": 0.16697649872749923,
      "cv": 1.0,
      "lambda": 0.025,
      "twait": 1.054552478073407
    },
    "F2": {
      "rho": 0.139074333835471,
      "capacity": 1.0,
      "tserv": 2.7814866767094197,
      "stddev": 3.5184468226310246,
      "mu": 0.3595199676394026,
      "cv": 1.2649518878132648,
      "lambda": 0.05,
      "twait": 0.5841426550219154
    },
    "F3": {
      "rho": 0.11532239699721143,
      "capacity": 1.0,
      "tserv": 1.537631959962819,
      "stddev": 2.035958035083627,
      "mu": 0.6503506860147344,
      "cv": 1.3240867048138476,
      "lambda": 0.07500000000000001,
      "twait": 0.2759241251908987
    },
    "F4": {
      "rho": 0.17548240917462934,
      "capacity": 1.0,
      "tserv": 2.3397654556617242,
      "stddev": 2.47398922781043,
      "mu": 0.4273932660986242,
      "cv": 1.057366336366713,
      "lambda": 0.07500000000000001,
      "twait": 0.5273595076617549
    },
    "F5": {
      "rho": 0.13467760300278855,
      "capacity": 1.0,
      "tserv": 2.693552060055771,
      "stddev": 2.695141213325092,
      "mu": 0.37125697877890457,
      "cv": 1.0005899842415846,
      "lambda": 0.05,
      "twait": 0.4194681921552333
    },
    "F6": {
      "rho": 0.07451759082537066,
      "capacity": 1.0,
      "tserv": 1.490351816507413,
      "stddev": 2.1598005936219353,
      "mu": 0.6709825082398764,
      "cv": 1.4491884196064202,
      "lambda": 0.05,
      "twait": 0.18600805031285342
    },
    "F7": {
      "rho": 0.11092566616452901,
      "capacity": 1.0,
      "tserv": 1.47900888219372,
      "stddev": 1.7034290240124585,
      "mu": 0.6761284614577592,
      "cv": 1.1517368452080359,
      "lambda": 0.07500000000000001,