{
  "servicechain": {
    "SC1": {
      "resptime": 38.262724081433596,
      "resptime_old": 28.262724081433596,
      "waittime": 22.850331032277346,
      "servicetime": 10.0,
      "networktime": 5.412393049156252,
      "services": {
        "MS1_1": {
          "meanserv": 2.2956264733260925,
          "stddevserv": 2.2956264733260925,
          "rate": 0.43561093741488255,
          "cv": 1.0,
          "lambda": 0.15
        },
        "MS1_2": {
          "meanserv": 0.9868189851510465,
          "stddevserv": 0.9868189851510465,
          "rate": 1.0133570746482303,
          "cv": 1.0,
          "lambda": 0.15
        },
        "MS1_3": {
          "meanserv": 0.1946336450961752,
          "stddevserv": 0.1946336450961752,
          "rate": 5.137857843158954,
          "cv": 1.0,
          "lambda": 0.15
        },
        "MS1_4": {
          "meanserv": 1.3779412040299075,
          "stddevserv": 1.3779412040299075,
          "rate": 0.7257203696902408,
          "cv": 1.0,
          "lambda": 0.15
        },
        "MS1_5": {
          "meanserv": 0.18805544886267977,
          "stddevserv": 0.18805544886267977,
          "rate": 5.317580564922697,
          "cv": 1.0,
          "lambda": 0.15
        },
        "MS1_6": {
          "meanserv": 0.6226002804285802,
          "stddevserv": 0.6226002804285802,
          "rate": 1.6061669604639892,
          "cv": 1.0,
          "lambda": 0.15
        },
        "MS1_7": {
          "meanserv": 1.1947001754415236,
          "stddevserv": 1.1947001754415236,
          "rate": 0.8370300938730769,
          "cv": 1.0,
          "lambda": 0.15
        },
        "MS1_8": {
          "meanserv": 0.9946372656207565,
          "stddevserv": 0.9946372656207565,
          "rate": 1.0053916483572498,
          "cv": 1.0,
          "lambda": 0.15
        },
        "MS1_9": {
          "meanserv": 0.21278243812789555,
          "stddevserv": 0.21278243812789555,
          "rate": 4.699635969952264,
          "cv": 1.0,
          "lambda": 0.15
        },
        "MS1_10": {
          "meanserv": 1.9322040839153427,
          "stddevserv": 1.9322040839153427,
          "rate": 0.5175436737374238,
          "cv": 1.0,
          "lambda": 0.15
        }
      },
      "sensors": [
        "S1"
      ],
      "sources": [
        {
          "startTime": 0,
          "stopTime": -1,
          "lambda": 0.15
        }
      ]
    },
    "SC2": {
      "resptime": 39.538843943562185,
      "resptime_old": 29.53884394356219,
      "waittime": 25.280121661629515,
      "servicetime": 10.0,
      "networktime": 4.25872228193267,
      "services": {
        "MS2_1": {
          "meanserv": 0.8915978246787282,
          "stddevserv": 0.8915978246787282,
          "rate": 1.1215819199203774,
          "cv": 1.0,
          "lambda": 0.15
        },
        "MS2_2": {
          "meanserv": 0.23711564169171195,
          "stddevserv": 0.23711564169171195,
          "rate": 4.217351469795312,
          "cv": 1.0,
          "lambda": 0.15
        },
        "MS2_3": {
          "meanserv": 1.204792782963796,
          "stddevserv": 1.204792782963796,
          "rate": 0.8300182522176097,
          "cv": 1.0,
          "lambda": 0.15
        },
        "MS2_4": {
          "meanserv": 0.10572101639675813,
          "stddevserv": 0.10572101639675813,
          "rate": 9.45885722709212,
          "cv": 1.0,
          "lambda": 0.15
        },
        "MS2_5": {
          "meanserv": 0.07907487915766342,
          "stddevserv": 0.07907487915766342,
          "rate": 12.64624126716843,
          "cv": 1.0,
          "lambda": 0.15
        },
        "MS2_6": {
          "meanserv": 2.9723623636095153,
          "stddevserv": 2.9723623636095153,
          "rate": 0.33643273520178774,
          "cv": 1.0,
          "lambda": 0.15
        },
        "MS2_7": {
          "meanserv": 0.4108606400743513,
          "stddevserv": 0.4108606400743513,
          "rate": 2.4339153047588966,
          "cv": 1.0,
          "lambda": 0.15
        },
        "MS2_8": {
          "meanserv": 1.6309595297855468,
          "stddevserv": 1.6309595297855468,
          "rate": 0.6131359986176291,
          "cv": 1.0,
          "lambda": 0.15
        },
        "MS2_9": {
          "meanserv": 1.3708633934315193,
          "stddevserv": 1.3708633934315193,
          "rate": 0.7294672866687459,
          "cv": 1.0,
          "lambda": 0.15
        },
        "MS2_10": {
          "meanserv": 1.0966519282104095,
          "stddevserv": 1.0966519282104095,
          "rate": 0.9118663582089054,
          "cv": 1.0,
          "lambda": 0.15
        }
      },
      "sensors": [
        "S2"
      ],
      "sources": [
        {
          "startTime": 0,
          "stopTime": -1,
          "lambda": 0.15
        }
      ]
    },
    "SC3": {
      "resptime": 40.826755545193976,
      "resptime_old": 30.826755545193983,
      "waittime": 25.97695442578517,
      "servicetime": 10.0,
      "networktime": 4.849801119408809,
      "services": {
        "MS3_1": {
          "meanserv": 0.49147431007681486,
          "stddevserv": 0.49147431007681486,
          "rate": 2.0346943461677687,
          "cv": 1.0,
          "lambda": 0.15
        },
        "MS3_2": {
          "meanserv": 0.5814099553821506,
          "stddevserv": 0.5814099553821506,
          "rate": 1.7199567890830447,
          "cv": 1.0,
          "lambda": 0.15
        },
        "MS3_3": {
          "meanserv": 1.6673646517634964,
          "stddevserv": 1.6673646517634964,
          "rate": 0.5997488305526599,
          "cv": 1.0,
          "lambda": 0.15
        },
        "MS3_4": {
          "meanserv": 1.782409386865683,
          "stddevserv": 1.782409386865683,
          "rate": 0.5610383379760314,
          "cv": 1.0,
          "lambda": 0.15
        },
        "MS3_5": {
          "meanserv": 0.8544707641701139,
          "stddevserv": 0.8544707641701139,
          "rate": 1.1703150557424022,
          "cv": 1.0,
          "lambda": 0.15
        },
        "MS3_6": {
          "meanserv": 2.4362049710649734,
          "stddevserv": 2.4362049710649734,
          "rate": 0.41047449285962817,
          "cv": 1.0,
          "lambda": 0.15
        },
        "MS3_7": {
          "meanserv": 0.6172287546958461,
          "stddevserv": 0.6172287546958461,
          "rate": 1.6201448691300413,
          "cv": 1.0,
          "lambda": 0.15
        },
        "MS3_8": {
          "meanserv": 0.190546920460422,
          "stddevserv": 0.190546920460422,
          "rate": 5.2480512284516685,
          "cv": 1.0,
          "lambda": 0.15
        },
        "MS3_9": {
          "meanserv": 0.389313273945195,
          "stddevserv": 0.389313273945195,
          "rate": 2.568625492437675,
          "cv": 1.0,
          "lambda": 0.15
        },
        "MS3_10": {
          "meanserv": 0.9895770115753049,
          "stddevserv": 0.9895770115753049,
          "rate": 1.010532771378857,
          "cv": 1.0,
          "lambda": 0.15
        }
      },
      "sensors": [
        "S3"
      ],
      "sources": [
        {
          "startTime": 0,
          "stopTime": -1,
          "lambda": 0.15
        }
      ]
    },
    "SC4": {
      "resptime": 39.86325276896425,
      "resptime_old": 29.86325276896425,
      "waittime": 26.2733340997636,
      "servicetime": 10.0,
      "networktime": 3.5899186692006495,
      "services": {
        "MS4_1": {
          "meanserv": 0.020411386813872223,
          "stddevserv": 0.020411386813872223,
          "rate": 48.9922614822217,
          "cv": 1.0,
          "lambda": 0.15
        },
        "MS4_2": {
          "meanserv": 0.33879219436465546,
          "stddevserv": 0.33879219436465546,
          "rate": 2.951661864215385,
          "cv": 1.0,
          "lambda": 0.15
        },
        "MS4_3": {
          "meanserv": 2.9197114247622116,
          "stddevserv": 2.9197114247622116,
          "rate": 0.34249960167945104,
          "cv": 1.0,