{
  "servicechain": {
    "SC1": {
      "resptime": 93.33947708340642,
      "resptime_old": 83.33947708340644,
      "waittime": 79.05908743561035,
      "servicetime": 10.0,
      "networktime": 4.280389647796073,
      "services": {
        "MS1_1": {
          "meanserv": 6.1534222862003745,
          "stddevserv": 6.1534222862003745,
          "rate": 0.16251119352601456,
          "cv": 1.0,
          "lambda": 0.15
        },
        "MS1_2": {
          "meanserv": 3.7572491576409455,
          "stddevserv": 3.7572491576409455,
          "rate": 0.26615216559869226,
          "cv": 1.0,
          "lambda": 0.15
        },
        "MS1_3": {
          "meanserv": 0.08932855615868007,
          "stddevserv": 0.08932855615868007,
          "rate": 11.194628492859948,
          "cv": 1.0,
          "lambda": 0.15
        }
      },
      "sensors": [
        "S1"
      ],
      "sources": [
        {
          "startTime": 0,
          "stopTime": -1,
          "lambda": 0.15
        }
      ]
    },
    "SC2": {
      "resptime": 33.61278529675964,
      "resptime_old": 23.61278529675964,
      "waittime": 18.806978200305352,
      "servicetime": 10.0,
      "networktime": 4.805807096454284,
      "services": {
        "MS2_1": {
          "meanserv": 4.868919703988867,
          "stddevserv": 4.868919703988867,
          "rate": 0.20538436877091013,
          "cv": 1.0,
          "lambda": 0.15
        },
        "MS2_2": {
          "meanserv": 1.2972951048023322,
          "stddevserv": 1.2972951048023322,
          "rate": 0.7708346360810243,
          "cv": 1.0,
          "lambda": 0.15
        },
        "MS2_3": {
          "meanserv": 3.8337851912088006,
          "stddevserv": 3.8337851912088006,
          "rate": 0.2608388185892851,
          "cv": 1.0,
          "lambda": 0.15
        }
      },
      "sensors": [
        "S2"
      ],
      "sources": [
        {
          "startTime": 0,
          "stopTime": -1,
          "lambda": 0.15
        }
      ]
    },
    "SC3": {
      "resptime": 120.7199551651382,
      "resptime_old": 110.7199551651382,
      "waittime": 106.11038547846059,
      "servicetime": 10.0,
      "networktime": 4.609569686677613,
      "services": {
        "MS3_1": {
          "meanserv": 3.1352512416389366,
          "stddevserv": 3.1352512416389366,
          "rate": 0.31895370511910076,
          "cv": 1.0,
          "lambda": 0.15
        },
        "MS3_2": {
          "meanserv": 6.283010924340273,
          "stddevserv": 6.283010924340273,
          "rate": 0.1591593603834139,
          "cv": 1.0,
          "lambda": 0.15
        },
        "MS3_3": {
          "meanserv": 0.5817378340207906,
          "stddevserv": 0.5817378340207906,
          "rate": 1.7189873883366182,
          "cv": 1.0,
          "lambda": 0.15
        }
      },
      "sensors": [
        "S3"
      ],
      "sources": [
        {
          "startTime": 0,
          "stopTime": -1,
          "lambda": 0.15
        }
      ]
    },
    "SC4": {
      "resptime": 443.8414224588977,
      "resptime_old": 433.8414224588977,
      "waittime": 429.5610328111016,
      "servicetime": 10.0,
      "networktime": 4.280389647796073,
      "services": {
        "MS4_1": {
          "meanserv": 6.565711191696178,
          "stddevserv": 6.565711191696178,
          "rate": 0.1523064251234086,
          "cv": 1.0,
          "lambda": 0.15
        },
        "MS4_2": {
          "meanserv": 0.4021836957073335,
          "stddevserv": 0.4021836957073335,
          "rate": 2.486426005512898,
          "cv": 1.0,
          "lambda": 0.15
        },
        "MS4_3": {
          "meanserv": 3.032105112596488,
          "stddevserv": 3.032105112596488,
          "rate": 0.32980386987430926,
          "cv": 1.0,
          "lambda": 0.15
        }
      },
      "sensors": [
        "S4"
      ],
      "sources": [
        {
          "startTime": 0,
          "stopTime": -1,
          "lambda": 0.15
        }
      ]
    }
  },
  "microservice": {
    "MS1_1": "F3",
    "MS1_2": "F10",
    "MS1_3": "F2",
    "MS2_1": "F1",
    "MS2_2": "F2",
    "MS2_3": "F9",
    "MS3_1": "F4",
    "MS3_2": "F8",
    "MS3_3": "F2",
    "MS4_1": "F6",
    "MS4_2": "F7",
    "MS4_3": "F5"
  },
  "sensor": {
    "S1": "F3",
    "S2": "F1",
    "S3": "F4",
    "S4": "F6"
  },
  "fog": {
    "F1": {
      "rho": 0.73033795559833,
      "capacity": 1.0,
      "tserv": 4.868919703988867,
      "stddev": 4.868919703988867,
      "mu": 0.20538436877091013,
      "cv": 1.0,
      "lambda": 0.15,
      "twait": 13.186716248753747
    },
    "F2": {
      "rho": 0.29525422424727044,
      "capacity": 1.0,
      "tserv": 0.6561204983272677,
      "stddev": 0.9604276564575651,
      "mu": 1.524110285457364,
      "cv": 1.4637976696446868,
      "lambda": 0.44999999999999996,
      "twait": 0.43193726530389115
    },
    "F3": {
      "rho": 0.9230133429300561,
      "capacity": 1.0,
      "tserv": 6.1534222862003745,
      "stddev": 6.1534222862003745,
      "mu": 0.16251119352601456,
      "cv": 1.0,
      "lambda": 0.15,
      "twait": 73.77500324096427
    },
    "F4": {
      "rho": 0.4702876862458405,
      "capacity": 1.0,
      "tserv": 3.1352512416389366,
      "stddev": 3.1352512416389366,
      "mu": 0.31895370511910076,
      "cv": 1.0,
      "lambda": 0.15,
      "twait": 2.7835298782842317
    },
    "F5": {
      "rho": 0.45481576688947317,
      "capacity": 1.0,
      "tserv": 3.032105112596488,
      "stddev": 3.032105112596488,
      "mu": 0.32980386987430926,
      "cv": 1.0,
      "lambda": 0.15,
      "twait": 2.5295104449498735
    },
    "F6": {
      "rho": 0.9848566787544268,
      "capacity": 1.0,
      "tserv": 6.565711191696178,
      "stddev": 6.565711191696178,
      "mu": 0.1523064251234086,
      "cv": 1.0,
      "lambda": 0.15,
      "twait": 427.0057019232129
    },
    "F7": {
      "rho": 0.060327554356100016,
      "capacity": 1.0,
      "tserv": 0.4021836957073335,
      "stddev": 0.4021836957073335,
      "mu": 2.486426005512898,
      "cv": 1.0,
      "lambda": 0.15,
      "twait": 0.025820442938811056
    },
    "F8": {
      "rho": 0.9424516386510409,
      "capacity": 1.0,
      "tserv": 6.283010924340273,
      "stddev": 6.283010924340273,
      "mu": 0.1591593603834139,
      "cv": 1.0,
      "lambda": 0.15,
      "twait": 102.89491833487247
    },
    "F9": {
      "rho": 0.5750677786813201,
      "capacity": 1.0,
      "tserv": 3.8337851912088006,
      "stddev": 3.8337851912088006,
      "mu": 0.2608388185892851,
      "cv": 1.0,
      "lambda": 0.15,
      "twait": 5.188324686247716
    },
    "F10": {
      "rho": 0.5635873736461418,
      "capacity": 1.0,
      "tserv": 3.757249157640945,
      "stddev": 3.757249157640946,
      "mu": 0.2661521655986923,
      "cv": 1.0000000000000002,
      "lambda": 0.15,
      "twait": 4.852146929342202
    }
  },
  "extra": {
    "deltatime": 0.1700197,
    "conv": 13,
    "obj_func": 172.8784100010505
  },