{
  "servicechain": {
    "SC1": {
      "resptime": 21.550909299144152,
      "resptime_old": 11.55090929914415,
      "waittime": 9.602785996925746,
      "servicetime": 10.0,
      "networktime": 1.9481233022184041,
      "services": {
        "MS1_1": {
          "meanserv": 0.6075371715977662,
          "stddevserv": 0.6075371715977662,
          "rate": 1.6459898204583814,
          "cv": 1.0,
          "lambda": 0.075
        },
        "MS1_2": {
          "meanserv": 0.20193833338814304,
          "stddevserv": 0.20193833338814304,
          "rate": 4.952006799411942,
          "cv": 1.0,
          "lambda": 0.075
        },
        "MS1_3": {
          "meanserv": 0.08807130757861548,
          "stddevserv": 0.08807130757861548,
          "rate": 11.354435712304664,
          "cv": 1.0,
          "lambda": 0.075
        },
        "MS1_4": {
          "meanserv": 2.106662132758735,
          "stddevserv": 2.106662132758735,
          "rate": 0.4746845659063853,
          "cv": 1.0,
          "lambda": 0.075
        },
        "MS1_5": {
          "meanserv": 6.99579105467674,
          "stddevserv": 6.99579105467674,
          "rate": 0.14294309137942196,
          "cv": 1.0,
          "lambda": 0.075
        }
      },
      "sensors": [
        "S1"
      ],
      "sources": [
        {
          "startTime": 0,
          "stopTime": -1,
          "lambda": 0.075
        }
      ]
    },
    "SC2": {
      "resptime": 16.57695946309636,
      "resptime_old": 6.576959463096362,
      "waittime": 3.521981414330754,
      "servicetime": 10.0,
      "networktime": 3.054978048765608,
      "services": {
        "MS2_1": {
          "meanserv": 3.386997159560994,
          "stddevserv": 3.386997159560994,
          "rate": 0.2952467784559982,
          "cv": 1.0,
          "lambda": 0.075
        },
        "MS2_2": {
          "meanserv": 0.5210738840422016,
          "stddevserv": 0.5210738840422016,
          "rate": 1.9191136432372236,
          "cv": 1.0,
          "lambda": 0.075
        },
        "MS2_3": {
          "meanserv": 0.9438894629880981,
          "stddevserv": 0.9438894629880981,
          "rate": 1.0594460889882924,
          "cv": 1.0,
          "lambda": 0.075
        },
        "MS2_4": {
          "meanserv": 1.5672278575072358,
          "stddevserv": 1.5672278575072358,
          "rate": 0.6380693114979186,
          "cv": 1.0,
          "lambda": 0.075
        },
        "MS2_5": {
          "meanserv": 3.580811635901471,
          "stddevserv": 3.580811635901471,
          "rate": 0.27926629537670433,
          "cv": 1.0,
          "lambda": 0.075
        }
      },
      "sensors": [
        "S2"
      ],
      "sources": [
        {
          "startTime": 0,
          "stopTime": -1,
          "lambda": 0.075
        }
      ]
    },
    "SC3": {
      "resptime": 19.019248689074693,
      "resptime_old": 9.019248689074693,
      "waittime": 7.363116634732711,
      "servicetime": 10.0,
      "networktime": 1.6561320543419829,
      "services": {
        "MS3_1": {
          "meanserv": 5.631134182485445,
          "stddevserv": 5.631134182485445,
          "rate": 0.17758411850854253,
          "cv": 1.0,
          "lambda": 0.075
        },
        "MS3_2": {
          "meanserv": 2.3006118813241656,
          "stddevserv": 2.3006118813241656,
          "rate": 0.4346669719120241,
          "cv": 1.0,
          "lambda": 0.075
        },
        "MS3_3": {
          "meanserv": 0.17708680930256548,
          "stddevserv": 0.17708680930256548,
          "rate": 5.646947979572146,
          "cv": 1.0,
          "lambda": 0.075
        },
        "MS3_4": {
          "meanserv": 0.6604717985816624,
          "stddevserv": 0.6604717985816624,
          "rate": 1.5140691883400037,
          "cv": 1.0,
          "lambda": 0.075
        },
        "MS3_5": {
          "meanserv": 1.2306953283061617,
          "stddevserv": 1.2306953283061617,
          "rate": 0.8125487901025238,
          "cv": 1.0,
          "lambda": 0.075
        }
      },
      "sensors": [
        "S3"
      ],
      "sources": [
        {
          "startTime": 0,
          "stopTime": -1,
          "lambda": 0.075
        }
      ]
    },
    "SC4": {
      "resptime": 17.35256091691918,
      "resptime_old": 7.352560916919182,
      "waittime": 4.118039078385857,
      "servicetime": 10.0,
      "networktime": 3.2345218385333254,
      "services": {
        "MS4_1": {
          "meanserv": 1.7858321443301428,
          "stddevserv": 1.7858321443301428,
          "rate": 0.5599630419773272,
          "cv": 1.0,
          "lambda": 0.075
        },
        "MS4_2": {
          "meanserv": 1.5299230723025372,
          "stddevserv": 1.5299230723025372,
          "rate": 0.6536276353392056,
          "cv": 1.0,
          "lambda": 0.075
        },
        "MS4_3": {
          "meanserv": 4.044797599776167,
          "stddevserv": 4.044797599776167,
          "rate": 0.24723115936761295,
          "cv": 1.0,
          "lambda": 0.075
        },
        "MS4_4": {
          "meanserv": 0.0519433729231773,
          "stddevserv": 0.0519433729231773,
          "rate": 19.251734027341087,
          "cv": 1.0,
          "lambda": 0.075
        },
        "MS4_5": {
          "meanserv": 2.5875038106679753,
          "stddevserv": 2.5875038106679753,
          "rate": 0.38647286078463616,
          "cv": 1.0,
          "lambda": 0.075
        }
      },
      "sensors": [
        "S4"
      ],
      "sources": [
        {
          "startTime": 0,
          "stopTime": -1,
          "lambda": 0.075
        }
      ]
    }
  },
  "microservice": {
    "MS1_1": "F6",
    "MS1_2": "F6",
    "MS1_3": "F6",
    "MS1_4": "F6",
    "MS1_5": "F4",
    "MS2_1": "F10",
    "MS2_2": "F8",
    "MS2_3": "F8",
    "MS2_4": "F8",
    "MS2_5": "F3",
    "MS3_1": "F5",
    "MS3_2": "F1",
    "MS3_3": "F1",
    "MS3_4": "F1",
    "MS3_5": "F1",
    "MS4_1": "F7",
    "MS4_2": "F7",
    "MS4_3": "F2",
    "MS4_4": "F9",
    "MS4_5": "F9"
  },
  "sensor": {
    "S1": "F6",
    "S2": "F10",
    "S3": "F5",
    "S4": "F7"
  },
  "fog": {
    "F1": {
      "rho": 0.3276649363135916,
      "capacity": 1.0,
      "tserv": 1.0922164543786388,
      "stddev": 1.5635113027932184,
      "mu": 0.9155694331385067,
      "cv": 1.431503157204035,
      "lambda": 0.3,
      "twait": 0.8115383029184544
    },
    "F2": {
      "rho": 0.30335981998321254,
      "capacity": 1.0,
      "tserv": 4.044797599776167,
      "stddev": 4.044797599776167,
      "mu": 0.24723115936761295,
      "cv": 1.0,
      "lambda": 0.075,
      "twait": 1.7613527139750391
    },
    "F3": {
      "rho": 0.2685608726926103,
      "capacity": 1.0,
      "tserv": 3.580811635901471,
      "stddev": 3.580811635901471,
      "mu": 0.27926629537670433,
      "cv": 1.0,
      "lambda": 0.075,
      "twait": 1.3147586203457358
    },
    "F4": {
      "rho": 0.5246843291007555,
      "capacity": 1.0,
      "tserv": 6.99579105467674,
      "stddev": 6.99579105467674,
      "mu": 0.14294309137942196,
      "cv": 1.0,
      "lambda": 0.075,
      "twait": 7.7224088343390775
    },
    "F5": {
      "rho": 0.4223350636864084,
      "capacity": 1.0,
      "tserv": 5.631134182485445,
      "stddev": 5.631134182485445,
      "mu": 0.17758411850854253,
      "cv": 1.0,
      "lambda": 0.075,
      "twait": 4.116963423058893
    },
    "F6": {
      "rho": 0.22531567089924448,
      "capacity": 1.0,
      "tserv": 0.751052236330815,
      "stddev": 1.3651929311983249,
      "mu": 1.331465311767651,
      "cv": 1.817707031760971,
      "lambda": 0.3,
      "twait": 0.47009429064666713
    },
    "F7": {
      "rho": 0.24868164124745104,
      "capacity": 1.0,
      "tserv": 1.6578776083163402,
      "stddev": 1.6677238652515958,
      "mu": 0.6031808349324117,
      "cv": 1.0059390734791664,
      "lambda": 0.15,
      "twait": 0.5520157657335767
    },
    "F8": {
      "rho": 0.22741434034031513,
      "capacity": 1.0,