{
  "servicechain": {
    "SC1": {
      "resptime": 26.39796683114909,
      "resptime_old": 16.397966831149095,
      "waittime": 10.82135574227352,
      "servicetime": 10.0,
      "networktime": 5.576611088875574,
      "services": {
        "MS1_1": {
          "meanserv": 0.5460563957470077,
          "stddevserv": 0.5460563957470077,
          "rate": 1.8313126772043304,
          "cv": 1.0,
          "lambda": 0.15
        },
        "MS1_2": {
          "meanserv": 2.044598327558761,
          "stddevserv": 2.044598327558761,
          "rate": 0.48909362123659483,
          "cv": 1.0,
          "lambda": 0.15
        },
        "MS1_3": {
          "meanserv": 3.6733704132009137,
          "stddevserv": 3.6733704132009137,
          "rate": 0.2722295569230702,
          "cv": 1.0,
          "lambda": 0.15
        },
        "MS1_4": {
          "meanserv": 3.387400182880829,
          "stddevserv": 3.387400182880829,
          "rate": 0.2952116508270203,
          "cv": 1.0,
          "lambda": 0.15
        },
        "MS1_5": {
          "meanserv": 0.3485746806124883,
          "stddevserv": 0.3485746806124883,
          "rate": 2.8688256939456354,
          "cv": 1.0,
          "lambda": 0.15
        }
      },
      "sensors": [
        "S1"
      ],
      "sources": [
        {
          "startTime": 0,
          "stopTime": -1,
          "lambda": 0.15
        }
      ]
    },
    "SC2": {
      "resptime": 61.59896324924248,
      "resptime_old": 51.59896324924248,
      "waittime": 48.21389596546555,
      "servicetime": 10.0,
      "networktime": 3.385067283776935,
      "services": {
        "MS2_1": {
          "meanserv": 0.34769319826153056,
          "stddevserv": 0.34769319826153056,
          "rate": 2.87609882793224,
          "cv": 1.0,
          "lambda": 0.15
        },
        "MS2_2": {
          "meanserv": 1.0827056851606809,
          "stddevserv": 1.0827056851606809,
          "rate": 0.9236120339126077,
          "cv": 1.0,
          "lambda": 0.15
        },
        "MS2_3": {
          "meanserv": 5.868132725820826,
          "stddevserv": 5.868132725820826,
          "rate": 0.17041196011123308,
          "cv": 1.0,
          "lambda": 0.15
        },
        "MS2_4": {
          "meanserv": 0.22605266220530673,
          "stddevserv": 0.22605266220530673,
          "rate": 4.423747945475531,
          "cv": 1.0,
          "lambda": 0.15
        },
        "MS2_5": {
          "meanserv": 2.4754157285516563,
          "stddevserv": 2.4754157285516563,
          "rate": 0.4039725483141739,
          "cv": 1.0,
          "lambda": 0.15
        }
      },
      "sensors": [
        "S2"
      ],
      "sources": [
        {
          "startTime": 0,
          "stopTime": -1,
          "lambda": 0.15
        }
      ]
    },
    "SC3": {
      "resptime": 42.27140725535493,
      "resptime_old": 32.27140725535493,
      "waittime": 27.4432649273053,
      "servicetime": 10.0,
      "networktime": 4.828142328049629,
      "services": {
        "MS3_1": {
          "meanserv": 5.3740446601668275,
          "stddevserv": 5.3740446601668275,
          "rate": 0.18607958497482172,
          "cv": 1.0,
          "lambda": 0.15
        },
        "MS3_2": {
          "meanserv": 0.09898413122376049,
          "stddevserv": 0.09898413122376049,
          "rate": 10.102629458245492,
          "cv": 1.0,
          "lambda": 0.15
        },
        "MS3_3": {
          "meanserv": 0.4891775936006706,
          "stddevserv": 0.4891775936006706,
          "rate": 2.044247351231561,
          "cv": 1.0,
          "lambda": 0.15
        },
        "MS3_4": {
          "meanserv": 3.305402069887455,
          "stddevserv": 3.305402069887455,
          "rate": 0.30253505590442403,
          "cv": 1.0,
          "lambda": 0.15
        },
        "MS3_5": {
          "meanserv": 0.7323915451212866,
          "stddevserv": 0.7323915451212866,
          "rate": 1.3653898746665576,
          "cv": 1.0,
          "lambda": 0.15
        }
      },
      "sensors": [
        "S3"
      ],
      "sources": [
        {
          "startTime": 0,
          "stopTime": -1,
          "lambda": 0.15
        }
      ]
    },
    "SC4": {
      "resptime": 181.84148553926968,
      "resptime_old": 171.84148553926968,
      "waittime": 168.93867345916001,
      "servicetime": 10.0,
      "networktime": 2.9028120801096664,
      "services": {
        "MS4_1": {
          "meanserv": 0.13461344805629882,
          "stddevserv": 0.13461344805629882,
          "rate": 7.428678296553062,
          "cv": 1.0,
          "lambda": 0.15
        },
        "MS4_2": {
          "meanserv": 0.46406329964164494,
          "stddevserv": 0.46406329964164494,
          "rate": 2.1548784417388998,
          "cv": 1.0,
          "lambda": 0.15
        },
        "MS4_3": {
          "meanserv": 0.04115041398987551,
          "stddevserv": 0.04115041398987551,
          "rate": 24.301092092197084,
          "cv": 1.0,
          "lambda": 0.15
        },
        "MS4_4": {
          "meanserv": 2.949094759819334,
          "stddevserv": 2.949094759819334,
          "rate": 0.33908710348163296,
          "cv": 1.0,
          "lambda": 0.15
        },
        "MS4_5": {
          "meanserv": 6.411078078492847,
          "stddevserv": 6.411078078492847,
          "rate": 0.1559800064445769,
          "cv": 1.0,
          "lambda": 0.15
        }
      },
      "sensors": [
        "S4"
      ],
      "sources": [
        {
          "startTime": 0,
          "stopTime": -1,
          "lambda": 0.15
        }
      ]
    }
  },
  "microservice": {
    "MS1_1": "F10",
    "MS1_2": "F10",
    "MS1_3": "F3",
    "MS1_4": "F2",
    "MS1_5": "F6",
    "MS2_1": "F6",
    "MS2_2": "F6",
    "MS2_3": "F1",
    "MS2_4": "F7",
    "MS2_5": "F7",
    "MS3_1": "F5",
    "MS3_2": "F6",
    "MS3_3": "F6",
    "MS3_4": "F4",
    "MS3_5": "F6",
    "MS4_1": "F7",
    "MS4_2": "F7",
    "MS4_3": "F7",
    "MS4_4": "F8",
    "MS4_5": "F9"
  },
  "sensor": {
    "S1": "F10",
    "S2": "F6",
    "S3": "F5",
    "S4": "F7"
  },
  "fog": {
    "F1": {
      "rho": 0.8802199088731238,
      "capacity": 1.0,
      "tserv": 5.868132725820826,
      "stddev": 5.868132725820826,
      "mu": 0.17041196011123308,
      "cv": 1.0,
      "lambda": 0.15,
      "twait": 43.12275274282564
    },
    "F2": {
      "rho": 0.5081100274321243,
      "capacity": 1.0,
      "tserv": 3.3874001828808287,
      "stddev": 3.3874001828808296,
      "mu": 0.29521165082702033,
      "cv": 1.0000000000000002,
      "lambda": 0.15,
      "twait": 3.499099586970453
    },
    "F3": {
      "rho": 0.551005561980137,
      "capacity": 1.0,
      "tserv": 3.6733704132009137,
      "stddev": 3.6733704132009137,
      "mu": 0.2722295569230702,
      "cv": 1.0,
      "lambda": 0.15,
      "twait": 4.507956797445752
    },
    "F4": {
      "rho": 0.4958103104831182,
      "capacity": 1.0,
      "tserv": 3.305402069887455,
      "stddev": 3.305402069887455,
      "mu": 0.30253505590442403,
      "cv": 1.0,
      "lambda": 0.15,
      "twait": 3.2504679500939426
    },
    "F5": {
      "rho": 0.8061066990250241,
      "capacity": 1.0,
      "tserv": 5.3740446601668275,
      "stddev": 5.3740446601668275,
      "mu": 0.18607958497482172,
      "cv": 1.0,
      "lambda": 0.15,
      "twait": 22.342460413210656
    },
    "F6": {
      "rho": 0.46492902509706263,
      "capacity": 1.0,
      "tserv": 0.5165878056634029,
      "stddev": 0.6830196526114778,
      "mu": 1.9357793370979757,
      "cv": 1.3221753303571362,
      "lambda": 0.9,
      "twait": 0.6167788546668995
    },
    "F7": {
      "rho": 0.5011943328667173,
      "capacity": 1.0,
      "tserv": 0.6682591104889565,
      "stddev": 1.4556821248357403,
      "mu": 1.4964255395909425,
      "cv": 2.1783199091302126,
      "lambda": 0.75,
      "twait": 1.9287927566530547
    },
    "F8": {
      "rho": 0.4423642139729001,
      "capacity": 1.0,