{
  "servicechain": {
    "SC1": {
      "resptime": 42.39054705306952,
      "resptime_old": 32.39054705306952,
      "waittime": 28.85060874327331,
      "servicetime": 10.0,
      "networktime": 3.5399383097962067,
      "services": {
        "MS1_1": {
          "meanserv": 5.442963037747008,
          "stddevserv": 5.442963037747008,
          "rate": 0.1837234596422921,
          "cv": 1.0,
          "lambda": 0.15
        },
        "MS1_2": {
          "meanserv": 0.6676979643481857,
          "stddevserv": 0.6676979643481857,
          "rate": 1.4976831642376074,
          "cv": 1.0,
          "lambda": 0.15
        },
        "MS1_3": {
          "meanserv": 0.5787360116422722,
          "stddevserv": 0.5787360116422722,
          "rate": 1.7279035343978546,
          "cv": 1.0,
          "lambda": 0.15
        },
        "MS1_4": {
          "meanserv": 3.310602986262534,
          "stddevserv": 3.310602986262534,
          "rate": 0.3020597770706835,
          "cv": 1.0,
          "lambda": 0.15
        }
      },
      "sensors": [
        "S1"
      ],
      "sources": [
        {
          "startTime": 0,
          "stopTime": -1,
          "lambda": 0.15
        }
      ]
    },
    "SC2": {
      "resptime": 79.26411325702158,
      "resptime_old": 69.26411325702158,
      "waittime": 63.83280163106443,
      "servicetime": 10.0,
      "networktime": 5.431311625957154,
      "services": {
        "MS2_1": {
          "meanserv": 1.4065494768415954,
          "stddevserv": 1.4065494768415954,
          "rate": 0.7109597042014465,
          "cv": 1.0,
          "lambda": 0.15
        },
        "MS2_2": {
          "meanserv": 2.3172691525628437,
          "stddevserv": 2.3172691525628437,
          "rate": 0.43154244680382686,
          "cv": 1.0,
          "lambda": 0.15
        },
        "MS2_3": {
          "meanserv": 6.059924432527813,
          "stddevserv": 6.059924432527813,
          "rate": 0.16501855941178195,
          "cv": 1.0,
          "lambda": 0.15
        },
        "MS2_4": {
          "meanserv": 0.21625693806774748,
          "stddevserv": 0.21625693806774748,
          "rate": 4.624129098168988,
          "cv": 1.0,
          "lambda": 0.15
        }
      },
      "sensors": [
        "S2"
      ],
      "sources": [
        {
          "startTime": 0,
          "stopTime": -1,
          "lambda": 0.15
        }
      ]
    },
    "SC3": {
      "resptime": 31.079283575838993,
      "resptime_old": 21.079283575838996,
      "waittime": 14.874967537781801,
      "servicetime": 10.0,
      "networktime": 6.204316038057193,
      "services": {
        "MS3_1": {
          "meanserv": 2.1215101023441862,
          "stddevserv": 2.1215101023441862,
          "rate": 0.47136235594402254,
          "cv": 1.0,
          "lambda": 0.15
        },
        "MS3_2": {
          "meanserv": 3.115927260123974,
          "stddevserv": 3.115927260123974,
          "rate": 0.3209317537021749,
          "cv": 1.0,
          "lambda": 0.15
        },
        "MS3_3": {
          "meanserv": 4.581094284491094,
          "stddevserv": 4.581094284491094,
          "rate": 0.2182884564034002,
          "cv": 1.0,
          "lambda": 0.15
        },
        "MS3_4": {
          "meanserv": 0.1814683530407457,
          "stddevserv": 0.1814683530407457,
          "rate": 5.510602720770087,
          "cv": 1.0,
          "lambda": 0.15
        }
      },
      "sensors": [
        "S3"
      ],
      "sources": [
        {
          "startTime": 0,
          "stopTime": -1,
          "lambda": 0.15
        }
      ]
    },
    "SC4": {
      "resptime": 4729.66832550069,
      "resptime_old": 4719.66832550069,
      "waittime": 4717.811647613658,
      "servicetime": 10.0,
      "networktime": 1.856677887031833,
      "services": {
        "MS4_1": {
          "meanserv": 6.657264320526998,
          "stddevserv": 6.657264320526998,
          "rate": 0.15021185157341607,
          "cv": 1.0,
          "lambda": 0.15
        },
        "MS4_2": {
          "meanserv": 1.128366504981333,
          "stddevserv": 1.128366504981333,
          "rate": 0.8862368703655763,
          "cv": 1.0,
          "lambda": 0.15
        },
        "MS4_3": {
          "meanserv": 1.781620601362727,
          "stddevserv": 1.781620601362727,
          "rate": 0.5612867291920174,
          "cv": 1.0,
          "lambda": 0.15
        },
        "MS4_4": {
          "meanserv": 0.43274857312894177,
          "stddevserv": 0.43274857312894177,
          "rate": 2.31081062329012,
          "cv": 1.0,
          "lambda": 0.15
        }
      },
      "sensors": [
        "S4"
      ],
      "sources": [
        {
          "startTime": 0,
          "stopTime": -1,
          "lambda": 0.15
        }
      ]
    }
  },
  "microservice": {
    "MS1_1": "F4",
    "MS1_2": "F8",
    "MS1_3": "F8",
    "MS1_4": "F2",
    "MS2_1": "F8",
    "MS2_2": "F6",
    "MS2_3": "F7",
    "MS2_4": "F6",
    "MS3_1": "F3",
    "MS3_2": "F5",
    "MS3_3": "F10",
    "MS3_4": "F3",
    "MS4_1": "F9",
    "MS4_2": "F1",
    "MS4_3": "F1",
    "MS4_4": "F1"
  },
  "sensor": {
    "S1": "F4",
    "S2": "F8",
    "S3": "F3",
    "S4": "F9"
  },
  "fog": {
    "F1": {
      "rho": 0.5014103519209502,
      "capacity": 1.0,
      "tserv": 1.1142452264910006,
      "stddev": 1.359495158057342,
      "mu": 0.8974685071339426,
      "cv": 1.220104089957546,
      "lambda": 0.44999999999999996,
      "twait": 1.3943292692192628
    },
    "F2": {
      "rho": 0.49659044793938006,
      "capacity": 1.0,
      "tserv": 3.310602986262534,
      "stddev": 3.310602986262534,
      "mu": 0.3020597770706835,
      "cv": 1.0,
      "lambda": 0.15,
      "twait": 3.265758095308432
    },
    "F3": {
      "rho": 0.3454467683077398,
      "capacity": 1.0,
      "tserv": 1.151489227692466,
      "stddev": 1.7910355764227492,
      "mu": 0.8684406036554561,
      "cv": 1.55540801715697,
      "lambda": 0.3,
      "twait": 1.0389687938250012
    },
    "F4": {
      "rho": 0.8164444556620511,
      "capacity": 1.0,
      "tserv": 5.442963037747008,
      "stddev": 5.442963037747009,
      "mu": 0.1837234596422921,
      "cv": 1.0000000000000002,
      "lambda": 0.15,
      "twait": 24.20998510598124
    },
    "F5": {
      "rho": 0.4673890890185961,
      "capacity": 1.0,
      "tserv": 3.115927260123974,
      "stddev": 3.115927260123974,
      "mu": 0.3209317537021749,
      "cv": 1.0,
      "lambda": 0.15,
      "twait": 2.734360812988307
    },
    "F6": {
      "rho": 0.3800289135945887,
      "capacity": 1.0,
      "tserv": 1.2667630453152956,
      "stddev": 1.9523869431301972,
      "mu": 0.7894136189859418,
      "cv": 1.541240842437309,
      "lambda": 0.3,
      "twait": 1.3105054834298673
    },
    "F7": {
      "rho": 0.908988664879172,
      "capacity": 1.0,
      "tserv": 6.059924432527813,
      "stddev": 6.059924432527813,
      "mu": 0.16501855941178195,
      "cv": 1.0,
      "lambda": 0.15,
      "twait": 60.52435789321287
    },
    "F8": {
      "rho": 0.3979475179248079,
      "capacity": 1.0,
      "tserv": 0.8843278176106845,
      "stddev": 1.0282943288344268,
      "mu": 1.1308023790338788,
      "cv": 1.1627976733930154,
      "lambda": 0.44999999999999996,
      "twait": 0.6874327709918195
    },
    "F9": {
      "rho": 0.9985896480790496,
      "capacity": 1.0,
      "tserv": 6.657264320526998,
      "stddev": 6.657264320526998,
      "mu": 0.15021185157341607,
      "cv": 1.0,
      "lambda": 0.15,
      "twait": 4713.6286598060005
    },
    "F10": {
      "rho": 0.6871641426736641,
      "capacity": 1.0,
      "tserv": 4.581094284491094,
      "stddev": 4.581094284491094,
      "mu": 0.2182884564034002,
      "cv": 1.0,
      "lambda": 0.15,
      "twait": 10.062669137143493
    }
  },
  "extra": {
    "conv_gen": 3,
    "max_gen": 600,
    "population": 600,
    "deltatime": 31.6830002,
    "obj_func": 1220.600567346655
  },