{
  "servicechain": {
    "SC1": {
      "resptime": 32.91139493258147,
      "resptime_old": 22.911394932581477,
      "waittime": 16.62997818003135,
      "servicetime": 10.0,
      "networktime": 6.281416752550125,
      "services": {
        "MS1_1": {
          "meanserv": 1.408104864935923,
          "stddevserv": 1.408104864935923,
          "rate": 0.7101743804041938,
          "cv": 1.0,
          "lambda": 0.15
        },
        "MS1_2": {
          "meanserv": 4.84173839287803,
          "stddevserv": 4.84173839287803,
          "rate": 0.20653738778430347,
          "cv": 1.0,
          "lambda": 0.15
        },
        "MS1_3": {
          "meanserv": 0.6238109205428239,
          "stddevserv": 0.6238109205428239,
          "rate": 1.6030498458247993,
          "cv": 1.0,
          "lambda": 0.15
        },
        "MS1_4": {
          "meanserv": 3.1263458216432234,
          "stddevserv": 3.1263458216432234,
          "rate": 0.31986224718876266,
          "cv": 1.0,
          "lambda": 0.15
        }
      },
      "sensors": [
        "S1"
      ],
      "sources": [
        {
          "startTime": 0,
          "stopTime": -1,
          "lambda": 0.15
        }
      ]
    },
    "SC2": {
      "resptime": 57.35405249236894,
      "resptime_old": 47.35405249236894,
      "waittime": 42.7779478300967,
      "servicetime": 10.0,
      "networktime": 4.576104662272243,
      "services": {
        "MS2_1": {
          "meanserv": 3.295124991355338,
          "stddevserv": 3.295124991355338,
          "rate": 0.3034786245206085,
          "cv": 1.0,
          "lambda": 0.15
        },
        "MS2_2": {
          "meanserv": 5.80558972140479,
          "stddevserv": 5.80558972140479,
          "rate": 0.17224779014491368,
          "cv": 1.0,
          "lambda": 0.15
        },
        "MS2_3": {
          "meanserv": 0.2118241866583741,
          "stddevserv": 0.2118241866583741,
          "rate": 4.72089621008568,
          "cv": 1.0,
          "lambda": 0.15
        },
        "MS2_4": {
          "meanserv": 0.6874611005814977,
          "stddevserv": 0.6874611005814977,
          "rate": 1.4546277587984795,
          "cv": 1.0,
          "lambda": 0.15
        }
      },
      "sensors": [
        "S2"
      ],
      "sources": [
        {
          "startTime": 0,
          "stopTime": -1,
          "lambda": 0.15
        }
      ]
    },
    "SC3": {
      "resptime": 7357.602702514777,
      "resptime_old": 7347.602702514777,
      "waittime": 7345.536002952519,
      "servicetime": 10.0,
      "networktime": 2.066699562257968,
      "services": {
        "MS3_1": {
          "meanserv": 6.999697476330983,
          "stddevserv": 6.999697476330983,
          "rate": 0.14286331707640712,
          "cv": 1.0,
          "lambda": 0.15
        },
        "MS3_2": {
          "meanserv": 1.931068566758423,
          "stddevserv": 1.931068566758423,
          "rate": 0.5178480025070493,
          "cv": 1.0,
          "lambda": 0.15
        },
        "MS3_3": {
          "meanserv": 0.5029179574719596,
          "stddevserv": 0.5029179574719596,
          "rate": 1.9883958907069956,
          "cv": 1.0,
          "lambda": 0.15
        },
        "MS3_4": {
          "meanserv": 0.5663159994386344,
          "stddevserv": 0.5663159994386344,
          "rate": 1.7657986018252327,
          "cv": 1.0,
          "lambda": 0.15
        }
      },
      "sensors": [
        "S3"
      ],
      "sources": [
        {
          "startTime": 0,
          "stopTime": -1,
          "lambda": 0.15
        }
      ]
    },
    "SC4": {
      "resptime": 8213.086743294403,
      "resptime_old": 8203.086743294403,
      "waittime": 8198.512042866962,
      "servicetime": 10.0,
      "networktime": 4.57470042744154,
      "services": {
        "MS4_1": {
          "meanserv": 0.7266424371063862,
          "stddevserv": 0.7266424371063862,
          "rate": 1.376192675977156,
          "cv": 1.0,
          "lambda": 0.15
        },
        "MS4_2": {
          "meanserv": 7.396248193377973,
          "stddevserv": 7.396248193377973,
          "rate": 0.13520368352367115,
          "cv": 1.0,
          "lambda": 0.15
        },
        "MS4_3": {
          "meanserv": 1.287238013850704,
          "stddevserv": 1.287238013850704,
          "rate": 0.776857107419127,
          "cv": 1.0,
          "lambda": 0.15
        },
        "MS4_4": {
          "meanserv": 0.5898713556649362,
          "stddevserv": 0.5898713556649362,
          "rate": 1.6952848962681766,
          "cv": 1.0,
          "lambda": 0.15
        }
      },
      "sensors": [
        "S4"
      ],
      "sources": [
        {
          "startTime": 0,
          "stopTime": -1,
          "lambda": 0.15
        }
      ]
    }
  },
  "microservice": {
    "MS1_1": "F2",
    "MS1_2": "F9",
    "MS1_3": "F2",
    "MS1_4": "F4",
    "MS2_1": "F6",
    "MS2_2": "F1",
    "MS2_3": "F3",
    "MS2_4": "F3",
    "MS3_1": "F7",
    "MS3_2": "F10",
    "MS3_3": "F10",
    "MS3_4": "F10",
    "MS4_1": "F3",
    "MS4_2": "F8",
    "MS4_3": "F5",
    "MS4_4": "F5"
  },
  "sensor": {
    "S1": "F2",
    "S2": "F6",
    "S3": "F7",
    "S4": "F3"
  },
  "fog": {
    "F1": {
      "rho": 0.8708384582107184,
      "capacity": 1.0,
      "tserv": 5.80558972140479,
      "stddev": 5.80558972140479,
      "mu": 0.17224779014491368,
      "cv": 1.0,
      "lambda": 0.15,
      "twait": 39.142694736798866
    },
    "F2": {
      "rho": 0.30478736782181204,
      "capacity": 1.0,
      "tserv": 1.0159578927393735,
      "stddev": 1.1574666022936775,
      "mu": 0.9842927616848908,
      "cv": 1.1392859985296708,
      "lambda": 0.3,
      "twait": 0.5117641564883341
    },
    "F3": {
      "rho": 0.2438891586519387,
      "capacity": 1.0,
      "tserv": 0.5419759081154194,
      "stddev": 0.6350195035345051,
      "mu": 1.845100464847673,
      "cv": 1.1716747811588537,
      "lambda": 0.44999999999999996,
      "twait": 0.20740639303745545
    },
    "F4": {
      "rho": 0.46895187324648346,
      "capacity": 1.0,
      "tserv": 3.1263458216432234,
      "stddev": 3.1263458216432234,
      "mu": 0.31986224718876266,
      "cv": 1.0,
      "lambda": 0.15,
      "twait": 2.7607775182989998
    },
    "F5": {
      "rho": 0.281566405427346,
      "capacity": 1.0,
      "tserv": 0.9385546847578201,
      "stddev": 1.0602098963202728,
      "mu": 1.0654680182626066,
      "cv": 1.1296197371747647,
      "lambda": 0.3,
      "twait": 0.4186044338020316
    },
    "F6": {
      "rho": 0.49426874870330073,
      "capacity": 1.0,
      "tserv": 3.295124991355338,
      "stddev": 3.295124991355338,
      "mu": 0.3034786245206085,
      "cv": 1.0,
      "lambda": 0.15,
      "twait": 3.2204403072229275
    },
    "F7": {
      "rho": 1.0499546214496476,
      "capacity": 1.0,
      "tserv": 6.999697476330983,
      "stddev": 6.999697476330983,
      "mu": 0.14286331707640712,
      "cv": 1.0,
      "lambda": 0.15,
      "twait": 7342.015349309121
    },
    "F8": {
      "rho": 1.1094372290066956,
      "capacity": 1.0,
      "tserv": 7.396248193377972,
      "stddev": 7.396248193377975,
      "mu": 0.13520368352367118,
      "cv": 1.0000000000000004,
      "lambda": 0.15,
      "twait": 8197.46742760632
    },
    "F9": {
      "rho": 0.7262607589317045,
      "capacity": 1.0,
      "tserv": 4.84173839287803,
      "stddev": 4.84173839287803,
      "mu": 0.20653738778430347,
      "cv": 1.0,
      "lambda": 0.15,
      "twait": 12.845672348755683
    },
    "F10": {
      "rho": 0.4500453785503525,
      "capacity": 1.0,
      "tserv": 1.0001008412230057,
      "stddev": 1.3668366285619586,
      "mu": 0.9998991689449213,
      "cv": 1.3666988089825804,
      "lambda": 0.44999999999999996,
      "twait": 1.1735512144662423
    }
  },
  "extra": {
    "conv_gen": 0,
    "max_gen": 600,
    "population": 600,
    "deltatime": 31.7144366,
    "obj_func": 3915.238723308533
  },