{
  "servicechain": {
    "SC1": {
      "resptime": 29.90663129657331,
      "resptime_old": 19.90663129657331,
      "waittime": 15.920172010814543,
      "servicetime": 10.0,
      "networktime": 3.986459285758767,
      "services": {
        "MS1_1": {
          "meanserv": 0.5599760349806726,
          "stddevserv": 0.5599760349806726,
          "rate": 1.7857907080514877,
          "cv": 1.0,
          "lambda": 0.15
        },
        "MS1_2": {
          "meanserv": 1.9321451475975693,
          "stddevserv": 1.9321451475975693,
          "rate": 0.5175594603973727,
          "cv": 1.0,
          "lambda": 0.15
        },
        "MS1_3": {
          "meanserv": 2.7904750308885844,
          "stddevserv": 2.7904750308885844,
          "rate": 0.3583619236619957,
          "cv": 1.0,
          "lambda": 0.15
        },
        "MS1_4": {
          "meanserv": 0.4808393798913544,
          "stddevserv": 0.4808393798913544,
          "rate": 2.079696551114324,
          "cv": 1.0,
          "lambda": 0.15
        },
        "MS1_5": {
          "meanserv": 4.236564406641819,
          "stddevserv": 4.236564406641819,
          "rate": 0.236040315693599,
          "cv": 1.0,
          "lambda": 0.15
        }
      },
      "sensors": [
        "S1"
      ],
      "sources": [
        {
          "startTime": 0,
          "stopTime": -1,
          "lambda": 0.15
        }
      ]
    },
    "SC2": {
      "resptime": 33.53333089554879,
      "resptime_old": 23.533330895548787,
      "waittime": 16.14134061618655,
      "servicetime": 10.0,
      "networktime": 7.39199027936224,
      "services": {
        "MS2_1": {
          "meanserv": 1.294188868761682,
          "stddevserv": 1.294188868761682,
          "rate": 0.7726847480590908,
          "cv": 1.0,
          "lambda": 0.15
        },
        "MS2_2": {
          "meanserv": 2.2600774496100904,
          "stddevserv": 2.2600774496100904,
          "rate": 0.44246271302451184,
          "cv": 1.0,
          "lambda": 0.15
        },
        "MS2_3": {
          "meanserv": 3.285569296134896,
          "stddevserv": 3.285569296134896,
          "rate": 0.3043612567162677,
          "cv": 1.0,
          "lambda": 0.15
        },
        "MS2_4": {
          "meanserv": 2.2922927638016297,
          "stddevserv": 2.2922927638016297,
          "rate": 0.4362444517521227,
          "cv": 1.0,
          "lambda": 0.15
        },
        "MS2_5": {
          "meanserv": 0.8678716216917017,
          "stddevserv": 0.8678716216917017,
          "rate": 1.1522441511000747,
          "cv": 1.0,
          "lambda": 0.15
        }
      },
      "sensors": [
        "S2"
      ],
      "sources": [
        {
          "startTime": 0,
          "stopTime": -1,
          "lambda": 0.15
        }
      ]
    },
    "SC3": {
      "resptime": 42.89999015257584,
      "resptime_old": 32.89999015257583,
      "waittime": 29.304450144044676,
      "servicetime": 10.0,
      "networktime": 3.5955400085311573,
      "services": {
        "MS3_1": {
          "meanserv": 2.845762497608183,
          "stddevserv": 2.845762497608183,
          "rate": 0.3513996691011579,
          "cv": 1.0,
          "lambda": 0.15
        },
        "MS3_2": {
          "meanserv": 5.378836860740627,
          "stddevserv": 5.378836860740627,
          "rate": 0.18591379993300397,
          "cv": 1.0,
          "lambda": 0.15
        },
        "MS3_3": {
          "meanserv": 1.2692060750128924,
          "stddevserv": 1.2692060750128924,
          "rate": 0.7878941171864798,
          "cv": 1.0,
          "lambda": 0.15
        },
        "MS3_4": {
          "meanserv": 0.5043248619485858,
          "stddevserv": 0.5043248619485858,
          "rate": 1.9828489044467266,
          "cv": 1.0,
          "lambda": 0.15
        },
        "MS3_5": {
          "meanserv": 0.0018697046897120373,
          "stddevserv": 0.0018697046897120373,
          "rate": 534.8438207929056,
          "cv": 1.0,
          "lambda": 0.15
        }
      },
      "sensors": [
        "S3"
      ],
      "sources": [
        {
          "startTime": 0,
          "stopTime": -1,
          "lambda": 0.15
        }
      ]
    },
    "SC4": {
      "resptime": 35.99001792797716,
      "resptime_old": 25.990017927977163,
      "waittime": 21.65803111047096,
      "servicetime": 10.0,
      "networktime": 4.331986817506204,
      "services": {
        "MS4_1": {
          "meanserv": 1.241816620545786,
          "stddevserv": 1.241816620545786,
          "rate": 0.8052718762618059,
          "cv": 1.0,
          "lambda": 0.15
        },
        "MS4_2": {
          "meanserv": 3.155745244440476,
          "stddevserv": 3.155745244440476,
          "rate": 0.31688235980445983,
          "cv": 1.0,
          "lambda": 0.15
        },
        "MS4_3": {
          "meanserv": 0.8748892777248667,
          "stddevserv": 0.8748892777248667,
          "rate": 1.1430017780083914,
          "cv": 1.0,
          "lambda": 0.15
        },
        "MS4_4": {
          "meanserv": 2.154853972952342,
          "stddevserv": 2.154853972952342,
          "rate": 0.4640685691707967,
          "cv": 1.0,
          "lambda": 0.15
        },
        "MS4_5": {
          "meanserv": 2.5726948843365296,
          "stddevserv": 2.5726948843365296,
          "rate": 0.3886974728672068,
          "cv": 1.0,
          "lambda": 0.15
        }
      },
      "sensors": [
        "S4"
      ],
      "sources": [
        {
          "startTime": 0,
          "stopTime": -1,
          "lambda": 0.15
        }
      ]
    }
  },
  "microservice": {
    "MS1_1": "F8",
    "MS1_2": "F8",
    "MS1_3": "F2",
    "MS1_4": "F2",
    "MS1_5": "F5",
    "MS2_1": "F6",
    "MS2_2": "F4",
    "MS2_3": "F9",
    "MS2_4": "F4",
    "MS2_5": "F6",
    "MS3_1": "F7",
    "MS3_2": "F10",
    "MS3_3": "F6",
    "MS3_4": "F6",
    "MS3_5": "F6",
    "MS4_1": "F8",
    "MS4_2": "F1",
    "MS4_3": "F1",
    "MS4_4": "F3",
    "MS4_5": "F3"
  },
  "sensor": {
    "S1": "F8",
    "S2": "F6",
    "S3": "F7",
    "S4": "F8"
  },
  "fog": {
    "F1": {
      "rho": 0.6045951783248015,
      "capacity": 1.0,
      "tserv": 2.0153172610826715,
      "stddev": 2.5812120473275453,
      "mu": 0.49619978914028584,
      "cv": 1.2807968736102935,
      "lambda": 0.3,
      "twait": 4.06829610119014
    },
    "F2": {
      "rho": 0.49069716161699084,
      "capacity": 1.0,
      "tserv": 1.6356572053899694,
      "stddev": 2.3114028021361452,
      "mu": 0.6113750464979503,
      "cv": 1.4131339956314783,
      "lambda": 0.3,
      "twait": 2.3614508313138143
    },
    "F3": {
      "rho": 0.7091323285933308,
      "capacity": 1.0,
      "tserv": 2.3637744286444358,
      "stddev": 2.382168143336342,
      "mu": 0.4230522117008747,
      "cv": 1.0077815016818057,
      "lambda": 0.3,
      "twait": 5.807875394767032
    },
    "F4": {
      "rho": 0.682855532011758,
      "capacity": 1.0,
      "tserv": 2.27618510670586,
      "stddev": 2.276299091337471,
      "mu": 0.4393315803068493,
      "cv": 1.0000500770483365,
      "lambda": 0.3,
      "twait": 4.901184116002403
    },
    "F5": {
      "rho": 0.6354846609962729,
      "capacity": 1.0,
      "tserv": 4.236564406641819,
      "stddev": 4.236564406641819,
      "mu": 0.236040315693599,
      "cv": 1.0,
      "lambda": 0.15,
      "twait": 7.385894111073675
    },
    "F6": {
      "rho": 0.590619169815686,
      "capacity": 1.0,
      "tserv": 0.7874922264209147,
      "stddev": 1.0474725936473417,
      "mu": 1.2698538048367984,
      "cv": 1.3301370585053465,
      "lambda": 0.75,
      "twait": 1.5731160766087273
    },
    "F7": {
      "rho": 0.4268643746412274,
      "capacity": 1.0,
      "tserv": 2.845762497608183,
      "stddev": 2.845762497608183,
      "mu": 0.3513996691011579,
      "cv": 1.0,
      "lambda": 0.15,
      "twait": 2.11948895718803
    },
    "F8": {
      "rho": 0.5600906704686042,
      "capacity": 1.0,