{
  "servicechain": {
    "SC1": {
      "resptime": 18.8284139166584,
      "resptime_old": 8.828413916658398,
      "waittime": 7.364313314178638,
      "servicetime": 10.0,
      "networktime": 1.4641006024797607,
      "services": {
        "MS1_1": {
          "meanserv": 5.027575885484904,
          "stddevserv": 5.027575885484904,
          "rate": 0.19890301464908694,
          "cv": 1.0,
          "lambda": 0.075
        },
        "MS1_2": {
          "meanserv": 2.1837508302609443,
          "stddevserv": 2.1837508302609443,
          "rate": 0.4579277022555299,
          "cv": 1.0,
          "lambda": 0.075
        },
        "MS1_3": {
          "meanserv": 0.5753918966889824,
          "stddevserv": 0.5753918966889824,
          "rate": 1.7379459213005424,
          "cv": 1.0,
          "lambda": 0.075
        },
        "MS1_4": {
          "meanserv": 1.9677005000935477,
          "stddevserv": 1.9677005000935477,
          "rate": 0.5082074228026361,
          "cv": 1.0,
          "lambda": 0.075
        },
        "MS1_5": {
          "meanserv": 0.24558088747162188,
          "stddevserv": 0.24558088747162188,
          "rate": 4.071978118067332,
          "cv": 1.0,
          "lambda": 0.075
        }
      },
      "sensors": [
        "S1"
      ],
      "sources": [
        {
          "startTime": 0,
          "stopTime": -1,
          "lambda": 0.075
        }
      ]
    },
    "SC2": {
      "resptime": 18.472353964130125,
      "resptime_old": 8.472353964130125,
      "waittime": 5.318012296121222,
      "servicetime": 9.999999999999998,
      "networktime": 3.154341668008903,
      "services": {
        "MS2_1": {
          "meanserv": 1.0561854150061145,
          "stddevserv": 1.0561854150061145,
          "rate": 0.9468034549541765,
          "cv": 1.0,
          "lambda": 0.075
        },
        "MS2_2": {
          "meanserv": 4.559866987686842,
          "stddevserv": 4.559866987686842,
          "rate": 0.21930464259162225,
          "cv": 1.0,
          "lambda": 0.075
        },
        "MS2_3": {
          "meanserv": 2.5013245160605804,
          "stddevserv": 2.5013245160605804,
          "rate": 0.3997881896487919,
          "cv": 1.0,
          "lambda": 0.075
        },
        "MS2_4": {
          "meanserv": 0.4803016435546681,
          "stddevserv": 0.4803016435546681,
          "rate": 2.082024938742854,
          "cv": 1.0,
          "lambda": 0.075
        },
        "MS2_5": {
          "meanserv": 1.4023214376917945,
          "stddevserv": 1.4023214376917945,
          "rate": 0.7131032679968075,
          "cv": 1.0,
          "lambda": 0.075
        }
      },
      "sensors": [
        "S2"
      ],
      "sources": [
        {
          "startTime": 0,
          "stopTime": -1,
          "lambda": 0.075
        }
      ]
    },
    "SC3": {
      "resptime": 19.335097883493624,
      "resptime_old": 9.335097883493622,
      "waittime": 6.538812403584832,
      "servicetime": 10.0,
      "networktime": 2.796285479908791,
      "services": {
        "MS3_1": {
          "meanserv": 0.7267612376970545,
          "stddevserv": 0.7267612376970545,
          "rate": 1.3759677155715937,
          "cv": 1.0,
          "lambda": 0.075
        },
        "MS3_2": {
          "meanserv": 3.1684293925425813,
          "stddevserv": 3.1684293925425813,
          "rate": 0.3156137871822753,
          "cv": 1.0,
          "lambda": 0.075
        },
        "MS3_3": {
          "meanserv": 0.4792781296554911,
          "stddevserv": 0.4792781296554911,
          "rate": 2.0864711701299785,
          "cv": 1.0,
          "lambda": 0.075
        },
        "MS3_4": {
          "meanserv": 0.017450937496364283,
          "stddevserv": 0.017450937496364283,
          "rate": 57.303511642760704,
          "cv": 1.0,
          "lambda": 0.075
        },
        "MS3_5": {
          "meanserv": 5.608080302608509,
          "stddevserv": 5.608080302608509,
          "rate": 0.17831413710942512,
          "cv": 1.0,
          "lambda": 0.075
        }
      },
      "sensors": [
        "S3"
      ],
      "sources": [
        {
          "startTime": 0,
          "stopTime": -1,
          "lambda": 0.075
        }
      ]
    },
    "SC4": {
      "resptime": 17.648223585793232,
      "resptime_old": 7.64822358579323,
      "waittime": 4.625638099932607,
      "servicetime": 10.0,
      "networktime": 3.0225854858606223,
      "services": {
        "MS4_1": {
          "meanserv": 5.094695579127752,
          "stddevserv": 5.094695579127752,
          "rate": 0.19628258145528044,
          "cv": 1.0,
          "lambda": 0.075
        },
        "MS4_2": {
          "meanserv": 0.17649214386731593,
          "stddevserv": 0.17649214386731593,
          "rate": 5.665974575909648,
          "cv": 1.0,
          "lambda": 0.075
        },
        "MS4_3": {
          "meanserv": 0.9983944833060736,
          "stddevserv": 0.9983944833060736,
          "rate": 1.0016080985229505,
          "cv": 1.0,
          "lambda": 0.075
        },
        "MS4_4": {
          "meanserv": 1.6802217171908733,
          "stddevserv": 1.6802217171908733,
          "rate": 0.5951595493432132,
          "cv": 1.0,
          "lambda": 0.075
        },
        "MS4_5": {
          "meanserv": 2.0501960765079854,
          "stddevserv": 2.0501960765079854,
          "rate": 0.487758225400206,
          "cv": 1.0,
          "lambda": 0.075
        }
      },
      "sensors": [
        "S4"
      ],
      "sources": [
        {
          "startTime": 0,
          "stopTime": -1,
          "lambda": 0.075
        }
      ]
    }
  },
  "microservice": {
    "MS1_1": "F7",
    "MS1_2": "F5",
    "MS1_3": "F5",
    "MS1_4": "F5",
    "MS1_5": "F5",
    "MS2_1": "F2",
    "MS2_2": "F10",
    "MS2_3": "F1",
    "MS2_4": "F1",
    "MS2_5": "F1",
    "MS3_1": "F4",
    "MS3_2": "F4",
    "MS3_3": "F2",
    "MS3_4": "F2",
    "MS3_5": "F6",
    "MS4_1": "F3",
    "MS4_2": "F8",
    "MS4_3": "F8",
    "MS4_4": "F8",
    "MS4_5": "F9"
  },
  "sensor": {
    "S1": "F7",
    "S2": "F2",
    "S3": "F4",
    "S4": "F3"
  },
  "fog": {
    "F1": {
      "rho": 0.3287960697980282,
      "capacity": 1.0,
      "tserv": 1.4613158657690144,
      "stddev": 1.8709450960650211,
      "mu": 0.68431474907292,
      "cv": 1.2803153239429452,
      "lambda": 0.22499999999999998,
      "twait": 0.9446256611809271
    },
    "F2": {
      "rho": 0.11646858616184774,
      "capacity": 1.0,
      "tserv": 0.5176381607193233,
      "stddev": 0.7931438682054601,
      "mu": 1.93185138941529,
      "cv": 1.5322360837989357,
      "lambda": 0.22499999999999998,
      "twait": 0.11421832352955416
    },
    "F3": {
      "rho": 0.38210216843458134,
      "capacity": 1.0,
      "tserv": 5.094695579127752,
      "stddev": 5.094695579127752,
      "mu": 0.19628258145528044,
      "cv": 1.0,
      "lambda": 0.075,
      "twait": 3.1505115066788947
    },
    "F4": {
      "rho": 0.29213929726797266,
      "capacity": 1.0,
      "tserv": 1.9475953151198178,
      "stddev": 2.602690761629211,
      "mu": 0.5134536893967006,
      "cv": 1.336361173917227,
      "lambda": 0.15,
      "twait": 1.1196192984752118
    },
    "F5": {
      "rho": 0.37293180858863223,
      "capacity": 1.0,
      "tserv": 1.243106028628774,
      "stddev": 1.7235680370925381,
      "mu": 0.8044366103694826,
      "cv": 1.386501229499904,
      "lambda": 0.3,
      "twait": 1.080265138326316
    },
    "F6": {
      "rho": 0.4206060226956382,
      "capacity": 1.0,
      "tserv": 5.608080302608509,
      "stddev": 5.608080302608509,
      "mu": 0.17831413710942512,
      "cv": 1.0,
      "lambda": 0.075,
      "twait": 4.071137159575301
    },
    "F7": {
      "rho": 0.37706819141136777,
      "capacity": 1.0,
      "tserv": 5.027575885484904,
      "stddev": 5.027575885484904,
      "mu": 0.19890301464908694,
      "cv": 1.0,
      "lambda": 0.075,
      "twait": 3.043252760873373
    },