{
  "servicechain": {
    "SC1": {
      "resptime": 28.24477522629304,
      "resptime_old": 18.24477522629304,
      "waittime": 10.676056817416109,
      "servicetime": 10.0,
      "networktime": 7.56871840887693,
      "services": {
        "MS1_1": {
          "meanserv": 0.5280399645815625,
          "stddevserv": 0.5280399645815625,
          "rate": 1.8937960515780945,
          "cv": 1.0,
          "lambda": 0.125
        },
        "MS1_2": {
          "meanserv": 3.528284862899241,
          "stddevserv": 3.528284862899241,
          "rate": 0.28342382739989025,
          "cv": 1.0,
          "lambda": 0.125
        },
        "MS1_3": {
          "meanserv": 0.9914203351533573,
          "stddevserv": 0.9914203351533573,
          "rate": 1.008653912515639,
          "cv": 1.0,
          "lambda": 0.125
        },
        "MS1_4": {
          "meanserv": 4.498055637616428,
          "stddevserv": 4.498055637616428,
          "rate": 0.22231828162310407,
          "cv": 1.0,
          "lambda": 0.125
        },
        "MS1_5": {
          "meanserv": 0.4541991997494108,
          "stddevserv": 0.4541991997494108,
          "rate": 2.20167715080017,
          "cv": 1.0,
          "lambda": 0.125
        }
      },
      "sensors": [
        "S1"
      ],
      "sources": [
        {
          "startTime": 0,
          "stopTime": -1,
          "lambda": 0.125
        }
      ]
    },
    "SC2": {
      "resptime": 24.914828168863263,
      "resptime_old": 14.914828168863261,
      "waittime": 11.452079072260998,
      "servicetime": 10.0,
      "networktime": 3.462749096602262,
      "services": {
        "MS2_1": {
          "meanserv": 1.6147194644099683,
          "stddevserv": 1.6147194644099683,
          "rate": 0.6193026231744895,
          "cv": 1.0,
          "lambda": 0.125
        },
        "MS2_2": {
          "meanserv": 0.5108827652092387,
          "stddevserv": 0.5108827652092387,
          "rate": 1.9573962327549588,
          "cv": 1.0,
          "lambda": 0.125
        },
        "MS2_3": {
          "meanserv": 0.8371053816309466,
          "stddevserv": 0.8371053816309466,
          "rate": 1.1945927262487348,
          "cv": 1.0,
          "lambda": 0.125
        },
        "MS2_4": {
          "meanserv": 4.77753006669514,
          "stddevserv": 4.77753006669514,
          "rate": 0.20931317773825142,
          "cv": 1.0,
          "lambda": 0.125
        },
        "MS2_5": {
          "meanserv": 2.2597623220547067,
          "stddevserv": 2.2597623220547067,
          "rate": 0.44252441517422153,
          "cv": 1.0,
          "lambda": 0.125
        }
      },
      "sensors": [
        "S2"
      ],
      "sources": [
        {
          "startTime": 0,
          "stopTime": -1,
          "lambda": 0.125
        }
      ]
    },
    "SC3": {
      "resptime": 26.060965774700655,
      "resptime_old": 16.060965774700655,
      "waittime": 12.246079525898102,
      "servicetime": 10.0,
      "networktime": 3.8148862488025532,
      "services": {
        "MS3_1": {
          "meanserv": 1.3527972541805144,
          "stddevserv": 1.3527972541805144,
          "rate": 0.7392090698807422,
          "cv": 1.0,
          "lambda": 0.125
        },
        "MS3_2": {
          "meanserv": 1.820317425929898,
          "stddevserv": 1.820317425929898,
          "rate": 0.5493547365724724,
          "cv": 1.0,
          "lambda": 0.125
        },
        "MS3_3": {
          "meanserv": 5.07786789620806,
          "stddevserv": 5.07786789620806,
          "rate": 0.196933047578248,
          "cv": 1.0,
          "lambda": 0.125
        },
        "MS3_4": {
          "meanserv": 1.2012708437591666,
          "stddevserv": 1.2012708437591666,
          "rate": 0.8324517365881247,
          "cv": 1.0,
          "lambda": 0.125
        },
        "MS3_5": {
          "meanserv": 0.5477465799223609,
          "stddevserv": 0.5477465799223609,
          "rate": 1.825661787138393,
          "cv": 1.0,
          "lambda": 0.125
        }
      },
      "sensors": [
        "S3"
      ],
      "sources": [
        {
          "startTime": 0,
          "stopTime": -1,
          "lambda": 0.125
        }
      ]
    },
    "SC4": {
      "resptime": 28.455824044415515,
      "resptime_old": 18.455824044415515,
      "waittime": 12.702535392007889,
      "servicetime": 10.0,
      "networktime": 5.753288652407628,
      "services": {
        "MS4_1": {
          "meanserv": 1.63715339271983,
          "stddevserv": 1.63715339271983,
          "rate": 0.6108163135151823,
          "cv": 1.0,
          "lambda": 0.125
        },
        "MS4_2": {
          "meanserv": 3.7382633835526744,
          "stddevserv": 3.7382633835526744,
          "rate": 0.2675038908172505,
          "cv": 1.0,
          "lambda": 0.125
        },
        "MS4_3": {
          "meanserv": 3.135449946043024,
          "stddevserv": 3.135449946043024,
          "rate": 0.3189334919098333,
          "cv": 1.0,
          "lambda": 0.125
        },
        "MS4_4": {
          "meanserv": 1.4203444991584053,
          "stddevserv": 1.4203444991584053,
          "rate": 0.704054544930845,
          "cv": 1.0,
          "lambda": 0.125
        },
        "MS4_5": {
          "meanserv": 0.06878877852606635,
          "stddevserv": 0.06878877852606635,
          "rate": 14.537254788163839,
          "cv": 1.0,
          "lambda": 0.125
        }
      },
      "sensors": [
        "S4"
      ],
      "sources": [
        {
          "startTime": 0,
          "stopTime": -1,
          "lambda": 0.125
        }
      ]
    }
  },
  "microservice": {
    "MS1_1": "F6",
    "MS1_2": "F4",
    "MS1_3": "F6",
    "MS1_4": "F9",
    "MS1_5": "F1",
    "MS2_1": "F1",
    "MS2_2": "F1",
    "MS2_3": "F1",
    "MS2_4": "F10",
    "MS2_5": "F5",
    "MS3_1": "F3",
    "MS3_2": "F3",
    "MS3_3": "F8",
    "MS3_4": "F6",
    "MS3_5": "F6",
    "MS4_1": "F5",
    "MS4_2": "F7",
    "MS4_3": "F2",
    "MS4_4": "F2",
    "MS4_5": "F6"
  },
  "sensor": {
    "S1": "F6",
    "S2": "F1",
    "S3": "F3",
    "S4": "F5"
  },
  "fog": {
    "F1": {
      "rho": 0.4271133513749456,
      "capacity": 1.0,
      "tserv": 0.8542267027498911,
      "stddev": 1.0760938532857738,
      "mu": 1.17064942688029,
      "cv": 1.2597286526183942,
      "lambda": 0.5,
      "twait": 0.8237586114551932
    },
    "F2": {
      "rho": 0.5694743056501786,
      "capacity": 1.0,
      "tserv": 2.2778972226007146,
      "stddev": 2.5806218443814455,
      "mu": 0.4390013693674391,
      "cv": 1.1328965235029809,
      "lambda": 0.25,
      "twait": 3.4401038706656637
    },
    "F3": {
      "rho": 0.39663933501380155,
      "capacity": 1.0,
      "tserv": 1.5865573400552062,
      "stddev": 1.6206331320750351,
      "mu": 0.6302955302990838,
      "cv": 1.0214778194014993,
      "lambda": 0.25,
      "twait": 1.0656180126898163
    },
    "F4": {
      "rho": 0.44103560786240514,
      "capacity": 1.0,
      "tserv": 3.528284862899241,
      "stddev": 3.528284862899241,
      "mu": 0.28342382739989025,
      "cv": 1.0,
      "lambda": 0.125,
      "twait": 2.7838969371012094
    },
    "F5": {
      "rho": 0.4871144643468171,
      "capacity": 1.0,
      "tserv": 1.9484578573872684,
      "stddev": 1.9975757711430988,
      "mu": 0.5132263939959794,
      "cv": 1.0252086097575104,
      "lambda": 0.25,
      "twait": 1.8977911351982495
    },
    "F6": {
      "rho": 0.4171583127428143,
      "capacity": 1.0,
      "tserv": 0.6674533003885028,
      "stddev": 0.8708192847165804,
      "mu": 1.4982321600896011,
      "cv": 1.3046894579886037,
      "lambda": 0.625,
      "twait": 0.6454476410325178
    },
    "F7": {
      "rho": 0.46728292294408424,
      "capacity": 1.0,
      "tserv": 3.7382633835526744,
      "stddev": 3.7382633835526744,
      "mu": 0.2675038908172505,
      "cv": 1.0,
      "lambda": 0.125,
      "twait": 3.2790888744457938
    },
    "F8": {
      "rho": 0.6347334870260075,