{
  "servicechain": {
    "SC1": {
      "resptime": 29.856490294845084,
      "resptime_old": 19.856490294845088,
      "waittime": 16.93247654646477,
      "servicetime": 10.0,
      "networktime": 2.9240137483803146,
      "services": {
        "MS1_1": {
          "meanserv": 0.238967053654352,
          "stddevserv": 0.238967053654352,
          "rate": 4.184677279598657,
          "cv": 1.0,
          "lambda": 0.075
        },
        "MS1_2": {
          "meanserv": 0.7118631589190683,
          "stddevserv": 0.7118631589190683,
          "rate": 1.4047643672394206,
          "cv": 1.0,
          "lambda": 0.075
        },
        "MS1_3": {
          "meanserv": 0.6323004920526354,
          "stddevserv": 0.6323004920526354,
          "rate": 1.5815265250762383,
          "cv": 1.0,
          "lambda": 0.075
        },
        "MS1_4": {
          "meanserv": 0.30649334310498544,
          "stddevserv": 0.30649334310498544,
          "rate": 3.2627136037256856,
          "cv": 1.0,
          "lambda": 0.075
        },
        "MS1_5": {
          "meanserv": 3.545818692776102,
          "stddevserv": 3.545818692776102,
          "rate": 0.28202231604151123,
          "cv": 1.0,
          "lambda": 0.075
        },
        "MS1_6": {
          "meanserv": 1.1273115999104037,
          "stddevserv": 1.1273115999104037,
          "rate": 0.8870661847881968,
          "cv": 1.0,
          "lambda": 0.075
        },
        "MS1_7": {
          "meanserv": 0.22722758490500894,
          "stddevserv": 0.22722758490500894,
          "rate": 4.40087412986431,
          "cv": 1.0,
          "lambda": 0.075
        },
        "MS1_8": {
          "meanserv": 0.6403335153513945,
          "stddevserv": 0.6403335153513945,
          "rate": 1.561686177633904,
          "cv": 1.0,
          "lambda": 0.075
        },
        "MS1_9": {
          "meanserv": 1.7119841419725477,
          "stddevserv": 1.7119841419725477,
          "rate": 0.5841175601356916,
          "cv": 1.0,
          "lambda": 0.075
        },
        "MS1_10": {
          "meanserv": 0.8577004173535023,
          "stddevserv": 0.8577004173535023,
          "rate": 1.1659082586033636,
          "cv": 1.0,
          "lambda": 0.075
        }
      },
      "sensors": [
        "S1"
      ],
      "sources": [
        {
          "startTime": 0,
          "stopTime": -1,
          "lambda": 0.075
        }
      ]
    },
    "SC2": {
      "resptime": 30.635756300312746,
      "resptime_old": 20.635756300312746,
      "waittime": 18.63248471938329,
      "servicetime": 10.0,
      "networktime": 2.0032715809294577,
      "services": {
        "MS2_1": {
          "meanserv": 1.6857991427631502,
          "stddevserv": 1.6857991427631502,
          "rate": 0.5931904784106875,
          "cv": 1.0,
          "lambda": 0.075
        },
        "MS2_2": {
          "meanserv": 0.14901025510066668,
          "stddevserv": 0.14901025510066668,
          "rate": 6.7109475070989655,
          "cv": 1.0,
          "lambda": 0.075
        },
        "MS2_3": {
          "meanserv": 1.0483811962234433,
          "stddevserv": 1.0483811962234433,
          "rate": 0.9538515223301165,
          "cv": 1.0,
          "lambda": 0.075
        },
        "MS2_4": {
          "meanserv": 0.060251470374868,
          "stddevserv": 0.060251470374868,
          "rate": 16.597105328355912,
          "cv": 1.0,
          "lambda": 0.075
        },
        "MS2_5": {
          "meanserv": 1.0059178645174853,
          "stddevserv": 1.0059178645174853,
          "rate": 0.9941169505719794,
          "cv": 1.0,
          "lambda": 0.075
        },
        "MS2_6": {
          "meanserv": 1.282849829127259,
          "stddevserv": 1.282849829127259,
          "rate": 0.7795144663817075,
          "cv": 1.0,
          "lambda": 0.075
        },
        "MS2_7": {
          "meanserv": 1.005777776939107,
          "stddevserv": 1.005777776939107,
          "rate": 0.9942554139974235,
          "cv": 1.0,
          "lambda": 0.075
        },
        "MS2_8": {
          "meanserv": 0.44527173509301754,
          "stddevserv": 0.44527173509301754,
          "rate": 2.2458196224628977,
          "cv": 1.0,
          "lambda": 0.075
        },
        "MS2_9": {
          "meanserv": 2.737595758820156,
          "stddevserv": 2.737595758820156,
          "rate": 0.36528402587494446,
          "cv": 1.0,
          "lambda": 0.075
        },
        "MS2_10": {
          "meanserv": 0.5791449710408472,
          "stddevserv": 0.5791449710408472,
          "rate": 1.7266833867223028,
          "cv": 1.0,
          "lambda": 0.075
        }
      },
      "sensors": [
        "S2"
      ],
      "sources": [
        {
          "startTime": 0,
          "stopTime": -1,
          "lambda": 0.075
        }
      ]
    },
    "SC3": {
      "resptime": 29.63597500344123,
      "resptime_old": 19.63597500344124,
      "waittime": 16.602868885511214,
      "servicetime": 10.0,
      "networktime": 3.0331061179300174,
      "services": {
        "MS3_1": {
          "meanserv": 0.4006623275283272,
          "stddevserv": 0.4006623275283272,
          "rate": 2.49586729595709,
          "cv": 1.0,
          "lambda": 0.075
        },
        "MS3_2": {
          "meanserv": 0.21128766829860313,
          "stddevserv": 0.21128766829860313,
          "rate": 4.7328838831556705,
          "cv": 1.0,
          "lambda": 0.075
        },
        "MS3_3": {
          "meanserv": 4.880199843418177,
          "stddevserv": 4.880199843418177,
          "rate": 0.20490964142558196,
          "cv": 1.0,
          "lambda": 0.075
        },
        "MS3_4": {
          "meanserv": 1.7367941162638019,
          "stddevserv": 1.7367941162638019,
          "rate": 0.5757734843961838,
          "cv": 1.0,
          "lambda": 0.075
        },
        "MS3_5": {
          "meanserv": 0.22836984258289572,
          "stddevserv": 0.22836984258289572,
          "rate": 4.378861887760031,
          "cv": 1.0,
          "lambda": 0.075
        },
        "MS3_6": {
          "meanserv": 0.2789170158349892,
          "stddevserv": 0.2789170158349892,
          "rate": 3.5852957805615295,
          "cv": 1.0,
          "lambda": 0.075
        },
        "MS3_7": {
          "meanserv": 0.565432778145504,
          "stddevserv": 0.565432778145504,
          "rate": 1.768556827002109,
          "cv": 1.0,
          "lambda": 0.075
        },
        "MS3_8": {
          "meanserv": 0.5565175519732684,
          "stddevserv": 0.5565175519732684,
          "rate": 1.7968885194263087,
          "cv": 1.0,
          "lambda": 0.075
        },
        "MS3_9": {
          "meanserv": 0.40007482250260473,
          "stddevserv": 0.40007482250260473,
          "rate": 2.4995324468174687,
          "cv": 1.0,
          "lambda": 0.075
        },
        "MS3_10": {
          "meanserv": 0.7417440334518286,
          "stddevserv": 0.7417440334518286,
          "rate": 1.3481739722884383,
          "cv": 1.0,
          "lambda": 0.075
        }
      },
      "sensors": [
        "S3"
      ],
      "sources": [
        {
          "startTime": 0,
          "stopTime": -1,
          "lambda": 0.075
        }
      ]
    },
    "SC4": {
      "resptime": 35.526388114981884,
      "resptime_old": 25.52638811498189,
      "waittime": 19.403850829179188,
      "servicetime": 10.0,
      "networktime": 6.122537285802699,
      "services": {
        "MS4_1": {
          "meanserv": 0.11345584462309932,
          "stddevserv": 0.11345584462309932,
          "rate": 8.814001634926814,
          "cv": 1.0,
          "lambda": 0.075
        },
        "MS4_2": {
          "meanserv": 0.6505465360109497,
          "stddevserv": 0.6505465360109497,
          "rate": 1.5371690488613539,
          "cv": 1.0,
          "lambda": 0.075
        },
        "MS4_3": {
          "meanserv": 1.3028873034340427,
          "stddevserv": 1.3028873034340427,