{
  "servicechain": {
    "SC1": {
      "resptime": 49.54307456148227,
      "resptime_old": 39.543074561482264,
      "waittime": 36.21346874570078,
      "servicetime": 10.0,
      "networktime": 3.3296058157814876,
      "services": {
        "MS1_1": {
          "meanserv": 5.648576872092454,
          "stddevserv": 5.648576872092454,
          "rate": 0.1770357423903768,
          "cv": 1.0,
          "lambda": 0.15
        },
        "MS1_2": {
          "meanserv": 1.5513693260859878,
          "stddevserv": 1.5513693260859878,
          "rate": 0.6445918345716815,
          "cv": 1.0,
          "lambda": 0.15
        },
        "MS1_3": {
          "meanserv": 2.0943012535284122,
          "stddevserv": 2.0943012535284122,
          "rate": 0.47748622521007034,
          "cv": 1.0,
          "lambda": 0.15
        },
        "MS1_4": {
          "meanserv": 0.7057525482931464,
          "stddevserv": 0.7057525482931464,
          "rate": 1.4169272252979992,
          "cv": 1.0,
          "lambda": 0.15
        }
      },
      "sensors": [
        "S1"
      ],
      "sources": [
        {
          "startTime": 0,
          "stopTime": -1,
          "lambda": 0.15
        }
      ]
    },
    "SC2": {
      "resptime": 40.75114426678903,
      "resptime_old": 30.751144266789026,
      "waittime": 26.353177160656163,
      "servicetime": 10.0,
      "networktime": 4.397967106132864,
      "services": {
        "MS2_1": {
          "meanserv": 5.342091473656384,
          "stddevserv": 5.342091473656384,
          "rate": 0.1871926014242418,
          "cv": 1.0,
          "lambda": 0.15
        },
        "MS2_2": {
          "meanserv": 0.18244770543112399,
          "stddevserv": 0.18244770543112399,
          "rate": 5.481022617615276,
          "cv": 1.0,
          "lambda": 0.15
        },
        "MS2_3": {
          "meanserv": 1.4305985161228012,
          "stddevserv": 1.4305985161228012,
          "rate": 0.6990081345185465,
          "cv": 1.0,
          "lambda": 0.15
        },
        "MS2_4": {
          "meanserv": 3.0448623047896906,
          "stddevserv": 3.0448623047896906,
          "rate": 0.3284220762387054,
          "cv": 1.0,
          "lambda": 0.15
        }
      },
      "sensors": [
        "S2"
      ],
      "sources": [
        {
          "startTime": 0,
          "stopTime": -1,
          "lambda": 0.15
        }
      ]
    },
    "SC3": {
      "resptime": 40.07809029293363,
      "resptime_old": 30.078090292933634,
      "waittime": 24.535659225777295,
      "servicetime": 10.0,
      "networktime": 5.542431067156336,
      "services": {
        "MS3_1": {
          "meanserv": 2.1397838370708486,
          "stddevserv": 2.1397838370708486,
          "rate": 0.4673369256629682,
          "cv": 1.0,
          "lambda": 0.15
        },
        "MS3_2": {
          "meanserv": 5.211993604958796,
          "stddevserv": 5.211993604958796,
          "rate": 0.19186516250683422,
          "cv": 1.0,
          "lambda": 0.15
        },
        "MS3_3": {
          "meanserv": 1.4171151355814144,
          "stddevserv": 1.4171151355814144,
          "rate": 0.7056589650986401,
          "cv": 1.0,
          "lambda": 0.15
        },
        "MS3_4": {
          "meanserv": 1.2311074223889413,
          "stddevserv": 1.2311074223889413,
          "rate": 0.8122768020190458,
          "cv": 1.0,
          "lambda": 0.15
        }
      },
      "sensors": [
        "S3"
      ],
      "sources": [
        {
          "startTime": 0,
          "stopTime": -1,
          "lambda": 0.15
        }
      ]
    },
    "SC4": {
      "resptime": 29.50539177894539,
      "resptime_old": 19.505391778945388,
      "waittime": 15.33846197418954,
      "servicetime": 10.0,
      "networktime": 4.166929804755848,
      "services": {
        "MS4_1": {
          "meanserv": 2.9716620554096753,
          "stddevserv": 2.9716620554096753,
          "rate": 0.33651201965566013,
          "cv": 1.0,
          "lambda": 0.15
        },
        "MS4_2": {
          "meanserv": 2.2145106867143625,
          "stddevserv": 2.2145106867143625,
          "rate": 0.45156702381223796,
          "cv": 1.0,
          "lambda": 0.15
        },
        "MS4_3": {
          "meanserv": 2.4168592258024644,
          "stddevserv": 2.4168592258024644,
          "rate": 0.41376013518866506,
          "cv": 1.0,
          "lambda": 0.15
        },
        "MS4_4": {
          "meanserv": 2.396968032073498,
          "stddevserv": 2.396968032073498,
          "rate": 0.41719371581895887,
          "cv": 1.0,
          "lambda": 0.15
        }
      },
      "sensors": [
        "S4"
      ],
      "sources": [
        {
          "startTime": 0,
          "stopTime": -1,
          "lambda": 0.15
        }
      ]
    }
  },
  "microservice": {
    "MS1_1": "F2",
    "MS1_2": "F6",
    "MS1_3": "F9",
    "MS1_4": "F9",
    "MS2_1": "F1",
    "MS2_2": "F8",
    "MS2_3": "F8",
    "MS2_4": "F4",
    "MS3_1": "F6",
    "MS3_2": "F7",
    "MS3_3": "F8",
    "MS3_4": "F3",
    "MS4_1": "F5",
    "MS4_2": "F10",
    "MS4_3": "F10",
    "MS4_4": "F3"
  },
  "sensor": {
    "S1": "F2",
    "S2": "F1",
    "S3": "F6",
    "S4": "F5"
  },
  "fog": {
    "F1": {
      "rho": 0.8013137210484576,
      "capacity": 1.0,
      "tserv": 5.342091473656384,
      "stddev": 5.342091473656384,
      "mu": 0.1871926014242418,
      "cv": 1.0,
      "lambda": 0.15,
      "twait": 21.544976429805963
    },
    "F2": {
      "rho": 0.847286530813868,
      "capacity": 1.0,
      "tserv": 5.648576872092454,
      "stddev": 5.648576872092453,
      "mu": 0.1770357423903768,
      "cv": 0.9999999999999999,
      "lambda": 0.15,
      "twait": 31.339495641719587
    },
    "F3": {
      "rho": 0.5442113181693659,
      "capacity": 1.0,
      "tserv": 1.8140377272312196,
      "stddev": 1.9925733001386001,
      "mu": 0.5512564512791628,
      "cv": 1.0984188863480149,
      "lambda": 0.3,
      "twait": 2.3896209543027584
    },
    "F4": {
      "rho": 0.4567293457184536,
      "capacity": 1.0,
      "tserv": 3.0448623047896906,
      "stddev": 3.0448623047896906,
      "mu": 0.3284220762387054,
      "cv": 1.0,
      "lambda": 0.15,
      "twait": 2.5598253049550292
    },
    "F5": {
      "rho": 0.44574930831145126,
      "capacity": 1.0,
      "tserv": 2.9716620554096753,
      "stddev": 2.9716620554096753,
      "mu": 0.33651201965566013,
      "cv": 1.0,
      "lambda": 0.15,
      "twait": 2.3899226931025512
    },
    "F6": {
      "rho": 0.5536729744735254,
      "capacity": 1.0,
      "tserv": 1.845576581578418,
      "stddev": 1.8918955406785696,
      "mu": 0.5418360906729518,
      "cv": 1.0250972837228665,
      "lambda": 0.3,
      "twait": 2.347635676017041
    },
    "F7": {
      "rho": 0.7817990407438193,
      "capacity": 1.0,
      "tserv": 5.211993604958796,
      "stddev": 5.2119936049587965,
      "mu": 0.19186516250683422,
      "cv": 1.0000000000000002,
      "lambda": 0.15,
      "twait": 18.67421488250991
    },
    "F8": {
      "rho": 0.4545242035703008,
      "capacity": 1.0,
      "tserv": 1.0100537857117797,
      "stddev": 1.3058334789187904,
      "mu": 0.9900462867878913,
      "cv": 1.2928355869668626,
      "lambda": 0.44999999999999996,
      "twait": 1.1241877129475848
    },
    "F9": {
      "rho": 0.4200080702732338,
      "capacity": 1.0,
      "tserv": 1.4000269009107793,
      "stddev": 1.7100026539976796,
      "mu": 0.7142719895949541,
      "cv": 1.2214069978835744,
      "lambda": 0.3,
      "twait": 1.263168713982077
    },
    "F10": {
      "rho": 0.694705486877524,
      "capacity": 1.0,
      "tserv": 2.3156849562584134,
      "stddev": 2.320101136217358,
      "mu": 0.43183767174260096,
      "cv": 1.001907072871467,
      "lambda": 0.3,
      "twait": 5.279459163392116
    }
  },
  "extra": {
    "conv_gen": 37,
    "max_gen": 600,
    "population": 600,
    "deltatime": 31.9397562,
    "obj_func": 39.969425225037575
  },