{
  "servicechain": {
    "SC1": {
      "resptime": 21.504517517049077,
      "resptime_old": 11.504517517049074,
      "waittime": 8.150078389854277,
      "servicetime": 10.0,
      "networktime": 3.354439127194799,
      "services": {
        "MS1_1": {
          "meanserv": 0.6048088582207556,
          "stddevserv": 0.6048088582207556,
          "rate": 1.65341493664929,
          "cv": 1.0,
          "lambda": 0.075
        },
        "MS1_2": {
          "meanserv": 6.861419907805498,
          "stddevserv": 6.861419907805498,
          "rate": 0.14574242845309726,
          "cv": 1.0,
          "lambda": 0.075
        },
        "MS1_3": {
          "meanserv": 0.9192324482583043,
          "stddevserv": 0.9192324482583043,
          "rate": 1.08786412174062,
          "cv": 1.0,
          "lambda": 0.075
        },
        "MS1_4": {
          "meanserv": 1.1547382854773307,
          "stddevserv": 1.1547382854773307,
          "rate": 0.865997094386312,
          "cv": 1.0,
          "lambda": 0.075
        },
        "MS1_5": {
          "meanserv": 0.4598005002381118,
          "stddevserv": 0.4598005002381118,
          "rate": 2.1748562680600414,
          "cv": 1.0,
          "lambda": 0.075
        }
      },
      "sensors": [
        "S1"
      ],
      "sources": [
        {
          "startTime": 0,
          "stopTime": -1,
          "lambda": 0.075
        }
      ]
    },
    "SC2": {
      "resptime": 20.72439265612535,
      "resptime_old": 10.72439265612535,
      "waittime": 6.479949439670807,
      "servicetime": 10.0,
      "networktime": 4.244443216454541,
      "services": {
        "MS2_1": {
          "meanserv": 3.048935558976331,
          "stddevserv": 3.048935558976331,
          "rate": 0.3279833176716094,
          "cv": 1.0,
          "lambda": 0.075
        },
        "MS2_2": {
          "meanserv": 6.20920225470197,
          "stddevserv": 6.20920225470197,
          "rate": 0.16105128468681168,
          "cv": 1.0,
          "lambda": 0.075
        },
        "MS2_3": {
          "meanserv": 0.07275891189419248,
          "stddevserv": 0.07275891189419248,
          "rate": 13.744020821177491,
          "cv": 1.0,
          "lambda": 0.075
        },
        "MS2_4": {
          "meanserv": 0.5098430922160588,
          "stddevserv": 0.5098430922160588,
          "rate": 1.961387758836644,
          "cv": 1.0,
          "lambda": 0.075
        },
        "MS2_5": {
          "meanserv": 0.15926018221144744,
          "stddevserv": 0.15926018221144744,
          "rate": 6.279033378677882,
          "cv": 1.0,
          "lambda": 0.075
        }
      },
      "sensors": [
        "S2"
      ],
      "sources": [
        {
          "startTime": 0,
          "stopTime": -1,
          "lambda": 0.075
        }
      ]
    },
    "SC3": {
      "resptime": 21.44258895829466,
      "resptime_old": 11.44258895829466,
      "waittime": 7.633879126660341,
      "servicetime": 10.0,
      "networktime": 3.8087098316343195,
      "services": {
        "MS3_1": {
          "meanserv": 0.8051861094304635,
          "stddevserv": 0.8051861094304635,
          "rate": 1.2419488963953131,
          "cv": 1.0,
          "lambda": 0.075
        },
        "MS3_2": {
          "meanserv": 1.207548006150896,
          "stddevserv": 1.207548006150896,
          "rate": 0.8281244264462305,
          "cv": 1.0,
          "lambda": 0.075
        },
        "MS3_3": {
          "meanserv": 0.7076150611664929,
          "stddevserv": 0.7076150611664929,
          "rate": 1.4131977326083407,
          "cv": 1.0,
          "lambda": 0.075
        },
        "MS3_4": {
          "meanserv": 6.652149272731579,
          "stddevserv": 6.652149272731579,
          "rate": 0.15032735421304955,
          "cv": 1.0,
          "lambda": 0.075
        },
        "MS3_5": {
          "meanserv": 0.6275015505205683,
          "stddevserv": 0.6275015505205683,
          "rate": 1.5936215602501875,
          "cv": 1.0,
          "lambda": 0.075
        }
      },
      "sensors": [
        "S3"
      ],
      "sources": [
        {
          "startTime": 0,
          "stopTime": -1,
          "lambda": 0.075
        }
      ]
    },
    "SC4": {
      "resptime": 17.832752561646146,
      "resptime_old": 7.832752561646144,
      "waittime": 4.220189858071406,
      "servicetime": 10.0,
      "networktime": 3.612562703574737,
      "services": {
        "MS4_1": {
          "meanserv": 0.08565122910370038,
          "stddevserv": 0.08565122910370038,
          "rate": 11.67525569060161,
          "cv": 1.0,
          "lambda": 0.075
        },
        "MS4_2": {
          "meanserv": 2.235264391828363,
          "stddevserv": 2.235264391828363,
          "rate": 0.44737437041263706,
          "cv": 1.0,
          "lambda": 0.075
        },
        "MS4_3": {
          "meanserv": 0.9273690798923453,
          "stddevserv": 0.9273690798923453,
          "rate": 1.0783193247246137,
          "cv": 1.0,
          "lambda": 0.075
        },
        "MS4_4": {
          "meanserv": 4.0943451861982965,
          "stddevserv": 4.0943451861982965,
          "rate": 0.24423929945401732,
          "cv": 1.0,
          "lambda": 0.075
        },
        "MS4_5": {
          "meanserv": 2.6573701129772953,
          "stddevserv": 2.6573701129772953,
          "rate": 0.37631190142332427,
          "cv": 1.0,
          "lambda": 0.075
        }
      },
      "sensors": [
        "S4"
      ],
      "sources": [
        {
          "startTime": 0,
          "stopTime": -1,
          "lambda": 0.075
        }
      ]
    }
  },
  "microservice": {
    "MS1_1": "F10",
    "MS1_2": "F1",
    "MS1_3": "F8",
    "MS1_4": "F8",
    "MS1_5": "F8",
    "MS2_1": "F7",
    "MS2_2": "F3",
    "MS2_3": "F10",
    "MS2_4": "F10",
    "MS2_5": "F10",
    "MS3_1": "F6",
    "MS3_2": "F6",
    "MS3_3": "F6",
    "MS3_4": "F2",
    "MS3_5": "F8",
    "MS4_1": "F5",
    "MS4_2": "F5",
    "MS4_3": "F5",
    "MS4_4": "F4",
    "MS4_5": "F9"
  },
  "sensor": {
    "S1": "F10",
    "S2": "F7",
    "S3": "F6",
    "S4": "F5"
  },
  "fog": {
    "F1": {
      "rho": 0.5146064930854123,
      "capacity": 1.0,
      "tserv": 6.861419907805497,
      "stddev": 6.861419907805499,
      "mu": 0.1457424284530973,
      "cv": 1.0000000000000002,
      "lambda": 0.075,
      "twait": 7.274368499048631
    },
    "F2": {
      "rho": 0.4989111954548684,
      "capacity": 1.0,
      "tserv": 6.652149272731579,
      "stddev": 6.652149272731579,
      "mu": 0.15032735421304955,
      "cv": 1.0,
      "lambda": 0.075,
      "twait": 6.623240662930892
    },
    "F3": {
      "rho": 0.46569016910264777,
      "capacity": 1.0,
      "tserv": 6.20920225470197,
      "stddev": 6.20920225470197,
      "mu": 0.16105128468681168,
      "cv": 1.0,
      "lambda": 0.075,
      "twait": 5.411774743370217
    },
    "F4": {
      "rho": 0.3070758889648722,
      "capacity": 1.0,
      "tserv": 4.0943451861982965,
      "stddev": 4.0943451861982965,
      "mu": 0.24423929945401732,
      "cv": 1.0,
      "lambda": 0.075,
      "twait": 1.8144478850688304
    },
    "F5": {
      "rho": 0.24362135256183065,
      "capacity": 1.0,
      "tserv": 1.0827615669414696,
      "stddev": 1.6543271600049072,
      "mu": 0.9235643659062905,
      "cv": 1.5278776145314867,
      "lambda": 0.22499999999999998,
      "twait": 0.581430656254992
    },
    "F6": {
      "rho": 0.20402618825608895,
      "capacity": 1.0,
      "tserv": 0.906783058915951,
      "stddev": 0.9570206054427379,
      "mu": 1.102799605889736,
      "cv": 1.055401946510608,
      "lambda": 0.22499999999999998,
      "twait": 0.2456628497980582
    },
    "F7": {
      "rho": 0.22867016692322484,
      "capacity": 1.0,
      "tserv": 3.048935558976331,
      "stddev": 3.048935558976331,
      "mu": 0.3279833176716094,
      "cv": 1.0,
      "lambda": 0.075,
      "twait": 0.903894252901115
    },
    "F8": {
      "rho": 0.2370954588370736,