{
  "servicechain": {
    "SC1": {
      "resptime": 39.37652021501213,
      "resptime_old": 29.376520215012132,
      "waittime": 25.152040430743686,
      "servicetime": 10.0,
      "networktime": 4.224479784268447,
      "services": {
        "MS1_1": {
          "meanserv": 2.6934701049447196,
          "stddevserv": 2.6934701049447196,
          "rate": 0.37126827513852206,
          "cv": 1.0,
          "lambda": 0.175
        },
        "MS1_2": {
          "meanserv": 2.1258777127226494,
          "stddevserv": 2.1258777127226494,
          "rate": 0.47039394317713706,
          "cv": 1.0,
          "lambda": 0.175
        },
        "MS1_3": {
          "meanserv": 0.9302242159315757,
          "stddevserv": 0.9302242159315757,
          "rate": 1.075009640550528,
          "cv": 1.0,
          "lambda": 0.175
        },
        "MS1_4": {
          "meanserv": 3.475334451100867,
          "stddevserv": 3.475334451100867,
          "rate": 0.2877420904578649,
          "cv": 1.0,
          "lambda": 0.175
        },
        "MS1_5": {
          "meanserv": 0.7750935153001883,
          "stddevserv": 0.7750935153001883,
          "rate": 1.2901669027803786,
          "cv": 1.0,
          "lambda": 0.175
        }
      },
      "sensors": [
        "S1"
      ],
      "sources": [
        {
          "startTime": 0,
          "stopTime": -1,
          "lambda": 0.175
        }
      ]
    },
    "SC2": {
      "resptime": 50.770865318082386,
      "resptime_old": 40.770865318082386,
      "waittime": 33.813056382741564,
      "servicetime": 10.0,
      "networktime": 6.957808935340822,
      "services": {
        "MS2_1": {
          "meanserv": 3.85238584224163,
          "stddevserv": 3.85238584224163,
          "rate": 0.25957939857294227,
          "cv": 1.0,
          "lambda": 0.175
        },
        "MS2_2": {
          "meanserv": 1.9377525215005713,
          "stddevserv": 1.9377525215005713,
          "rate": 0.5160617720293882,
          "cv": 1.0,
          "lambda": 0.175
        },
        "MS2_3": {
          "meanserv": 0.8001557825366294,
          "stddevserv": 0.8001557825366294,
          "rate": 1.249756637176114,
          "cv": 1.0,
          "lambda": 0.175
        },
        "MS2_4": {
          "meanserv": 1.4675983218176327,
          "stddevserv": 1.4675983218176327,
          "rate": 0.6813853526089425,
          "cv": 1.0,
          "lambda": 0.175
        },
        "MS2_5": {
          "meanserv": 1.9421075319035364,
          "stddevserv": 1.9421075319035364,
          "rate": 0.5149045475457584,
          "cv": 1.0,
          "lambda": 0.175
        }
      },
      "sensors": [
        "S2"
      ],
      "sources": [
        {
          "startTime": 0,
          "stopTime": -1,
          "lambda": 0.175
        }
      ]
    },
    "SC3": {
      "resptime": 37.179124416710245,
      "resptime_old": 27.17912441671025,
      "waittime": 23.08430821690856,
      "servicetime": 10.0,
      "networktime": 4.094816199801687,
      "services": {
        "MS3_1": {
          "meanserv": 4.006838693797674,
          "stddevserv": 4.006838693797674,
          "rate": 0.24957331113626688,
          "cv": 1.0,
          "lambda": 0.175
        },
        "MS3_2": {
          "meanserv": 0.8657977388453997,
          "stddevserv": 0.8657977388453997,
          "rate": 1.1550041714518315,
          "cv": 1.0,
          "lambda": 0.175
        },
        "MS3_3": {
          "meanserv": 0.2832209154759955,
          "stddevserv": 0.2832209154759955,
          "rate": 3.5308126813987206,
          "cv": 1.0,
          "lambda": 0.175
        },
        "MS3_4": {
          "meanserv": 1.3308379751669461,
          "stddevserv": 1.3308379751669461,
          "rate": 0.7514062708306438,
          "cv": 1.0,
          "lambda": 0.175
        },
        "MS3_5": {
          "meanserv": 3.513304676713985,
          "stddevserv": 3.513304676713985,
          "rate": 0.2846323026374433,
          "cv": 1.0,
          "lambda": 0.175
        }
      },
      "sensors": [
        "S3"
      ],
      "sources": [
        {
          "startTime": 0,
          "stopTime": -1,
          "lambda": 0.175
        }
      ]
    },
    "SC4": {
      "resptime": 44.07518667340887,
      "resptime_old": 34.07518667340888,
      "waittime": 30.695647257315557,
      "servicetime": 10.0,
      "networktime": 3.3795394160933165,
      "services": {
        "MS4_1": {
          "meanserv": 2.1569399312270265,
          "stddevserv": 2.1569399312270265,
          "rate": 0.4636197724018797,
          "cv": 1.0,
          "lambda": 0.175
        },
        "MS4_2": {
          "meanserv": 1.0514352459123266,
          "stddevserv": 1.0514352459123266,
          "rate": 0.9510809190463304,
          "cv": 1.0,
          "lambda": 0.175
        },
        "MS4_3": {
          "meanserv": 3.112129641621274,
          "stddevserv": 3.112129641621274,
          "rate": 0.32132337503750225,
          "cv": 1.0,
          "lambda": 0.175
        },
        "MS4_4": {
          "meanserv": 1.0598032036041083,
          "stddevserv": 1.0598032036041083,
          "rate": 0.9435714070303491,
          "cv": 1.0,
          "lambda": 0.175
        },
        "MS4_5": {
          "meanserv": 2.6196919776352647,
          "stddevserv": 2.6196919776352647,
          "rate": 0.3817242670272544,
          "cv": 1.0,
          "lambda": 0.175
        }
      },
      "sensors": [
        "S4"
      ],
      "sources": [
        {
          "startTime": 0,
          "stopTime": -1,
          "lambda": 0.175
        }
      ]
    }
  },
  "microservice": {
    "MS1_1": "F4",
    "MS1_2": "F10",
    "MS1_3": "F10",
    "MS1_4": "F9",
    "MS1_5": "F10",
    "MS2_1": "F2",
    "MS2_2": "F5",
    "MS2_3": "F3",
    "MS2_4": "F7",
    "MS2_5": "F4",
    "MS3_1": "F1",
    "MS3_2": "F7",
    "MS3_3": "F7",
    "MS3_4": "F7",
    "MS3_5": "F6",
    "MS4_1": "F3",
    "MS4_2": "F3",
    "MS4_3": "F8",
    "MS4_4": "F8",
    "MS4_5": "F5"
  },
  "sensor": {
    "S1": "F4",
    "S2": "F2",
    "S3": "F1",
    "S4": "F3"
  },
  "fog": {
    "F1": {
      "rho": 0.7011967714145929,
      "capacity": 1.0,
      "tserv": 4.006838693797674,
      "stddev": 4.006838693797674,
      "mu": 0.24957331113626688,
      "cv": 1.0,
      "lambda": 0.175,
      "twait": 9.402784464448747
    },
    "F2": {
      "rho": 0.6741675223922854,
      "capacity": 1.0,
      "tserv": 3.8523858422416306,
      "stddev": 3.8523858422416293,
      "mu": 0.2595793985729422,
      "cv": 0.9999999999999997,
      "lambda": 0.175,
      "twait": 7.970824264148385
    },
    "F3": {
      "rho": 0.7014929179432969,
      "capacity": 1.0,
      "tserv": 1.336176986558661,
      "stddev": 1.5748231245617594,
      "mu": 0.748403849235206,
      "cv": 1.178603688286635,
      "lambda": 0.5249999999999999,
      "twait": 3.7509232803276205
    },
    "F4": {
      "rho": 0.8112260864484446,
      "capacity": 1.0,
      "tserv": 2.3177888184241278,
      "stddev": 2.377901988075928,
      "mu": 0.4314456917088345,
      "cv": 1.0259355680612314,
      "lambda": 0.35,
      "twait": 10.222008254449783
    },
    "F5": {
      "rho": 0.7975527873487713,
      "capacity": 1.0,
      "tserv": 2.278722249567918,
      "stddev": 2.329183505349571,
      "mu": 0.43884242592076145,
      "cv": 1.0221445399022286,
      "lambda": 0.35,
      "twait": 9.178157514808793
    },
    "F6": {
      "rho": 0.6148283184249473,
      "capacity": 1.0,
      "tserv": 3.513304676713985,
      "stddev": 3.5133046767139855,
      "mu": 0.2846323026374433,
      "cv": 1.0000000000000002,
      "lambda": 0.175,
      "twait": 5.608094545438852
    },
    "F7": {
      "rho": 0.6908046164785454,
      "capacity": 1.0,
      "tserv": 0.9868637378264935,
      "stddev": 1.184692847920401,
      "mu": 1.0133111205427796,
      "cv": 1.2004624372252384,
      "lambda": 0.7,
      "twait": 2.6911430690069875
    },