{
  "servicechain": {
    "SC1": {
      "resptime": 21887.46328355531,
      "resptime_old": 21877.46328355531,
      "waittime": 21874.31560285874,
      "servicetime": 10.0,
      "networktime": 3.1476806965678903,
      "services": {
        "MS1_1": {
          "meanserv": 6.723086470980998,
          "stddevserv": 6.723086470980998,
          "rate": 0.1487412075266801,
          "cv": 1.0,
          "lambda": 0.15
        },
        "MS1_2": {
          "meanserv": 2.5252771576079462,
          "stddevserv": 2.5252771576079462,
          "rate": 0.39599613729023075,
          "cv": 1.0,
          "lambda": 0.15
        },
        "MS1_3": {
          "meanserv": 0.7516363714110561,
          "stddevserv": 0.7516363714110561,
          "rate": 1.3304305619520351,
          "cv": 1.0,
          "lambda": 0.15
        }
      },
      "sensors": [
        "S1"
      ],
      "sources": [
        {
          "startTime": 0,
          "stopTime": -1,
          "lambda": 0.15
        }
      ]
    },
    "SC2": {
      "resptime": 39.54387740291003,
      "resptime_old": 29.54387740291003,
      "waittime": 24.056182694228674,
      "servicetime": 10.0,
      "networktime": 5.487694708681357,
      "services": {
        "MS2_1": {
          "meanserv": 2.949132014152842,
          "stddevserv": 2.949132014152842,
          "rate": 0.3390828200301019,
          "cv": 1.0,
          "lambda": 0.15
        },
        "MS2_2": {
          "meanserv": 5.324087085519202,
          "stddevserv": 5.324087085519202,
          "rate": 0.18782562793156876,
          "cv": 1.0,
          "lambda": 0.15
        },
        "MS2_3": {
          "meanserv": 1.726780900327956,
          "stddevserv": 1.726780900327956,
          "rate": 0.5791122659568894,
          "cv": 1.0,
          "lambda": 0.15
        }
      },
      "sensors": [
        "S2"
      ],
      "sources": [
        {
          "startTime": 0,
          "stopTime": -1,
          "lambda": 0.15
        }
      ]
    },
    "SC3": {
      "resptime": 21888.48343270901,
      "resptime_old": 21878.48343270901,
      "waittime": 21875.73354772643,
      "servicetime": 10.0,
      "networktime": 2.749884982580481,
      "services": {
        "MS3_1": {
          "meanserv": 0.2283597709608698,
          "stddevserv": 0.2283597709608698,
          "rate": 4.379055013903273,
          "cv": 1.0,
          "lambda": 0.15
        },
        "MS3_2": {
          "meanserv": 3.0484854595540902,
          "stddevserv": 3.0484854595540902,
          "rate": 0.3280317433911174,
          "cv": 1.0,
          "lambda": 0.15
        },
        "MS3_3": {
          "meanserv": 6.72315476948504,
          "stddevserv": 6.72315476948504,
          "rate": 0.14873969650955915,
          "cv": 1.0,
          "lambda": 0.15
        }
      },
      "sensors": [
        "S3"
      ],
      "sources": [
        {
          "startTime": 0,
          "stopTime": -1,
          "lambda": 0.15
        }
      ]
    },
    "SC4": {
      "resptime": 21886.373463290605,
      "resptime_old": 21876.373463290605,
      "waittime": 21872.954345304708,
      "servicetime": 10.0,
      "networktime": 3.4191179858956837,
      "services": {
        "MS4_1": {
          "meanserv": 7.478438853561723,
          "stddevserv": 7.478438853561723,
          "rate": 0.13371774772534703,
          "cv": 1.0,
          "lambda": 0.15
        },
        "MS4_2": {
          "meanserv": 0.14532586172767026,
          "stddevserv": 0.14532586172767026,
          "rate": 6.88108770257234,
          "cv": 1.0,
          "lambda": 0.15
        },
        "MS4_3": {
          "meanserv": 2.3762352847106065,
          "stddevserv": 2.3762352847106065,
          "rate": 0.4208337475814339,
          "cv": 1.0,
          "lambda": 0.15
        }
      },
      "sensors": [
        "S4"
      ],
      "sources": [
        {
          "startTime": 0,
          "stopTime": -1,
          "lambda": 0.15
        }
      ]
    }
  },
  "microservice": {
    "MS1_1": "F1",
    "MS1_2": "F7",
    "MS1_3": "F7",
    "MS2_1": "F3",
    "MS2_2": "F2",
    "MS2_3": "F6",
    "MS3_1": "F4",
    "MS3_2": "F4",
    "MS3_3": "F1",
    "MS4_1": "F1",
    "MS4_2": "F5",
    "MS4_3": "F5"
  },
  "sensor": {
    "S1": "F1",
    "S2": "F3",
    "S3": "F4",
    "S4": "F1"
  },
  "fog": {
    "F1": {
      "rho": 3.138702014104164,
      "capacity": 1.0,
      "tserv": 6.97489336467592,
      "stddev": 6.993046225325006,
      "mu": 0.1433713675200343,
      "cv": 1.00260260045566,
      "lambda": 0.44999999999999996,
      "twait": 21870.21974001819
    },
    "F2": {
      "rho": 0.7986130628278804,
      "capacity": 1.0,
      "tserv": 5.324087085519202,
      "stddev": 5.324087085519202,
      "mu": 0.18782562793156876,
      "cv": 1.0,
      "lambda": 0.15,
      "twait": 21.113015341679723
    },
    "F3": {
      "rho": 0.4423698021229263,
      "capacity": 1.0,
      "tserv": 2.949132014152842,
      "stddev": 2.949132014152842,
      "mu": 0.3390828200301019,
      "cv": 1.0,
      "lambda": 0.15,
      "twait": 2.3395557674277403
    },
    "F4": {
      "rho": 0.4915267845772439,
      "capacity": 1.0,
      "tserv": 1.63842261525748,
      "stddev": 2.580888047924368,
      "mu": 0.61034313777636,
      "cv": 1.5752273094196632,
      "lambda": 0.3,
      "twait": 2.75690385412023
    },
    "F5": {
      "rho": 0.3782341719657415,
      "capacity": 1.0,
      "tserv": 1.2607805732191384,
      "stddev": 2.0194172626239997,
      "mu": 0.7931594293578859,
      "cv": 1.6017198436583155,
      "lambda": 0.3,
      "twait": 1.3673026432577544
    },
    "F6": {
      "rho": 0.2590171350491934,
      "capacity": 1.0,
      "tserv": 1.726780900327956,
      "stddev": 1.726780900327956,
      "mu": 0.5791122659568894,
      "cv": 1.0,
      "lambda": 0.15,
      "twait": 0.6036115851212127
    },
    "F7": {
      "rho": 0.4915370293528504,
      "capacity": 1.0,
      "tserv": 1.6384567645095012,
      "stddev": 2.063356825272232,
      "mu": 0.610330416804966,
      "cv": 1.259329431185773,
      "lambda": 0.3,
      "twait": 2.0479314202750087
    },
    "F8": {
      "rho": 0,
      "capacity": 1.0,
      "tserv": 0,
      "stddev": 0,
      "mu": 0,
      "cv": 0,
      "lambda": 0.0,
      "twait": 0
    },
    "F9": {
      "rho": 0,
      "capacity": 1.0,
      "tserv": 0,
      "stddev": 0,
      "mu": 0,
      "cv": 0,
      "lambda": 0.0,
      "twait": 0
    },
    "F10": {
      "rho": 0,
      "capacity": 1.0,
      "tserv": 0,
      "stddev": 0,
      "mu": 0,
      "cv": 0,
      "lambda": 0.0,
      "twait": 0
    }
  },
  "extra": {
    "deltatime": 0.0061866,
    "obj_func": 16425.466014239457
  },