{
  "servicechain": {
    "SC1": {
      "resptime": 29.013716787531195,
      "resptime_old": 19.013716787531195,
      "waittime": 13.476902462178304,
      "servicetime": 10.0,
      "networktime": 5.536814325352892,
      "services": {
        "MS1_1": {
          "meanserv": 0.28140011397178366,
          "stddevserv": 0.28140011397178366,
          "rate": 3.5536588307859436,
          "cv": 1.0,
          "lambda": 0.15
        },
        "MS1_2": {
          "meanserv": 0.10456211111490088,
          "stddevserv": 0.10456211111490088,
          "rate": 9.563693668169373,
          "cv": 1.0,
          "lambda": 0.15
        },
        "MS1_3": {
          "meanserv": 0.21160798875375475,
          "stddevserv": 0.21160798875375475,
          "rate": 4.725719505626444,
          "cv": 1.0,
          "lambda": 0.15
        },
        "MS1_4": {
          "meanserv": 3.4929978078404553,
          "stddevserv": 3.4929978078404553,
          "rate": 0.2862870391030247,
          "cv": 1.0,
          "lambda": 0.15
        },
        "MS1_5": {
          "meanserv": 0.4692305215989334,
          "stddevserv": 0.4692305215989334,
          "rate": 2.1311486656759566,
          "cv": 1.0,
          "lambda": 0.15
        },
        "MS1_6": {
          "meanserv": 4.037200463105122,
          "stddevserv": 4.037200463105122,
          "rate": 0.24769639485052286,
          "cv": 1.0,
          "lambda": 0.15
        },
        "MS1_7": {
          "meanserv": 1.4030009936150503,
          "stddevserv": 1.4030009936150503,
          "rate": 0.7127578701304725,
          "cv": 1.0,
          "lambda": 0.15
        }
      },
      "sensors": [
        "S1"
      ],
      "sources": [
        {
          "startTime": 0,
          "stopTime": -1,
          "lambda": 0.15
        }
      ]
    },
    "SC2": {
      "resptime": 29.715880545076892,
      "resptime_old": 19.715880545076892,
      "waittime": 16.239117406672726,
      "servicetime": 10.0,
      "networktime": 3.4767631384041655,
      "services": {
        "MS2_1": {
          "meanserv": 3.7408265501608637,
          "stddevserv": 3.7408265501608637,
          "rate": 0.2673206005654012,
          "cv": 1.0,
          "lambda": 0.15
        },
        "MS2_2": {
          "meanserv": 1.2688127681225083,
          "stddevserv": 1.2688127681225083,
          "rate": 0.7881383487965078,
          "cv": 1.0,
          "lambda": 0.15
        },
        "MS2_3": {
          "meanserv": 0.6451622977724805,
          "stddevserv": 0.6451622977724805,
          "rate": 1.5499975796053953,
          "cv": 1.0,
          "lambda": 0.15
        },
        "MS2_4": {
          "meanserv": 0.553520161436901,
          "stddevserv": 0.553520161436901,
          "rate": 1.8066189267687514,
          "cv": 1.0,
          "lambda": 0.15
        },
        "MS2_5": {
          "meanserv": 1.3415577045643712,
          "stddevserv": 1.3415577045643712,
          "rate": 0.7454021519892197,
          "cv": 1.0,
          "lambda": 0.15
        },
        "MS2_6": {
          "meanserv": 2.0096113717873374,
          "stddevserv": 2.0096113717873374,
          "rate": 0.4976086491342878,
          "cv": 1.0,
          "lambda": 0.15
        },
        "MS2_7": {
          "meanserv": 0.44050914615553793,
          "stddevserv": 0.44050914615553793,
          "rate": 2.270100425217762,
          "cv": 1.0,
          "lambda": 0.15
        }
      },
      "sensors": [
        "S2"
      ],
      "sources": [
        {
          "startTime": 0,
          "stopTime": -1,
          "lambda": 0.15
        }
      ]
    },
    "SC3": {
      "resptime": 33.75182543331755,
      "resptime_old": 23.751825433317546,
      "waittime": 18.68310925690336,
      "servicetime": 10.0,
      "networktime": 5.0687161764141875,
      "services": {
        "MS3_1": {
          "meanserv": 0.7869705974509233,
          "stddevserv": 0.7869705974509233,
          "rate": 1.2706955040494528,
          "cv": 1.0,
          "lambda": 0.15
        },
        "MS3_2": {
          "meanserv": 1.5898951246872486,
          "stddevserv": 1.5898951246872486,
          "rate": 0.6289723041931536,
          "cv": 1.0,
          "lambda": 0.15
        },
        "MS3_3": {
          "meanserv": 0.5617874257211173,
          "stddevserv": 0.5617874257211173,
          "rate": 1.7800327209466955,
          "cv": 1.0,
          "lambda": 0.15
        },
        "MS3_4": {
          "meanserv": 2.3661541973151334,
          "stddevserv": 2.3661541973151334,
          "rate": 0.42262672531430806,
          "cv": 1.0,
          "lambda": 0.15
        },
        "MS3_5": {
          "meanserv": 0.31019904509094953,
          "stddevserv": 0.31019904509094953,
          "rate": 3.2237365518220815,
          "cv": 1.0,
          "lambda": 0.15
        },
        "MS3_6": {
          "meanserv": 4.298243669928673,
          "stddevserv": 4.298243669928673,
          "rate": 0.23265316645405412,
          "cv": 1.0,
          "lambda": 0.15
        },
        "MS3_7": {
          "meanserv": 0.08674993980595502,
          "stddevserv": 0.08674993980595502,
          "rate": 11.527385520230116,
          "cv": 1.0,
          "lambda": 0.15
        }
      },
      "sensors": [
        "S3"
      ],
      "sources": [
        {
          "startTime": 0,
          "stopTime": -1,
          "lambda": 0.15
        }
      ]
    },
    "SC4": {
      "resptime": 33.57785885094411,
      "resptime_old": 23.577858850944114,
      "waittime": 18.94737285825967,
      "servicetime": 10.0,
      "networktime": 4.630485992684439,
      "services": {
        "MS4_1": {
          "meanserv": 0.9326201567449854,
          "stddevserv": 0.9326201567449854,
          "rate": 1.0722478951025276,
          "cv": 1.0,
          "lambda": 0.15
        },
        "MS4_2": {
          "meanserv": 1.4563691863763437,
          "stddevserv": 1.4563691863763437,
          "rate": 0.6866390811852756,
          "cv": 1.0,
          "lambda": 0.15
        },
        "MS4_3": {
          "meanserv": 1.9335866514603346,
          "stddevserv": 1.9335866514603346,
          "rate": 0.5171736158008504,
          "cv": 1.0,
          "lambda": 0.15
        },
        "MS4_4": {
          "meanserv": 2.5515772158566126,
          "stddevserv": 2.5515772158566126,
          "rate": 0.3919144573738801,
          "cv": 1.0,
          "lambda": 0.15
        },
        "MS4_5": {
          "meanserv": 0.23169197774676853,
          "stddevserv": 0.23169197774676853,
          "rate": 4.3160752034883405,
          "cv": 1.0,
          "lambda": 0.15
        },
        "MS4_6": {
          "meanserv": 2.259859973468073,
          "stddevserv": 2.259859973468073,
          "rate": 0.44250529313343223,
          "cv": 1.0,
          "lambda": 0.15
        },
        "MS4_7": {
          "meanserv": 0.6342948383468823,
          "stddevserv": 0.6342948383468823,
          "rate": 1.576553898193826,
          "cv": 1.0,
          "lambda": 0.15
        }
      },
      "sensors": [
        "S4"
      ],
      "sources": [
        {
          "startTime": 0,
          "stopTime": -1,
          "lambda": 0.15
        }
      ]
    }
  },
  "microservice": {
    "MS1_1": "F6",
    "MS1_2": "F6",
    "MS1_3": "F6",
    "MS1_4": "F9",
    "MS1_5": "F6",
    "MS1_6": "F10",
    "MS1_7": "F3",
    "MS2_1": "F2",
    "MS2_2": "F7",
    "MS2_3": "F7",
    "MS2_4": "F4",
    "MS2_5": "F4",
    "MS2_6": "F4",
    "MS2_7": "F6",
    "MS3_1": "F7",
    "MS3_2": "F7",
    "MS3_3": "F6",
    "MS3_4": "F1",
    "MS3_5": "F6",
    "MS3_6": "F5",
    "MS3_7": "F6",
    "MS4_1": "F3",
    "MS4_2": "F3",
    "MS4_3": "F8",
    "MS4_4": "F8",
    "MS4_5": "F6",
    "MS4_6": "F1",
    "MS4_7": "F6"
  },
  "sensor": {
    "S1": "F6",
    "S2": "F2",
    "S3": "F7",
    "S4": "F3"
  },
  "fog": {
    "F1": {
      "rho": 0.6939021256174809,
      "capacity": 1.0,
      "tserv": 2.313007085391603,