{
  "servicechain": {
    "SC1": {
      "resptime": 9937.448043533803,
      "resptime_old": 9927.448043533803,
      "waittime": 9924.315058111959,
      "servicetime": 10.0,
      "networktime": 3.1329854218440807,
      "services": {
        "MS1_1": {
          "meanserv": 8.136809491149476,
          "stddevserv": 8.136809491149476,
          "rate": 0.1228982933774859,
          "cv": 1.0,
          "lambda": 0.15
        },
        "MS1_2": {
          "meanserv": 0.8616188395744011,
          "stddevserv": 0.8616188395744011,
          "rate": 1.1606060058922953,
          "cv": 1.0,
          "lambda": 0.15
        },
        "MS1_3": {
          "meanserv": 0.7756330148129802,
          "stddevserv": 0.7756330148129802,
          "rate": 1.289269513935168,
          "cv": 1.0,
          "lambda": 0.15
        },
        "MS1_4": {
          "meanserv": 0.05440735860275403,
          "stddevserv": 0.05440735860275403,
          "rate": 18.37986672540617,
          "cv": 1.0,
          "lambda": 0.15
        },
        "MS1_5": {
          "meanserv": 0.1715312958603885,
          "stddevserv": 0.1715312958603885,
          "rate": 5.829839942525197,
          "cv": 1.0,
          "lambda": 0.15
        }
      },
      "sensors": [
        "S1"
      ],
      "sources": [
        {
          "startTime": 0,
          "stopTime": -1,
          "lambda": 0.15
        }
      ]
    },
    "SC2": {
      "resptime": 27.39226723383144,
      "resptime_old": 17.39226723383144,
      "waittime": 11.714052384236165,
      "servicetime": 10.0,
      "networktime": 5.6782148495952764,
      "services": {
        "MS2_1": {
          "meanserv": 0.5889813516604903,
          "stddevserv": 0.5889813516604903,
          "rate": 1.6978466248222328,
          "cv": 1.0,
          "lambda": 0.15
        },
        "MS2_2": {
          "meanserv": 0.41072985412011875,
          "stddevserv": 0.41072985412011875,
          "rate": 2.4346903200943073,
          "cv": 1.0,
          "lambda": 0.15
        },
        "MS2_3": {
          "meanserv": 3.2469497109425705,
          "stddevserv": 3.2469497109425705,
          "rate": 0.30798136374884166,
          "cv": 1.0,
          "lambda": 0.15
        },
        "MS2_4": {
          "meanserv": 1.8310479402247424,
          "stddevserv": 1.8310479402247424,
          "rate": 0.546135345793983,
          "cv": 1.0,
          "lambda": 0.15
        },
        "MS2_5": {
          "meanserv": 3.922291143052078,
          "stddevserv": 3.922291143052078,
          "rate": 0.2549530270773993,
          "cv": 1.0,
          "lambda": 0.15
        }
      },
      "sensors": [
        "S2"
      ],
      "sources": [
        {
          "startTime": 0,
          "stopTime": -1,
          "lambda": 0.15
        }
      ]
    },
    "SC3": {
      "resptime": 32.47168929799248,
      "resptime_old": 22.471689297992476,
      "waittime": 18.887704152098255,
      "servicetime": 10.0,
      "networktime": 3.583985145894223,
      "services": {
        "MS3_1": {
          "meanserv": 0.19962408771839635,
          "stddevserv": 0.19962408771839635,
          "rate": 5.009415504058156,
          "cv": 1.0,
          "lambda": 0.15
        },
        "MS3_2": {
          "meanserv": 1.4767914752179645,
          "stddevserv": 1.4767914752179645,
          "rate": 0.6771436704375658,
          "cv": 1.0,
          "lambda": 0.15
        },
        "MS3_3": {
          "meanserv": 4.820409365071657,
          "stddevserv": 4.820409365071657,
          "rate": 0.207451260726097,
          "cv": 1.0,
          "lambda": 0.15
        },
        "MS3_4": {
          "meanserv": 2.2357625439578444,
          "stddevserv": 2.2357625439578444,
          "rate": 0.4472746905535667,
          "cv": 1.0,
          "lambda": 0.15
        },
        "MS3_5": {
          "meanserv": 1.2674125280341375,
          "stddevserv": 1.2674125280341375,
          "rate": 0.7890090857402865,
          "cv": 1.0,
          "lambda": 0.15
        }
      },
      "sensors": [
        "S3"
      ],
      "sources": [
        {
          "startTime": 0,
          "stopTime": -1,
          "lambda": 0.15
        }
      ]
    },
    "SC4": {
      "resptime": 31.094025890451555,
      "resptime_old": 21.09402589045155,
      "waittime": 18.02369649863236,
      "servicetime": 10.0,
      "networktime": 3.0703293918191923,
      "services": {
        "MS4_1": {
          "meanserv": 4.959400376350813,
          "stddevserv": 4.959400376350813,
          "rate": 0.20163727953253335,
          "cv": 1.0,
          "lambda": 0.15
        },
        "MS4_2": {
          "meanserv": 2.866800247002595,
          "stddevserv": 2.866800247002595,
          "rate": 0.348820955016157,
          "cv": 1.0,
          "lambda": 0.15
        },
        "MS4_3": {
          "meanserv": 0.8036291753887106,
          "stddevserv": 0.8036291753887106,
          "rate": 1.2443550217254196,
          "cv": 1.0,
          "lambda": 0.15
        },
        "MS4_4": {
          "meanserv": 0.20984296769760746,
          "stddevserv": 0.20984296769760746,
          "rate": 4.765468249767808,
          "cv": 1.0,
          "lambda": 0.15
        },
        "MS4_5": {
          "meanserv": 1.160327233560274,
          "stddevserv": 1.160327233560274,
          "rate": 0.8618258462586145,
          "cv": 1.0,
          "lambda": 0.15
        }
      },
      "sensors": [
        "S4"
      ],
      "sources": [
        {
          "startTime": 0,
          "stopTime": -1,
          "lambda": 0.15
        }
      ]
    }
  },
  "microservice": {
    "MS1_1": "F4",
    "MS1_2": "F10",
    "MS1_3": "F10",
    "MS1_4": "F9",
    "MS1_5": "F9",
    "MS2_1": "F7",
    "MS2_2": "F7",
    "MS2_3": "F2",
    "MS2_4": "F7",
    "MS2_5": "F3",
    "MS3_1": "F10",
    "MS3_2": "F10",
    "MS3_3": "F6",
    "MS3_4": "F1",
    "MS3_5": "F1",
    "MS4_1": "F8",
    "MS4_2": "F5",
    "MS4_3": "F9",
    "MS4_4": "F9",
    "MS4_5": "F9"
  },
  "sensor": {
    "S1": "F4",
    "S2": "F7",
    "S3": "F10",
    "S4": "F8"
  },
  "fog": {
    "F1": {
      "rho": 0.5254762607987973,
      "capacity": 1.0,
      "tserv": 1.751587535995991,
      "stddev": 1.880667374345136,
      "mu": 0.5709106621561897,
      "cv": 1.0736930559829243,
      "lambda": 0.3,
      "twait": 2.0878729946054913
    },
    "F2": {
      "rho": 0.4870424566413855,
      "capacity": 1.0,
      "tserv": 3.2469497109425705,
      "stddev": 3.2469497109425705,
      "mu": 0.30798136374884166,
      "cv": 1.0,
      "lambda": 0.15,
      "twait": 3.0829108262141873
    },
    "F3": {
      "rho": 0.5883436714578117,
      "capacity": 1.0,
      "tserv": 3.9222911430520786,
      "stddev": 3.922291143052078,
      "mu": 0.2549530270773993,
      "cv": 0.9999999999999999,
      "lambda": 0.15,
      "twait": 5.605780870178505
    },
    "F4": {
      "rho": 1.2205214236724213,
      "capacity": 1.0,
      "tserv": 8.136809491149476,
      "stddev": 8.136809491149476,
      "mu": 0.1228982933774859,
      "cv": 1.0,
      "lambda": 0.15,
      "twait": 9921.21915398473
    },
    "F5": {
      "rho": 0.4300200370503892,
      "capacity": 1.0,
      "tserv": 2.866800247002595,
      "stddev": 2.866800247002595,
      "mu": 0.348820955016157,
      "cv": 1.0,
      "lambda": 0.15,
      "twait": 2.1628506764563324
    },
    "F6": {
      "rho": 0.7230614047607485,
      "capacity": 1.0,
      "tserv": 4.820409365071657,
      "stddev": 4.820409365071657,
      "mu": 0.207451260726097,
      "cv": 1.0,
      "lambda": 0.15,
      "twait": 12.585649046206237
    },
    "F7": {
      "rho": 0.42461387190080263,
      "capacity": 1.0,
      "tserv": 0.9435863820017838,
      "stddev": 1.2994362148310832,
      "mu": 1.0597863842402397,
      "cv": 1.377124807666657,
      "lambda": 0.44999999999999996,
      "twait": 1.0084535626144908
    },
    "F8": {
      "rho": 0.7439100564526219,
      "capacity": 1.0,