{
  "servicechain": {
    "SC1": {
      "resptime": 13556.865231537784,
      "resptime_old": 13546.865231537782,
      "waittime": 13542.832295895916,
      "servicetime": 10.0,
      "networktime": 4.032935641867101,
      "services": {
        "MS1_1": {
          "meanserv": 0.013344017297025612,
          "stddevserv": 0.013344017297025612,
          "rate": 74.93995082147417,
          "cv": 1.0,
          "lambda": 0.2
        },
        "MS1_2": {
          "meanserv": 1.5709649229526368,
          "stddevserv": 1.5709649229526368,
          "rate": 0.6365514502516675,
          "cv": 1.0,
          "lambda": 0.2
        },
        "MS1_3": {
          "meanserv": 2.048287526913245,
          "stddevserv": 2.048287526913245,
          "rate": 0.4882127078647953,
          "cv": 1.0,
          "lambda": 0.2
        },
        "MS1_4": {
          "meanserv": 1.5896382264323248,
          "stddevserv": 1.5896382264323248,
          "rate": 0.6290739511494584,
          "cv": 1.0,
          "lambda": 0.2
        },
        "MS1_5": {
          "meanserv": 4.777765306404768,
          "stddevserv": 4.777765306404768,
          "rate": 0.2093028719220393,
          "cv": 1.0,
          "lambda": 0.2
        }
      },
      "sensors": [
        "S1"
      ],
      "sources": [
        {
          "startTime": 0,
          "stopTime": -1,
          "lambda": 0.2
        }
      ]
    },
    "SC2": {
      "resptime": 39.52728582565811,
      "resptime_old": 29.527285825658115,
      "waittime": 23.303701138084143,
      "servicetime": 10.0,
      "networktime": 6.22358468757397,
      "services": {
        "MS2_1": {
          "meanserv": 3.678132900585095,
          "stddevserv": 3.678132900585095,
          "rate": 0.2718770710653022,
          "cv": 1.0,
          "lambda": 0.2
        },
        "MS2_2": {
          "meanserv": 2.84264398875609,
          "stddevserv": 2.84264398875609,
          "rate": 0.3517851704101677,
          "cv": 1.0,
          "lambda": 0.2
        },
        "MS2_3": {
          "meanserv": 0.5308484022392923,
          "stddevserv": 0.5308484022392923,
          "rate": 1.8837769799846298,
          "cv": 1.0,
          "lambda": 0.2
        },
        "MS2_4": {
          "meanserv": 0.1993076920640311,
          "stddevserv": 0.1993076920640311,
          "rate": 5.017367817789654,
          "cv": 1.0,
          "lambda": 0.2
        },
        "MS2_5": {
          "meanserv": 2.7490670163554913,
          "stddevserv": 2.7490670163554913,
          "rate": 0.36375977524393915,
          "cv": 1.0,
          "lambda": 0.2
        }
      },
      "sensors": [
        "S2"
      ],
      "sources": [
        {
          "startTime": 0,
          "stopTime": -1,
          "lambda": 0.2
        }
      ]
    },
    "SC3": {
      "resptime": 34.15385547891395,
      "resptime_old": 24.153855478913947,
      "waittime": 17.025896658474785,
      "servicetime": 10.0,
      "networktime": 7.1279588204391615,
      "services": {
        "MS3_1": {
          "meanserv": 3.013166219377995,
          "stddevserv": 3.013166219377995,
          "rate": 0.3318768123606633,
          "cv": 1.0,
          "lambda": 0.2
        },
        "MS3_2": {
          "meanserv": 2.58101377033079,
          "stddevserv": 2.58101377033079,
          "rate": 0.38744465895346125,
          "cv": 1.0,
          "lambda": 0.2
        },
        "MS3_3": {
          "meanserv": 2.332196039481375,
          "stddevserv": 2.332196039481375,
          "rate": 0.42878042114434606,
          "cv": 1.0,
          "lambda": 0.2
        },
        "MS3_4": {
          "meanserv": 1.7857729862305698,
          "stddevserv": 1.7857729862305698,
          "rate": 0.5599815921232023,
          "cv": 1.0,
          "lambda": 0.2
        },
        "MS3_5": {
          "meanserv": 0.2878509845792703,
          "stddevserv": 0.2878509845792703,
          "rate": 3.474019730943854,
          "cv": 1.0,
          "lambda": 0.2
        }
      },
      "sensors": [
        "S3"
      ],
      "sources": [
        {
          "startTime": 0,
          "stopTime": -1,
          "lambda": 0.2
        }
      ]
    },
    "SC4": {
      "resptime": 13551.61082252873,
      "resptime_old": 13541.61082252873,
      "waittime": 13539.128186721975,
      "servicetime": 10.0,
      "networktime": 2.48263580675405,
      "services": {
        "MS4_1": {
          "meanserv": 0.7931819472954516,
          "stddevserv": 0.7931819472954516,
          "rate": 1.2607447804501166,
          "cv": 1.0,
          "lambda": 0.2
        },
        "MS4_2": {
          "meanserv": 0.2628932180183452,
          "stddevserv": 0.2628932180183452,
          "rate": 3.803825779675374,
          "cv": 1.0,
          "lambda": 0.2
        },
        "MS4_3": {
          "meanserv": 0.021380580984631248,
          "stddevserv": 0.021380580984631248,
          "rate": 46.77141377583791,
          "cv": 1.0,
          "lambda": 0.2
        },
        "MS4_4": {
          "meanserv": 6.85830976196957,
          "stddevserv": 6.85830976196957,
          "rate": 0.14580852056947918,
          "cv": 1.0,
          "lambda": 0.2
        },
        "MS4_5": {
          "meanserv": 2.0642344917320017,
          "stddevserv": 2.0642344917320017,
          "rate": 0.484441086516749,
          "cv": 1.0,
          "lambda": 0.2
        }
      },
      "sensors": [
        "S4"
      ],
      "sources": [
        {
          "startTime": 0,
          "stopTime": -1,
          "lambda": 0.2
        }
      ]
    }
  },
  "microservice": {
    "MS1_1": "F4",
    "MS1_2": "F7",
    "MS1_3": "F7",
    "MS1_4": "F10",
    "MS1_5": "F1",
    "MS2_1": "F2",
    "MS2_2": "F8",
    "MS2_3": "F5",
    "MS2_4": "F5",
    "MS2_5": "F4",
    "MS3_1": "F3",
    "MS3_2": "F6",
    "MS3_3": "F5",
    "MS3_4": "F10",
    "MS3_5": "F9",
    "MS4_1": "F9",
    "MS4_2": "F9",
    "MS4_3": "F9",
    "MS4_4": "F1",
    "MS4_5": "F9"
  },
  "sensor": {
    "S1": "F4",
    "S2": "F2",
    "S3": "F3",
    "S4": "F9"
  },
  "fog": {
    "F1": {
      "rho": 2.3272150136748673,
      "capacity": 1.0,
      "tserv": 5.818037534187169,
      "stddev": 6.001157668733712,
      "mu": 0.17187926240144288,
      "cv": 1.031474553656713,
      "lambda": 0.4,
      "twait": 13526.284475384586
    },
    "F2": {
      "rho": 0.7356265801170191,
      "capacity": 1.0,
      "tserv": 3.678132900585095,
      "stddev": 3.678132900585095,
      "mu": 0.2718770710653022,
      "cv": 1.0,
      "lambda": 0.2,
      "twait": 10.234509687361681
    },
    "F3": {
      "rho": 0.602633243875599,
      "capacity": 1.0,
      "tserv": 3.013166219377995,
      "stddev": 3.013166219377995,
      "mu": 0.3318768123606633,
      "cv": 1.0,
      "lambda": 0.2,
      "twait": 4.569667958211544
    },
    "F4": {
      "rho": 0.5524822067305034,
      "capacity": 1.0,
      "tserv": 1.3812055168262585,
      "stddev": 2.376934757939312,
      "mu": 0.7240052170496722,
      "cv": 1.7209131653347618,
      "lambda": 0.4,
      "twait": 3.3775405746426395
    },
    "F5": {
      "rho": 0.6124704267569397,
      "capacity": 1.0,
      "tserv": 1.0207840445948995,
      "stddev": 1.6728542176570018,
      "mu": 0.9796391365000736,
      "cv": 1.6387934612760116,
      "lambda": 0.6000000000000001,
      "twait": 2.9730179819001328
    },
    "F6": {
      "rho": 0.516202754066158,
      "capacity": 1.0,
      "tserv": 2.58101377033079,
      "stddev": 2.58101377033079,
      "mu": 0.38744465895346125,
      "cv": 1.0,
      "lambda": 0.2,
      "twait": 2.7538941730760165
    },
    "F7": {
      "rho": 0.7238504899731764,
      "capacity": 1.0,
      "tserv": 1.809626224932941,
      "stddev": 1.840832830023116,
      "mu": 0.5526003028813626,
      "cv": 1.01724477942473,
      "lambda": 0.4,
      "twait": 4.8259456128737765
    },
    "F8": {
      "rho": 0.5685287977512179,
      "capacity": 1.0,
      "tserv": 2.8426439887560897,