{
  "servicechain": {
    "SC1": {
      "resptime": 5159.827405745126,
      "resptime_old": 5149.827405745126,
      "waittime": 5144.957418898952,
      "servicetime": 10.0,
      "networktime": 4.869986846174405,
      "services": {
        "MS1_1": {
          "meanserv": 5.064783174123674,
          "stddevserv": 5.064783174123674,
          "rate": 0.19744181845909395,
          "cv": 1.0,
          "lambda": 0.2
        },
        "MS1_2": {
          "meanserv": 0.5363787326908689,
          "stddevserv": 0.5363787326908689,
          "rate": 1.864354306113643,
          "cv": 1.0,
          "lambda": 0.2
        },
        "MS1_3": {
          "meanserv": 0.6130436615101562,
          "stddevserv": 0.6130436615101562,
          "rate": 1.6312051861634542,
          "cv": 1.0,
          "lambda": 0.2
        },
        "MS1_4": {
          "meanserv": 3.783979594794909,
          "stddevserv": 3.783979594794909,
          "rate": 0.26427203819374717,
          "cv": 1.0,
          "lambda": 0.2
        },
        "MS1_5": {
          "meanserv": 0.001814836880392079,
          "stddevserv": 0.001814836880392079,
          "rate": 551.0137086171399,
          "cv": 1.0,
          "lambda": 0.2
        }
      },
      "sensors": [
        "S1"
      ],
      "sources": [
        {
          "startTime": 0,
          "stopTime": -1,
          "lambda": 0.2
        }
      ]
    },
    "SC2": {
      "resptime": 77.52532403487425,
      "resptime_old": 67.52532403487425,
      "waittime": 63.67280326947568,
      "servicetime": 10.0,
      "networktime": 3.852520765398566,
      "services": {
        "MS2_1": {
          "meanserv": 0.30091680241964514,
          "stddevserv": 0.30091680241964514,
          "rate": 3.323177675553805,
          "cv": 1.0,
          "lambda": 0.2
        },
        "MS2_2": {
          "meanserv": 2.9116767093277147,
          "stddevserv": 2.9116767093277147,
          "rate": 0.34344472269069076,
          "cv": 1.0,
          "lambda": 0.2
        },
        "MS2_3": {
          "meanserv": 0.3283350509142404,
          "stddevserv": 0.3283350509142404,
          "rate": 3.04566934664918,
          "cv": 1.0,
          "lambda": 0.2
        },
        "MS2_4": {
          "meanserv": 1.8874865900535265,
          "stddevserv": 1.8874865900535265,
          "rate": 0.5298050885604657,
          "cv": 1.0,
          "lambda": 0.2
        },
        "MS2_5": {
          "meanserv": 4.571584847284873,
          "stddevserv": 4.571584847284873,
          "rate": 0.21874252221172572,
          "cv": 1.0,
          "lambda": 0.2
        }
      },
      "sensors": [
        "S2"
      ],
      "sources": [
        {
          "startTime": 0,
          "stopTime": -1,
          "lambda": 0.2
        }
      ]
    },
    "SC3": {
      "resptime": 37.59895303144886,
      "resptime_old": 27.59895303144886,
      "waittime": 23.992225991431987,
      "servicetime": 10.0,
      "networktime": 3.6067270400168745,
      "services": {
        "MS3_1": {
          "meanserv": 3.0624033435540534,
          "stddevserv": 3.0624033435540534,
          "rate": 0.32654091829701837,
          "cv": 1.0,
          "lambda": 0.2
        },
        "MS3_2": {
          "meanserv": 1.5056023768234654,
          "stddevserv": 1.5056023768234654,
          "rate": 0.6641859865483274,
          "cv": 1.0,
          "lambda": 0.2
        },
        "MS3_3": {
          "meanserv": 0.05377451603381367,
          "stddevserv": 0.05377451603381367,
          "rate": 18.59616922207529,
          "cv": 1.0,
          "lambda": 0.2
        },
        "MS3_4": {
          "meanserv": 1.8357011282943017,
          "stddevserv": 1.8357011282943017,
          "rate": 0.5447509861963101,
          "cv": 1.0,
          "lambda": 0.2
        },
        "MS3_5": {
          "meanserv": 3.542518635294366,
          "stddevserv": 3.542518635294366,
          "rate": 0.28228503586034204,
          "cv": 1.0,
          "lambda": 0.2
        }
      },
      "sensors": [
        "S3"
      ],
      "sources": [
        {
          "startTime": 0,
          "stopTime": -1,
          "lambda": 0.2
        }
      ]
    },
    "SC4": {
      "resptime": 8101.508493528386,
      "resptime_old": 8091.508493528386,
      "waittime": 8090.033116835227,
      "servicetime": 10.0,
      "networktime": 1.475376693159344,
      "services": {
        "MS4_1": {
          "meanserv": 1.226458100984782,
          "stddevserv": 1.226458100984782,
          "rate": 0.8153560233301506,
          "cv": 1.0,
          "lambda": 0.2
        },
        "MS4_2": {
          "meanserv": 0.6573610749153114,
          "stddevserv": 0.6573610749153114,
          "rate": 1.5212339734731497,
          "cv": 1.0,
          "lambda": 0.2
        },
        "MS4_3": {
          "meanserv": 1.0455991376023468,
          "stddevserv": 1.0455991376023468,
          "rate": 0.9563894651760045,
          "cv": 1.0,
          "lambda": 0.2
        },
        "MS4_4": {
          "meanserv": 0.7114540326373398,
          "stddevserv": 0.7114540326373398,
          "rate": 1.4055721861509851,
          "cv": 1.0,
          "lambda": 0.2
        },
        "MS4_5": {
          "meanserv": 6.35912765386022,
          "stddevserv": 6.35912765386022,
          "rate": 0.1572542736098345,
          "cv": 1.0,
          "lambda": 0.2
        }
      },
      "sensors": [
        "S4"
      ],
      "sources": [
        {
          "startTime": 0,
          "stopTime": -1,
          "lambda": 0.2
        }
      ]
    }
  },
  "microservice": {
    "MS1_1": "F7",
    "MS1_2": "F9",
    "MS1_3": "F9",
    "MS1_4": "F6",
    "MS1_5": "F3",
    "MS2_1": "F8",
    "MS2_2": "F8",
    "MS2_3": "F9",
    "MS2_4": "F9",
    "MS2_5": "F4",
    "MS3_1": "F10",
    "MS3_2": "F5",
    "MS3_3": "F5",
    "MS3_4": "F5",
    "MS3_5": "F1",
    "MS4_1": "F3",
    "MS4_2": "F3",
    "MS4_3": "F3",
    "MS4_4": "F3",
    "MS4_5": "F2"
  },
  "sensor": {
    "S1": "F7",
    "S2": "F8",
    "S3": "F10",
    "S4": "F3"
  },
  "fog": {
    "F1": {
      "rho": 0.7085037270588732,
      "capacity": 1.0,
      "tserv": 3.542518635294366,
      "stddev": 3.542518635294366,
      "mu": 0.28228503586034204,
      "cv": 1.0,
      "lambda": 0.2,
      "twait": 8.610359339957979
    },
    "F2": {
      "rho": 1.2718255307720443,
      "capacity": 1.0,
      "tserv": 6.35912765386022,
      "stddev": 6.35912765386022,
      "mu": 0.1572542736098345,
      "cv": 1.0,
      "lambda": 0.2,
      "twait": 8079.613202714336
    },
    "F3": {
      "rho": 0.7285374366040345,
      "capacity": 1.0,
      "tserv": 0.7285374366040345,
      "stddev": 0.9399688836753426,
      "mu": 1.3726130597507062,
      "cv": 1.2902135654920677,
      "lambda": 1.0,
      "twait": 2.604978530222754
    },
    "F4": {
      "rho": 0.9143169694569746,
      "capacity": 1.0,
      "tserv": 4.571584847284873,
      "stddev": 4.571584847284873,
      "mu": 0.21874252221172572,
      "cv": 1.0,
      "lambda": 0.2,
      "twait": 48.78302712561062
    },
    "F5": {
      "rho": 0.6790156042303161,
      "capacity": 1.0,
      "tserv": 1.1316926737171935,
      "stddev": 1.574470574822821,
      "mu": 0.88363212312347,
      "cv": 1.3912527768261194,
      "lambda": 0.6000000000000001,
      "twait": 3.5138959540816104
    },
    "F6": {
      "rho": 0.7567959189589817,
      "capacity": 1.0,
      "tserv": 3.783979594794909,
      "stddev": 3.783979594794909,
      "mu": 0.26427203819374717,
      "cv": 1.0,
      "lambda": 0.2,
      "twait": 11.774885941498086
    },
    "F7": {
      "rho": 1.0129566348247347,
      "capacity": 1.0,
      "tserv": 5.064783174123673,
      "stddev": 5.064783174123675,
      "mu": 0.19744181845909398,
      "cv": 1.0000000000000004,
      "lambda": 0.2,
      "twait": 5125.275314457072
    },
    "F8": {
      "rho": 0.642518702349472,
      "capacity": 1.0,
      "tserv": 1.6062967558736798,