{
  "servicechain": {
    "SC1": {
      "resptime": 43.15275729148657,
      "resptime_old": 33.15275729148657,
      "waittime": 28.420041942974947,
      "servicetime": 10.0,
      "networktime": 4.732715348511624,
      "services": {
        "MS1_1": {
          "meanserv": 4.6807477556368235,
          "stddevserv": 4.6807477556368235,
          "rate": 0.2136410787775827,
          "cv": 1.0,
          "lambda": 0.175
        },
        "MS1_2": {
          "meanserv": 1.1028388604958108,
          "stddevserv": 1.1028388604958108,
          "rate": 0.9067507827484635,
          "cv": 1.0,
          "lambda": 0.175
        },
        "MS1_3": {
          "meanserv": 0.28330944781145195,
          "stddevserv": 0.28330944781145195,
          "rate": 3.5297093257035317,
          "cv": 1.0,
          "lambda": 0.175
        },
        "MS1_4": {
          "meanserv": 3.392846245326754,
          "stddevserv": 3.392846245326754,
          "rate": 0.29473778877465556,
          "cv": 1.0,
          "lambda": 0.175
        },
        "MS1_5": {
          "meanserv": 0.5402576907291596,
          "stddevserv": 0.5402576907291596,
          "rate": 1.8509685603000827,
          "cv": 1.0,
          "lambda": 0.175
        }
      },
      "sensors": [
        "S1"
      ],
      "sources": [
        {
          "startTime": 0,
          "stopTime": -1,
          "lambda": 0.175
        }
      ]
    },
    "SC2": {
      "resptime": 185.28643199947504,
      "resptime_old": 175.286431999475,
      "waittime": 170.52844383352223,
      "servicetime": 10.0,
      "networktime": 4.757988165952796,
      "services": {
        "MS2_1": {
          "meanserv": 5.5259899422658085,
          "stddevserv": 5.5259899422658085,
          "rate": 0.18096305104565072,
          "cv": 1.0,
          "lambda": 0.175
        },
        "MS2_2": {
          "meanserv": 2.0294843608752187,
          "stddevserv": 2.0294843608752187,
          "rate": 0.49273599702377024,
          "cv": 1.0,
          "lambda": 0.175
        },
        "MS2_3": {
          "meanserv": 0.0740024936853283,
          "stddevserv": 0.0740024936853283,
          "rate": 13.51305814439412,
          "cv": 1.0,
          "lambda": 0.175
        },
        "MS2_4": {
          "meanserv": 0.702085425732272,
          "stddevserv": 0.702085425732272,
          "rate": 1.4243280993292298,
          "cv": 1.0,
          "lambda": 0.175
        },
        "MS2_5": {
          "meanserv": 1.6684377774413726,
          "stddevserv": 1.6684377774413726,
          "rate": 0.5993630769578634,
          "cv": 1.0,
          "lambda": 0.175
        }
      },
      "sensors": [
        "S2"
      ],
      "sources": [
        {
          "startTime": 0,
          "stopTime": -1,
          "lambda": 0.175
        }
      ]
    },
    "SC3": {
      "resptime": 35.52263952659366,
      "resptime_old": 25.522639526593657,
      "waittime": 19.93739001045903,
      "servicetime": 10.0,
      "networktime": 5.585249516134625,
      "services": {
        "MS3_1": {
          "meanserv": 4.0620898134957315,
          "stddevserv": 4.0620898134957315,
          "rate": 0.24617870256773702,
          "cv": 1.0,
          "lambda": 0.175
        },
        "MS3_2": {
          "meanserv": 0.19486542612652435,
          "stddevserv": 0.19486542612652435,
          "rate": 5.131746661671573,
          "cv": 1.0,
          "lambda": 0.175
        },
        "MS3_3": {
          "meanserv": 3.326772528080128,
          "stddevserv": 3.326772528080128,
          "rate": 0.3005916369572456,
          "cv": 1.0,
          "lambda": 0.175
        },
        "MS3_4": {
          "meanserv": 0.5946190497657513,
          "stddevserv": 0.5946190497657513,
          "rate": 1.6817490129082604,
          "cv": 1.0,
          "lambda": 0.175
        },
        "MS3_5": {
          "meanserv": 1.8216531825318647,
          "stddevserv": 1.8216531825318647,
          "rate": 0.5489519133439703,
          "cv": 1.0,
          "lambda": 0.175
        }
      },
      "sensors": [
        "S3"
      ],
      "sources": [
        {
          "startTime": 0,
          "stopTime": -1,
          "lambda": 0.175
        }
      ]
    },
    "SC4": {
      "resptime": 173.91160220155808,
      "resptime_old": 163.91160220155805,
      "waittime": 159.01073567664235,
      "servicetime": 10.0,
      "networktime": 4.90086652491572,
      "services": {
        "MS4_1": {
          "meanserv": 1.1288383889177667,
          "stddevserv": 1.1288383889177667,
          "rate": 0.8858664002016393,
          "cv": 1.0,
          "lambda": 0.175
        },
        "MS4_2": {
          "meanserv": 0.516019313118038,
          "stddevserv": 0.516019313118038,
          "rate": 1.9379119629409158,
          "cv": 1.0,
          "lambda": 0.175
        },
        "MS4_3": {
          "meanserv": 5.511968894010811,
          "stddevserv": 5.511968894010811,
          "rate": 0.1814233750641407,
          "cv": 1.0,
          "lambda": 0.175
        },
        "MS4_4": {
          "meanserv": 0.7725342660950725,
          "stddevserv": 0.7725342660950725,
          "rate": 1.2944409638354273,
          "cv": 1.0,
          "lambda": 0.175
        },
        "MS4_5": {
          "meanserv": 2.070639137858312,
          "stddevserv": 2.070639137858312,
          "rate": 0.48294267297309584,
          "cv": 1.0,
          "lambda": 0.175
        }
      },
      "sensors": [
        "S4"
      ],
      "sources": [
        {
          "startTime": 0,
          "stopTime": -1,
          "lambda": 0.175
        }
      ]
    }
  },
  "microservice": {
    "MS1_1": "F1",
    "MS1_2": "F4",
    "MS1_3": "F4",
    "MS1_4": "F3",
    "MS1_5": "F4",
    "MS2_1": "F2",
    "MS2_2": "F7",
    "MS2_3": "F4",
    "MS2_4": "F4",
    "MS2_5": "F7",
    "MS3_1": "F10",
    "MS3_2": "F4",
    "MS3_3": "F9",
    "MS3_4": "F5",
    "MS3_5": "F5",
    "MS4_1": "F5",
    "MS4_2": "F8",
    "MS4_3": "F6",
    "MS4_4": "F8",
    "MS4_5": "F8"
  },
  "sensor": {
    "S1": "F1",
    "S2": "F2",
    "S3": "F10",
    "S4": "F5"
  },
  "fog": {
    "F1": {
      "rho": 0.819130857236444,
      "capacity": 1.0,
      "tserv": 4.6807477556368235,
      "stddev": 4.6807477556368235,
      "mu": 0.2136410787775827,
      "cv": 1.0,
      "lambda": 0.175,
      "twait": 21.1984469158158
    },
    "F2": {
      "rho": 0.9670482398965164,
      "capacity": 1.0,
      "tserv": 5.5259899422658085,
      "stddev": 5.5259899422658085,
      "mu": 0.18096305104565072,
      "cv": 1.0,
      "lambda": 0.175,
      "twait": 162.17339621834233
    },
    "F3": {
      "rho": 0.5937480929321819,
      "capacity": 1.0,
      "tserv": 3.392846245326754,
      "stddev": 3.392846245326754,
      "mu": 0.29473778877465556,
      "cv": 1.0,
      "lambda": 0.175,
      "twait": 4.958736076624945
    },
    "F4": {
      "rho": 0.5070378853015957,
      "capacity": 1.0,
      "tserv": 0.4828932240967577,
      "stddev": 0.6892535620974409,
      "mu": 2.0708511739225175,
      "cv": 1.4273415481997622,
      "lambda": 1.05,
      "twait": 0.7542863168447335
    },
    "F5": {
      "rho": 0.6203943587126919,
      "capacity": 1.0,
      "tserv": 1.1817035404051277,
      "stddev": 1.3787998051344597,
      "mu": 0.846235934655122,
      "cv": 1.1667899418002596,
      "lambda": 0.5249999999999999,
      "twait": 2.2802531044490837
    },
    "F6": {
      "rho": 0.9645945564518917,
      "capacity": 1.0,
      "tserv": 5.511968894010811,
      "stddev": 5.511968894010811,
      "mu": 0.1814233750641407,
      "cv": 1.0,
      "lambda": 0.175,
      "twait": 150.16942757038456
    },
    "F7": {
      "rho": 0.6471363742054033,
      "capacity": 1.0,
      "tserv": 1.8489610691582954,
      "stddev": 1.866503242152988,
      "mu": 0.5408442701582847,
      "cv": 1.0094875837503048,
      "lambda": 0.35,
      "twait": 3.4232374907452177
    },
    "F8": {
      "rho": 0.5878587254874988,