{
  "servicechain": {
    "SC1": {
      "resptime": 36.15788804919255,
      "resptime_old": 26.157888049192554,
      "waittime": 22.616731077926218,
      "servicetime": 10.0,
      "networktime": 3.541156971266334,
      "services": {
        "MS1_1": {
          "meanserv": 0.3100240471595417,
          "stddevserv": 0.3100240471595417,
          "rate": 3.2255562404337925,
          "cv": 1.0,
          "lambda": 0.15
        },
        "MS1_2": {
          "meanserv": 0.8788035649307269,
          "stddevserv": 0.8788035649307269,
          "rate": 1.1379107230622427,
          "cv": 1.0,
          "lambda": 0.15
        },
        "MS1_3": {
          "meanserv": 0.4304647125088945,
          "stddevserv": 0.4304647125088945,
          "rate": 2.3230707905687797,
          "cv": 1.0,
          "lambda": 0.15
        },
        "MS1_4": {
          "meanserv": 1.449729711056036,
          "stddevserv": 1.449729711056036,
          "rate": 0.6897837523599923,
          "cv": 1.0,
          "lambda": 0.15
        },
        "MS1_5": {
          "meanserv": 0.5005807515773153,
          "stddevserv": 0.5005807515773153,
          "rate": 1.9976796887395876,
          "cv": 1.0,
          "lambda": 0.15
        },
        "MS1_6": {
          "meanserv": 0.579880962420293,
          "stddevserv": 0.579880962420293,
          "rate": 1.7244918609264641,
          "cv": 1.0,
          "lambda": 0.15
        },
        "MS1_7": {
          "meanserv": 0.07038868564427325,
          "stddevserv": 0.07038868564427325,
          "rate": 14.20682870900231,
          "cv": 1.0,
          "lambda": 0.15
        },
        "MS1_8": {
          "meanserv": 0.8365361586610218,
          "stddevserv": 0.8365361586610218,
          "rate": 1.1954055896407658,
          "cv": 1.0,
          "lambda": 0.15
        },
        "MS1_9": {
          "meanserv": 0.7042542042868805,
          "stddevserv": 0.7042542042868805,
          "rate": 1.419941824859375,
          "cv": 1.0,
          "lambda": 0.15
        },
        "MS1_10": {
          "meanserv": 1.3716537495896057,
          "stddevserv": 1.3716537495896057,
          "rate": 0.7290469626895247,
          "cv": 1.0,
          "lambda": 0.15
        },
        "MS1_11": {
          "meanserv": 1.4557951836572327,
          "stddevserv": 1.4557951836572327,
          "rate": 0.6869098148049996,
          "cv": 1.0,
          "lambda": 0.15
        },
        "MS1_12": {
          "meanserv": 1.4118882685081786,
          "stddevserv": 1.4118882685081786,
          "rate": 0.7082713429275919,
          "cv": 1.0,
          "lambda": 0.15
        }
      },
      "sensors": [
        "S1"
      ],
      "sources": [
        {
          "startTime": 0,
          "stopTime": -1,
          "lambda": 0.15
        }
      ]
    },
    "SC2": {
      "resptime": 35.46954083478051,
      "resptime_old": 25.469540834780506,
      "waittime": 22.33785259137508,
      "servicetime": 10.0,
      "networktime": 3.1316882434054296,
      "services": {
        "MS2_1": {
          "meanserv": 1.2965898428640799,
          "stddevserv": 1.2965898428640799,
          "rate": 0.7712539208166764,
          "cv": 1.0,
          "lambda": 0.15
        },
        "MS2_2": {
          "meanserv": 1.4683846964967193,
          "stddevserv": 1.4683846964967193,
          "rate": 0.6810204453817897,
          "cv": 1.0,
          "lambda": 0.15
        },
        "MS2_3": {
          "meanserv": 1.1551439023055732,
          "stddevserv": 1.1551439023055732,
          "rate": 0.8656930084676735,
          "cv": 1.0,
          "lambda": 0.15
        },
        "MS2_4": {
          "meanserv": 0.510902173238656,
          "stddevserv": 0.510902173238656,
          "rate": 1.9573218756555832,
          "cv": 1.0,
          "lambda": 0.15
        },
        "MS2_5": {
          "meanserv": 1.129923160470188,
          "stddevserv": 1.129923160470188,
          "rate": 0.8850159329275772,
          "cv": 1.0,
          "lambda": 0.15
        },
        "MS2_6": {
          "meanserv": 0.6662701375074551,
          "stddevserv": 0.6662701375074551,
          "rate": 1.5008927215934402,
          "cv": 1.0,
          "lambda": 0.15
        },
        "MS2_7": {
          "meanserv": 0.744468166024669,
          "stddevserv": 0.744468166024669,
          "rate": 1.3432407799783121,
          "cv": 1.0,
          "lambda": 0.15
        },
        "MS2_8": {
          "meanserv": 0.16916488877094782,
          "stddevserv": 0.16916488877094782,
          "rate": 5.911392176387248,
          "cv": 1.0,
          "lambda": 0.15
        },
        "MS2_9": {
          "meanserv": 0.495623537606396,
          "stddevserv": 0.495623537606396,
          "rate": 2.0176604299898266,
          "cv": 1.0,
          "lambda": 0.15
        },
        "MS2_10": {
          "meanserv": 1.7627513281035654,
          "stddevserv": 1.7627513281035654,
          "rate": 0.5672949916740881,
          "cv": 1.0,
          "lambda": 0.15
        },
        "MS2_11": {
          "meanserv": 0.020896168276642868,
          "stddevserv": 0.020896168276642868,
          "rate": 47.85566362029019,
          "cv": 1.0,
          "lambda": 0.15
        },
        "MS2_12": {
          "meanserv": 0.5798819983351073,
          "stddevserv": 0.5798819983351073,
          "rate": 1.7244887802537219,
          "cv": 1.0,
          "lambda": 0.15
        }
      },
      "sensors": [
        "S2"
      ],
      "sources": [
        {
          "startTime": 0,
          "stopTime": -1,
          "lambda": 0.15
        }
      ]
    },
    "SC3": {
      "resptime": 37.597714123310396,
      "resptime_old": 27.597714123310404,
      "waittime": 23.912024071980586,
      "servicetime": 10.0,
      "networktime": 3.685690051329817,
      "services": {
        "MS3_1": {
          "meanserv": 0.25366564292182536,
          "stddevserv": 0.25366564292182536,
          "rate": 3.9421972502132654,
          "cv": 1.0,
          "lambda": 0.15
        },
        "MS3_2": {
          "meanserv": 0.4654724300420987,
          "stddevserv": 0.4654724300420987,
          "rate": 2.14835495178427,
          "cv": 1.0,
          "lambda": 0.15
        },
        "MS3_3": {
          "meanserv": 0.279823181452139,
          "stddevserv": 0.279823181452139,
          "rate": 3.5736853351838547,
          "cv": 1.0,
          "lambda": 0.15
        },
        "MS3_4": {
          "meanserv": 1.1236862608790907,
          "stddevserv": 1.1236862608790907,
          "rate": 0.8899281185636927,
          "cv": 1.0,
          "lambda": 0.15
        },
        "MS3_5": {
          "meanserv": 0.03384558857949127,
          "stddevserv": 0.03384558857949127,
          "rate": 29.54594799411909,
          "cv": 1.0,
          "lambda": 0.15
        },
        "MS3_6": {
          "meanserv": 2.272198074589829,
          "stddevserv": 2.272198074589829,
          "rate": 0.4401024766208013,
          "cv": 1.0,
          "lambda": 0.15
        },
        "MS3_7": {
          "meanserv": 0.5531230606025535,
          "stddevserv": 0.5531230606025535,
          "rate": 1.8079159435345797,
          "cv": 1.0,
          "lambda": 0.15
        },
        "MS3_8": {
          "meanserv": 0.42956387986991196,
          "stddevserv": 0.42956387986991196,
          "rate": 2.327942471100777,
          "cv": 1.0,
          "lambda": 0.15
        },
        "MS3_9": {
          "meanserv": 0.6380764404559178,
          "stddevserv": 0.6380764404559178,
          "rate": 1.5672103475337231,
          "cv": 1.0,
          "lambda": 0.15
        },
        "MS3_10": {
          "meanserv": 2.8537873214424527,
          "stddevserv": 2.8537873214424527,
          "rate": 0.3504115364471337,
          "cv": 1.0,
          "lambda": 0.15
        },
        "MS3_11": {
          "meanserv": 0.3608630802497448,
          "stddevserv": 0.3608630802497448,
          "rate": 2.771134135716859,
          "cv": 1.0,