{
  "servicechain": {
    "SC1": {
      "resptime": 36.119377571032935,
      "resptime_old": 26.11937757103293,
      "waittime": 21.98320837575182,
      "servicetime": 10.0,
      "networktime": 4.136169195281117,
      "services": {
        "MS1_1": {
          "meanserv": 0.8913914987236993,
          "stddevserv": 0.8913914987236993,
          "rate": 1.1218415269068722,
          "cv": 1.0,
          "lambda": 0.15
        },
        "MS1_2": {
          "meanserv": 0.3851005788244921,
          "stddevserv": 0.3851005788244921,
          "rate": 2.596724219559653,
          "cv": 1.0,
          "lambda": 0.15
        },
        "MS1_3": {
          "meanserv": 1.1926668417524289,
          "stddevserv": 1.1926668417524289,
          "rate": 0.838457115593709,
          "cv": 1.0,
          "lambda": 0.15
        },
        "MS1_4": {
          "meanserv": 4.2869515448924,
          "stddevserv": 4.2869515448924,
          "rate": 0.23326599088609468,
          "cv": 1.0,
          "lambda": 0.15
        },
        "MS1_5": {
          "meanserv": 0.011031601520088863,
          "stddevserv": 0.011031601520088863,
          "rate": 90.64866947731672,
          "cv": 1.0,
          "lambda": 0.15
        },
        "MS1_6": {
          "meanserv": 0.02880886070611499,
          "stddevserv": 0.02880886070611499,
          "rate": 34.71154275072527,
          "cv": 1.0,
          "lambda": 0.15
        },
        "MS1_7": {
          "meanserv": 2.075079100855734,
          "stddevserv": 2.075079100855734,
          "rate": 0.4819093400283458,
          "cv": 1.0,
          "lambda": 0.15
        },
        "MS1_8": {
          "meanserv": 0.07650128472771556,
          "stddevserv": 0.07650128472771556,
          "rate": 13.071675901381447,
          "cv": 1.0,
          "lambda": 0.15
        },
        "MS1_9": {
          "meanserv": 0.894414119034705,
          "stddevserv": 0.894414119034705,
          "rate": 1.1180503289452188,
          "cv": 1.0,
          "lambda": 0.15
        },
        "MS1_10": {
          "meanserv": 0.15805456896262093,
          "stddevserv": 0.15805456896262093,
          "rate": 6.326928772533584,
          "cv": 1.0,
          "lambda": 0.15
        }
      },
      "sensors": [
        "S1"
      ],
      "sources": [
        {
          "startTime": 0,
          "stopTime": -1,
          "lambda": 0.15
        }
      ]
    },
    "SC2": {
      "resptime": 29.169169599493532,
      "resptime_old": 19.16916959949353,
      "waittime": 14.960310887107191,
      "servicetime": 10.0,
      "networktime": 4.20885871238634,
      "services": {
        "MS2_1": {
          "meanserv": 0.257408519276775,
          "stddevserv": 0.257408519276775,
          "rate": 3.8848753056411613,
          "cv": 1.0,
          "lambda": 0.15
        },
        "MS2_2": {
          "meanserv": 0.18332122715310262,
          "stddevserv": 0.18332122715310262,
          "rate": 5.4549056622059355,
          "cv": 1.0,
          "lambda": 0.15
        },
        "MS2_3": {
          "meanserv": 0.09351020631858109,
          "stddevserv": 0.09351020631858109,
          "rate": 10.694019822746274,
          "cv": 1.0,
          "lambda": 0.15
        },
        "MS2_4": {
          "meanserv": 3.1720490558591465,
          "stddevserv": 3.1720490558591465,
          "rate": 0.31525363649495985,
          "cv": 1.0,
          "lambda": 0.15
        },
        "MS2_5": {
          "meanserv": 1.7361015984349564,
          "stddevserv": 1.7361015984349564,
          "rate": 0.5760031560949371,
          "cv": 1.0,
          "lambda": 0.15
        },
        "MS2_6": {
          "meanserv": 0.558888212496127,
          "stddevserv": 0.558888212496127,
          "rate": 1.7892665789707094,
          "cv": 1.0,
          "lambda": 0.15
        },
        "MS2_7": {
          "meanserv": 0.5689442813062637,
          "stddevserv": 0.5689442813062637,
          "rate": 1.757641359368367,
          "cv": 1.0,
          "lambda": 0.15
        },
        "MS2_8": {
          "meanserv": 1.6570725316666355,
          "stddevserv": 1.6570725316666355,
          "rate": 0.6034738859585277,
          "cv": 1.0,
          "lambda": 0.15
        },
        "MS2_9": {
          "meanserv": 0.9281486169283593,
          "stddevserv": 0.9281486169283593,
          "rate": 1.0774136617360135,
          "cv": 1.0,
          "lambda": 0.15
        },
        "MS2_10": {
          "meanserv": 0.8445557505600529,
          "stddevserv": 0.8445557505600529,
          "rate": 1.184054456247402,
          "cv": 1.0,
          "lambda": 0.15
        }
      },
      "sensors": [
        "S2"
      ],
      "sources": [
        {
          "startTime": 0,
          "stopTime": -1,
          "lambda": 0.15
        }
      ]
    },
    "SC3": {
      "resptime": 35.40041965301103,
      "resptime_old": 25.400419653011028,
      "waittime": 21.320483333468097,
      "servicetime": 10.0,
      "networktime": 4.079936319542931,
      "services": {
        "MS3_1": {
          "meanserv": 0.47228009862012366,
          "stddevserv": 0.47228009862012366,
          "rate": 2.1173875480286655,
          "cv": 1.0,
          "lambda": 0.15
        },
        "MS3_2": {
          "meanserv": 1.2025611440223871,
          "stddevserv": 1.2025611440223871,
          "rate": 0.8315585489941489,
          "cv": 1.0,
          "lambda": 0.15
        },
        "MS3_3": {
          "meanserv": 0.2364713697246401,
          "stddevserv": 0.2364713697246401,
          "rate": 4.228841745892763,
          "cv": 1.0,
          "lambda": 0.15
        },
        "MS3_4": {
          "meanserv": 3.0234116532028303,
          "stddevserv": 3.0234116532028303,
          "rate": 0.33075218154321023,
          "cv": 1.0,
          "lambda": 0.15
        },
        "MS3_5": {
          "meanserv": 0.7264086075481977,
          "stddevserv": 0.7264086075481977,
          "rate": 1.3766356697991762,
          "cv": 1.0,
          "lambda": 0.15
        },
        "MS3_6": {
          "meanserv": 0.021499340844369996,
          "stddevserv": 0.021499340844369996,
          "rate": 46.51305392285404,
          "cv": 1.0,
          "lambda": 0.15
        },
        "MS3_7": {
          "meanserv": 0.8837374794582615,
          "stddevserv": 0.8837374794582615,
          "rate": 1.1315577569630841,
          "cv": 1.0,
          "lambda": 0.15
        },
        "MS3_8": {
          "meanserv": 1.5447821813525238,
          "stddevserv": 1.5447821813525238,
          "rate": 0.6473404549011931,
          "cv": 1.0,
          "lambda": 0.15
        },
        "MS3_9": {
          "meanserv": 1.3531750928369668,
          "stddevserv": 1.3531750928369668,
          "rate": 0.7390026651343944,
          "cv": 1.0,
          "lambda": 0.15
        },
        "MS3_10": {
          "meanserv": 0.535673032389699,
          "stddevserv": 0.535673032389699,
          "rate": 1.8668104226544409,
          "cv": 1.0,
          "lambda": 0.15
        }
      },
      "sensors": [
        "S3"
      ],
      "sources": [
        {
          "startTime": 0,
          "stopTime": -1,
          "lambda": 0.15
        }
      ]
    },
    "SC4": {
      "resptime": 33.62123725830468,
      "resptime_old": 23.62123725830469,
      "waittime": 18.17776176539286,
      "servicetime": 10.0,
      "networktime": 5.443475492911823,
      "services": {
        "MS4_1": {
          "meanserv": 0.060921849143096285,
          "stddevserv": 0.060921849143096285,
          "rate": 16.41447221424862,
          "cv": 1.0,
          "lambda": 0.15
        },
        "MS4_2": {
          "meanserv": 1.2435841560428007,
          "stddevserv": 1.2435841560428007,
          "rate": 0.8041273243477884,
          "cv": 1.0,
          "lambda": 0.15
        },
        "MS4_3": {
          "meanserv": 1.0386336576798838,
          "stddevserv": 1.0386336576798838,
          "rate": 0.9628033836625474,
          "cv": 1.0,