{
  "servicechain": {
    "SC1": {
      "resptime": 24.56605520234996,
      "resptime_old": 14.566055202349963,
      "waittime": 8.810251001924978,
      "servicetime": 10.0,
      "networktime": 5.755804200424983,
      "services": {
        "MS1_1": {
          "meanserv": 1.9190375968647555,
          "stddevserv": 1.9190375968647555,
          "rate": 0.5210945328188248,
          "cv": 1.0,
          "lambda": 0.1
        },
        "MS1_2": {
          "meanserv": 1.2885476027231768,
          "stddevserv": 1.2885476027231768,
          "rate": 0.7760675646647673,
          "cv": 1.0,
          "lambda": 0.1
        },
        "MS1_3": {
          "meanserv": 1.3017835216087712,
          "stddevserv": 1.3017835216087712,
          "rate": 0.7681768768774851,
          "cv": 1.0,
          "lambda": 0.1
        },
        "MS1_4": {
          "meanserv": 3.6637283320112166,
          "stddevserv": 3.6637283320112166,
          "rate": 0.27294600182624523,
          "cv": 1.0,
          "lambda": 0.1
        },
        "MS1_5": {
          "meanserv": 1.8269029467920799,
          "stddevserv": 1.8269029467920799,
          "rate": 0.5473744523516881,
          "cv": 1.0,
          "lambda": 0.1
        }
      },
      "sensors": [
        "S1"
      ],
      "sources": [
        {
          "startTime": 0,
          "stopTime": -1,
          "lambda": 0.1
        }
      ]
    },
    "SC2": {
      "resptime": 22.584263488119998,
      "resptime_old": 12.584263488119996,
      "waittime": 8.575271799751262,
      "servicetime": 10.0,
      "networktime": 4.0089916883687335,
      "services": {
        "MS2_1": {
          "meanserv": 3.2331444068502924,
          "stddevserv": 3.2331444068502924,
          "rate": 0.30929642297486903,
          "cv": 1.0,
          "lambda": 0.1
        },
        "MS2_2": {
          "meanserv": 2.430429040151002,
          "stddevserv": 2.430429040151002,
          "rate": 0.4114499882448205,
          "cv": 1.0,
          "lambda": 0.1
        },
        "MS2_3": {
          "meanserv": 0.35200921366886373,
          "stddevserv": 0.35200921366886373,
          "rate": 2.8408347315042253,
          "cv": 1.0,
          "lambda": 0.1
        },
        "MS2_4": {
          "meanserv": 0.5550275858660978,
          "stddevserv": 0.5550275858660978,
          "rate": 1.801712249021895,
          "cv": 1.0,
          "lambda": 0.1
        },
        "MS2_5": {
          "meanserv": 3.4293897534637443,
          "stddevserv": 3.4293897534637443,
          "rate": 0.2915970688341803,
          "cv": 1.0,
          "lambda": 0.1
        }
      },
      "sensors": [
        "S2"
      ],
      "sources": [
        {
          "startTime": 0,
          "stopTime": -1,
          "lambda": 0.1
        }
      ]
    },
    "SC3": {
      "resptime": 24.66005433889787,
      "resptime_old": 14.660054338897865,
      "waittime": 8.480842712050956,
      "servicetime": 10.0,
      "networktime": 6.17921162684691,
      "services": {
        "MS3_1": {
          "meanserv": 2.0499985873464843,
          "stddevserv": 2.0499985873464843,
          "rate": 0.4878052141950004,
          "cv": 1.0,
          "lambda": 0.1
        },
        "MS3_2": {
          "meanserv": 0.8671852613525832,
          "stddevserv": 0.8671852613525832,
          "rate": 1.1531561300295399,
          "cv": 1.0,
          "lambda": 0.1
        },
        "MS3_3": {
          "meanserv": 1.0867130640635145,
          "stddevserv": 1.0867130640635145,
          "rate": 0.9202061087410959,
          "cv": 1.0,
          "lambda": 0.1
        },
        "MS3_4": {
          "meanserv": 4.611431476455514,
          "stddevserv": 4.611431476455514,
          "rate": 0.21685240366373834,
          "cv": 1.0,
          "lambda": 0.1
        },
        "MS3_5": {
          "meanserv": 1.3846716107819041,
          "stddevserv": 1.3846716107819041,
          "rate": 0.7221928955669962,
          "cv": 1.0,
          "lambda": 0.1
        }
      },
      "sensors": [
        "S3"
      ],
      "sources": [
        {
          "startTime": 0,
          "stopTime": -1,
          "lambda": 0.1
        }
      ]
    },
    "SC4": {
      "resptime": 21.240377494098823,
      "resptime_old": 11.240377494098821,
      "waittime": 7.291119806869535,
      "servicetime": 10.0,
      "networktime": 3.949257687229288,
      "services": {
        "MS4_1": {
          "meanserv": 0.802666033189906,
          "stddevserv": 0.802666033189906,
          "rate": 1.24584815932208,
          "cv": 1.0,
          "lambda": 0.1
        },
        "MS4_2": {
          "meanserv": 3.119374973636697,
          "stddevserv": 3.119374973636697,
          "rate": 0.3205770413789524,
          "cv": 1.0,
          "lambda": 0.1
        },
        "MS4_3": {
          "meanserv": 2.0450224170254705,
          "stddevserv": 2.0450224170254705,
          "rate": 0.4889921947430394,
          "cv": 1.0,
          "lambda": 0.1
        },
        "MS4_4": {
          "meanserv": 2.4610543497547814,
          "stddevserv": 2.4610543497547814,
          "rate": 0.4063299130714605,
          "cv": 1.0,
          "lambda": 0.1
        },
        "MS4_5": {
          "meanserv": 1.5718822263931447,
          "stddevserv": 1.5718822263931447,
          "rate": 0.6361799778693402,
          "cv": 1.0,
          "lambda": 0.1
        }
      },
      "sensors": [
        "S4"
      ],
      "sources": [
        {
          "startTime": 0,
          "stopTime": -1,
          "lambda": 0.1
        }
      ]
    }
  },
  "microservice": {
    "MS1_1": "F10",
    "MS1_2": "F10",
    "MS1_3": "F2",
    "MS1_4": "F2",
    "MS1_5": "F7",
    "MS2_1": "F4",
    "MS2_2": "F8",
    "MS2_3": "F4",
    "MS2_4": "F3",
    "MS2_5": "F3",
    "MS3_1": "F7",
    "MS3_2": "F9",
    "MS3_3": "F9",
    "MS3_4": "F1",
    "MS3_5": "F8",
    "MS4_1": "F5",
    "MS4_2": "F5",
    "MS4_3": "F9",
    "MS4_4": "F6",
    "MS4_5": "F6"
  },
  "sensor": {
    "S1": "F10",
    "S2": "F4",
    "S3": "F7",
    "S4": "F5"
  },
  "fog": {
    "F1": {
      "rho": 0.4611431476455514,
      "capacity": 1.0,
      "tserv": 4.611431476455514,
      "stddev": 4.611431476455514,
      "mu": 0.21685240366373834,
      "cv": 1.0,
      "lambda": 0.1,
      "twait": 3.946372801817285
    },
    "F2": {
      "rho": 0.4965511853619989,
      "capacity": 1.0,
      "tserv": 2.482755926809994,
      "stddev": 2.9922347227120527,
      "mu": 0.4027782148061831,
      "cv": 1.2052069598950348,
      "lambda": 0.2,
      "twait": 3.0027969454618573
    },
    "F3": {
      "rho": 0.39844173393298427,
      "capacity": 1.0,
      "tserv": 1.9922086696649213,
      "stddev": 2.846027814120304,
      "mu": 0.5019554503636382,
      "cv": 1.428579173184198,
      "lambda": 0.2,
      "twait": 2.006251161860016
    },
    "F4": {
      "rho": 0.3585153620519156,
      "capacity": 1.0,
      "tserv": 1.7925768102595778,
      "stddev": 2.7136325509130192,
      "mu": 0.557856151143221,
      "cv": 1.5138166104692976,
      "lambda": 0.2,
      "twait": 1.6488521495835284
    },
    "F5": {
      "rho": 0.39220410068266026,
      "capacity": 1.0,
      "tserv": 1.9610205034133015,
      "stddev": 2.555224368266005,
      "mu": 0.5099385744613205,
      "cv": 1.303007471782395,
      "lambda": 0.2,
      "twait": 1.706950145376175
    },
    "F6": {
      "rho": 0.40329365761479263,
      "capacity": 1.0,
      "tserv": 2.016468288073963,
      "stddev": 2.1122163452851277,
      "mu": 0.495916551683118,
      "cv": 1.0474830463625187,
      "lambda": 0.2,
      "twait": 1.4291120506630306
    },
    "F7": {
      "rho": 0.3876901534138565,
      "capacity": 1.0,
      "tserv": 1.938450767069282,
      "stddev": 1.9448591745338988,
      "mu": 0.5158758824253693,
      "cv": 1.0033059428557505,
      "lambda": 0.2,
      "twait": 1.231413903787253
    },
    "F8": {
      "rho": 0.38151006509329066,
      "capacity": 1.0,