{
  "servicechain": {
    "SC1": {
      "resptime": 25.55373808964361,
      "resptime_old": 15.553738089643609,
      "waittime": 10.956183771007122,
      "servicetime": 10.0,
      "networktime": 4.597554318636486,
      "services": {
        "MS1_1": {
          "meanserv": 2.494633795060941,
          "stddevserv": 2.494633795060941,
          "rate": 0.400860439708575,
          "cv": 1.0,
          "lambda": 0.125
        },
        "MS1_2": {
          "meanserv": 0.07661974073972644,
          "stddevserv": 0.07661974073972644,
          "rate": 13.05146676751298,
          "cv": 1.0,
          "lambda": 0.125
        },
        "MS1_3": {
          "meanserv": 3.046455071365128,
          "stddevserv": 3.046455071365128,
          "rate": 0.32825036856752204,
          "cv": 1.0,
          "lambda": 0.125
        },
        "MS1_4": {
          "meanserv": 0.14355291408910364,
          "stddevserv": 0.14355291408910364,
          "rate": 6.966072450325164,
          "cv": 1.0,
          "lambda": 0.125
        },
        "MS1_5": {
          "meanserv": 4.238738478745101,
          "stddevserv": 4.238738478745101,
          "rate": 0.23591924932723257,
          "cv": 1.0,
          "lambda": 0.125
        }
      },
      "sensors": [
        "S1"
      ],
      "sources": [
        {
          "startTime": 0,
          "stopTime": -1,
          "lambda": 0.125
        }
      ]
    },
    "SC2": {
      "resptime": 21.617844889025015,
      "resptime_old": 11.617844889025015,
      "waittime": 8.292099989655416,
      "servicetime": 10.0,
      "networktime": 3.3257448993695977,
      "services": {
        "MS2_1": {
          "meanserv": 3.3468538580795135,
          "stddevserv": 3.3468538580795135,
          "rate": 0.29878806855756124,
          "cv": 1.0,
          "lambda": 0.125
        },
        "MS2_2": {
          "meanserv": 0.4805471869777094,
          "stddevserv": 0.4805471869777094,
          "rate": 2.080961094142012,
          "cv": 1.0,
          "lambda": 0.125
        },
        "MS2_3": {
          "meanserv": 1.3616549847132715,
          "stddevserv": 1.3616549847132715,
          "rate": 0.7344004253842419,
          "cv": 1.0,
          "lambda": 0.125
        },
        "MS2_4": {
          "meanserv": 1.136608472721993,
          "stddevserv": 1.136608472721993,
          "rate": 0.8798104395660207,
          "cv": 1.0,
          "lambda": 0.125
        },
        "MS2_5": {
          "meanserv": 3.6743354975075126,
          "stddevserv": 3.6743354975075126,
          "rate": 0.27215805434162194,
          "cv": 1.0,
          "lambda": 0.125
        }
      },
      "sensors": [
        "S2"
      ],
      "sources": [
        {
          "startTime": 0,
          "stopTime": -1,
          "lambda": 0.125
        }
      ]
    },
    "SC3": {
      "resptime": 29.503322713667465,
      "resptime_old": 19.503322713667465,
      "waittime": 11.94945013142631,
      "servicetime": 10.0,
      "networktime": 7.553872582241156,
      "services": {
        "MS3_1": {
          "meanserv": 0.5275817971591634,
          "stddevserv": 0.5275817971591634,
          "rate": 1.89544067931198,
          "cv": 1.0,
          "lambda": 0.125
        },
        "MS3_2": {
          "meanserv": 3.93985309723643,
          "stddevserv": 3.93985309723643,
          "rate": 0.2538165701410136,
          "cv": 1.0,
          "lambda": 0.125
        },
        "MS3_3": {
          "meanserv": 1.0705661600887586,
          "stddevserv": 1.0705661600887586,
          "rate": 0.934085194619912,
          "cv": 1.0,
          "lambda": 0.125
        },
        "MS3_4": {
          "meanserv": 4.185202371275458,
          "stddevserv": 4.185202371275458,
          "rate": 0.2389370719235366,
          "cv": 1.0,
          "lambda": 0.125
        },
        "MS3_5": {
          "meanserv": 0.27679657424019055,
          "stddevserv": 0.27679657424019055,
          "rate": 3.6127614756252324,
          "cv": 1.0,
          "lambda": 0.125
        }
      },
      "sensors": [
        "S3"
      ],
      "sources": [
        {
          "startTime": 0,
          "stopTime": -1,
          "lambda": 0.125
        }
      ]
    },
    "SC4": {
      "resptime": 34.64869761070178,
      "resptime_old": 24.648697610701785,
      "waittime": 21.18712819395243,
      "servicetime": 10.0,
      "networktime": 3.461569416749353,
      "services": {
        "MS4_1": {
          "meanserv": 0.5788112330725503,
          "stddevserv": 0.5788112330725503,
          "rate": 1.727678978674307,
          "cv": 1.0,
          "lambda": 0.125
        },
        "MS4_2": {
          "meanserv": 0.3976958026334687,
          "stddevserv": 0.3976958026334687,
          "rate": 2.514484672400823,
          "cv": 1.0,
          "lambda": 0.125
        },
        "MS4_3": {
          "meanserv": 5.7183999879482705,
          "stddevserv": 5.7183999879482705,
          "rate": 0.1748740910232819,
          "cv": 1.0,
          "lambda": 0.125
        },
        "MS4_4": {
          "meanserv": 1.1956884120250262,
          "stddevserv": 1.1956884120250262,
          "rate": 0.8363382884228117,
          "cv": 1.0,
          "lambda": 0.125
        },
        "MS4_5": {
          "meanserv": 2.109404564320684,
          "stddevserv": 2.109404564320684,
          "rate": 0.474067429697651,
          "cv": 1.0,
          "lambda": 0.125
        }
      },
      "sensors": [
        "S4"
      ],
      "sources": [
        {
          "startTime": 0,
          "stopTime": -1,
          "lambda": 0.125
        }
      ]
    }
  },
  "microservice": {
    "MS1_1": "F10",
    "MS1_2": "F10",
    "MS1_3": "F3",
    "MS1_4": "F6",
    "MS1_5": "F7",
    "MS2_1": "F8",
    "MS2_2": "F6",
    "MS2_3": "F6",
    "MS2_4": "F6",
    "MS2_5": "F4",
    "MS3_1": "F6",
    "MS3_2": "F1",
    "MS3_3": "F10",
    "MS3_4": "F2",
    "MS3_5": "F6",
    "MS4_1": "F5",
    "MS4_2": "F5",
    "MS4_3": "F9",
    "MS4_4": "F5",
    "MS4_5": "F5"
  },
  "sensor": {
    "S1": "F10",
    "S2": "F8",
    "S3": "F6",
    "S4": "F5"
  },
  "fog": {
    "F1": {
      "rho": 0.49248163715455373,
      "capacity": 1.0,
      "tserv": 3.93985309723643,
      "stddev": 3.93985309723643,
      "mu": 0.2538165701410136,
      "cv": 1.0,
      "lambda": 0.125,
      "twait": 3.8231233498566315
    },
    "F2": {
      "rho": 0.5231502964094322,
      "capacity": 1.0,
      "tserv": 4.185202371275458,
      "stddev": 4.185202371275458,
      "mu": 0.2389370719235366,
      "cv": 1.0,
      "lambda": 0.125,
      "twait": 4.591572238757544
    },
    "F3": {
      "rho": 0.38080688392064105,
      "capacity": 1.0,
      "tserv": 3.046455071365128,
      "stddev": 3.046455071365128,
      "mu": 0.32825036856752204,
      "cv": 1.0,
      "lambda": 0.125,
      "twait": 1.8735852072717538
    },
    "F4": {
      "rho": 0.459291937188439,
      "capacity": 1.0,
      "tserv": 3.6743354975075126,
      "stddev": 3.6743354975075126,
      "mu": 0.27215805434162194,
      "cv": 1.0,
      "lambda": 0.125,
      "twait": 3.121079163782703
    },
    "F5": {
      "rho": 0.5352000015064662,
      "capacity": 1.0,
      "tserv": 1.0704000030129324,
      "stddev": 1.4284485389209751,
      "mu": 0.934230191690235,
      "cv": 1.3344997523357789,
      "lambda": 0.5,
      "twait": 1.713759361619211
    },
    "F6": {
      "rho": 0.4908427412376789,
      "capacity": 1.0,
      "tserv": 0.6544569883169052,
      "stddev": 0.9069239591880314,
      "mu": 1.5279842951509195,
      "cv": 1.3857655665354054,
      "lambda": 0.75,
      "twait": 0.9212465764113926
    },
    "F7": {
      "rho": 0.5298423098431376,
      "capacity": 1.0,
      "tserv": 4.238738478745101,
      "stddev": 4.238738478745101,
      "mu": 0.23591924932723257,
      "cv": 1.0,
      "lambda": 0.125,
      "twait": 4.776829207345277
    },
    "F8": {
      "rho": 0.4183567322599392,
      "capacity": 1.0,