{
  "servicechain": {
    "SC1": {
      "resptime": 34.20181100720761,
      "resptime_old": 24.201811007207606,
      "waittime": 19.532614667191396,
      "servicetime": 10.0,
      "networktime": 4.669196340016212,
      "services": {
        "MS1_1": {
          "meanserv": 1.8105378284337237,
          "stddevserv": 1.8105378284337237,
          "rate": 0.552322069329581,
          "cv": 1.0,
          "lambda": 0.15
        },
        "MS1_2": {
          "meanserv": 3.8568919529980707,
          "stddevserv": 3.8568919529980707,
          "rate": 0.259276124969659,
          "cv": 1.0,
          "lambda": 0.15
        },
        "MS1_3": {
          "meanserv": 1.05394645568179,
          "stddevserv": 1.05394645568179,
          "rate": 0.9488148042142308,
          "cv": 1.0,
          "lambda": 0.15
        },
        "MS1_4": {
          "meanserv": 3.0241778779953714,
          "stddevserv": 3.0241778779953714,
          "rate": 0.3306683800831409,
          "cv": 1.0,
          "lambda": 0.15
        },
        "MS1_5": {
          "meanserv": 0.25444588489104447,
          "stddevserv": 0.25444588489104447,
          "rate": 3.930108755455829,
          "cv": 1.0,
          "lambda": 0.15
        }
      },
      "sensors": [
        "S1"
      ],
      "sources": [
        {
          "startTime": 0,
          "stopTime": -1,
          "lambda": 0.15
        }
      ]
    },
    "SC2": {
      "resptime": 31.815485983244876,
      "resptime_old": 21.815485983244876,
      "waittime": 18.51302871157656,
      "servicetime": 10.0,
      "networktime": 3.3024572716683167,
      "services": {
        "MS2_1": {
          "meanserv": 2.2749726317403427,
          "stddevserv": 2.2749726317403427,
          "rate": 0.43956572753800777,
          "cv": 1.0,
          "lambda": 0.15
        },
        "MS2_2": {
          "meanserv": 0.34249364194397725,
          "stddevserv": 0.34249364194397725,
          "rate": 2.9197622306914917,
          "cv": 1.0,
          "lambda": 0.15
        },
        "MS2_3": {
          "meanserv": 3.2340151536613213,
          "stddevserv": 3.2340151536613213,
          "rate": 0.3092131460385618,
          "cv": 1.0,
          "lambda": 0.15
        },
        "MS2_4": {
          "meanserv": 1.0837694451544424,
          "stddevserv": 1.0837694451544424,
          "rate": 0.9227054743709767,
          "cv": 1.0,
          "lambda": 0.15
        },
        "MS2_5": {
          "meanserv": 3.0647491274999163,
          "stddevserv": 3.0647491274999163,
          "rate": 0.32629098121834027,
          "cv": 1.0,
          "lambda": 0.15
        }
      },
      "sensors": [
        "S2"
      ],
      "sources": [
        {
          "startTime": 0,
          "stopTime": -1,
          "lambda": 0.15
        }
      ]
    },
    "SC3": {
      "resptime": 31.89947557435385,
      "resptime_old": 21.89947557435385,
      "waittime": 17.708823969680275,
      "servicetime": 10.0,
      "networktime": 4.190651604673578,
      "services": {
        "MS3_1": {
          "meanserv": 0.7249381726263304,
          "stddevserv": 0.7249381726263304,
          "rate": 1.3794279812541341,
          "cv": 1.0,
          "lambda": 0.15
        },
        "MS3_2": {
          "meanserv": 2.974273532140653,
          "stddevserv": 2.974273532140653,
          "rate": 0.33621655479692114,
          "cv": 1.0,
          "lambda": 0.15
        },
        "MS3_3": {
          "meanserv": 0.17687827697889613,
          "stddevserv": 0.17687827697889613,
          "rate": 5.653605502496572,
          "cv": 1.0,
          "lambda": 0.15
        },
        "MS3_4": {
          "meanserv": 3.6867525627976336,
          "stddevserv": 3.6867525627976336,
          "rate": 0.27124141991269574,
          "cv": 1.0,
          "lambda": 0.15
        },
        "MS3_5": {
          "meanserv": 2.4371574554564868,
          "stddevserv": 2.4371574554564868,
          "rate": 0.41031407214216986,
          "cv": 1.0,
          "lambda": 0.15
        }
      },
      "sensors": [
        "S3"
      ],
      "sources": [
        {
          "startTime": 0,
          "stopTime": -1,
          "lambda": 0.15
        }
      ]
    },
    "SC4": {
      "resptime": 46.13399751689326,
      "resptime_old": 36.13399751689326,
      "waittime": 31.472055199950383,
      "servicetime": 10.0,
      "networktime": 4.661942316942878,
      "services": {
        "MS4_1": {
          "meanserv": 2.7652008558361842,
          "stddevserv": 2.7652008558361842,
          "rate": 0.3616373826477804,
          "cv": 1.0,
          "lambda": 0.15
        },
        "MS4_2": {
          "meanserv": 0.5098836396015427,
          "stddevserv": 0.5098836396015427,
          "rate": 1.9612317837486748,
          "cv": 1.0,
          "lambda": 0.15
        },
        "MS4_3": {
          "meanserv": 0.012192763404872409,
          "stddevserv": 0.012192763404872409,
          "rate": 82.01586193334853,
          "cv": 1.0,
          "lambda": 0.15
        },
        "MS4_4": {
          "meanserv": 5.3367039134293615,
          "stddevserv": 5.3367039134293615,
          "rate": 0.18738157788435386,
          "cv": 1.0,
          "lambda": 0.15
        },
        "MS4_5": {
          "meanserv": 1.3760188277280392,
          "stddevserv": 1.3760188277280392,
          "rate": 0.7267342421841071,
          "cv": 1.0,
          "lambda": 0.15
        }
      },
      "sensors": [
        "S4"
      ],
      "sources": [
        {
          "startTime": 0,
          "stopTime": -1,
          "lambda": 0.15
        }
      ]
    }
  },
  "microservice": {
    "MS1_1": "F10",
    "MS1_2": "F2",
    "MS1_3": "F6",
    "MS1_4": "F6",
    "MS1_5": "F9",
    "MS2_1": "F10",
    "MS2_2": "F4",
    "MS2_3": "F4",
    "MS2_4": "F5",
    "MS2_5": "F5",
    "MS3_1": "F7",
    "MS3_2": "F7",
    "MS3_3": "F7",
    "MS3_4": "F3",
    "MS3_5": "F9",
    "MS4_1": "F8",
    "MS4_2": "F8",
    "MS4_3": "F8",
    "MS4_4": "F1",
    "MS4_5": "F9"
  },
  "sensor": {
    "S1": "F10",
    "S2": "F10",
    "S3": "F7",
    "S4": "F8"
  },
  "fog": {
    "F1": {
      "rho": 0.8005055870144042,
      "capacity": 1.0,
      "tserv": 5.3367039134293615,
      "stddev": 5.3367039134293615,
      "mu": 0.18738157788435386,
      "cv": 1.0,
      "lambda": 0.15,
      "twait": 21.41444081068224
    },
    "F2": {
      "rho": 0.5785337929497107,
      "capacity": 1.0,
      "tserv": 3.856891952998071,
      "stddev": 3.85689195299807,
      "mu": 0.25927612496965896,
      "cv": 0.9999999999999997,
      "lambda": 0.15,
      "twait": 5.294237813706729
    },
    "F3": {
      "rho": 0.553012884419645,
      "capacity": 1.0,
      "tserv": 3.6867525627976336,
      "stddev": 3.6867525627976336,
      "mu": 0.27124141991269574,
      "cv": 1.0,
      "lambda": 0.15,
      "twait": 4.561253776290825
    },
    "F4": {
      "rho": 0.5364763193407948,
      "capacity": 1.0,
      "tserv": 1.7882543978026493,
      "stddev": 2.716303023895271,
      "mu": 0.5592045523437652,
      "cv": 1.5189690165073708,
      "lambda": 0.3,
      "twait": 3.422529317329197
    },
    "F5": {
      "rho": 0.6222777858981539,
      "capacity": 1.0,
      "tserv": 2.0742592863271794,
      "stddev": 2.502936642795284,
      "mu": 0.48209980622560744,
      "cv": 1.206665270486579,
      "lambda": 0.3,
      "twait": 4.196434455101679
    },
    "F6": {
      "rho": 0.6117186500515742,
      "capacity": 1.0,
      "tserv": 2.0390621668385807,
      "stddev": 2.4695506572994907,
      "mu": 0.490421536068431,
      "cv": 1.2111208267516196,
      "lambda": 0.3,
      "twait": 3.962251201569349
    },
    "F7": {
      "rho": 0.5814134972618819,
      "capacity": 1.0,
      "tserv": 1.2920299939152933,
      "stddev": 2.144623053938249,
      "mu": 0.7739758401193595,
      "cv": 1.6598864299112028,
      "lambda": 0.44999999999999996,
      "twait": 3.369598969919429
    },
    "F8": {
      "rho": 0.4930915888263898,