{
  "servicechain": {
    "SC1": {
      "resptime": 34.44474431043553,
      "resptime_old": 24.44474431043554,
      "waittime": 22.68099740561341,
      "servicetime": 10.0,
      "networktime": 1.7637469048221235,
      "services": {
        "MS1_1": {
          "meanserv": 0.7037553084452319,
          "stddevserv": 0.7037553084452319,
          "rate": 1.4209484290914198,
          "cv": 1.0,
          "lambda": 0.075
        },
        "MS1_2": {
          "meanserv": 0.6169775675622202,
          "stddevserv": 0.6169775675622202,
          "rate": 1.620804470981278,
          "cv": 1.0,
          "lambda": 0.075
        },
        "MS1_3": {
          "meanserv": 0.8688180716417471,
          "stddevserv": 0.8688180716417471,
          "rate": 1.1509889499770272,
          "cv": 1.0,
          "lambda": 0.075
        },
        "MS1_4": {
          "meanserv": 0.49228832785303656,
          "stddevserv": 0.49228832785303656,
          "rate": 2.0313299004288625,
          "cv": 1.0,
          "lambda": 0.075
        },
        "MS1_5": {
          "meanserv": 0.233956415850205,
          "stddevserv": 0.233956415850205,
          "rate": 4.274300392087853,
          "cv": 1.0,
          "lambda": 0.075
        },
        "MS1_6": {
          "meanserv": 1.6165733679258367,
          "stddevserv": 1.6165733679258367,
          "rate": 0.6185924003455913,
          "cv": 1.0,
          "lambda": 0.075
        },
        "MS1_7": {
          "meanserv": 0.44525137672489645,
          "stddevserv": 0.44525137672489645,
          "rate": 2.245922308776737,
          "cv": 1.0,
          "lambda": 0.075
        },
        "MS1_8": {
          "meanserv": 2.7364565905216383,
          "stddevserv": 2.7364565905216383,
          "rate": 0.3654360911346942,
          "cv": 1.0,
          "lambda": 0.075
        },
        "MS1_9": {
          "meanserv": 0.6479568375061255,
          "stddevserv": 0.6479568375061255,
          "rate": 1.5433126747281933,
          "cv": 1.0,
          "lambda": 0.075
        },
        "MS1_10": {
          "meanserv": 1.6379661359690623,
          "stddevserv": 1.6379661359690623,
          "rate": 0.6105132322582326,
          "cv": 1.0,
          "lambda": 0.075
        }
      },
      "sensors": [
        "S1"
      ],
      "sources": [
        {
          "startTime": 0,
          "stopTime": -1,
          "lambda": 0.075
        }
      ]
    },
    "SC2": {
      "resptime": 34.61568747672448,
      "resptime_old": 24.615687476724485,
      "waittime": 21.7542295420736,
      "servicetime": 10.0,
      "networktime": 2.8614579346508853,
      "services": {
        "MS2_1": {
          "meanserv": 1.7686480955610429,
          "stddevserv": 1.7686480955610429,
          "rate": 0.5654035997945562,
          "cv": 1.0,
          "lambda": 0.075
        },
        "MS2_2": {
          "meanserv": 3.9677796686961933,
          "stddevserv": 3.9677796686961933,
          "rate": 0.2520301235195851,
          "cv": 1.0,
          "lambda": 0.075
        },
        "MS2_3": {
          "meanserv": 0.8581049816000874,
          "stddevserv": 0.8581049816000874,
          "rate": 1.165358576680588,
          "cv": 1.0,
          "lambda": 0.075
        },
        "MS2_4": {
          "meanserv": 0.6685691256370667,
          "stddevserv": 0.6685691256370667,
          "rate": 1.4957316478638154,
          "cv": 1.0,
          "lambda": 0.075
        },
        "MS2_5": {
          "meanserv": 0.8884826114182864,
          "stddevserv": 0.8884826114182864,
          "rate": 1.1255144300502382,
          "cv": 1.0,
          "lambda": 0.075
        },
        "MS2_6": {
          "meanserv": 0.346541608243788,
          "stddevserv": 0.346541608243788,
          "rate": 2.8856563720236204,
          "cv": 1.0,
          "lambda": 0.075
        },
        "MS2_7": {
          "meanserv": 0.6094451627827517,
          "stddevserv": 0.6094451627827517,
          "rate": 1.6408367168490743,
          "cv": 1.0,
          "lambda": 0.075
        },
        "MS2_8": {
          "meanserv": 0.5661522663027441,
          "stddevserv": 0.5661522663027441,
          "rate": 1.7663092767083624,
          "cv": 1.0,
          "lambda": 0.075
        },
        "MS2_9": {
          "meanserv": 0.06924823263429758,
          "stddevserv": 0.06924823263429758,
          "rate": 14.440801764299692,
          "cv": 1.0,
          "lambda": 0.075
        },
        "MS2_10": {
          "meanserv": 0.25702824712374195,
          "stddevserv": 0.25702824712374195,
          "rate": 3.8906229614465944,
          "cv": 1.0,
          "lambda": 0.075
        }
      },
      "sensors": [
        "S2"
      ],
      "sources": [
        {
          "startTime": 0,
          "stopTime": -1,
          "lambda": 0.075
        }
      ]
    },
    "SC3": {
      "resptime": 39.531513367303226,
      "resptime_old": 29.531513367303226,
      "waittime": 25.85935889284996,
      "servicetime": 10.0,
      "networktime": 3.672154474453265,
      "services": {
        "MS3_1": {
          "meanserv": 1.1863347376983646,
          "stddevserv": 1.1863347376983646,
          "rate": 0.8429324104089905,
          "cv": 1.0,
          "lambda": 0.075
        },
        "MS3_2": {
          "meanserv": 0.04979123989732326,
          "stddevserv": 0.04979123989732326,
          "rate": 20.083854149086157,
          "cv": 1.0,
          "lambda": 0.075
        },
        "MS3_3": {
          "meanserv": 2.8368021242060517,
          "stddevserv": 2.8368021242060517,
          "rate": 0.3525096063159056,
          "cv": 1.0,
          "lambda": 0.075
        },
        "MS3_4": {
          "meanserv": 0.1686867988790457,
          "stddevserv": 0.1686867988790457,
          "rate": 5.928146165824362,
          "cv": 1.0,
          "lambda": 0.075
        },
        "MS3_5": {
          "meanserv": 2.1622803742780317,
          "stddevserv": 2.1622803742780317,
          "rate": 0.4624747150719953,
          "cv": 1.0,
          "lambda": 0.075
        },
        "MS3_6": {
          "meanserv": 0.32350452271765207,
          "stddevserv": 0.32350452271765207,
          "rate": 3.091146892165025,
          "cv": 1.0,
          "lambda": 0.075
        },
        "MS3_7": {
          "meanserv": 0.09095039556183693,
          "stddevserv": 0.09095039556183693,
          "rate": 10.995004406771411,
          "cv": 1.0,
          "lambda": 0.075
        },
        "MS3_8": {
          "meanserv": 0.6554959823870625,
          "stddevserv": 0.6554959823870625,
          "rate": 1.5255623632632915,
          "cv": 1.0,
          "lambda": 0.075
        },
        "MS3_9": {
          "meanserv": 0.1641075335283615,
          "stddevserv": 0.1641075335283615,
          "rate": 6.0935654719786365,
          "cv": 1.0,
          "lambda": 0.075
        },
        "MS3_10": {
          "meanserv": 2.36204629084627,
          "stddevserv": 2.36204629084627,
          "rate": 0.42336172829268376,
          "cv": 1.0,
          "lambda": 0.075
        }
      },
      "sensors": [
        "S3"
      ],
      "sources": [
        {
          "startTime": 0,
          "stopTime": -1,
          "lambda": 0.075
        }
      ]
    },
    "SC4": {
      "resptime": 28.44685270329266,
      "resptime_old": 18.446852703292656,
      "waittime": 16.70470926955679,
      "servicetime": 10.0,
      "networktime": 1.7421434337358677,
      "services": {
        "MS4_1": {
          "meanserv": 0.27834475250845037,
          "stddevserv": 0.27834475250845037,
          "rate": 3.592666974994043,
          "cv": 1.0,
          "lambda": 0.075
        },
        "MS4_2": {
          "meanserv": 0.4965358664984365,
          "stddevserv": 0.4965358664984365,
          "rate": 2.0139532055397833,
          "cv": 1.0,
          "lambda": 0.075
        },
        "MS4_3": {
          "meanserv": 2.1359654649727444,
          "stddevserv": 2.1359654649727444,