{
  "servicechain": {
    "SC1": {
      "resptime": 105.4069724288956,
      "resptime_old": 95.40697242889559,
      "waittime": 90.07675883717862,
      "servicetime": 10.0,
      "networktime": 5.330213591716978,
      "services": {
        "MS1_1": {
          "meanserv": 6.228213215870243,
          "stddevserv": 6.228213215870243,
          "rate": 0.16055969269836148,
          "cv": 1.0,
          "lambda": 0.15
        },
        "MS1_2": {
          "meanserv": 1.5318738829066625,
          "stddevserv": 1.5318738829066625,
          "rate": 0.6527952536814222,
          "cv": 1.0,
          "lambda": 0.15
        },
        "MS1_3": {
          "meanserv": 2.2399129012230947,
          "stddevserv": 2.2399129012230947,
          "rate": 0.4464459307564836,
          "cv": 1.0,
          "lambda": 0.15
        }
      },
      "sensors": [
        "S1"
      ],
      "sources": [
        {
          "startTime": 0,
          "stopTime": -1,
          "lambda": 0.15
        }
      ]
    },
    "SC2": {
      "resptime": 68.05217635527447,
      "resptime_old": 58.05217635527447,
      "waittime": 52.21329002433948,
      "servicetime": 10.0,
      "networktime": 5.8388863309349865,
      "services": {
        "MS2_1": {
          "meanserv": 3.7507331050094517,
          "stddevserv": 3.7507331050094517,
          "rate": 0.2666145449444023,
          "cv": 1.0,
          "lambda": 0.15
        },
        "MS2_2": {
          "meanserv": 5.922929222135004,
          "stddevserv": 5.922929222135004,
          "rate": 0.16883537899842332,
          "cv": 1.0,
          "lambda": 0.15
        },
        "MS2_3": {
          "meanserv": 0.32633767285554427,
          "stddevserv": 0.32633767285554427,
          "rate": 3.0643106303042655,
          "cv": 1.0,
          "lambda": 0.15
        }
      },
      "sensors": [
        "S2"
      ],
      "sources": [
        {
          "startTime": 0,
          "stopTime": -1,
          "lambda": 0.15
        }
      ]
    },
    "SC3": {
      "resptime": 60.18423417496486,
      "resptime_old": 50.18423417496486,
      "waittime": 45.05021914547386,
      "servicetime": 10.0,
      "networktime": 5.134015029490998,
      "services": {
        "MS3_1": {
          "meanserv": 1.0306503904554887,
          "stddevserv": 1.0306503904554887,
          "rate": 0.9702611178928066,
          "cv": 1.0,
          "lambda": 0.15
        },
        "MS3_2": {
          "meanserv": 3.1164766414993323,
          "stddevserv": 3.1164766414993323,
          "rate": 0.3208751789388999,
          "cv": 1.0,
          "lambda": 0.15
        },
        "MS3_3": {
          "meanserv": 5.852872968045179,
          "stddevserv": 5.852872968045179,
          "rate": 0.17085626246455055,
          "cv": 1.0,
          "lambda": 0.15
        }
      },
      "sensors": [
        "S3"
      ],
      "sources": [
        {
          "startTime": 0,
          "stopTime": -1,
          "lambda": 0.15
        }
      ]
    },
    "SC4": {
      "resptime": 44.60852135854675,
      "resptime_old": 34.60852135854675,
      "waittime": 28.769635027611763,
      "servicetime": 10.0,
      "networktime": 5.8388863309349865,
      "services": {
        "MS4_1": {
          "meanserv": 4.848582289940014,
          "stddevserv": 4.848582289940014,
          "rate": 0.20624585501515164,
          "cv": 1.0,
          "lambda": 0.15
        },
        "MS4_2": {
          "meanserv": 0.12731067690093845,
          "stddevserv": 0.12731067690093845,
          "rate": 7.854800746822741,
          "cv": 1.0,
          "lambda": 0.15
        },
        "MS4_3": {
          "meanserv": 5.024107033159048,
          "stddevserv": 5.024107033159048,
          "rate": 0.19904034555792932,
          "cv": 1.0,
          "lambda": 0.15
        }
      },
      "sensors": [
        "S4"
      ],
      "sources": [
        {
          "startTime": 0,
          "stopTime": -1,
          "lambda": 0.15
        }
      ]
    }
  },
  "microservice": {
    "MS1_1": "F1",
    "MS1_2": "F7",
    "MS1_3": "F6",
    "MS2_1": "F8",
    "MS2_2": "F2",
    "MS2_3": "F10",
    "MS3_1": "F10",
    "MS3_2": "F9",
    "MS3_3": "F3",
    "MS4_1": "F5",
    "MS4_2": "F7",
    "MS4_3": "F4"
  },
  "sensor": {
    "S1": "F1",
    "S2": "F8",
    "S3": "F10",
    "S4": "F5"
  },
  "fog": {
    "F1": {
      "rho": 0.9342319823805365,
      "capacity": 1.0,
      "tserv": 6.228213215870243,
      "stddev": 6.228213215870243,
      "mu": 0.16055969269836148,
      "cv": 1.0,
      "lambda": 0.15,
      "twait": 88.47151229367675
    },
    "F2": {
      "rho": 0.8884393833202505,
      "capacity": 1.0,
      "tserv": 5.922929222135004,
      "stddev": 5.922929222135004,
      "mu": 0.16883537899842332,
      "cv": 1.0,
      "lambda": 0.15,
      "twait": 47.16864913600198
    },
    "F3": {
      "rho": 0.8779309452067767,
      "capacity": 1.0,
      "tserv": 5.852872968045179,
      "stddev": 5.852872968045179,
      "mu": 0.17085626246455055,
      "cv": 1.0,
      "lambda": 0.15,
      "twait": 42.09435639290588
    },
    "F4": {
      "rho": 0.7536160549738572,
      "capacity": 1.0,
      "tserv": 5.024107033159048,
      "stddev": 5.024107033159048,
      "mu": 0.19904034555792932,
      "cv": 1.0,
      "lambda": 0.15,
      "twait": 15.36726640891308
    },
    "F5": {
      "rho": 0.727287343491002,
      "capacity": 1.0,
      "tserv": 4.848582289940014,
      "stddev": 4.848582289940014,
      "mu": 0.20624585501515164,
      "cv": 1.0,
      "lambda": 0.15,
      "twait": 12.930505604281123
    },
    "F6": {
      "rho": 0.3359869351834642,
      "capacity": 1.0,
      "tserv": 2.2399129012230947,
      "stddev": 2.2399129012230947,
      "mu": 0.4464459307564836,
      "cv": 1.0,
      "lambda": 0.15,
      "twait": 1.1333835290843026
    },
    "F7": {
      "rho": 0.24887768397114016,
      "capacity": 1.0,
      "tserv": 0.8295922799038005,
      "stddev": 1.294071965042333,
      "mu": 1.2054114101880986,
      "cv": 1.5598891122665623,
      "lambda": 0.3,
      "twait": 0.47186301441755946
    },
    "F8": {
      "rho": 0.5626099657514178,
      "capacity": 1.0,
      "tserv": 3.7507331050094517,
      "stddev": 3.7507331050094517,
      "mu": 0.2666145449444023,
      "cv": 1.0,
      "lambda": 0.15,
      "twait": 4.824526528999023
    },
    "F9": {
      "rho": 0.4674714962248998,
      "capacity": 1.0,
      "tserv": 3.1164766414993323,
      "stddev": 3.1164766414993323,
      "mu": 0.3208751789388999,
      "cv": 1.0,
      "lambda": 0.15,
      "twait": 2.7357483932295064
    },
    "F10": {
      "rho": 0.20354820949665492,
      "capacity": 1.0,
      "tserv": 0.6784940316555165,
      "stddev": 0.8416545330945865,
      "mu": 1.473852316077141,
      "cv": 1.240474482938281,
      "lambda": 0.3,
      "twait": 0.22011435933847298
    }
  },
  "extra": {
    "deltatime": 0.0063143,
    "obj_func": 69.56297607942041
  },