{
  "servicechain": {
    "SC1": {
      "resptime": 15.50415078457067,
      "resptime_old": 5.504150784570671,
      "waittime": 3.5618585595289747,
      "servicetime": 10.0,
      "networktime": 1.9422922250416963,
      "services": {
        "MS1_1": {
          "meanserv": 4.957509557464348,
          "stddevserv": 4.957509557464348,
          "rate": 0.2017141849972503,
          "cv": 1.0,
          "lambda": 0.05
        },
        "MS1_2": {
          "meanserv": 0.9644657444252855,
          "stddevserv": 0.9644657444252855,
          "rate": 1.0368434605169818,
          "cv": 1.0,
          "lambda": 0.05
        },
        "MS1_3": {
          "meanserv": 1.295860864788943,
          "stddevserv": 1.295860864788943,
          "rate": 0.7716877846780797,
          "cv": 1.0,
          "lambda": 0.05
        },
        "MS1_4": {
          "meanserv": 0.7869495311826569,
          "stddevserv": 0.7869495311826569,
          "rate": 1.27072951996955,
          "cv": 1.0,
          "lambda": 0.05
        },
        "MS1_5": {
          "meanserv": 1.9952143021387663,
          "stddevserv": 1.9952143021387663,
          "rate": 0.5011992941951408,
          "cv": 1.0,
          "lambda": 0.05
        }
      },
      "sensors": [
        "S1"
      ],
      "sources": [
        {
          "startTime": 0,
          "stopTime": -1,
          "lambda": 0.05
        }
      ]
    },
    "SC2": {
      "resptime": 17.427263230886275,
      "resptime_old": 7.427263230886275,
      "waittime": 2.2459171009362344,
      "servicetime": 10.0,
      "networktime": 5.181346129950041,
      "services": {
        "MS2_1": {
          "meanserv": 0.6701182014070617,
          "stddevserv": 0.6701182014070617,
          "rate": 1.4922740464298363,
          "cv": 1.0,
          "lambda": 0.05
        },
        "MS2_2": {
          "meanserv": 1.934441050613911,
          "stddevserv": 1.934441050613911,
          "rate": 0.5169451918333938,
          "cv": 1.0,
          "lambda": 0.05
        },
        "MS2_3": {
          "meanserv": 2.3970119369467526,
          "stddevserv": 2.3970119369467526,
          "rate": 0.41718607428954746,
          "cv": 1.0,
          "lambda": 0.05
        },
        "MS2_4": {
          "meanserv": 1.2150530580350347,
          "stddevserv": 1.2150530580350347,
          "rate": 0.8230093273598972,
          "cv": 1.0,
          "lambda": 0.05
        },
        "MS2_5": {
          "meanserv": 3.78337575299724,
          "stddevserv": 3.78337575299724,
          "rate": 0.26431421706072594,
          "cv": 1.0,
          "lambda": 0.05
        }
      },
      "sensors": [
        "S2"
      ],
      "sources": [
        {
          "startTime": 0,
          "stopTime": -1,
          "lambda": 0.05
        }
      ]
    },
    "SC3": {
      "resptime": 16.06278046305807,
      "resptime_old": 6.06278046305807,
      "waittime": 2.8099564809690536,
      "servicetime": 10.0,
      "networktime": 3.252823982089016,
      "services": {
        "MS3_1": {
          "meanserv": 0.07517289467015575,
          "stddevserv": 0.07517289467015575,
          "rate": 13.302667196571427,
          "cv": 1.0,
          "lambda": 0.05
        },
        "MS3_2": {
          "meanserv": 0.6845092433338329,
          "stddevserv": 0.6845092433338329,
          "rate": 1.4609006521659245,
          "cv": 1.0,
          "lambda": 0.05
        },
        "MS3_3": {
          "meanserv": 2.7796499714175535,
          "stddevserv": 2.7796499714175535,
          "rate": 0.3597575271285055,
          "cv": 1.0,
          "lambda": 0.05
        },
        "MS3_4": {
          "meanserv": 2.584550567406088,
          "stddevserv": 2.584550567406088,
          "rate": 0.3869144649793492,
          "cv": 1.0,
          "lambda": 0.05
        },
        "MS3_5": {
          "meanserv": 3.8761173231723696,
          "stddevserv": 3.8761173231723696,
          "rate": 0.2579901268781926,
          "cv": 1.0,
          "lambda": 0.05
        }
      },
      "sensors": [
        "S3"
      ],
      "sources": [
        {
          "startTime": 0,
          "stopTime": -1,
          "lambda": 0.05
        }
      ]
    },
    "SC4": {
      "resptime": 16.65881287841076,
      "resptime_old": 6.6588128784107585,
      "waittime": 4.1074763315644764,
      "servicetime": 10.0,
      "networktime": 2.5513365468462816,
      "services": {
        "MS4_1": {
          "meanserv": 0.9055115358242571,
          "stddevserv": 0.9055115358242571,
          "rate": 1.1043481617158342,
          "cv": 1.0,
          "lambda": 0.05
        },
        "MS4_2": {
          "meanserv": 3.988358045208146,
          "stddevserv": 3.988358045208146,
          "rate": 0.25072974609224474,
          "cv": 1.0,
          "lambda": 0.05
        },
        "MS4_3": {
          "meanserv": 1.5190737156177665,
          "stddevserv": 1.5190737156177665,
          "rate": 0.6582959007972348,
          "cv": 1.0,
          "lambda": 0.05
        },
        "MS4_4": {
          "meanserv": 1.2206457099962922,
          "stddevserv": 1.2206457099962922,
          "rate": 0.8192385323690996,
          "cv": 1.0,
          "lambda": 0.05
        },
        "MS4_5": {
          "meanserv": 2.366410993353538,
          "stddevserv": 2.366410993353538,
          "rate": 0.4225808630912667,
          "cv": 1.0,
          "lambda": 0.05
        }
      },
      "sensors": [
        "S4"
      ],
      "sources": [
        {
          "startTime": 0,
          "stopTime": -1,
          "lambda": 0.05
        }
      ]
    }
  },
  "microservice": {
    "MS1_1": "F6",
    "MS1_2": "F4",
    "MS1_3": "F4",
    "MS1_4": "F4",
    "MS1_5": "F4",
    "MS2_1": "F9",
    "MS2_2": "F9",
    "MS2_3": "F1",
    "MS2_4": "F1",
    "MS2_5": "F10",
    "MS3_1": "F7",
    "MS3_2": "F7",
    "MS3_3": "F7",
    "MS3_4": "F2",
    "MS3_5": "F3",
    "MS4_1": "F5",
    "MS4_2": "F5",
    "MS4_3": "F8",
    "MS4_4": "F8",
    "MS4_5": "F8"
  },
  "sensor": {
    "S1": "F6",
    "S2": "F9",
    "S3": "F7",
    "S4": "F5"
  },
  "fog": {
    "F1": {
      "rho": 0.18060324974908937,
      "capacity": 1.0,
      "tserv": 1.8060324974908937,
      "stddev": 1.9900419035066363,
      "mu": 0.5536998926593469,
      "cv": 1.101885988359227,
      "lambda": 0.1,
      "twait": 0.4406912864551897
    },
    "F2": {
      "rho": 0.1292275283703044,
      "capacity": 1.0,
      "tserv": 2.584550567406088,
      "stddev": 2.584550567406088,
      "mu": 0.3869144649793492,
      "cv": 1.0,
      "lambda": 0.05,
      "twait": 0.38356182889988194
    },
    "F3": {
      "rho": 0.1938058661586185,
      "capacity": 1.0,
      "tserv": 3.87611732317237,
      "stddev": 3.876117323172369,
      "mu": 0.2579901268781926,
      "cv": 0.9999999999999998,
      "lambda": 0.05,
      "twait": 0.9318032017554322
    },
    "F4": {
      "rho": 0.2521245221267826,
      "capacity": 1.0,
      "tserv": 1.260622610633913,
      "stddev": 1.4197324565329432,
      "mu": 0.7932588163694312,
      "cv": 1.1262152880305873,
      "lambda": 0.2,
      "twait": 0.4820066603635357
    },
    "F5": {
      "rho": 0.24469347905162014,
      "capacity": 1.0,
      "tserv": 2.4469347905162016,
      "stddev": 3.2771117114387143,
      "mu": 0.4086745604647035,
      "cv": 1.3392721882659488,
      "lambda": 0.1,
      "twait": 1.1072955531540103
    },
    "F6": {
      "rho": 0.24787547787321743,
      "capacity": 1.0,
      "tserv": 4.957509557464348,
      "stddev": 4.957509557464348,
      "mu": 0.2017141849972503,
      "cv": 1.0,
      "lambda": 0.05,
      "twait": 1.6338319180748324
    },
    "F7": {
      "rho": 0.17696660547107715,
      "capacity": 1.0,
      "tserv": 1.1797773698071807,
      "stddev": 2.01872003481421,
      "mu": 0.8476175468287181,
      "cv": 1.7111025236432051,
      "lambda": 0.15000000000000002,
      "twait": 0.4981971501045798
    },
    "F8": {
      "rho": 0.25530652094837986,