{
  "servicechain": {
    "SC1": {
      "resptime": 44.64247681023569,
      "resptime_old": 34.64247681023569,
      "waittime": 26.661418405998226,
      "servicetime": 10.0,
      "networktime": 7.9810584042374675,
      "services": {
        "MS1_1": {
          "meanserv": 1.600193258910717,
          "stddevserv": 1.600193258910717,
          "rate": 0.6249245173553097,
          "cv": 1.0,
          "lambda": 0.175
        },
        "MS1_2": {
          "meanserv": 4.022777446034798,
          "stddevserv": 4.022777446034798,
          "rate": 0.24858447016145216,
          "cv": 1.0,
          "lambda": 0.175
        },
        "MS1_3": {
          "meanserv": 2.6846281729108314,
          "stddevserv": 2.6846281729108314,
          "rate": 0.37249106229699636,
          "cv": 1.0,
          "lambda": 0.175
        },
        "MS1_4": {
          "meanserv": 0.4517063734517812,
          "stddevserv": 0.4517063734517812,
          "rate": 2.213827518877699,
          "cv": 1.0,
          "lambda": 0.175
        },
        "MS1_5": {
          "meanserv": 1.2406947486918725,
          "stddevserv": 1.2406947486918725,
          "rate": 0.8060000262388076,
          "cv": 1.0,
          "lambda": 0.175
        }
      },
      "sensors": [
        "S1"
      ],
      "sources": [
        {
          "startTime": 0,
          "stopTime": -1,
          "lambda": 0.175
        }
      ]
    },
    "SC2": {
      "resptime": 41.130870614985085,
      "resptime_old": 31.13087061498508,
      "waittime": 25.85008262634237,
      "servicetime": 10.0,
      "networktime": 5.280787988642711,
      "services": {
        "MS2_1": {
          "meanserv": 2.2568765401495074,
          "stddevserv": 2.2568765401495074,
          "rate": 0.4430902542563337,
          "cv": 1.0,
          "lambda": 0.175
        },
        "MS2_2": {
          "meanserv": 1.0715365691910081,
          "stddevserv": 1.0715365691910081,
          "rate": 0.9332392647644149,
          "cv": 1.0,
          "lambda": 0.175
        },
        "MS2_3": {
          "meanserv": 3.1363278123440965,
          "stddevserv": 3.1363278123440965,
          "rate": 0.31884422159703973,
          "cv": 1.0,
          "lambda": 0.175
        },
        "MS2_4": {
          "meanserv": 2.027846305733135,
          "stddevserv": 2.027846305733135,
          "rate": 0.4931340196605611,
          "cv": 1.0,
          "lambda": 0.175
        },
        "MS2_5": {
          "meanserv": 1.5074127725822528,
          "stddevserv": 1.5074127725822528,
          "rate": 0.6633883022544407,
          "cv": 1.0,
          "lambda": 0.175
        }
      },
      "sensors": [
        "S2"
      ],
      "sources": [
        {
          "startTime": 0,
          "stopTime": -1,
          "lambda": 0.175
        }
      ]
    },
    "SC3": {
      "resptime": 58.756037841980245,
      "resptime_old": 48.756037841980245,
      "waittime": 43.13466644228012,
      "servicetime": 10.0,
      "networktime": 5.62137139970012,
      "services": {
        "MS3_1": {
          "meanserv": 4.898550397922504,
          "stddevserv": 4.898550397922504,
          "rate": 0.20414202544983598,
          "cv": 1.0,
          "lambda": 0.175
        },
        "MS3_2": {
          "meanserv": 1.7579673274863605,
          "stddevserv": 1.7579673274863605,
          "rate": 0.5688387857753054,
          "cv": 1.0,
          "lambda": 0.175
        },
        "MS3_3": {
          "meanserv": 0.6292581581197156,
          "stddevserv": 0.6292581581197156,
          "rate": 1.5891728809493657,
          "cv": 1.0,
          "lambda": 0.175
        },
        "MS3_4": {
          "meanserv": 1.4662042986088926,
          "stddevserv": 1.4662042986088926,
          "rate": 0.6820331934293068,
          "cv": 1.0,
          "lambda": 0.175
        },
        "MS3_5": {
          "meanserv": 1.2480198178625272,
          "stddevserv": 1.2480198178625272,
          "rate": 0.8012693273674864,
          "cv": 1.0,
          "lambda": 0.175
        }
      },
      "sensors": [
        "S3"
      ],
      "sources": [
        {
          "startTime": 0,
          "stopTime": -1,
          "lambda": 0.175
        }
      ]
    },
    "SC4": {
      "resptime": 36.65806471337395,
      "resptime_old": 26.65806471337396,
      "waittime": 21.248973118252124,
      "servicetime": 10.0,
      "networktime": 5.409091595121831,
      "services": {
        "MS4_1": {
          "meanserv": 1.8528243097605934,
          "stddevserv": 1.8528243097605934,
          "rate": 0.5397165801053267,
          "cv": 1.0,
          "lambda": 0.175
        },
        "MS4_2": {
          "meanserv": 2.2763454424362566,
          "stddevserv": 2.2763454424362566,
          "rate": 0.43930063572853467,
          "cv": 1.0,
          "lambda": 0.175
        },
        "MS4_3": {
          "meanserv": 3.585258239038577,
          "stddevserv": 3.585258239038577,
          "rate": 0.27891993639715057,
          "cv": 1.0,
          "lambda": 0.175
        },
        "MS4_4": {
          "meanserv": 1.5484214451646228,
          "stddevserv": 1.5484214451646228,
          "rate": 0.64581900691364,
          "cv": 1.0,
          "lambda": 0.175
        },
        "MS4_5": {
          "meanserv": 0.7371505635999505,
          "stddevserv": 0.7371505635999505,
          "rate": 1.3565749649791996,
          "cv": 1.0,
          "lambda": 0.175
        }
      },
      "sensors": [
        "S4"
      ],
      "sources": [
        {
          "startTime": 0,
          "stopTime": -1,
          "lambda": 0.175
        }
      ]
    }
  },
  "microservice": {
    "MS1_1": "F10",
    "MS1_2": "F2",
    "MS1_3": "F7",
    "MS1_4": "F8",
    "MS1_5": "F7",
    "MS2_1": "F5",
    "MS2_2": "F4",
    "MS2_3": "F4",
    "MS2_4": "F8",
    "MS2_5": "F8",
    "MS3_1": "F1",
    "MS3_2": "F10",
    "MS3_3": "F10",
    "MS3_4": "F5",
    "MS3_5": "F6",
    "MS4_1": "F9",
    "MS4_2": "F6",
    "MS4_3": "F3",
    "MS4_4": "F9",
    "MS4_5": "F9"
  },
  "sensor": {
    "S1": "F10",
    "S2": "F5",
    "S3": "F1",
    "S4": "F9"
  },
  "fog": {
    "F1": {
      "rho": 0.8572463196364382,
      "capacity": 1.0,
      "tserv": 4.898550397922504,
      "stddev": 4.898550397922504,
      "mu": 0.20414202544983598,
      "cv": 1.0,
      "lambda": 0.175,
      "twait": 29.41615438199621
    },
    "F2": {
      "rho": 0.7039860530560896,
      "capacity": 1.0,
      "tserv": 4.022777446034798,
      "stddev": 4.022777446034798,
      "mu": 0.24858447016145216,
      "cv": 1.0,
      "lambda": 0.175,
      "twait": 9.567046572618777
    },
    "F3": {
      "rho": 0.627420191831751,
      "capacity": 1.0,
      "tserv": 3.585258239038577,
      "stddev": 3.585258239038577,
      "mu": 0.27891993639715057,
      "cv": 1.0,
      "lambda": 0.175,
      "twait": 6.037534409508689
    },
    "F4": {
      "rho": 0.7363762667686433,
      "capacity": 1.0,
      "tserv": 2.1039321907675523,
      "stddev": 2.56090064279128,
      "mu": 0.47530048943030906,
      "cv": 1.2171973289010884,
      "lambda": 0.35,
      "twait": 7.291945836653446
    },
    "F5": {
      "rho": 0.65153914678272,
      "capacity": 1.0,
      "tserv": 1.8615404193792,
      "stddev": 1.9436856818307633,
      "mu": 0.5371895176648849,
      "cv": 1.0441275739148106,
      "lambda": 0.35,
      "twait": 3.6376200418946025
    },
    "F6": {
      "rho": 0.6167639205522871,
      "capacity": 1.0,
      "tserv": 1.762182630149392,
      "stddev": 1.9063091084810204,
      "mu": 0.5674780711663373,
      "cv": 1.0817886159276295,
      "lambda": 0.35,
      "twait": 3.077418646329585
    },
    "F7": {
      "rho": 0.6869315112804731,
      "capacity": 1.0,
      "tserv": 1.962661460801352,
      "stddev": 2.2123543740782674,
      "mu": 0.5095122210183418,
      "cv": 1.1272215908162615,
      "lambda": 0.35,
      "twait": 4.889174845889572
    },
    "F8": {
      "rho": 0.6977189540592545,
      "capacity": 1.0,