{
  "servicechain": {
    "SC1": {
      "resptime": 30.966843073272184,
      "resptime_old": 20.96684307327219,
      "waittime": 15.79022149476363,
      "servicetime": 10.0,
      "networktime": 5.176621578508556,
      "services": {
        "MS1_1": {
          "meanserv": 3.727641377254268,
          "stddevserv": 3.727641377254268,
          "rate": 0.2682661497701764,
          "cv": 1.0,
          "lambda": 0.15
        },
        "MS1_2": {
          "meanserv": 1.0169753369345136,
          "stddevserv": 1.0169753369345136,
          "rate": 0.9833080151327144,
          "cv": 1.0,
          "lambda": 0.15
        },
        "MS1_3": {
          "meanserv": 2.3530827147221505,
          "stddevserv": 2.3530827147221505,
          "rate": 0.4249744361910707,
          "cv": 1.0,
          "lambda": 0.15
        },
        "MS1_4": {
          "meanserv": 1.3523553495457499,
          "stddevserv": 1.3523553495457499,
          "rate": 0.7394506187563021,
          "cv": 1.0,
          "lambda": 0.15
        },
        "MS1_5": {
          "meanserv": 1.549945221543318,
          "stddevserv": 1.549945221543318,
          "rate": 0.6451840917347232,
          "cv": 1.0,
          "lambda": 0.15
        }
      },
      "sensors": [
        "S1"
      ],
      "sources": [
        {
          "startTime": 0,
          "stopTime": -1,
          "lambda": 0.15
        }
      ]
    },
    "SC2": {
      "resptime": 31.35154844709067,
      "resptime_old": 21.35154844709067,
      "waittime": 17.15256855179159,
      "servicetime": 10.0,
      "networktime": 4.198979895299084,
      "services": {
        "MS2_1": {
          "meanserv": 2.7345615804484757,
          "stddevserv": 2.7345615804484757,
          "rate": 0.3656893328531286,
          "cv": 1.0,
          "lambda": 0.15
        },
        "MS2_2": {
          "meanserv": 2.7383392933450437,
          "stddevserv": 2.7383392933450437,
          "rate": 0.36518484120294703,
          "cv": 1.0,
          "lambda": 0.15
        },
        "MS2_3": {
          "meanserv": 1.6720735942680856,
          "stddevserv": 1.6720735942680856,
          "rate": 0.5980598003748325,
          "cv": 1.0,
          "lambda": 0.15
        },
        "MS2_4": {
          "meanserv": 1.0327851547510036,
          "stddevserv": 1.0327851547510036,
          "rate": 0.9682555906229037,
          "cv": 1.0,
          "lambda": 0.15
        },
        "MS2_5": {
          "meanserv": 1.8222403771873914,
          "stddevserv": 1.8222403771873914,
          "rate": 0.5487750203096089,
          "cv": 1.0,
          "lambda": 0.15
        }
      },
      "sensors": [
        "S2"
      ],
      "sources": [
        {
          "startTime": 0,
          "stopTime": -1,
          "lambda": 0.15
        }
      ]
    },
    "SC3": {
      "resptime": 25.642291196080773,
      "resptime_old": 15.642291196080773,
      "waittime": 11.708060595151906,
      "servicetime": 10.0,
      "networktime": 3.934230600928867,
      "services": {
        "MS3_1": {
          "meanserv": 3.06200568614602,
          "stddevserv": 3.06200568614602,
          "rate": 0.3265833256040245,
          "cv": 1.0,
          "lambda": 0.15
        },
        "MS3_2": {
          "meanserv": 3.4390751927127754,
          "stddevserv": 3.4390751927127754,
          "rate": 0.2907758464016573,
          "cv": 1.0,
          "lambda": 0.15
        },
        "MS3_3": {
          "meanserv": 1.8791269367378156,
          "stddevserv": 1.8791269367378156,
          "rate": 0.5321620271890789,
          "cv": 1.0,
          "lambda": 0.15
        },
        "MS3_4": {
          "meanserv": 0.13760613034201974,
          "stddevserv": 0.13760613034201974,
          "rate": 7.267118096515774,
          "cv": 1.0,
          "lambda": 0.15
        },
        "MS3_5": {
          "meanserv": 1.4821860540613692,
          "stddevserv": 1.4821860540613692,
          "rate": 0.6746791317189087,
          "cv": 1.0,
          "lambda": 0.15
        }
      },
      "sensors": [
        "S3"
      ],
      "sources": [
        {
          "startTime": 0,
          "stopTime": -1,
          "lambda": 0.15
        }
      ]
    },
    "SC4": {
      "resptime": 109.59475408589556,
      "resptime_old": 99.59475408589556,
      "waittime": 97.52158983673945,
      "servicetime": 10.0,
      "networktime": 2.0731642491561115,
      "services": {
        "MS4_1": {
          "meanserv": 0.1828642677632819,
          "stddevserv": 0.1828642677632819,
          "rate": 5.4685369221202995,
          "cv": 1.0,
          "lambda": 0.15
        },
        "MS4_2": {
          "meanserv": 1.5193164332952358,
          "stddevserv": 1.5193164332952358,
          "rate": 0.658190735047278,
          "cv": 1.0,
          "lambda": 0.15
        },
        "MS4_3": {
          "meanserv": 0.41729751298451356,
          "stddevserv": 0.41729751298451356,
          "rate": 2.396371818389225,
          "cv": 1.0,
          "lambda": 0.15
        },
        "MS4_4": {
          "meanserv": 1.6443870671396588,
          "stddevserv": 1.6443870671396588,
          "rate": 0.6081293267159157,
          "cv": 1.0,
          "lambda": 0.15
        },
        "MS4_5": {
          "meanserv": 6.2361347188173095,
          "stddevserv": 6.2361347188173095,
          "rate": 0.1603557403887598,
          "cv": 1.0,
          "lambda": 0.15
        }
      },
      "sensors": [
        "S4"
      ],
      "sources": [
        {
          "startTime": 0,
          "stopTime": -1,
          "lambda": 0.15
        }
      ]
    }
  },
  "microservice": {
    "MS1_1": "F3",
    "MS1_2": "F8",
    "MS1_3": "F2",
    "MS1_4": "F2",
    "MS1_5": "F7",
    "MS2_1": "F7",
    "MS2_2": "F4",
    "MS2_3": "F4",
    "MS2_4": "F8",
    "MS2_5": "F8",
    "MS3_1": "F1",
    "MS3_2": "F10",
    "MS3_3": "F6",
    "MS3_4": "F6",
    "MS3_5": "F6",
    "MS4_1": "F5",
    "MS4_2": "F5",
    "MS4_3": "F5",
    "MS4_4": "F5",
    "MS4_5": "F9"
  },
  "sensor": {
    "S1": "F3",
    "S2": "F7",
    "S3": "F1",
    "S4": "F5"
  },
  "fog": {
    "F1": {
      "rho": 0.459300852921903,
      "capacity": 1.0,
      "tserv": 3.06200568614602,
      "stddev": 3.06200568614602,
      "mu": 0.3265833256040245,
      "cv": 1.0,
      "lambda": 0.15,
      "twait": 2.601043169567734
    },
    "F2": {
      "rho": 0.5558157096401851,
      "capacity": 1.0,
      "tserv": 1.8527190321339502,
      "stddev": 1.983253751222423,
      "mu": 0.5397472485875023,
      "cv": 1.0704557554731458,
      "lambda": 0.3,
      "twait": 2.487434859909972
    },
    "F3": {
      "rho": 0.5591462065881402,
      "capacity": 1.0,
      "tserv": 3.727641377254268,
      "stddev": 3.727641377254268,
      "mu": 0.2682661497701764,
      "cv": 1.0,
      "lambda": 0.15,
      "twait": 4.7278634476112975
    },
    "F4": {
      "rho": 0.6615619331419693,
      "capacity": 1.0,
      "tserv": 2.2052064438065644,
      "stddev": 2.3305357174521126,
      "mu": 0.45347228274638474,
      "cv": 1.056833351814993,
      "lambda": 0.3,
      "twait": 4.562577262228159
    },
    "F5": {
      "rho": 0.5645797921774035,
      "capacity": 1.0,
      "tserv": 0.9409663202956725,
      "stddev": 1.3132160092618486,
      "mu": 1.062737292962598,
      "cv": 1.3956036267580831,
      "lambda": 0.6,
      "twait": 1.7982311266378586
    },
    "F6": {
      "rho": 0.5248378681711807,
      "capacity": 1.0,
      "tserv": 1.1663063737137351,
      "stddev": 1.571946384642818,
      "mu": 0.8574076439416302,
      "cv": 1.3477988460591621,
      "lambda": 0.44999999999999996,
      "twait": 1.8142004398213714
    },
    "F7": {
      "rho": 0.6426760202987689,
      "capacity": 1.0,
      "tserv": 2.1422534009958967,
      "stddev": 2.300197294357887,
      "mu": 0.4667981852824308,
      "cv": 1.0737279227978187,
      "lambda": 0.3,
      "twait": 4.147562627329508
    },
    "F8": {
      "rho": 0.5808001303309362,
      "capacity": 1.0,