{
  "servicechain": {
    "SC1": {
      "resptime": 31.65680407499099,
      "resptime_old": 21.65680407499099,
      "waittime": 18.55773775941316,
      "servicetime": 10.0,
      "networktime": 3.09906631557783,
      "services": {
        "MS1_1": {
          "meanserv": 0.5908090330992866,
          "stddevserv": 0.5908090330992866,
          "rate": 1.6925942969324035,
          "cv": 1.0,
          "lambda": 0.15
        },
        "MS1_2": {
          "meanserv": 0.19904262959126395,
          "stddevserv": 0.19904262959126395,
          "rate": 5.024049381047217,
          "cv": 1.0,
          "lambda": 0.15
        },
        "MS1_3": {
          "meanserv": 1.1076043154864246,
          "stddevserv": 1.1076043154864246,
          "rate": 0.9028494978017776,
          "cv": 1.0,
          "lambda": 0.15
        },
        "MS1_4": {
          "meanserv": 1.569996090192627,
          "stddevserv": 1.569996090192627,
          "rate": 0.6369442613562861,
          "cv": 1.0,
          "lambda": 0.15
        },
        "MS1_5": {
          "meanserv": 1.4579782995057755,
          "stddevserv": 1.4579782995057755,
          "rate": 0.6858812647204553,
          "cv": 1.0,
          "lambda": 0.15
        },
        "MS1_6": {
          "meanserv": 0.012377463887710327,
          "stddevserv": 0.012377463887710327,
          "rate": 80.79199495729551,
          "cv": 1.0,
          "lambda": 0.15
        },
        "MS1_7": {
          "meanserv": 0.6551840934350919,
          "stddevserv": 0.6551840934350919,
          "rate": 1.5262885805988642,
          "cv": 1.0,
          "lambda": 0.15
        },
        "MS1_8": {
          "meanserv": 1.2084047248708085,
          "stddevserv": 1.2084047248708085,
          "rate": 0.8275373137976689,
          "cv": 1.0,
          "lambda": 0.15
        },
        "MS1_9": {
          "meanserv": 1.2365394715129474,
          "stddevserv": 1.2365394715129474,
          "rate": 0.8087085152053145,
          "cv": 1.0,
          "lambda": 0.15
        },
        "MS1_10": {
          "meanserv": 1.9620638784180642,
          "stddevserv": 1.9620638784180642,
          "rate": 0.5096674022694211,
          "cv": 1.0,
          "lambda": 0.15
        }
      },
      "sensors": [
        "S1"
      ],
      "sources": [
        {
          "startTime": 0,
          "stopTime": -1,
          "lambda": 0.15
        }
      ]
    },
    "SC2": {
      "resptime": 30.470176503532723,
      "resptime_old": 20.470176503532723,
      "waittime": 16.215785252306436,
      "servicetime": 10.0,
      "networktime": 4.254391251226287,
      "services": {
        "MS2_1": {
          "meanserv": 0.5022122944217167,
          "stddevserv": 0.5022122944217167,
          "rate": 1.9911898038089089,
          "cv": 1.0,
          "lambda": 0.15
        },
        "MS2_2": {
          "meanserv": 0.9736268962203609,
          "stddevserv": 0.9736268962203609,
          "rate": 1.027087484828141,
          "cv": 1.0,
          "lambda": 0.15
        },
        "MS2_3": {
          "meanserv": 1.482561702279843,
          "stddevserv": 1.482561702279843,
          "rate": 0.6745081830066346,
          "cv": 1.0,
          "lambda": 0.15
        },
        "MS2_4": {
          "meanserv": 0.5824443225055123,
          "stddevserv": 0.5824443225055123,
          "rate": 1.7169023052680472,
          "cv": 1.0,
          "lambda": 0.15
        },
        "MS2_5": {
          "meanserv": 2.4345829066555376,
          "stddevserv": 2.4345829066555376,
          "rate": 0.41074797546070474,
          "cv": 1.0,
          "lambda": 0.15
        },
        "MS2_6": {
          "meanserv": 0.2648582096220027,
          "stddevserv": 0.2648582096220027,
          "rate": 3.7756050734737223,
          "cv": 1.0,
          "lambda": 0.15
        },
        "MS2_7": {
          "meanserv": 0.18197326045036633,
          "stddevserv": 0.18197326045036633,
          "rate": 5.495312869182517,
          "cv": 1.0,
          "lambda": 0.15
        },
        "MS2_8": {
          "meanserv": 1.7157376282182897,
          "stddevserv": 1.7157376282182897,
          "rate": 0.582839697371708,
          "cv": 1.0,
          "lambda": 0.15
        },
        "MS2_9": {
          "meanserv": 0.058692858810708515,
          "stddevserv": 0.058692858810708515,
          "rate": 17.03784787899188,
          "cv": 1.0,
          "lambda": 0.15
        },
        "MS2_10": {
          "meanserv": 1.8033099208156624,
          "stddevserv": 1.8033099208156624,
          "rate": 0.5545358501370002,
          "cv": 1.0,
          "lambda": 0.15
        }
      },
      "sensors": [
        "S2"
      ],
      "sources": [
        {
          "startTime": 0,
          "stopTime": -1,
          "lambda": 0.15
        }
      ]
    },
    "SC3": {
      "resptime": 32.8157404269339,
      "resptime_old": 22.8157404269339,
      "waittime": 19.10802367853189,
      "servicetime": 10.0,
      "networktime": 3.7077167484020084,
      "services": {
        "MS3_1": {
          "meanserv": 0.5161962111719187,
          "stddevserv": 0.5161962111719187,
          "rate": 1.9372478494751113,
          "cv": 1.0,
          "lambda": 0.15
        },
        "MS3_2": {
          "meanserv": 0.03403264257882954,
          "stddevserv": 0.03403264257882954,
          "rate": 29.383554265106152,
          "cv": 1.0,
          "lambda": 0.15
        },
        "MS3_3": {
          "meanserv": 0.9183012453299433,
          "stddevserv": 0.9183012453299433,
          "rate": 1.088967269820812,
          "cv": 1.0,
          "lambda": 0.15
        },
        "MS3_4": {
          "meanserv": 0.07420060956427554,
          "stddevserv": 0.07420060956427554,
          "rate": 13.476978233362892,
          "cv": 1.0,
          "lambda": 0.15
        },
        "MS3_5": {
          "meanserv": 1.4747209831241046,
          "stddevserv": 1.4747209831241046,
          "rate": 0.6780943727277564,
          "cv": 1.0,
          "lambda": 0.15
        },
        "MS3_6": {
          "meanserv": 0.24978031760577046,
          "stddevserv": 0.24978031760577046,
          "rate": 4.003518009686836,
          "cv": 1.0,
          "lambda": 0.15
        },
        "MS3_7": {
          "meanserv": 0.45598121766752264,
          "stddevserv": 0.45598121766752264,
          "rate": 2.193072787329471,
          "cv": 1.0,
          "lambda": 0.15
        },
        "MS3_8": {
          "meanserv": 0.8986356496442003,
          "stddevserv": 0.8986356496442003,
          "rate": 1.1127980515751108,
          "cv": 1.0,
          "lambda": 0.15
        },
        "MS3_9": {
          "meanserv": 1.4476077526231421,
          "stddevserv": 1.4476077526231421,
          "rate": 0.6907948635864563,
          "cv": 1.0,
          "lambda": 0.15
        },
        "MS3_10": {
          "meanserv": 3.930543370690293,
          "stddevserv": 3.930543370690293,
          "rate": 0.2544177498350253,
          "cv": 1.0,
          "lambda": 0.15
        }
      },
      "sensors": [
        "S3"
      ],
      "sources": [
        {
          "startTime": 0,
          "stopTime": -1,
          "lambda": 0.15
        }
      ]
    },
    "SC4": {
      "resptime": 29.046064118782237,
      "resptime_old": 19.046064118782233,
      "waittime": 15.572265398690213,
      "servicetime": 10.0,
      "networktime": 3.4737987200920233,
      "services": {
        "MS4_1": {
          "meanserv": 0.1474587635362279,
          "stddevserv": 0.1474587635362279,
          "rate": 6.781556931706663,
          "cv": 1.0,
          "lambda": 0.15
        },
        "MS4_2": {
          "meanserv": 0.29073845626411576,
          "stddevserv": 0.29073845626411576,
          "rate": 3.4395174716466443,
          "cv": 1.0,
          "lambda": 0.15
        },
        "MS4_3": {
          "meanserv": 0.4594098103590927,
          "stddevserv": 0.4594098103590927,
          "rate": 2.1767058026435286,
          "cv": 1.0,