{
  "servicechain": {
    "SC1": {
      "resptime": 14.001989163738862,
      "resptime_old": 4.001989163738864,
      "waittime": 2.592338295013282,
      "servicetime": 10.0,
      "networktime": 1.4096508687255822,
      "services": {
        "MS1_1": {
          "meanserv": 1.680831413871715,
          "stddevserv": 1.680831413871715,
          "rate": 0.5949436640385889,
          "cv": 1.0,
          "lambda": 0.025
        },
        "MS1_2": {
          "meanserv": 0.629682502094683,
          "stddevserv": 0.629682502094683,
          "rate": 1.588101934980613,
          "cv": 1.0,
          "lambda": 0.025
        },
        "MS1_3": {
          "meanserv": 4.717883925750867,
          "stddevserv": 4.717883925750867,
          "rate": 0.21195943260533837,
          "cv": 1.0,
          "lambda": 0.025
        },
        "MS1_4": {
          "meanserv": 0.9126099346393914,
          "stddevserv": 0.9126099346393914,
          "rate": 1.0957583980226338,
          "cv": 1.0,
          "lambda": 0.025
        },
        "MS1_5": {
          "meanserv": 2.0589922236433438,
          "stddevserv": 2.0589922236433438,
          "rate": 0.4856744909072657,
          "cv": 1.0,
          "lambda": 0.025
        }
      },
      "sensors": [
        "S1"
      ],
      "sources": [
        {
          "startTime": 0,
          "stopTime": -1,
          "lambda": 0.025
        }
      ]
    },
    "SC2": {
      "resptime": 13.82094802837796,
      "resptime_old": 3.8209480283779604,
      "waittime": 2.5233650481147194,
      "servicetime": 10.0,
      "networktime": 1.297582980263241,
      "services": {
        "MS2_1": {
          "meanserv": 0.7753294178393721,
          "stddevserv": 0.7753294178393721,
          "rate": 1.289774355249827,
          "cv": 1.0,
          "lambda": 0.025
        },
        "MS2_2": {
          "meanserv": 5.829270997656514,
          "stddevserv": 5.829270997656514,
          "rate": 0.1715480375508396,
          "cv": 1.0,
          "lambda": 0.025
        },
        "MS2_3": {
          "meanserv": 2.1636287522106468,
          "stddevserv": 2.1636287522106468,
          "rate": 0.4621864998689211,
          "cv": 1.0,
          "lambda": 0.025
        },
        "MS2_4": {
          "meanserv": 0.41690060021674924,
          "stddevserv": 0.41690060021674924,
          "rate": 2.398653298844122,
          "cv": 1.0,
          "lambda": 0.025
        },
        "MS2_5": {
          "meanserv": 0.8148702320767178,
          "stddevserv": 0.8148702320767178,
          "rate": 1.2271892635609896,
          "cv": 1.0,
          "lambda": 0.025
        }
      },
      "sensors": [
        "S2"
      ],
      "sources": [
        {
          "startTime": 0,
          "stopTime": -1,
          "lambda": 0.025
        }
      ]
    },
    "SC3": {
      "resptime": 14.082836484545444,
      "resptime_old": 4.082836484545444,
      "waittime": 2.115667677096857,
      "servicetime": 10.0,
      "networktime": 1.9671688074485867,
      "services": {
        "MS3_1": {
          "meanserv": 0.02499366430196215,
          "stddevserv": 0.02499366430196215,
          "rate": 40.01013968654025,
          "cv": 1.0,
          "lambda": 0.025
        },
        "MS3_2": {
          "meanserv": 0.37298162353894715,
          "stddevserv": 0.37298162353894715,
          "rate": 2.6810972361365653,
          "cv": 1.0,
          "lambda": 0.025
        },
        "MS3_3": {
          "meanserv": 3.1873907276126436,
          "stddevserv": 3.1873907276126436,
          "rate": 0.3137362455556242,
          "cv": 1.0,
          "lambda": 0.025
        },
        "MS3_4": {
          "meanserv": 1.169826769850694,
          "stddevserv": 1.169826769850694,
          "rate": 0.8548274204116828,
          "cv": 1.0,
          "lambda": 0.025
        },
        "MS3_5": {
          "meanserv": 5.244807214695753,
          "stddevserv": 5.244807214695753,
          "rate": 0.19066477738171908,
          "cv": 1.0,
          "lambda": 0.025
        }
      },
      "sensors": [
        "S3"
      ],
      "sources": [
        {
          "startTime": 0,
          "stopTime": -1,
          "lambda": 0.025
        }
      ]
    },
    "SC4": {
      "resptime": 14.231482127057195,
      "resptime_old": 4.2314821270571965,
      "waittime": 2.821831258331614,
      "servicetime": 10.0,
      "networktime": 1.4096508687255822,
      "services": {
        "MS4_1": {
          "meanserv": 2.2574187104526455,
          "stddevserv": 2.2574187104526455,
          "rate": 0.4429838360821796,
          "cv": 1.0,
          "lambda": 0.025
        },
        "MS4_2": {
          "meanserv": 2.3283573182119675,
          "stddevserv": 2.3283573182119675,
          "rate": 0.4294873437930641,
          "cv": 1.0,
          "lambda": 0.025
        },
        "MS4_3": {
          "meanserv": 5.061272277286529,
          "stddevserv": 5.061272277286529,
          "rate": 0.1975787796455251,
          "cv": 1.0,
          "lambda": 0.025
        },
        "MS4_4": {
          "meanserv": 0.12385270019577455,
          "stddevserv": 0.12385270019577455,
          "rate": 8.074107374480292,
          "cv": 1.0,
          "lambda": 0.025
        },
        "MS4_5": {
          "meanserv": 0.22909899385308385,
          "stddevserv": 0.22909899385308385,
          "rate": 4.364925324121144,
          "cv": 1.0,
          "lambda": 0.025
        }
      },
      "sensors": [
        "S4"
      ],
      "sources": [
        {
          "startTime": 0,
          "stopTime": -1,
          "lambda": 0.025
        }
      ]
    }
  },
  "microservice": {
    "MS1_1": "F6",
    "MS1_2": "F6",
    "MS1_3": "F6",
    "MS1_4": "F9",
    "MS1_5": "F9",
    "MS2_1": "F2",
    "MS2_2": "F2",
    "MS2_3": "F5",
    "MS2_4": "F5",
    "MS2_5": "F5",
    "MS3_1": "F3",
    "MS3_2": "F3",
    "MS3_3": "F3",
    "MS3_4": "F3",
    "MS3_5": "F4",
    "MS4_1": "F7",
    "MS4_2": "F7",
    "MS4_3": "F8",
    "MS4_4": "F8",
    "MS4_5": "F8"
  },
  "sensor": {
    "S1": "F6",
    "S2": "F2",
    "S3": "F3",
    "S4": "F7"
  },
  "fog": {
    "F1": {
      "rho": 0,
      "capacity": 1.0,
      "tserv": 0,
      "stddev": 0,
      "mu": 0,
      "cv": 0,
      "lambda": 0.0,
      "twait": 0
    },
    "F2": {
      "rho": 0.16511501038739715,
      "capacity": 1.0,
      "tserv": 3.3023002077479426,
      "stddev": 4.865834913783492,
      "mu": 0.30281922814097095,
      "cv": 1.473468372853305,
      "lambda": 0.05,
      "twait": 1.0355179605736107
    },
    "F3": {
      "rho": 0.1188798196326062,
      "capacity": 1.0,
      "tserv": 1.1887981963260619,
      "stddev": 2.1025237208539598,
      "mu": 0.8411856638834615,
      "cv": 1.768612811957264,
      "lambda": 0.1,
      "twait": 0.33104718733766736
    },
    "F4": {
      "rho": 0.13112018036739384,
      "capacity": 1.0,
      "tserv": 5.244807214695753,
      "stddev": 5.244807214695753,
      "mu": 0.19066477738171908,
      "cv": 1.0,
      "lambda": 0.025,
      "twait": 0.7914789277461873
    },
    "F5": {
      "rho": 0.08488498961260285,
      "capacity": 1.0,
      "tserv": 1.1317998615013711,
      "stddev": 1.548688174603841,
      "mu": 0.8835484382136837,
      "cv": 1.3683410179512245,
      "lambda": 0.07500000000000001,
      "twait": 0.15077637565583252
    },
    "F6": {
      "rho": 0.17570994604293164,
      "capacity": 1.0,
      "tserv": 2.3427992805724216,
      "stddev": 3.390876025315054,
      "mu": 0.42683981009063127,
      "cv": 1.4473608786863523,
      "lambda": 0.07500000000000001,
      "twait": 0.7727899575471435
    },
    "F7": {
      "rho": 0.11464440071661533,
      "capacity": 1.0,
      "tserv": 2.2928880143323065,
      "stddev": 2.2934366329384734,
      "mu": 0.4361311994956727,
      "cv": 1.0002392696907731,
      "lambda": 0.05,
      "twait": 0.29697635176435383
    },
    "F8": {
      "rho": 0.1353555992833847,
      "capacity": 1.0,