{
  "servicechain": {
    "SC1": {
      "resptime": 34.65281429180407,
      "resptime_old": 24.652814291804066,
      "waittime": 19.044125297218272,
      "servicetime": 10.0,
      "networktime": 5.608688994585799,
      "services": {
        "MS1_1": {
          "meanserv": 1.1432809070551486,
          "stddevserv": 1.1432809070551486,
          "rate": 0.8746756757932658,
          "cv": 1.0,
          "lambda": 0.15
        },
        "MS1_2": {
          "meanserv": 1.4127401490604643,
          "stddevserv": 1.4127401490604643,
          "rate": 0.7078442561889707,
          "cv": 1.0,
          "lambda": 0.15
        },
        "MS1_3": {
          "meanserv": 1.8730652118637368,
          "stddevserv": 1.8730652118637368,
          "rate": 0.5338842415448954,
          "cv": 1.0,
          "lambda": 0.15
        },
        "MS1_4": {
          "meanserv": 0.5403617985015385,
          "stddevserv": 0.5403617985015385,
          "rate": 1.8506119469826896,
          "cv": 1.0,
          "lambda": 0.15
        },
        "MS1_5": {
          "meanserv": 0.49465432932167985,
          "stddevserv": 0.49465432932167985,
          "rate": 2.0216137628296944,
          "cv": 1.0,
          "lambda": 0.15
        },
        "MS1_6": {
          "meanserv": 0.8477419905675951,
          "stddevserv": 0.8477419905675951,
          "rate": 1.1796041851489065,
          "cv": 1.0,
          "lambda": 0.15
        },
        "MS1_7": {
          "meanserv": 0.09672840984392117,
          "stddevserv": 0.09672840984392117,
          "rate": 10.3382243294765,
          "cv": 1.0,
          "lambda": 0.15
        },
        "MS1_8": {
          "meanserv": 0.3765900591781417,
          "stddevserv": 0.3765900591781417,
          "rate": 2.655407320581878,
          "cv": 1.0,
          "lambda": 0.15
        },
        "MS1_9": {
          "meanserv": 2.739432129808403,
          "stddevserv": 2.739432129808403,
          "rate": 0.3650391587069326,
          "cv": 1.0,
          "lambda": 0.15
        },
        "MS1_10": {
          "meanserv": 0.4754050147993709,
          "stddevserv": 0.4754050147993709,
          "rate": 2.103469607744919,
          "cv": 1.0,
          "lambda": 0.15
        }
      },
      "sensors": [
        "S1"
      ],
      "sources": [
        {
          "startTime": 0,
          "stopTime": -1,
          "lambda": 0.15
        }
      ]
    },
    "SC2": {
      "resptime": 37.62327003138483,
      "resptime_old": 27.62327003138483,
      "waittime": 21.933492533914386,
      "servicetime": 10.0,
      "networktime": 5.689777497470444,
      "services": {
        "MS2_1": {
          "meanserv": 0.41303135285490233,
          "stddevserv": 0.41303135285490233,
          "rate": 2.42112370668214,
          "cv": 1.0,
          "lambda": 0.15
        },
        "MS2_2": {
          "meanserv": 1.1537654527187202,
          "stddevserv": 1.1537654527187202,
          "rate": 0.866727286419966,
          "cv": 1.0,
          "lambda": 0.15
        },
        "MS2_3": {
          "meanserv": 0.3361169755338478,
          "stddevserv": 0.3361169755338478,
          "rate": 2.975154701459872,
          "cv": 1.0,
          "lambda": 0.15
        },
        "MS2_4": {
          "meanserv": 0.5221295267027102,
          "stddevserv": 0.5221295267027102,
          "rate": 1.9152335749236022,
          "cv": 1.0,
          "lambda": 0.15
        },
        "MS2_5": {
          "meanserv": 0.027039406361284435,
          "stddevserv": 0.027039406361284435,
          "rate": 36.983060450314476,
          "cv": 1.0,
          "lambda": 0.15
        },
        "MS2_6": {
          "meanserv": 2.4717089311248674,
          "stddevserv": 2.4717089311248674,
          "rate": 0.404578381947628,
          "cv": 1.0,
          "lambda": 0.15
        },
        "MS2_7": {
          "meanserv": 0.8568550347939645,
          "stddevserv": 0.8568550347939645,
          "rate": 1.1670585564575173,
          "cv": 1.0,
          "lambda": 0.15
        },
        "MS2_8": {
          "meanserv": 0.7750496942432203,
          "stddevserv": 0.7750496942432203,
          "rate": 1.290239848396337,
          "cv": 1.0,
          "lambda": 0.15
        },
        "MS2_9": {
          "meanserv": 3.2571749387608593,
          "stddevserv": 3.2571749387608593,
          "rate": 0.30701451988342826,
          "cv": 1.0,
          "lambda": 0.15
        },
        "MS2_10": {
          "meanserv": 0.18712868690562345,
          "stddevserv": 0.18712868690562345,
          "rate": 5.343916085428101,
          "cv": 1.0,
          "lambda": 0.15
        }
      },
      "sensors": [
        "S2"
      ],
      "sources": [
        {
          "startTime": 0,
          "stopTime": -1,
          "lambda": 0.15
        }
      ]
    },
    "SC3": {
      "resptime": 34.59460638682938,
      "resptime_old": 24.594606386829383,
      "waittime": 20.94944507086871,
      "servicetime": 10.0,
      "networktime": 3.645161315960678,
      "services": {
        "MS3_1": {
          "meanserv": 1.4686178551032436,
          "stddevserv": 1.4686178551032436,
          "rate": 0.6809123261882855,
          "cv": 1.0,
          "lambda": 0.15
        },
        "MS3_2": {
          "meanserv": 3.572495515111549,
          "stddevserv": 3.572495515111549,
          "rate": 0.2799163765972637,
          "cv": 1.0,
          "lambda": 0.15
        },
        "MS3_3": {
          "meanserv": 0.385183979895543,
          "stddevserv": 0.385183979895543,
          "rate": 2.5961619698492844,
          "cv": 1.0,
          "lambda": 0.15
        },
        "MS3_4": {
          "meanserv": 0.3890542982249876,
          "stddevserv": 0.3890542982249876,
          "rate": 2.5703353093960843,
          "cv": 1.0,
          "lambda": 0.15
        },
        "MS3_5": {
          "meanserv": 0.04477116089718347,
          "stddevserv": 0.04477116089718347,
          "rate": 22.335806799749736,
          "cv": 1.0,
          "lambda": 0.15
        },
        "MS3_6": {
          "meanserv": 0.6654517122142183,
          "stddevserv": 0.6654517122142183,
          "rate": 1.502738638499567,
          "cv": 1.0,
          "lambda": 0.15
        },
        "MS3_7": {
          "meanserv": 0.22827330368650145,
          "stddevserv": 0.22827330368650145,
          "rate": 4.380713749047709,
          "cv": 1.0,
          "lambda": 0.15
        },
        "MS3_8": {
          "meanserv": 1.131246855565104,
          "stddevserv": 1.131246855565104,
          "rate": 0.8839803576739748,
          "cv": 1.0,
          "lambda": 0.15
        },
        "MS3_9": {
          "meanserv": 0.5004984815316824,
          "stddevserv": 0.5004984815316824,
          "rate": 1.99800805976411,
          "cv": 1.0,
          "lambda": 0.15
        },
        "MS3_10": {
          "meanserv": 1.6144068377699874,
          "stddevserv": 1.6144068377699874,
          "rate": 0.6194225498829775,
          "cv": 1.0,
          "lambda": 0.15
        }
      },
      "sensors": [
        "S3"
      ],
      "sources": [
        {
          "startTime": 0,
          "stopTime": -1,
          "lambda": 0.15
        }
      ]
    },
    "SC4": {
      "resptime": 32.65465412738092,
      "resptime_old": 22.65465412738092,
      "waittime": 16.729605906141256,
      "servicetime": 10.0,
      "networktime": 5.925048221239664,
      "services": {
        "MS4_1": {
          "meanserv": 2.0617780060707993,
          "stddevserv": 2.0617780060707993,
          "rate": 0.48501826921014357,
          "cv": 1.0,
          "lambda": 0.15
        },
        "MS4_2": {
          "meanserv": 0.8925004858420271,
          "stddevserv": 0.8925004858420271,
          "rate": 1.120447569343957,
          "cv": 1.0,
          "lambda": 0.15
        },
        "MS4_3": {
          "meanserv": 0.7165995268717706,
          "stddevserv": 0.7165995268717706,
          "rate": 1.395479570528577,
          "cv": 1.0,