{
  "servicechain": {
    "SC1": {
      "resptime": 27.411031723537334,
      "resptime_old": 17.411031723537334,
      "waittime": 13.248098162647478,
      "servicetime": 10.0,
      "networktime": 4.1629335608898534,
      "services": {
        "MS1_1": {
          "meanserv": 0.6859977421950403,
          "stddevserv": 0.6859977421950403,
          "rate": 1.4577307452940331,
          "cv": 1.0,
          "lambda": 0.15
        },
        "MS1_2": {
          "meanserv": 0.6303702613409257,
          "stddevserv": 0.6303702613409257,
          "rate": 1.5863692520532247,
          "cv": 1.0,
          "lambda": 0.15
        },
        "MS1_3": {
          "meanserv": 2.916602900256705,
          "stddevserv": 2.916602900256705,
          "rate": 0.3428646388275843,
          "cv": 1.0,
          "lambda": 0.15
        },
        "MS1_4": {
          "meanserv": 0.12448595615550673,
          "stddevserv": 0.12448595615550673,
          "rate": 8.033034656140723,
          "cv": 1.0,
          "lambda": 0.15
        },
        "MS1_5": {
          "meanserv": 0.02590043509646378,
          "stddevserv": 0.02590043509646378,
          "rate": 38.60939000737216,
          "cv": 1.0,
          "lambda": 0.15
        },
        "MS1_6": {
          "meanserv": 2.347198875321908,
          "stddevserv": 2.347198875321908,
          "rate": 0.4260397406090502,
          "cv": 1.0,
          "lambda": 0.15
        },
        "MS1_7": {
          "meanserv": 0.6709429346124658,
          "stddevserv": 0.6709429346124658,
          "rate": 1.490439720596501,
          "cv": 1.0,
          "lambda": 0.15
        },
        "MS1_8": {
          "meanserv": 1.1649940554858045,
          "stddevserv": 1.1649940554858045,
          "rate": 0.8583734786380505,
          "cv": 1.0,
          "lambda": 0.15
        },
        "MS1_9": {
          "meanserv": 0.5936703444846252,
          "stddevserv": 0.5936703444846252,
          "rate": 1.6844365046869845,
          "cv": 1.0,
          "lambda": 0.15
        },
        "MS1_10": {
          "meanserv": 0.8398364950505552,
          "stddevserv": 0.8398364950505552,
          "rate": 1.1907079602914892,
          "cv": 1.0,
          "lambda": 0.15
        }
      },
      "sensors": [
        "S1"
      ],
      "sources": [
        {
          "startTime": 0,
          "stopTime": -1,
          "lambda": 0.15
        }
      ]
    },
    "SC2": {
      "resptime": 37.82733910859159,
      "resptime_old": 27.82733910859159,
      "waittime": 24.351964402467818,
      "servicetime": 10.0,
      "networktime": 3.475374706123773,
      "services": {
        "MS2_1": {
          "meanserv": 0.21088354445175095,
          "stddevserv": 0.21088354445175095,
          "rate": 4.741953681591286,
          "cv": 1.0,
          "lambda": 0.15
        },
        "MS2_2": {
          "meanserv": 0.6723421929272155,
          "stddevserv": 0.6723421929272155,
          "rate": 1.4873378623558362,
          "cv": 1.0,
          "lambda": 0.15
        },
        "MS2_3": {
          "meanserv": 1.1350062777667238,
          "stddevserv": 1.1350062777667238,
          "rate": 0.8810523955582285,
          "cv": 1.0,
          "lambda": 0.15
        },
        "MS2_4": {
          "meanserv": 0.01378456094990721,
          "stddevserv": 0.01378456094990721,
          "rate": 72.544929333185,
          "cv": 1.0,
          "lambda": 0.15
        },
        "MS2_5": {
          "meanserv": 1.3972708579729356,
          "stddevserv": 1.3972708579729356,
          "rate": 0.7156808533534659,
          "cv": 1.0,
          "lambda": 0.15
        },
        "MS2_6": {
          "meanserv": 0.4855881989433999,
          "stddevserv": 0.4855881989433999,
          "rate": 2.059358119031554,
          "cv": 1.0,
          "lambda": 0.15
        },
        "MS2_7": {
          "meanserv": 0.2526998536707623,
          "stddevserv": 0.2526998536707623,
          "rate": 3.9572638664954685,
          "cv": 1.0,
          "lambda": 0.15
        },
        "MS2_8": {
          "meanserv": 2.913153530319452,
          "stddevserv": 2.913153530319452,
          "rate": 0.3432706136467657,
          "cv": 1.0,
          "lambda": 0.15
        },
        "MS2_9": {
          "meanserv": 1.7037821957347532,
          "stddevserv": 1.7037821957347532,
          "rate": 0.5869294810706434,
          "cv": 1.0,
          "lambda": 0.15
        },
        "MS2_10": {
          "meanserv": 1.2154887872630997,
          "stddevserv": 1.2154887872630997,
          "rate": 0.8227142944293933,
          "cv": 1.0,
          "lambda": 0.15
        }
      },
      "sensors": [
        "S2"
      ],
      "sources": [
        {
          "startTime": 0,
          "stopTime": -1,
          "lambda": 0.15
        }
      ]
    },
    "SC3": {
      "resptime": 31.11922322714851,
      "resptime_old": 21.11922322714851,
      "waittime": 16.674688706409363,
      "servicetime": 10.0,
      "networktime": 4.444534520739146,
      "services": {
        "MS3_1": {
          "meanserv": 0.016922889923958184,
          "stddevserv": 0.016922889923958184,
          "rate": 59.091562049592575,
          "cv": 1.0,
          "lambda": 0.15
        },
        "MS3_2": {
          "meanserv": 0.20985224401162572,
          "stddevserv": 0.20985224401162572,
          "rate": 4.765257596886124,
          "cv": 1.0,
          "lambda": 0.15
        },
        "MS3_3": {
          "meanserv": 0.9463995068860764,
          "stddevserv": 0.9463995068860764,
          "rate": 1.0566362225718866,
          "cv": 1.0,
          "lambda": 0.15
        },
        "MS3_4": {
          "meanserv": 0.29612591709109015,
          "stddevserv": 0.29612591709109015,
          "rate": 3.376941842251497,
          "cv": 1.0,
          "lambda": 0.15
        },
        "MS3_5": {
          "meanserv": 2.30368823381954,
          "stddevserv": 2.30368823381954,
          "rate": 0.4340865162739444,
          "cv": 1.0,
          "lambda": 0.15
        },
        "MS3_6": {
          "meanserv": 0.27538171296158875,
          "stddevserv": 0.27538171296158875,
          "rate": 3.631323188622491,
          "cv": 1.0,
          "lambda": 0.15
        },
        "MS3_7": {
          "meanserv": 2.6853446613540255,
          "stddevserv": 2.6853446613540255,
          "rate": 0.37239167634286924,
          "cv": 1.0,
          "lambda": 0.15
        },
        "MS3_8": {
          "meanserv": 0.5901698533523803,
          "stddevserv": 0.5901698533523803,
          "rate": 1.6944274505375612,
          "cv": 1.0,
          "lambda": 0.15
        },
        "MS3_9": {
          "meanserv": 0.6622278543562556,
          "stddevserv": 0.6622278543562556,
          "rate": 1.5100542712328053,
          "cv": 1.0,
          "lambda": 0.15
        },
        "MS3_10": {
          "meanserv": 2.0138871262434597,
          "stddevserv": 2.0138871262434597,
          "rate": 0.49655215874253994,
          "cv": 1.0,
          "lambda": 0.15
        }
      },
      "sensors": [
        "S3"
      ],
      "sources": [
        {
          "startTime": 0,
          "stopTime": -1,
          "lambda": 0.15
        }
      ]
    },
    "SC4": {
      "resptime": 33.36590157203645,
      "resptime_old": 23.365901572036453,
      "waittime": 18.650301058758007,
      "servicetime": 10.0,
      "networktime": 4.715600513278446,
      "services": {
        "MS4_1": {
          "meanserv": 1.526853853289043,
          "stddevserv": 1.526853853289043,
          "rate": 0.654941530812441,
          "cv": 1.0,
          "lambda": 0.15
        },
        "MS4_2": {
          "meanserv": 0.6190675023964411,
          "stddevserv": 0.6190675023964411,
          "rate": 1.6153327320994078,
          "cv": 1.0,
          "lambda": 0.15
        },
        "MS4_3": {
          "meanserv": 0.2796260856619588,
          "stddevserv": 0.2796260856619588,
          "rate": 3.5762042644651704,
          "cv": 1.0,