{
  "servicechain": {
    "SC1": {
      "resptime": 35.22961938404729,
      "resptime_old": 25.229619384047293,
      "waittime": 19.383105039198057,
      "servicetime": 10.0,
      "networktime": 5.846514344849235,
      "services": {
        "MS1_1": {
          "meanserv": 0.1374230230409823,
          "stddevserv": 0.1374230230409823,
          "rate": 7.276801061942728,
          "cv": 1.0,
          "lambda": 0.15
        },
        "MS1_2": {
          "meanserv": 1.899522213898128,
          "stddevserv": 1.899522213898128,
          "rate": 0.526448173484551,
          "cv": 1.0,
          "lambda": 0.15
        },
        "MS1_3": {
          "meanserv": 0.18006869669067438,
          "stddevserv": 0.18006869669067438,
          "rate": 5.553436096212881,
          "cv": 1.0,
          "lambda": 0.15
        },
        "MS1_4": {
          "meanserv": 0.06312513581699886,
          "stddevserv": 0.06312513581699886,
          "rate": 15.841550074427115,
          "cv": 1.0,
          "lambda": 0.15
        },
        "MS1_5": {
          "meanserv": 0.7731249089375027,
          "stddevserv": 0.7731249089375027,
          "rate": 1.2934520521066761,
          "cv": 1.0,
          "lambda": 0.15
        },
        "MS1_6": {
          "meanserv": 1.2568116635444473,
          "stddevserv": 1.2568116635444473,
          "rate": 0.795664162743215,
          "cv": 1.0,
          "lambda": 0.15
        },
        "MS1_7": {
          "meanserv": 2.2786650457761795,
          "stddevserv": 2.2786650457761795,
          "rate": 0.4388534426565406,
          "cv": 1.0,
          "lambda": 0.15
        },
        "MS1_8": {
          "meanserv": 2.345956587106837,
          "stddevserv": 2.345956587106837,
          "rate": 0.4262653475754447,
          "cv": 1.0,
          "lambda": 0.15
        },
        "MS1_9": {
          "meanserv": 0.9528891770538337,
          "stddevserv": 0.9528891770538337,
          "rate": 1.049439981144318,
          "cv": 1.0,
          "lambda": 0.15
        },
        "MS1_10": {
          "meanserv": 0.11241354813441617,
          "stddevserv": 0.11241354813441617,
          "rate": 8.895724906790333,
          "cv": 1.0,
          "lambda": 0.15
        }
      },
      "sensors": [
        "S1"
      ],
      "sources": [
        {
          "startTime": 0,
          "stopTime": -1,
          "lambda": 0.15
        }
      ]
    },
    "SC2": {
      "resptime": 30.330747125987795,
      "resptime_old": 20.3307471259878,
      "waittime": 16.622498017202357,
      "servicetime": 10.0,
      "networktime": 3.708249108785437,
      "services": {
        "MS2_1": {
          "meanserv": 0.29628162400282765,
          "stddevserv": 0.29628162400282765,
          "rate": 3.3751671348691414,
          "cv": 1.0,
          "lambda": 0.15
        },
        "MS2_2": {
          "meanserv": 1.000144126061746,
          "stddevserv": 1.000144126061746,
          "rate": 0.9998558947075822,
          "cv": 1.0,
          "lambda": 0.15
        },
        "MS2_3": {
          "meanserv": 1.1529779748950566,
          "stddevserv": 1.1529779748950566,
          "rate": 0.8673192565460927,
          "cv": 1.0,
          "lambda": 0.15
        },
        "MS2_4": {
          "meanserv": 1.9437372878292587,
          "stddevserv": 1.9437372878292587,
          "rate": 0.5144728180405426,
          "cv": 1.0,
          "lambda": 0.15
        },
        "MS2_5": {
          "meanserv": 0.3999641597943322,
          "stddevserv": 0.3999641597943322,
          "rate": 2.5002240213578526,
          "cv": 1.0,
          "lambda": 0.15
        },
        "MS2_6": {
          "meanserv": 0.21841642062236222,
          "stddevserv": 0.21841642062236222,
          "rate": 4.578410346395067,
          "cv": 1.0,
          "lambda": 0.15
        },
        "MS2_7": {
          "meanserv": 1.2651000947319107,
          "stddevserv": 1.2651000947319107,
          "rate": 0.7904512885297914,
          "cv": 1.0,
          "lambda": 0.15
        },
        "MS2_8": {
          "meanserv": 1.2835311893848642,
          "stddevserv": 1.2835311893848642,
          "rate": 0.7791006625084449,
          "cv": 1.0,
          "lambda": 0.15
        },
        "MS2_9": {
          "meanserv": 0.9796661466805849,
          "stddevserv": 0.9796661466805849,
          "rate": 1.0207559007610016,
          "cv": 1.0,
          "lambda": 0.15
        },
        "MS2_10": {
          "meanserv": 1.4601809759970568,
          "stddevserv": 1.4601809759970568,
          "rate": 0.6848466158909987,
          "cv": 1.0,
          "lambda": 0.15
        }
      },
      "sensors": [
        "S2"
      ],
      "sources": [
        {
          "startTime": 0,
          "stopTime": -1,
          "lambda": 0.15
        }
      ]
    },
    "SC3": {
      "resptime": 35.554681826429984,
      "resptime_old": 25.554681826429984,
      "waittime": 20.481011254878805,
      "servicetime": 10.0,
      "networktime": 5.0736705715511805,
      "services": {
        "MS3_1": {
          "meanserv": 0.283077659887655,
          "stddevserv": 0.283077659887655,
          "rate": 3.532599500776112,
          "cv": 1.0,
          "lambda": 0.15
        },
        "MS3_2": {
          "meanserv": 2.4644538382662553,
          "stddevserv": 2.4644538382662553,
          "rate": 0.40576941814560447,
          "cv": 1.0,
          "lambda": 0.15
        },
        "MS3_3": {
          "meanserv": 0.7113167136785212,
          "stddevserv": 0.7113167136785212,
          "rate": 1.405843530413583,
          "cv": 1.0,
          "lambda": 0.15
        },
        "MS3_4": {
          "meanserv": 1.2308078040952442,
          "stddevserv": 1.2308078040952442,
          "rate": 0.8124745363758,
          "cv": 1.0,
          "lambda": 0.15
        },
        "MS3_5": {
          "meanserv": 0.43029483582519923,
          "stddevserv": 0.43029483582519923,
          "rate": 2.3239879188469623,
          "cv": 1.0,
          "lambda": 0.15
        },
        "MS3_6": {
          "meanserv": 1.4313265891734819,
          "stddevserv": 1.4313265891734819,
          "rate": 0.6986525699752766,
          "cv": 1.0,
          "lambda": 0.15
        },
        "MS3_7": {
          "meanserv": 0.9877578648468122,
          "stddevserv": 0.9877578648468122,
          "rate": 1.0123938624928959,
          "cv": 1.0,
          "lambda": 0.15
        },
        "MS3_8": {
          "meanserv": 0.6553560419552369,
          "stddevserv": 0.6553560419552369,
          "rate": 1.5258881218467557,
          "cv": 1.0,
          "lambda": 0.15
        },
        "MS3_9": {
          "meanserv": 1.2449489102015807,
          "stddevserv": 1.2449489102015807,
          "rate": 0.8032458133868973,
          "cv": 1.0,
          "lambda": 0.15
        },
        "MS3_10": {
          "meanserv": 0.5606597420700137,
          "stddevserv": 0.5606597420700137,
          "rate": 1.7836129919153758,
          "cv": 1.0,
          "lambda": 0.15
        }
      },
      "sensors": [
        "S3"
      ],
      "sources": [
        {
          "startTime": 0,
          "stopTime": -1,
          "lambda": 0.15
        }
      ]
    },
    "SC4": {
      "resptime": 27.796618318475286,
      "resptime_old": 17.796618318475282,
      "waittime": 14.042951497453513,
      "servicetime": 10.0,
      "networktime": 3.7536668210217705,
      "services": {
        "MS4_1": {
          "meanserv": 0.3784297316252161,
          "stddevserv": 0.3784297316252161,
          "rate": 2.6424985048224645,
          "cv": 1.0,
          "lambda": 0.15
        },
        "MS4_2": {
          "meanserv": 1.6282626151225745,
          "stddevserv": 1.6282626151225745,
          "rate": 0.6141515445435198,
          "cv": 1.0,
          "lambda": 0.15
        },
        "MS4_3": {
          "meanserv": 0.9308952606279304,
          "stddevserv": 0.9308952606279304,
          "rate": 1.0742347096336653,
          "cv": 1.0,