{
  "servicechain": {
    "SC1": {
      "resptime": 59.38868862444479,
      "resptime_old": 49.3886886244448,
      "waittime": 43.545791330840615,
      "servicetime": 10.0,
      "networktime": 5.842897293604177,
      "services": {
        "MS1_1": {
          "meanserv": 2.3544181182856763,
          "stddevserv": 2.3544181182856763,
          "rate": 0.42473339473284827,
          "cv": 1.0,
          "lambda": 0.2
        },
        "MS1_2": {
          "meanserv": 0.33159384582205886,
          "stddevserv": 0.33159384582205886,
          "rate": 3.0157375132246083,
          "cv": 1.0,
          "lambda": 0.2
        },
        "MS1_3": {
          "meanserv": 2.272775456678875,
          "stddevserv": 2.272775456678875,
          "rate": 0.4399906717847367,
          "cv": 1.0,
          "lambda": 0.2
        },
        "MS1_4": {
          "meanserv": 4.015443362795754,
          "stddevserv": 4.015443362795754,
          "rate": 0.24903850201581468,
          "cv": 1.0,
          "lambda": 0.2
        },
        "MS1_5": {
          "meanserv": 1.0257692164176362,
          "stddevserv": 1.0257692164176362,
          "rate": 0.9748781538720456,
          "cv": 1.0,
          "lambda": 0.2
        }
      },
      "sensors": [
        "S1"
      ],
      "sources": [
        {
          "startTime": 0,
          "stopTime": -1,
          "lambda": 0.2
        }
      ]
    },
    "SC2": {
      "resptime": 56.99450769276516,
      "resptime_old": 46.99450769276516,
      "waittime": 39.588310408085235,
      "servicetime": 10.0,
      "networktime": 7.4061972846799256,
      "services": {
        "MS2_1": {
          "meanserv": 0.9232894408812342,
          "stddevserv": 0.9232894408812342,
          "rate": 1.0830839774854886,
          "cv": 1.0,
          "lambda": 0.2
        },
        "MS2_2": {
          "meanserv": 2.2860961193924223,
          "stddevserv": 2.2860961193924223,
          "rate": 0.43742692685457635,
          "cv": 1.0,
          "lambda": 0.2
        },
        "MS2_3": {
          "meanserv": 0.23619880853718334,
          "stddevserv": 0.23619880853718334,
          "rate": 4.233721610168817,
          "cv": 1.0,
          "lambda": 0.2
        },
        "MS2_4": {
          "meanserv": 2.732019203940216,
          "stddevserv": 2.732019203940216,
          "rate": 0.3660296379168068,
          "cv": 1.0,
          "lambda": 0.2
        },
        "MS2_5": {
          "meanserv": 3.822396427248944,
          "stddevserv": 3.822396427248944,
          "rate": 0.2616159833321423,
          "cv": 1.0,
          "lambda": 0.2
        }
      },
      "sensors": [
        "S2"
      ],
      "sources": [
        {
          "startTime": 0,
          "stopTime": -1,
          "lambda": 0.2
        }
      ]
    },
    "SC3": {
      "resptime": 56.01311195276849,
      "resptime_old": 46.01311195276849,
      "waittime": 39.090745252677635,
      "servicetime": 10.0,
      "networktime": 6.922366700090854,
      "services": {
        "MS3_1": {
          "meanserv": 1.2654895060648064,
          "stddevserv": 1.2654895060648064,
          "rate": 0.7902080540435469,
          "cv": 1.0,
          "lambda": 0.2
        },
        "MS3_2": {
          "meanserv": 1.5154131352539701,
          "stddevserv": 1.5154131352539701,
          "rate": 0.6598860579576596,
          "cv": 1.0,
          "lambda": 0.2
        },
        "MS3_3": {
          "meanserv": 1.9816149472540663,
          "stddevserv": 1.9816149472540663,
          "rate": 0.5046389064564258,
          "cv": 1.0,
          "lambda": 0.2
        },
        "MS3_4": {
          "meanserv": 3.316028449285742,
          "stddevserv": 3.316028449285742,
          "rate": 0.3015655671516918,
          "cv": 1.0,
          "lambda": 0.2
        },
        "MS3_5": {
          "meanserv": 1.921453962141415,
          "stddevserv": 1.921453962141415,
          "rate": 0.5204392193115694,
          "cv": 1.0,
          "lambda": 0.2
        }
      },
      "sensors": [
        "S3"
      ],
      "sources": [
        {
          "startTime": 0,
          "stopTime": -1,
          "lambda": 0.2
        }
      ]
    },
    "SC4": {
      "resptime": 4168.194040969411,
      "resptime_old": 4158.194040969411,
      "waittime": 4152.690080436525,
      "servicetime": 10.0,
      "networktime": 5.503960532885737,
      "services": {
        "MS4_1": {
          "meanserv": 1.5755237277885537,
          "stddevserv": 1.5755237277885537,
          "rate": 0.6347095777501404,
          "cv": 1.0,
          "lambda": 0.2
        },
        "MS4_2": {
          "meanserv": 1.994093001674534,
          "stddevserv": 1.994093001674534,
          "rate": 0.5014811240800969,
          "cv": 1.0,
          "lambda": 0.2
        },
        "MS4_3": {
          "meanserv": 4.993959276900618,
          "stddevserv": 4.993959276900618,
          "rate": 0.20024192119977122,
          "cv": 1.0,
          "lambda": 0.2
        },
        "MS4_4": {
          "meanserv": 0.20000565578160234,
          "stddevserv": 0.20000565578160234,
          "rate": 4.999858609458312,
          "cv": 1.0,
          "lambda": 0.2
        },
        "MS4_5": {
          "meanserv": 1.2364183378546922,
          "stddevserv": 1.2364183378546922,
          "rate": 0.8087877455255951,
          "cv": 1.0,
          "lambda": 0.2
        }
      },
      "sensors": [
        "S4"
      ],
      "sources": [
        {
          "startTime": 0,
          "stopTime": -1,
          "lambda": 0.2
        }
      ]
    }
  },
  "microservice": {
    "MS1_1": "F7",
    "MS1_2": "F7",
    "MS1_3": "F2",
    "MS1_4": "F8",
    "MS1_5": "F5",
    "MS2_1": "F7",
    "MS2_2": "F1",
    "MS2_3": "F7",
    "MS2_4": "F3",
    "MS2_5": "F6",
    "MS3_1": "F3",
    "MS3_2": "F5",
    "MS3_3": "F10",
    "MS3_4": "F4",
    "MS3_5": "F2",
    "MS4_1": "F1",
    "MS4_2": "F10",
    "MS4_3": "F9",
    "MS4_4": "F5",
    "MS4_5": "F5"
  },
  "sensor": {
    "S1": "F7",
    "S2": "F7",
    "S3": "F3",
    "S4": "F1"
  },
  "fog": {
    "F1": {
      "rho": 0.7723239694361952,
      "capacity": 1.0,
      "tserv": 1.9308099235904879,
      "stddev": 1.9951149147080043,
      "mu": 0.5179173712451322,
      "cv": 1.0333046719575256,
      "lambda": 0.4,
      "twait": 6.771473013506856
    },
    "F2": {
      "rho": 0.8388458837640579,
      "capacity": 1.0,
      "tserv": 2.0971147094101448,
      "stddev": 2.111777332174587,
      "mu": 0.4768456372523704,
      "cv": 1.0069918076959015,
      "lambda": 0.4,
      "twait": 10.992575072848595
    },
    "F3": {
      "rho": 0.7995017420010045,
      "capacity": 1.0,
      "tserv": 1.9987543550025113,
      "stddev": 2.251749019987968,
      "mu": 0.5003116053241788,
      "cv": 1.1265761669773267,
      "lambda": 0.4,
      "twait": 9.042864223492355
    },
    "F4": {
      "rho": 0.6632056898571486,
      "capacity": 1.0,
      "tserv": 3.316028449285742,
      "stddev": 3.316028449285742,
      "mu": 0.3015655671516918,
      "cv": 1.0,
      "lambda": 0.2,
      "twait": 6.529828055473046
    },
    "F5": {
      "rho": 0.7955212690615802,
      "capacity": 1.0,
      "tserv": 0.9944015863269752,
      "stddev": 1.2123825705195324,
      "mu": 1.005629932363346,
      "cv": 1.2192082023900568,
      "lambda": 0.8,
      "twait": 4.809705148120485
    },
    "F6": {
      "rho": 0.7644792854497888,
      "capacity": 1.0,
      "tserv": 3.822396427248944,
      "stddev": 3.822396427248944,
      "mu": 0.2616159833321423,
      "cv": 1.0,
      "lambda": 0.2,
      "twait": 12.407158729072725
    },
    "F7": {
      "rho": 0.7691000427052307,
      "capacity": 1.0,
      "tserv": 0.9613750533815382,
      "stddev": 1.5350909478867014,
      "mu": 1.040176772304006,
      "cv": 1.5967659473658864,
      "lambda": 0.8,
      "twait": 5.683407221006651
    },
    "F8": {
      "rho": 0.8030886725591508,
      "capacity": 1.0,
      "tserv": 4.015443362795754,