{
  "servicechain": {
    "SC1": {
      "resptime": 15.590398071716358,
      "resptime_old": 5.590398071716358,
      "waittime": 3.5956309489046347,
      "servicetime": 10.0,
      "networktime": 1.994767122811723,
      "services": {
        "MS1_1": {
          "meanserv": 1.5947646790543069,
          "stddevserv": 1.5947646790543069,
          "rate": 0.6270517607607152,
          "cv": 1.0,
          "lambda": 0.05
        },
        "MS1_2": {
          "meanserv": 0.5308443687539197,
          "stddevserv": 0.5308443687539197,
          "rate": 1.8837912933829462,
          "cv": 1.0,
          "lambda": 0.05
        },
        "MS1_3": {
          "meanserv": 1.3261644714150669,
          "stddevserv": 1.3261644714150669,
          "rate": 0.7540542832767664,
          "cv": 1.0,
          "lambda": 0.05
        },
        "MS1_4": {
          "meanserv": 0.9155527904117551,
          "stddevserv": 0.9155527904117551,
          "rate": 1.0922363084604505,
          "cv": 1.0,
          "lambda": 0.05
        },
        "MS1_5": {
          "meanserv": 5.6326736903649515,
          "stddevserv": 5.6326736903649515,
          "rate": 0.17753558167421699,
          "cv": 1.0,
          "lambda": 0.05
        }
      },
      "sensors": [
        "S1"
      ],
      "sources": [
        {
          "startTime": 0,
          "stopTime": -1,
          "lambda": 0.05
        }
      ]
    },
    "SC2": {
      "resptime": 15.07636202032066,
      "resptime_old": 5.07636202032066,
      "waittime": 2.4098001568528655,
      "servicetime": 10.0,
      "networktime": 2.666561863467795,
      "services": {
        "MS2_1": {
          "meanserv": 2.7247368465733524,
          "stddevserv": 2.7247368465733524,
          "rate": 0.36700791904275337,
          "cv": 1.0,
          "lambda": 0.05
        },
        "MS2_2": {
          "meanserv": 1.7361919749410162,
          "stddevserv": 1.7361919749410162,
          "rate": 0.5759731725715257,
          "cv": 1.0,
          "lambda": 0.05
        },
        "MS2_3": {
          "meanserv": 0.5596131405383176,
          "stddevserv": 0.5596131405383176,
          "rate": 1.7869487464823541,
          "cv": 1.0,
          "lambda": 0.05
        },
        "MS2_4": {
          "meanserv": 0.37013538946962576,
          "stddevserv": 0.37013538946962576,
          "rate": 2.7017140982733903,
          "cv": 1.0,
          "lambda": 0.05
        },
        "MS2_5": {
          "meanserv": 4.609322648477688,
          "stddevserv": 4.609322648477688,
          "rate": 0.21695161659604542,
          "cv": 1.0,
          "lambda": 0.05
        }
      },
      "sensors": [
        "S2"
      ],
      "sources": [
        {
          "startTime": 0,
          "stopTime": -1,
          "lambda": 0.05
        }
      ]
    },
    "SC3": {
      "resptime": 15.96520588721285,
      "resptime_old": 5.96520588721285,
      "waittime": 3.725712871195569,
      "servicetime": 10.0,
      "networktime": 2.239493016017282,
      "services": {
        "MS3_1": {
          "meanserv": 6.011441409839074,
          "stddevserv": 6.011441409839074,
          "rate": 0.16634945461886652,
          "cv": 1.0,
          "lambda": 0.05
        },
        "MS3_2": {
          "meanserv": 0.7291706330109804,
          "stddevserv": 0.7291706330109804,
          "rate": 1.3714211115040083,
          "cv": 1.0,
          "lambda": 0.05
        },
        "MS3_3": {
          "meanserv": 1.5266500695327583,
          "stddevserv": 1.5266500695327583,
          "rate": 0.6550289551986572,
          "cv": 1.0,
          "lambda": 0.05
        },
        "MS3_4": {
          "meanserv": 1.1897527596386386,
          "stddevserv": 1.1897527596386386,
          "rate": 0.8405107631805184,
          "cv": 1.0,
          "lambda": 0.05
        },
        "MS3_5": {
          "meanserv": 0.5429851279785485,
          "stddevserv": 0.5429851279785485,
          "rate": 1.841671066982716,
          "cv": 1.0,
          "lambda": 0.05
        }
      },
      "sensors": [
        "S3"
      ],
      "sources": [
        {
          "startTime": 0,
          "stopTime": -1,
          "lambda": 0.05
        }
      ]
    },
    "SC4": {
      "resptime": 15.717995661732873,
      "resptime_old": 5.717995661732873,
      "waittime": 3.9910786313224276,
      "servicetime": 10.0,
      "networktime": 1.7269170304104455,
      "services": {
        "MS4_1": {
          "meanserv": 1.8219814940042167,
          "stddevserv": 1.8219814940042167,
          "rate": 0.5488529950994583,
          "cv": 1.0,
          "lambda": 0.05
        },
        "MS4_2": {
          "meanserv": 2.121411168405385,
          "stddevserv": 2.121411168405385,
          "rate": 0.47138433835609367,
          "cv": 1.0,
          "lambda": 0.05
        },
        "MS4_3": {
          "meanserv": 1.0284640594334147,
          "stddevserv": 1.0284640594334147,
          "rate": 0.9723237198496799,
          "cv": 1.0,
          "lambda": 0.05
        },
        "MS4_4": {
          "meanserv": 3.922809038453936,
          "stddevserv": 3.922809038453936,
          "rate": 0.25491936777889185,
          "cv": 1.0,
          "lambda": 0.05
        },
        "MS4_5": {
          "meanserv": 1.1053342397030477,
          "stddevserv": 1.1053342397030477,
          "rate": 0.9047037213545958,
          "cv": 1.0,
          "lambda": 0.05
        }
      },
      "sensors": [
        "S4"
      ],
      "sources": [
        {
          "startTime": 0,
          "stopTime": -1,
          "lambda": 0.05
        }
      ]
    }
  },
  "microservice": {
    "MS1_1": "F8",
    "MS1_2": "F8",
    "MS1_3": "F8",
    "MS1_4": "F8",
    "MS1_5": "F5",
    "MS2_1": "F2",
    "MS2_2": "F4",
    "MS2_3": "F4",
    "MS2_4": "F4",
    "MS2_5": "F1",
    "MS3_1": "F7",
    "MS3_2": "F9",
    "MS3_3": "F9",
    "MS3_4": "F9",
    "MS3_5": "F9",
    "MS4_1": "F10",
    "MS4_2": "F10",
    "MS4_3": "F10",
    "MS4_4": "F3",
    "MS4_5": "F3"
  },
  "sensor": {
    "S1": "F8",
    "S2": "F2",
    "S3": "F7",
    "S4": "F10"
  },
  "fog": {
    "F1": {
      "rho": 0.23046613242388442,
      "capacity": 1.0,
      "tserv": 4.609322648477688,
      "stddev": 4.609322648477688,
      "mu": 0.21695161659604542,
      "cv": 1.0,
      "lambda": 0.05,
      "twait": 1.3804366625662459
    },
    "F2": {
      "rho": 0.13623684232866762,
      "capacity": 1.0,
      "tserv": 2.7247368465733524,
      "stddev": 2.724736846573353,
      "mu": 0.36700791904275337,
      "cv": 1.0000000000000002,
      "lambda": 0.05,
      "twait": 0.42975848281662016
    },
    "F3": {
      "rho": 0.2514071639078491,
      "capacity": 1.0,
      "tserv": 2.5140716390784914,
      "stddev": 3.2077466120653915,
      "mu": 0.39776113952207837,
      "cv": 1.2759169477132162,
      "lambda": 0.1,
      "twait": 1.109427831312502
    },
    "F4": {
      "rho": 0.13329702524744794,
      "capacity": 1.0,
      "tserv": 0.8886468349829862,
      "stddev": 1.232880056740492,
      "mu": 1.1253064329196039,
      "cv": 1.3873678588683618,
      "lambda": 0.15000000000000002,
      "twait": 0.1998683371566664
    },
    "F5": {
      "rho": 0.28163368451824755,
      "capacity": 1.0,
      "tserv": 5.6326736903649515,
      "stddev": 5.632673690364952,
      "mu": 0.17753558167421699,
      "cv": 1.0000000000000002,
      "lambda": 0.05,
      "twait": 2.208275375554927
    },
    "F6": {
      "rho": 0,
      "capacity": 1.0,
      "tserv": 0,
      "stddev": 0,
      "mu": 0,
      "cv": 0,
      "lambda": 0.0,
      "twait": 0
    },
    "F7": {
      "rho": 0.3005720704919537,
      "capacity": 1.0,
      "tserv": 6.011441409839074,
      "stddev": 6.011441409839074,
      "mu": 0.16634945461886652,
      "cv": 1.0,
      "lambda": 0.05,
      "twait": 2.5833560756821528
    },
    "F8": {
      "rho": 0.21836631548175242,
      "capacity": 1.0,
      "tserv": 1.0918315774087621,
      "stddev": 1.2324420586415974,