{
  "servicechain": {
    "SC1": {
      "resptime": 55.8590554003167,
      "resptime_old": 45.859055400316706,
      "waittime": 41.73014180397874,
      "servicetime": 10.0,
      "networktime": 4.12891359633796,
      "services": {
        "MS1_1": {
          "meanserv": 0.39200690774864877,
          "stddevserv": 0.39200690774864877,
          "rate": 2.5509754553641457,
          "cv": 1.0,
          "lambda": 0.225
        },
        "MS1_2": {
          "meanserv": 0.20254693121158573,
          "stddevserv": 0.20254693121158573,
          "rate": 4.937127380890181,
          "cv": 1.0,
          "lambda": 0.225
        },
        "MS1_3": {
          "meanserv": 3.684725914210682,
          "stddevserv": 3.684725914210682,
          "rate": 0.2713906063252505,
          "cv": 1.0,
          "lambda": 0.225
        },
        "MS1_4": {
          "meanserv": 3.737573781195996,
          "stddevserv": 3.737573781195996,
          "rate": 0.2675532467161109,
          "cv": 1.0,
          "lambda": 0.225
        },
        "MS1_5": {
          "meanserv": 1.9831464656330873,
          "stddevserv": 1.9831464656330873,
          "rate": 0.5042491905310515,
          "cv": 1.0,
          "lambda": 0.225
        }
      },
      "sensors": [
        "S1"
      ],
      "sources": [
        {
          "startTime": 0,
          "stopTime": -1,
          "lambda": 0.225
        }
      ]
    },
    "SC2": {
      "resptime": 6981.576190736633,
      "resptime_old": 6971.576190736632,
      "waittime": 6965.010792921279,
      "servicetime": 10.0,
      "networktime": 6.5653978153536645,
      "services": {
        "MS2_1": {
          "meanserv": 2.7147256410664755,
          "stddevserv": 2.7147256410664755,
          "rate": 0.3683613492548557,
          "cv": 1.0,
          "lambda": 0.225
        },
        "MS2_2": {
          "meanserv": 0.5065077487287595,
          "stddevserv": 0.5065077487287595,
          "rate": 1.9743034583573786,
          "cv": 1.0,
          "lambda": 0.225
        },
        "MS2_3": {
          "meanserv": 5.563219440145228,
          "stddevserv": 5.563219440145228,
          "rate": 0.1797520322106681,
          "cv": 1.0,
          "lambda": 0.225
        },
        "MS2_4": {
          "meanserv": 0.3453348344603402,
          "stddevserv": 0.3453348344603402,
          "rate": 2.895740308279976,
          "cv": 1.0,
          "lambda": 0.225
        },
        "MS2_5": {
          "meanserv": 0.8702123355991969,
          "stddevserv": 0.8702123355991969,
          "rate": 1.1491448225810728,
          "cv": 1.0,
          "lambda": 0.225
        }
      },
      "sensors": [
        "S2"
      ],
      "sources": [
        {
          "startTime": 0,
          "stopTime": -1,
          "lambda": 0.225
        }
      ]
    },
    "SC3": {
      "resptime": 11754.456457620907,
      "resptime_old": 11744.456457620907,
      "waittime": 11742.652984142951,
      "servicetime": 10.0,
      "networktime": 1.80347347795564,
      "services": {
        "MS3_1": {
          "meanserv": 7.22565127116655,
          "stddevserv": 7.22565127116655,
          "rate": 0.13839582931305158,
          "cv": 1.0,
          "lambda": 0.225
        },
        "MS3_2": {
          "meanserv": 1.5222538702292567,
          "stddevserv": 1.5222538702292567,
          "rate": 0.656920648754466,
          "cv": 1.0,
          "lambda": 0.225
        },
        "MS3_3": {
          "meanserv": 0.33690322055721644,
          "stddevserv": 0.33690322055721644,
          "rate": 2.9682114594988547,
          "cv": 1.0,
          "lambda": 0.225
        },
        "MS3_4": {
          "meanserv": 0.714927653056133,
          "stddevserv": 0.714927653056133,
          "rate": 1.3987429297569558,
          "cv": 1.0,
          "lambda": 0.225
        },
        "MS3_5": {
          "meanserv": 0.20026398499084408,
          "stddevserv": 0.20026398499084408,
          "rate": 4.9934090747556,
          "cv": 1.0,
          "lambda": 0.225
        }
      },
      "sensors": [
        "S3"
      ],
      "sources": [
        {
          "startTime": 0,
          "stopTime": -1,
          "lambda": 0.225
        }
      ]
    },
    "SC4": {
      "resptime": 9301.754030002257,
      "resptime_old": 9291.754030002257,
      "waittime": 9287.97530003582,
      "servicetime": 10.0,
      "networktime": 3.7787299664382603,
      "services": {
        "MS4_1": {
          "meanserv": 0.39029356838742313,
          "stddevserv": 0.39029356838742313,
          "rate": 2.562173914706569,
          "cv": 1.0,
          "lambda": 0.225
        },
        "MS4_2": {
          "meanserv": 0.21073450859721454,
          "stddevserv": 0.21073450859721454,
          "rate": 4.745307290470119,
          "cv": 1.0,
          "lambda": 0.225
        },
        "MS4_3": {
          "meanserv": 0.5446229627668686,
          "stddevserv": 0.5446229627668686,
          "rate": 1.8361326428831832,
          "cv": 1.0,
          "lambda": 0.225
        },
        "MS4_4": {
          "meanserv": 6.426549863515095,
          "stddevserv": 6.426549863515095,
          "rate": 0.15560448782591962,
          "cv": 1.0,
          "lambda": 0.225
        },
        "MS4_5": {
          "meanserv": 2.4277990967333993,
          "stddevserv": 2.4277990967333993,
          "rate": 0.41189569653662805,
          "cv": 1.0,
          "lambda": 0.225
        }
      },
      "sensors": [
        "S4"
      ],
      "sources": [
        {
          "startTime": 0,
          "stopTime": -1,
          "lambda": 0.225
        }
      ]
    }
  },
  "microservice": {
    "MS1_1": "F10",
    "MS1_2": "F10",
    "MS1_3": "F4",
    "MS1_4": "F2",
    "MS1_5": "F6",
    "MS2_1": "F3",
    "MS2_2": "F10",
    "MS2_3": "F9",
    "MS2_4": "F10",
    "MS2_5": "F6",
    "MS3_1": "F8",
    "MS3_2": "F1",
    "MS3_3": "F1",
    "MS3_4": "F1",
    "MS3_5": "F1",
    "MS4_1": "F10",
    "MS4_2": "F10",
    "MS4_3": "F10",
    "MS4_4": "F5",
    "MS4_5": "F7"
  },
  "sensor": {
    "S1": "F10",
    "S2": "F3",
    "S3": "F8",
    "S4": "F10"
  },
  "fog": {
    "F1": {
      "rho": 0.6242284639875263,
      "capacity": 1.0,
      "tserv": 0.6935871822083626,
      "stddev": 1.004953103281707,
      "mu": 1.4417798160802617,
      "cv": 1.4489211004187879,
      "lambda": 0.9,
      "twait": 1.7855191234638892
    },
    "F2": {
      "rho": 0.8409541007690993,
      "capacity": 1.0,
      "tserv": 3.737573781195996,
      "stddev": 3.737573781195996,
      "mu": 0.2675532467161109,
      "cv": 1.0,
      "lambda": 0.225,
      "twait": 19.762395719871343
    },
    "F3": {
      "rho": 0.610813269239957,
      "capacity": 1.0,
      "tserv": 2.7147256410664755,
      "stddev": 2.7147256410664755,
      "mu": 0.3683613492548557,
      "cv": 1.0,
      "lambda": 0.225,
      "twait": 4.26065513762782
    },
    "F4": {
      "rho": 0.8290633306974035,
      "capacity": 1.0,
      "tserv": 3.684725914210682,
      "stddev": 3.684725914210682,
      "mu": 0.2713906063252505,
      "cv": 1.0,
      "lambda": 0.225,
      "twait": 17.87136225133023
    },
    "F5": {
      "rho": 1.4459737192908964,
      "capacity": 1.0,
      "tserv": 6.426549863515095,
      "stddev": 6.4265498635150955,
      "mu": 0.15560448782591962,
      "cv": 1.0000000000000002,
      "lambda": 0.225,
      "twait": 9283.32958614696
    },
    "F6": {
      "rho": 0.6420057302772639,
      "capacity": 1.0,
      "tserv": 1.426679400616142,
      "stddev": 1.6293327778693893,
      "mu": 0.700928323187486,
      "cv": 1.1420454919063996,
      "lambda": 0.45,
      "twait": 2.94776050125959
    },
    "F7": {
      "rho": 0.5462547967650149,
      "capacity": 1.0,
      "tserv": 2.4277990967333993,
      "stddev": 2.4277990967333993,
      "mu": 0.41189569653662805,
      "cv": 1.0,
      "lambda": 0.225,
      "twait": 2.9227788915833015
    },
    "F8": {
      "rho": 1.6257715360124738,
      "capacity": 1.0,