{
  "servicechain": {
    "SC1": {
      "resptime": 20.019539554716175,
      "resptime_old": 10.019539554716175,
      "waittime": 5.810775686461794,
      "servicetime": 10.0,
      "networktime": 4.208763868254381,
      "services": {
        "MS1_1": {
          "meanserv": 1.4946085441928991,
          "stddevserv": 1.4946085441928991,
          "rate": 0.6690715129960723,
          "cv": 1.0,
          "lambda": 0.1
        },
        "MS1_2": {
          "meanserv": 1.0854986885548898,
          "stddevserv": 1.0854986885548898,
          "rate": 0.921235567157881,
          "cv": 1.0,
          "lambda": 0.1
        },
        "MS1_3": {
          "meanserv": 3.5427213222313885,
          "stddevserv": 3.5427213222313885,
          "rate": 0.28226888570793607,
          "cv": 1.0,
          "lambda": 0.1
        },
        "MS1_4": {
          "meanserv": 1.0705789092681464,
          "stddevserv": 1.0705789092681464,
          "rate": 0.9340740709002062,
          "cv": 1.0,
          "lambda": 0.1
        },
        "MS1_5": {
          "meanserv": 2.806592535752676,
          "stddevserv": 2.806592535752676,
          "rate": 0.3563039476736221,
          "cv": 1.0,
          "lambda": 0.1
        }
      },
      "sensors": [
        "S1"
      ],
      "sources": [
        {
          "startTime": 0,
          "stopTime": -1,
          "lambda": 0.1
        }
      ]
    },
    "SC2": {
      "resptime": 21.96016867874036,
      "resptime_old": 11.96016867874036,
      "waittime": 8.071811672090206,
      "servicetime": 10.0,
      "networktime": 3.8883570066501543,
      "services": {
        "MS2_1": {
          "meanserv": 1.1753862953188476,
          "stddevserv": 1.1753862953188476,
          "rate": 0.850784124319511,
          "cv": 1.0,
          "lambda": 0.1
        },
        "MS2_2": {
          "meanserv": 3.0962405156253934,
          "stddevserv": 3.0962405156253934,
          "rate": 0.3229723256166407,
          "cv": 1.0,
          "lambda": 0.1
        },
        "MS2_3": {
          "meanserv": 1.0558783424008569,
          "stddevserv": 1.0558783424008569,
          "rate": 0.9470788061872728,
          "cv": 1.0,
          "lambda": 0.1
        },
        "MS2_4": {
          "meanserv": 0.5893286513236964,
          "stddevserv": 0.5893286513236964,
          "rate": 1.6968460599258004,
          "cv": 1.0,
          "lambda": 0.1
        },
        "MS2_5": {
          "meanserv": 4.083166195331206,
          "stddevserv": 4.083166195331206,
          "rate": 0.24490798369741232,
          "cv": 1.0,
          "lambda": 0.1
        }
      },
      "sensors": [
        "S2"
      ],
      "sources": [
        {
          "startTime": 0,
          "stopTime": -1,
          "lambda": 0.1
        }
      ]
    },
    "SC3": {
      "resptime": 21.094091905797992,
      "resptime_old": 11.09409190579799,
      "waittime": 6.660581025612273,
      "servicetime": 10.0,
      "networktime": 4.433510880185718,
      "services": {
        "MS3_1": {
          "meanserv": 1.3685030305358625,
          "stddevserv": 1.3685030305358625,
          "rate": 0.7307254552504948,
          "cv": 1.0,
          "lambda": 0.1
        },
        "MS3_2": {
          "meanserv": 2.3096069560082855,
          "stddevserv": 2.3096069560082855,
          "rate": 0.43297410297391425,
          "cv": 1.0,
          "lambda": 0.1
        },
        "MS3_3": {
          "meanserv": 0.5345835710436564,
          "stddevserv": 0.5345835710436564,
          "rate": 1.8706149125528133,
          "cv": 1.0,
          "lambda": 0.1
        },
        "MS3_4": {
          "meanserv": 1.63111548058719,
          "stddevserv": 1.63111548058719,
          "rate": 0.6130773767409816,
          "cv": 1.0,
          "lambda": 0.1
        },
        "MS3_5": {
          "meanserv": 4.156190961825006,
          "stddevserv": 4.156190961825006,
          "rate": 0.2406049214737945,
          "cv": 1.0,
          "lambda": 0.1
        }
      },
      "sensors": [
        "S3"
      ],
      "sources": [
        {
          "startTime": 0,
          "stopTime": -1,
          "lambda": 0.1
        }
      ]
    },
    "SC4": {
      "resptime": 26.379183090883252,
      "resptime_old": 16.379183090883252,
      "waittime": 13.402003803179625,
      "servicetime": 10.0,
      "networktime": 2.9771792877036285,
      "services": {
        "MS4_1": {
          "meanserv": 6.166050764875334,
          "stddevserv": 6.166050764875334,
          "rate": 0.162178359882546,
          "cv": 1.0,
          "lambda": 0.1
        },
        "MS4_2": {
          "meanserv": 0.16725589190132517,
          "stddevserv": 0.16725589190132517,
          "rate": 5.978862619619782,
          "cv": 1.0,
          "lambda": 0.1
        },
        "MS4_3": {
          "meanserv": 1.5021729205970002,
          "stddevserv": 1.5021729205970002,
          "rate": 0.665702321143278,
          "cv": 1.0,
          "lambda": 0.1
        },
        "MS4_4": {
          "meanserv": 1.69281099433638,
          "stddevserv": 1.69281099433638,
          "rate": 0.590733403401614,
          "cv": 1.0,
          "lambda": 0.1
        },
        "MS4_5": {
          "meanserv": 0.47170942828996054,
          "stddevserv": 0.47170942828996054,
          "rate": 2.1199491467134686,
          "cv": 1.0,
          "lambda": 0.1
        }
      },
      "sensors": [
        "S4"
      ],
      "sources": [
        {
          "startTime": 0,
          "stopTime": -1,
          "lambda": 0.1
        }
      ]
    }
  },
  "microservice": {
    "MS1_1": "F10",
    "MS1_2": "F10",
    "MS1_3": "F4",
    "MS1_4": "F6",
    "MS1_5": "F6",
    "MS2_1": "F5",
    "MS2_2": "F5",
    "MS2_3": "F9",
    "MS2_4": "F9",
    "MS2_5": "F3",
    "MS3_1": "F7",
    "MS3_2": "F7",
    "MS3_3": "F9",
    "MS3_4": "F9",
    "MS3_5": "F2",
    "MS4_1": "F1",
    "MS4_2": "F8",
    "MS4_3": "F8",
    "MS4_4": "F8",
    "MS4_5": "F8"
  },
  "sensor": {
    "S1": "F10",
    "S2": "F5",
    "S3": "F7",
    "S4": "F1"
  },
  "fog": {
    "F1": {
      "rho": 0.6166050764875336,
      "capacity": 1.0,
      "tserv": 6.166050764875335,
      "stddev": 6.166050764875334,
      "mu": 0.16217835988254597,
      "cv": 0.9999999999999999,
      "lambda": 0.1,
      "twait": 9.916715038033999
    },
    "F2": {
      "rho": 0.4156190961825006,
      "capacity": 1.0,
      "tserv": 4.156190961825006,
      "stddev": 4.156190961825006,
      "mu": 0.2406049214737945,
      "cv": 1.0,
      "lambda": 0.1,
      "twait": 2.9559356232062073
    },
    "F3": {
      "rho": 0.4083166195331206,
      "capacity": 1.0,
      "tserv": 4.083166195331206,
      "stddev": 4.083166195331206,
      "mu": 0.24490798369741232,
      "cv": 1.0,
      "lambda": 0.1,
      "twait": 2.817764826441458
    },
    "F4": {
      "rho": 0.3542721322231389,
      "capacity": 1.0,
      "tserv": 3.5427213222313885,
      "stddev": 3.5427213222313885,
      "mu": 0.28226888570793607,
      "cv": 1.0,
      "lambda": 0.1,
      "twait": 1.9436785979523534
    },
    "F5": {
      "rho": 0.4271626810944241,
      "capacity": 1.0,
      "tserv": 2.1358134054721205,
      "stddev": 2.5311142547955336,
      "mu": 0.46820569504710574,
      "cv": 1.18508210891018,
      "lambda": 0.2,
      "twait": 1.914721319968947
    },
    "F6": {
      "rho": 0.3877171445020823,
      "capacity": 1.0,
      "tserv": 1.9385857225104113,
      "stddev": 2.294555786898893,
      "mu": 0.5158399695139761,
      "cv": 1.1836235871620426,
      "lambda": 0.2,
      "twait": 1.4736817765989365
    },
    "F7": {
      "rho": 0.3678109986544148,
      "capacity": 1.0,
      "tserv": 1.839054993272074,
      "stddev": 1.9557508960879322,
      "mu": 0.5437575296325343,
      "cv": 1.0634542758333894,
      "lambda": 0.2,
      "twait": 1.1400205983476066
    },
    "F8": {
      "rho": 0.3833949235124666,
      "capacity": 1.0,
      "tserv": 0.9584873087811665,