{
  "servicechain": {
    "SC1": {
      "resptime": 38.98133360236447,
      "resptime_old": 28.981333602364476,
      "waittime": 25.09237603691966,
      "servicetime": 10.0,
      "networktime": 3.8889575654448154,
      "services": {
        "MS1_1": {
          "meanserv": 3.1664112634773343,
          "stddevserv": 3.1664112634773343,
          "rate": 0.31581494530871707,
          "cv": 1.0,
          "lambda": 0.15
        },
        "MS1_2": {
          "meanserv": 0.26516101383235036,
          "stddevserv": 0.26516101383235036,
          "rate": 3.771293470133796,
          "cv": 1.0,
          "lambda": 0.15
        },
        "MS1_3": {
          "meanserv": 0.7255454147746994,
          "stddevserv": 0.7255454147746994,
          "rate": 1.3782734748734178,
          "cv": 1.0,
          "lambda": 0.15
        },
        "MS1_4": {
          "meanserv": 0.9656958829847335,
          "stddevserv": 0.9656958829847335,
          "rate": 1.0355226915840634,
          "cv": 1.0,
          "lambda": 0.15
        },
        "MS1_5": {
          "meanserv": 0.29124658539884063,
          "stddevserv": 0.29124658539884063,
          "rate": 3.4335166492358153,
          "cv": 1.0,
          "lambda": 0.15
        },
        "MS1_6": {
          "meanserv": 0.18911456877073363,
          "stddevserv": 0.18911456877073363,
          "rate": 5.287799911451109,
          "cv": 1.0,
          "lambda": 0.15
        },
        "MS1_7": {
          "meanserv": 0.04436727267010632,
          "stddevserv": 0.04436727267010632,
          "rate": 22.539136165423525,
          "cv": 1.0,
          "lambda": 0.15
        },
        "MS1_8": {
          "meanserv": 1.8325187556158564,
          "stddevserv": 1.8325187556158564,
          "rate": 0.5456970068848922,
          "cv": 1.0,
          "lambda": 0.15
        },
        "MS1_9": {
          "meanserv": 0.726276391715933,
          "stddevserv": 0.726276391715933,
          "rate": 1.3768862810442668,
          "cv": 1.0,
          "lambda": 0.15
        },
        "MS1_10": {
          "meanserv": 1.7936628507594126,
          "stddevserv": 1.7936628507594126,
          "rate": 0.5575183761968496,
          "cv": 1.0,
          "lambda": 0.15
        }
      },
      "sensors": [
        "S1"
      ],
      "sources": [
        {
          "startTime": 0,
          "stopTime": -1,
          "lambda": 0.15
        }
      ]
    },
    "SC2": {
      "resptime": 37.79325322894841,
      "resptime_old": 27.793253228948405,
      "waittime": 22.86957436580365,
      "servicetime": 10.0,
      "networktime": 4.9236788631447554,
      "services": {
        "MS2_1": {
          "meanserv": 0.1924457318191275,
          "stddevserv": 0.1924457318191275,
          "rate": 5.196270088961299,
          "cv": 1.0,
          "lambda": 0.15
        },
        "MS2_2": {
          "meanserv": 0.9377499141459456,
          "stddevserv": 0.9377499141459456,
          "rate": 1.06638239568462,
          "cv": 1.0,
          "lambda": 0.15
        },
        "MS2_3": {
          "meanserv": 0.3485978127746514,
          "stddevserv": 0.3485978127746514,
          "rate": 2.8686353251632215,
          "cv": 1.0,
          "lambda": 0.15
        },
        "MS2_4": {
          "meanserv": 0.5942376407550864,
          "stddevserv": 0.5942376407550864,
          "rate": 1.6828284366660433,
          "cv": 1.0,
          "lambda": 0.15
        },
        "MS2_5": {
          "meanserv": 0.32587396652601885,
          "stddevserv": 0.32587396652601885,
          "rate": 3.068671028436255,
          "cv": 1.0,
          "lambda": 0.15
        },
        "MS2_6": {
          "meanserv": 1.256355087088446,
          "stddevserv": 1.256355087088446,
          "rate": 0.7959533178772421,
          "cv": 1.0,
          "lambda": 0.15
        },
        "MS2_7": {
          "meanserv": 0.25807301646187053,
          "stddevserv": 0.25807301646187053,
          "rate": 3.874872366393822,
          "cv": 1.0,
          "lambda": 0.15
        },
        "MS2_8": {
          "meanserv": 2.2812337983020576,
          "stddevserv": 2.2812337983020576,
          "rate": 0.43835927766119753,
          "cv": 1.0,
          "lambda": 0.15
        },
        "MS2_9": {
          "meanserv": 1.3731309679029273,
          "stddevserv": 1.3731309679029273,
          "rate": 0.7282626518337284,
          "cv": 1.0,
          "lambda": 0.15
        },
        "MS2_10": {
          "meanserv": 2.432302064223869,
          "stddevserv": 2.432302064223869,
          "rate": 0.41113314612882723,
          "cv": 1.0,
          "lambda": 0.15
        }
      },
      "sensors": [
        "S2"
      ],
      "sources": [
        {
          "startTime": 0,
          "stopTime": -1,
          "lambda": 0.15
        }
      ]
    },
    "SC3": {
      "resptime": 38.52967342935469,
      "resptime_old": 28.529673429354684,
      "waittime": 24.51757178081635,
      "servicetime": 10.0,
      "networktime": 4.012101648538335,
      "services": {
        "MS3_1": {
          "meanserv": 0.3019330597449643,
          "stddevserv": 0.3019330597449643,
          "rate": 3.3119924027023613,
          "cv": 1.0,
          "lambda": 0.15
        },
        "MS3_2": {
          "meanserv": 0.3269268588544294,
          "stddevserv": 0.3269268588544294,
          "rate": 3.058788144553365,
          "cv": 1.0,
          "lambda": 0.15
        },
        "MS3_3": {
          "meanserv": 2.479415385547014,
          "stddevserv": 2.479415385547014,
          "rate": 0.4033208819422478,
          "cv": 1.0,
          "lambda": 0.15
        },
        "MS3_4": {
          "meanserv": 0.24540475466233502,
          "stddevserv": 0.24540475466233502,
          "rate": 4.074900673281377,
          "cv": 1.0,
          "lambda": 0.15
        },
        "MS3_5": {
          "meanserv": 0.5568760786722713,
          "stddevserv": 0.5568760786722713,
          "rate": 1.7957316507188537,
          "cv": 1.0,
          "lambda": 0.15
        },
        "MS3_6": {
          "meanserv": 1.1377677451463786,
          "stddevserv": 1.1377677451463786,
          "rate": 0.8789140000372798,
          "cv": 1.0,
          "lambda": 0.15
        },
        "MS3_7": {
          "meanserv": 1.3300015899412276,
          "stddevserv": 1.3300015899412276,
          "rate": 0.7518788004187196,
          "cv": 1.0,
          "lambda": 0.15
        },
        "MS3_8": {
          "meanserv": 1.291223308280287,
          "stddevserv": 1.291223308280287,
          "rate": 0.7744593778529663,
          "cv": 1.0,
          "lambda": 0.15
        },
        "MS3_9": {
          "meanserv": 1.7962652734914366,
          "stddevserv": 1.7962652734914366,
          "rate": 0.5567106455586485,
          "cv": 1.0,
          "lambda": 0.15
        },
        "MS3_10": {
          "meanserv": 0.5341859456596563,
          "stddevserv": 0.5341859456596563,
          "rate": 1.8720073190340465,
          "cv": 1.0,
          "lambda": 0.15
        }
      },
      "sensors": [
        "S3"
      ],
      "sources": [
        {
          "startTime": 0,
          "stopTime": -1,
          "lambda": 0.15
        }
      ]
    },
    "SC4": {
      "resptime": 36.834985085486096,
      "resptime_old": 26.834985085486096,
      "waittime": 23.481245599060774,
      "servicetime": 10.0,
      "networktime": 3.3537394864253227,
      "services": {
        "MS4_1": {
          "meanserv": 0.033747599898508174,
          "stddevserv": 0.033747599898508174,
          "rate": 29.631736864469744,
          "cv": 1.0,
          "lambda": 0.15
        },
        "MS4_2": {
          "meanserv": 0.6959819908130727,
          "stddevserv": 0.6959819908130727,
          "rate": 1.4368187872674147,
          "cv": 1.0,
          "lambda": 0.15
        },
        "MS4_3": {
          "meanserv": 1.2289272527357575,
          "stddevserv": 1.2289272527357575,
          "rate": 0.8137178159031507,
          "cv": 1.0,