{
  "servicechain": {
    "SC1": {
      "resptime": 32.445648854017165,
      "resptime_old": 22.445648854017165,
      "waittime": 17.08876249685175,
      "servicetime": 10.0,
      "networktime": 5.356886357165418,
      "services": {
        "MS1_1": {
          "meanserv": 0.04811129449328155,
          "stddevserv": 0.04811129449328155,
          "rate": 20.785140174094543,
          "cv": 1.0,
          "lambda": 0.15
        },
        "MS1_2": {
          "meanserv": 1.7792719099189247,
          "stddevserv": 1.7792719099189247,
          "rate": 0.5620276442432942,
          "cv": 1.0,
          "lambda": 0.15
        },
        "MS1_3": {
          "meanserv": 1.8461654907501457,
          "stddevserv": 1.8461654907501457,
          "rate": 0.541663250131316,
          "cv": 1.0,
          "lambda": 0.15
        },
        "MS1_4": {
          "meanserv": 1.3077613337296512,
          "stddevserv": 1.3077613337296512,
          "rate": 0.7646655197765057,
          "cv": 1.0,
          "lambda": 0.15
        },
        "MS1_5": {
          "meanserv": 2.1252518297634992,
          "stddevserv": 2.1252518297634992,
          "rate": 0.47053247337341725,
          "cv": 1.0,
          "lambda": 0.15
        },
        "MS1_6": {
          "meanserv": 0.14509982261419463,
          "stddevserv": 0.14509982261419463,
          "rate": 6.8918071847606335,
          "cv": 1.0,
          "lambda": 0.15
        },
        "MS1_7": {
          "meanserv": 0.45617541303618303,
          "stddevserv": 0.45617541303618303,
          "rate": 2.1921391890550703,
          "cv": 1.0,
          "lambda": 0.15
        },
        "MS1_8": {
          "meanserv": 2.29216290569412,
          "stddevserv": 2.29216290569412,
          "rate": 0.4362691663475711,
          "cv": 1.0,
          "lambda": 0.15
        }
      },
      "sensors": [
        "S1"
      ],
      "sources": [
        {
          "startTime": 0,
          "stopTime": -1,
          "lambda": 0.15
        }
      ]
    },
    "SC2": {
      "resptime": 29.60250111268707,
      "resptime_old": 19.60250111268706,
      "waittime": 15.336207235668871,
      "servicetime": 10.0,
      "networktime": 4.266293877018195,
      "services": {
        "MS2_1": {
          "meanserv": 0.6951448615811195,
          "stddevserv": 0.6951448615811195,
          "rate": 1.438549078425872,
          "cv": 1.0,
          "lambda": 0.15
        },
        "MS2_2": {
          "meanserv": 0.48994629670063294,
          "stddevserv": 0.48994629670063294,
          "rate": 2.0410400215985716,
          "cv": 1.0,
          "lambda": 0.15
        },
        "MS2_3": {
          "meanserv": 2.8714748871595925,
          "stddevserv": 2.8714748871595925,
          "rate": 0.34825308919528136,
          "cv": 1.0,
          "lambda": 0.15
        },
        "MS2_4": {
          "meanserv": 0.6897435453728322,
          "stddevserv": 0.6897435453728322,
          "rate": 1.44981421965966,
          "cv": 1.0,
          "lambda": 0.15
        },
        "MS2_5": {
          "meanserv": 0.3416848334866929,
          "stddevserv": 0.3416848334866929,
          "rate": 2.926673653599394,
          "cv": 1.0,
          "lambda": 0.15
        },
        "MS2_6": {
          "meanserv": 1.5430994883413263,
          "stddevserv": 1.5430994883413263,
          "rate": 0.6480463557634236,
          "cv": 1.0,
          "lambda": 0.15
        },
        "MS2_7": {
          "meanserv": 1.5850217311837262,
          "stddevserv": 1.5850217311837262,
          "rate": 0.6309061764428806,
          "cv": 1.0,
          "lambda": 0.15
        },
        "MS2_8": {
          "meanserv": 1.7838843561740774,
          "stddevserv": 1.7838843561740774,
          "rate": 0.5605744545821987,
          "cv": 1.0,
          "lambda": 0.15
        }
      },
      "sensors": [
        "S2"
      ],
      "sources": [
        {
          "startTime": 0,
          "stopTime": -1,
          "lambda": 0.15
        }
      ]
    },
    "SC3": {
      "resptime": 32.275540462973204,
      "resptime_old": 22.2755404629732,
      "waittime": 19.226002838222925,
      "servicetime": 10.0,
      "networktime": 3.049537624750277,
      "services": {
        "MS3_1": {
          "meanserv": 4.689538597455164,
          "stddevserv": 4.689538597455164,
          "rate": 0.2132405948300889,
          "cv": 1.0,
          "lambda": 0.15
        },
        "MS3_2": {
          "meanserv": 1.0747048017572007,
          "stddevserv": 1.0747048017572007,
          "rate": 0.9304880729712435,
          "cv": 1.0,
          "lambda": 0.15
        },
        "MS3_3": {
          "meanserv": 0.393387520871034,
          "stddevserv": 0.393387520871034,
          "rate": 2.542022679788652,
          "cv": 1.0,
          "lambda": 0.15
        },
        "MS3_4": {
          "meanserv": 2.25496829952616,
          "stddevserv": 2.25496829952616,
          "rate": 0.4434652142161517,
          "cv": 1.0,
          "lambda": 0.15
        },
        "MS3_5": {
          "meanserv": 0.40839488689339376,
          "stddevserv": 0.40839488689339376,
          "rate": 2.448610479937368,
          "cv": 1.0,
          "lambda": 0.15
        },
        "MS3_6": {
          "meanserv": 0.8190123459115988,
          "stddevserv": 0.8190123459115988,
          "rate": 1.2209828154506677,
          "cv": 1.0,
          "lambda": 0.15
        },
        "MS3_7": {
          "meanserv": 0.042229431423937314,
          "stddevserv": 0.042229431423937314,
          "rate": 23.680167273887577,
          "cv": 1.0,
          "lambda": 0.15
        },
        "MS3_8": {
          "meanserv": 0.317764116161511,
          "stddevserv": 0.317764116161511,
          "rate": 3.146988439348283,
          "cv": 1.0,
          "lambda": 0.15
        }
      },
      "sensors": [
        "S3"
      ],
      "sources": [
        {
          "startTime": 0,
          "stopTime": -1,
          "lambda": 0.15
        }
      ]
    },
    "SC4": {
      "resptime": 36.74011547351153,
      "resptime_old": 26.74011547351153,
      "waittime": 20.821400716901998,
      "servicetime": 10.0,
      "networktime": 5.918714756609533,
      "services": {
        "MS4_1": {
          "meanserv": 0.776057869239376,
          "stddevserv": 0.776057869239376,
          "rate": 1.2885637007715836,
          "cv": 1.0,
          "lambda": 0.15
        },
        "MS4_2": {
          "meanserv": 3.8880894056509003,
          "stddevserv": 3.8880894056509003,
          "rate": 0.25719573180251787,
          "cv": 1.0,
          "lambda": 0.15
        },
        "MS4_3": {
          "meanserv": 0.9474683447772563,
          "stddevserv": 0.9474683447772563,
          "rate": 1.0554442325301048,
          "cv": 1.0,
          "lambda": 0.15
        },
        "MS4_4": {
          "meanserv": 1.1056497635317193,
          "stddevserv": 1.1056497635317193,
          "rate": 0.9044455423259462,
          "cv": 1.0,
          "lambda": 0.15
        },
        "MS4_5": {
          "meanserv": 1.6060060672299743,
          "stddevserv": 1.6060060672299743,
          "rate": 0.6226626538994287,
          "cv": 1.0,
          "lambda": 0.15
        },
        "MS4_6": {
          "meanserv": 0.2006052945996153,
          "stddevserv": 0.2006052945996153,
          "rate": 4.984913294516394,
          "cv": 1.0,
          "lambda": 0.15
        },
        "MS4_7": {
          "meanserv": 0.5809320399813505,
          "stddevserv": 0.5809320399813505,
          "rate": 1.7213717460515738,
          "cv": 1.0,
          "lambda": 0.15
        },
        "MS4_8": {
          "meanserv": 0.8951912149898078,
          "stddevserv": 0.8951912149898078,
          "rate": 1.1170797738574607,
          "cv": 1.0,
          "lambda": 0.15
        }
      },
      "sensors": [
        "S4"
      ],
      "sources": [
        {
          "startTime": 0,
          "stopTime": -1,