{
  "servicechain": {
    "SC1": {
      "resptime": 21130.85115861199,
      "resptime_old": 21120.851158611993,
      "waittime": 21115.475419515926,
      "servicetime": 10.0,
      "networktime": 5.375739096064079,
      "services": {
        "MS1_1": {
          "meanserv": 1.5132075757348606,
          "stddevserv": 1.5132075757348606,
          "rate": 0.660847867824326,
          "cv": 1.0,
          "lambda": 0.2
        },
        "MS1_2": {
          "meanserv": 1.3015186424053407,
          "stddevserv": 1.3015186424053407,
          "rate": 0.7683332127705039,
          "cv": 1.0,
          "lambda": 0.2
        },
        "MS1_3": {
          "meanserv": 0.6975702150387049,
          "stddevserv": 0.6975702150387049,
          "rate": 1.4335474457499806,
          "cv": 1.0,
          "lambda": 0.2
        },
        "MS1_4": {
          "meanserv": 5.645242053123192,
          "stddevserv": 5.645242053123192,
          "rate": 0.177140322875395,
          "cv": 1.0,
          "lambda": 0.2
        },
        "MS1_5": {
          "meanserv": 0.8424615136979021,
          "stddevserv": 0.8424615136979021,
          "rate": 1.1869978435104984,
          "cv": 1.0,
          "lambda": 0.2
        }
      },
      "sensors": [
        "S1"
      ],
      "sources": [
        {
          "startTime": 0,
          "stopTime": -1,
          "lambda": 0.2
        }
      ]
    },
    "SC2": {
      "resptime": 21132.383583119867,
      "resptime_old": 21122.383583119863,
      "waittime": 21116.216871918423,
      "servicetime": 10.0,
      "networktime": 6.1667112014420775,
      "services": {
        "MS2_1": {
          "meanserv": 6.617064369910351,
          "stddevserv": 6.617064369910351,
          "rate": 0.1511244177323226,
          "cv": 1.0,
          "lambda": 0.2
        },
        "MS2_2": {
          "meanserv": 1.2830276467523287,
          "stddevserv": 1.2830276467523287,
          "rate": 0.7794064317563661,
          "cv": 1.0,
          "lambda": 0.2
        },
        "MS2_3": {
          "meanserv": 0.6279292632392286,
          "stddevserv": 0.6279292632392286,
          "rate": 1.5925360682211427,
          "cv": 1.0,
          "lambda": 0.2
        },
        "MS2_4": {
          "meanserv": 0.9273035995710384,
          "stddevserv": 0.9273035995710384,
          "rate": 1.0783954688222825,
          "cv": 1.0,
          "lambda": 0.2
        },
        "MS2_5": {
          "meanserv": 0.544675120527053,
          "stddevserv": 0.544675120527053,
          "rate": 1.835956815931584,
          "cv": 1.0,
          "lambda": 0.2
        }
      },
      "sensors": [
        "S2"
      ],
      "sources": [
        {
          "startTime": 0,
          "stopTime": -1,
          "lambda": 0.2
        }
      ]
    },
    "SC3": {
      "resptime": 26.58176192765483,
      "resptime_old": 16.58176192765483,
      "waittime": 9.0991077356318,
      "servicetime": 10.0,
      "networktime": 7.482654192023029,
      "services": {
        "MS3_1": {
          "meanserv": 1.4135794483694397,
          "stddevserv": 1.4135794483694397,
          "rate": 0.7074239804161679,
          "cv": 1.0,
          "lambda": 0.2
        },
        "MS3_2": {
          "meanserv": 3.068584807928553,
          "stddevserv": 3.068584807928553,
          "rate": 0.325883122870262,
          "cv": 1.0,
          "lambda": 0.2
        },
        "MS3_3": {
          "meanserv": 1.6980314721796237,
          "stddevserv": 1.6980314721796237,
          "rate": 0.5889172352714889,
          "cv": 1.0,
          "lambda": 0.2
        },
        "MS3_4": {
          "meanserv": 1.950669852048411,
          "stddevserv": 1.950669852048411,
          "rate": 0.5126444123539888,
          "cv": 1.0,
          "lambda": 0.2
        },
        "MS3_5": {
          "meanserv": 1.8691344194739727,
          "stddevserv": 1.8691344194739727,
          "rate": 0.5350070008776727,
          "cv": 1.0,
          "lambda": 0.2
        }
      },
      "sensors": [
        "S3"
      ],
      "sources": [
        {
          "startTime": 0,
          "stopTime": -1,
          "lambda": 0.2
        }
      ]
    },
    "SC4": {
      "resptime": 21129.910593719098,
      "resptime_old": 21119.910593719098,
      "waittime": 21116.737883450187,
      "servicetime": 10.0,
      "networktime": 3.1727102689120334,
      "services": {
        "MS4_1": {
          "meanserv": 0.7282388757751013,
          "stddevserv": 0.7282388757751013,
          "rate": 1.3731757988553546,
          "cv": 1.0,
          "lambda": 0.2
        },
        "MS4_2": {
          "meanserv": 1.491043226115947,
          "stddevserv": 1.491043226115947,
          "rate": 0.6706713678616301,
          "cv": 1.0,
          "lambda": 0.2
        },
        "MS4_3": {
          "meanserv": 0.6728649293433939,
          "stddevserv": 0.6728649293433939,
          "rate": 1.486182376864011,
          "cv": 1.0,
          "lambda": 0.2
        },
        "MS4_4": {
          "meanserv": 5.5413727128365995,
          "stddevserv": 5.5413727128365995,
          "rate": 0.18046070023109947,
          "cv": 1.0,
          "lambda": 0.2
        },
        "MS4_5": {
          "meanserv": 1.5664802559289583,
          "stddevserv": 1.5664802559289583,
          "rate": 0.6383738296190509,
          "cv": 1.0,
          "lambda": 0.2
        }
      },
      "sensors": [
        "S4"
      ],
      "sources": [
        {
          "startTime": 0,
          "stopTime": -1,
          "lambda": 0.2
        }
      ]
    }
  },
  "microservice": {
    "MS1_1": "F7",
    "MS1_2": "F10",
    "MS1_3": "F10",
    "MS1_4": "F1",
    "MS1_5": "F9",
    "MS2_1": "F1",
    "MS2_2": "F5",
    "MS2_3": "F7",
    "MS2_4": "F10",
    "MS2_5": "F7",
    "MS3_1": "F9",
    "MS3_2": "F2",
    "MS3_3": "F4",
    "MS3_4": "F3",
    "MS3_5": "F6",
    "MS4_1": "F8",
    "MS4_2": "F8",
    "MS4_3": "F8",
    "MS4_4": "F1",
    "MS4_5": "F5"
  },
  "sensor": {
    "S1": "F7",
    "S2": "F1",
    "S3": "F9",
    "S4": "F8"
  },
  "fog": {
    "F1": {
      "rho": 3.5607358271740277,
      "capacity": 1.0,
      "tserv": 5.934559711956712,
      "stddev": 5.973977557947361,
      "mu": 0.16850449713821908,
      "cv": 1.006642084316926,
      "lambda": 0.6000000000000001,
      "twait": 21110.267985482955
    },
    "F2": {
      "rho": 0.6137169615857107,
      "capacity": 1.0,
      "tserv": 3.068584807928553,
      "stddev": 3.068584807928553,
      "mu": 0.325883122870262,
      "cv": 1.0,
      "lambda": 0.2,
      "twait": 4.8752918389085504
    },
    "F3": {
      "rho": 0.39013397040968223,
      "capacity": 1.0,
      "tserv": 1.9506698520484111,
      "stddev": 1.9506698520484107,
      "mu": 0.5126444123539888,
      "cv": 0.9999999999999998,
      "lambda": 0.2,
      "twait": 1.2478520485053686
    },
    "F4": {
      "rho": 0.3396062944359247,
      "capacity": 1.0,
      "tserv": 1.6980314721796237,
      "stddev": 1.6980314721796237,
      "mu": 0.5889172352714889,
      "cv": 1.0,
      "lambda": 0.2,
      "twait": 0.8732096796863682
    },
    "F5": {
      "rho": 0.5699015805362575,
      "capacity": 1.0,
      "tserv": 1.4247539513406438,
      "stddev": 1.4387829970795787,
      "mu": 0.7018755758206776,
      "cv": 1.0098466445562295,
      "lambda": 0.4,
      "twait": 1.9065498262737537
    },
    "F6": {
      "rho": 0.37382688389479457,
      "capacity": 1.0,
      "tserv": 1.8691344194739727,
      "stddev": 1.869134419473973,
      "mu": 0.5350070008776727,
      "cv": 1.0000000000000002,
      "lambda": 0.2,
      "twait": 1.1158778261810027
    },
    "F7": {
      "rho": 0.5371623919002284,
      "capacity": 1.0,
      "tserv": 0.8952706531670472,
      "stddev": 1.0888829138713574,
      "mu": 1.1169806543557186,
      "cv": 1.2162611496527904,
      "lambda": 0.6000000000000001,
      "twait": 1.2880385092527513
    },
    "F8": {
      "rho": 0.5784294062468884,
      "capacity": 1.0,