{
  "servicechain": {
    "SC1": {
      "resptime": 25.184451606267242,
      "resptime_old": 15.184451606267242,
      "waittime": 13.43317432333821,
      "servicetime": 10.0,
      "networktime": 1.7512772829290304,
      "services": {
        "MS1_1": {
          "meanserv": 0.6288048270826407,
          "stddevserv": 0.6288048270826407,
          "rate": 1.5903185804719895,
          "cv": 1.0,
          "lambda": 0.075
        },
        "MS1_2": {
          "meanserv": 0.04732337811790721,
          "stddevserv": 0.04732337811790721,
          "rate": 21.131204909093313,
          "cv": 1.0,
          "lambda": 0.075
        },
        "MS1_3": {
          "meanserv": 0.1459665990337966,
          "stddevserv": 0.1459665990337966,
          "rate": 6.8508823704830135,
          "cv": 1.0,
          "lambda": 0.075
        },
        "MS1_4": {
          "meanserv": 1.0065307709027504,
          "stddevserv": 1.0065307709027504,
          "rate": 0.9935116033294312,
          "cv": 1.0,
          "lambda": 0.075
        },
        "MS1_5": {
          "meanserv": 8.171374424862904,
          "stddevserv": 8.171374424862904,
          "rate": 0.12237843329725741,
          "cv": 1.0,
          "lambda": 0.075
        }
      },
      "sensors": [
        "S1"
      ],
      "sources": [
        {
          "startTime": 0,
          "stopTime": -1,
          "lambda": 0.075
        }
      ]
    },
    "SC2": {
      "resptime": 20.55131016689146,
      "resptime_old": 10.55131016689146,
      "waittime": 8.917197515991596,
      "servicetime": 10.0,
      "networktime": 1.634112650899866,
      "services": {
        "MS2_1": {
          "meanserv": 6.561577724642086,
          "stddevserv": 6.561577724642086,
          "rate": 0.1524023705829907,
          "cv": 1.0,
          "lambda": 0.075
        },
        "MS2_2": {
          "meanserv": 0.06769737255550279,
          "stddevserv": 0.06769737255550279,
          "rate": 14.771622032747782,
          "cv": 1.0,
          "lambda": 0.075
        },
        "MS2_3": {
          "meanserv": 0.8041105435432989,
          "stddevserv": 0.8041105435432989,
          "rate": 1.243610108124584,
          "cv": 1.0,
          "lambda": 0.075
        },
        "MS2_4": {
          "meanserv": 2.3755563598885665,
          "stddevserv": 2.3755563598885665,
          "rate": 0.4209540202392455,
          "cv": 1.0,
          "lambda": 0.075
        },
        "MS2_5": {
          "meanserv": 0.19105799937054613,
          "stddevserv": 0.19105799937054613,
          "rate": 5.234012725426674,
          "cv": 1.0,
          "lambda": 0.075
        }
      },
      "sensors": [
        "S2"
      ],
      "sources": [
        {
          "startTime": 0,
          "stopTime": -1,
          "lambda": 0.075
        }
      ]
    },
    "SC3": {
      "resptime": 18.860742496514206,
      "resptime_old": 8.860742496514206,
      "waittime": 7.109465213585175,
      "servicetime": 10.0,
      "networktime": 1.7512772829290304,
      "services": {
        "MS3_1": {
          "meanserv": 0.713333440741668,
          "stddevserv": 0.713333440741668,
          "rate": 1.401868947795688,
          "cv": 1.0,
          "lambda": 0.075
        },
        "MS3_2": {
          "meanserv": 1.7898758827433547,
          "stddevserv": 1.7898758827433547,
          "rate": 0.558697957574183,
          "cv": 1.0,
          "lambda": 0.075
        },
        "MS3_3": {
          "meanserv": 0.4497194336974166,
          "stddevserv": 0.4497194336974166,
          "rate": 2.223608599206827,
          "cv": 1.0,
          "lambda": 0.075
        },
        "MS3_4": {
          "meanserv": 1.0038770612242072,
          "stddevserv": 1.0038770612242072,
          "rate": 0.9961379123261576,
          "cv": 1.0,
          "lambda": 0.075
        },
        "MS3_5": {
          "meanserv": 6.043194181593353,
          "stddevserv": 6.043194181593353,
          "rate": 0.1654754042234564,
          "cv": 1.0,
          "lambda": 0.075
        }
      },
      "sensors": [
        "S3"
      ],
      "sources": [
        {
          "startTime": 0,
          "stopTime": -1,
          "lambda": 0.075
        }
      ]
    },
    "SC4": {
      "resptime": 17.37869026414433,
      "resptime_old": 7.378690264144329,
      "waittime": 3.8388099500636095,
      "servicetime": 10.0,
      "networktime": 3.53988031408072,
      "services": {
        "MS4_1": {
          "meanserv": 2.5501945523562886,
          "stddevserv": 2.5501945523562886,
          "rate": 0.39212694540345394,
          "cv": 1.0,
          "lambda": 0.075
        },
        "MS4_2": {
          "meanserv": 1.1430349711649792,
          "stddevserv": 1.1430349711649792,
          "rate": 0.8748638713833942,
          "cv": 1.0,
          "lambda": 0.075
        },
        "MS4_3": {
          "meanserv": 3.7461085253506754,
          "stddevserv": 3.7461085253506754,
          "rate": 0.2669436812182021,
          "cv": 1.0,
          "lambda": 0.075
        },
        "MS4_4": {
          "meanserv": 1.9075381493221668,
          "stddevserv": 1.9075381493221668,
          "rate": 0.5242359112740914,
          "cv": 1.0,
          "lambda": 0.075
        },
        "MS4_5": {
          "meanserv": 0.65312380180589,
          "stddevserv": 0.65312380180589,
          "rate": 1.5311032873629713,
          "cv": 1.0,
          "lambda": 0.075
        }
      },
      "sensors": [
        "S4"
      ],
      "sources": [
        {
          "startTime": 0,
          "stopTime": -1,
          "lambda": 0.075
        }
      ]
    }
  },
  "microservice": {
    "MS1_1": "F10",
    "MS1_2": "F10",
    "MS1_3": "F10",
    "MS1_4": "F10",
    "MS1_5": "F5",
    "MS2_1": "F3",
    "MS2_2": "F4",
    "MS2_3": "F4",
    "MS2_4": "F4",
    "MS2_5": "F4",
    "MS3_1": "F6",
    "MS3_2": "F6",
    "MS3_3": "F6",
    "MS3_4": "F6",
    "MS3_5": "F8",
    "MS4_1": "F2",
    "MS4_2": "F2",
    "MS4_3": "F9",
    "MS4_4": "F1",
    "MS4_5": "F1"
  },
  "sensor": {
    "S1": "F10",
    "S2": "F3",
    "S3": "F6",
    "S4": "F2"
  },
  "fog": {
    "F1": {
      "rho": 0.19204964633460425,
      "capacity": 1.0,
      "tserv": 1.2803309755640284,
      "stddev": 1.5575702502988684,
      "mu": 0.7810480407688853,
      "cv": 1.2165371923558335,
      "lambda": 0.15,
      "twait": 0.3773690245782484
    },
    "F2": {
      "rho": 0.2769922142640951,
      "capacity": 1.0,
      "tserv": 1.846614761760634,
      "stddev": 2.0976260681593213,
      "mu": 0.5415314665017414,
      "cv": 1.135930520862599,
      "lambda": 0.15,
      "twait": 0.8101594499661381
    },
    "F3": {
      "rho": 0.4921183293481564,
      "capacity": 1.0,
      "tserv": 6.561577724642086,
      "stddev": 6.561577724642086,
      "mu": 0.1524023705829907,
      "cv": 1.0,
      "lambda": 0.075,
      "twait": 6.357923221750785
    },
    "F4": {
      "rho": 0.2578816706518436,
      "capacity": 1.0,
      "tserv": 0.8596055688394787,
      "stddev": 1.557739453608854,
      "mu": 1.1633242457352417,
      "cv": 1.8121560749215477,
      "lambda": 0.3,
      "twait": 0.6398185735602027
    },
    "F5": {
      "rho": 0.6128530818647178,
      "capacity": 1.0,
      "tserv": 8.171374424862904,
      "stddev": 8.171374424862904,
      "mu": 0.12237843329725741,
      "cv": 1.0,
      "lambda": 0.075,
      "twait": 12.93527538193615
    },
    "F6": {
      "rho": 0.2967604363804985,
      "capacity": 1.0,
      "tserv": 0.9892014546016616,
      "stddev": 1.2176776997284298,
      "mu": 1.010916426930131,
      "cv": 1.2309703893619652,
      "lambda": 0.3,
      "twait": 0.5249829415599402
    },
    "F7": {
      "rho": 0,
      "capacity": 1.0,
      "tserv": 0,
      "stddev": 0,
      "mu": 0,
      "cv": 0,
      "lambda": 0.0,
      "twait": 0
    },
    "F8": {
      "rho": 0.45323956361950146,
      "capacity": 1.0,
      "tserv": 6.043194181593353,
      "stddev": 6.043194181593353,