{
  "servicechain": {
    "SC1": {
      "resptime": 34.22309702848989,
      "resptime_old": 24.22309702848989,
      "waittime": 20.87676896593157,
      "servicetime": 10.0,
      "networktime": 3.346328062558314,
      "services": {
        "MS1_1": {
          "meanserv": 3.0870632008237453,
          "stddevserv": 3.0870632008237453,
          "rate": 0.3239324675093021,
          "cv": 1.0,
          "lambda": 0.15
        },
        "MS1_2": {
          "meanserv": 1.4787856403975064,
          "stddevserv": 1.4787856403975064,
          "rate": 0.6762305317836289,
          "cv": 1.0,
          "lambda": 0.15
        },
        "MS1_3": {
          "meanserv": 1.0443757317635072,
          "stddevserv": 1.0443757317635072,
          "rate": 0.9575098018712332,
          "cv": 1.0,
          "lambda": 0.15
        },
        "MS1_4": {
          "meanserv": 1.5585646504210429,
          "stddevserv": 1.5585646504210429,
          "rate": 0.6416159892564304,
          "cv": 1.0,
          "lambda": 0.15
        },
        "MS1_5": {
          "meanserv": 0.22127144606243032,
          "stddevserv": 0.22127144606243032,
          "rate": 4.519335945939705,
          "cv": 1.0,
          "lambda": 0.15
        },
        "MS1_6": {
          "meanserv": 0.3000228480549261,
          "stddevserv": 0.3000228480549261,
          "rate": 3.333079485389483,
          "cv": 1.0,
          "lambda": 0.15
        },
        "MS1_7": {
          "meanserv": 0.5175867933225327,
          "stddevserv": 0.5175867933225327,
          "rate": 1.9320431141233796,
          "cv": 1.0,
          "lambda": 0.15
        },
        "MS1_8": {
          "meanserv": 1.7923296891543092,
          "stddevserv": 1.7923296891543092,
          "rate": 0.5579330666959151,
          "cv": 1.0,
          "lambda": 0.15
        }
      },
      "sensors": [
        "S1"
      ],
      "sources": [
        {
          "startTime": 0,
          "stopTime": -1,
          "lambda": 0.15
        }
      ]
    },
    "SC2": {
      "resptime": 46.300478716296695,
      "resptime_old": 36.300478716296695,
      "waittime": 32.41884989188469,
      "servicetime": 10.0,
      "networktime": 3.881628824412005,
      "services": {
        "MS2_1": {
          "meanserv": 2.527780921451436,
          "stddevserv": 2.527780921451436,
          "rate": 0.39560390361115877,
          "cv": 1.0,
          "lambda": 0.15
        },
        "MS2_2": {
          "meanserv": 0.2585449347354958,
          "stddevserv": 0.2585449347354958,
          "rate": 3.867799618751183,
          "cv": 1.0,
          "lambda": 0.15
        },
        "MS2_3": {
          "meanserv": 0.9906332930426811,
          "stddevserv": 0.9906332930426811,
          "rate": 1.009455271716691,
          "cv": 1.0,
          "lambda": 0.15
        },
        "MS2_4": {
          "meanserv": 0.3164486451932782,
          "stddevserv": 0.3164486451932782,
          "rate": 3.1600704101268224,
          "cv": 1.0,
          "lambda": 0.15
        },
        "MS2_5": {
          "meanserv": 0.6709024802051005,
          "stddevserv": 0.6709024802051005,
          "rate": 1.4905295918630257,
          "cv": 1.0,
          "lambda": 0.15
        },
        "MS2_6": {
          "meanserv": 4.803258455478154,
          "stddevserv": 4.803258455478154,
          "rate": 0.20819200325551754,
          "cv": 1.0,
          "lambda": 0.15
        },
        "MS2_7": {
          "meanserv": 0.3626029498567398,
          "stddevserv": 0.3626029498567398,
          "rate": 2.7578374649050383,
          "cv": 1.0,
          "lambda": 0.15
        },
        "MS2_8": {
          "meanserv": 0.06982832003711437,
          "stddevserv": 0.06982832003711437,
          "rate": 14.320837154158816,
          "cv": 1.0,
          "lambda": 0.15
        }
      },
      "sensors": [
        "S2"
      ],
      "sources": [
        {
          "startTime": 0,
          "stopTime": -1,
          "lambda": 0.15
        }
      ]
    },
    "SC3": {
      "resptime": 35.068383291702055,
      "resptime_old": 25.06838329170205,
      "waittime": 18.347718918489285,
      "servicetime": 10.0,
      "networktime": 6.72066437321277,
      "services": {
        "MS3_1": {
          "meanserv": 1.0522094145804417,
          "stddevserv": 1.0522094145804417,
          "rate": 0.9503811562061915,
          "cv": 1.0,
          "lambda": 0.15
        },
        "MS3_2": {
          "meanserv": 0.4372966150460711,
          "stddevserv": 0.4372966150460711,
          "rate": 2.2867773625337704,
          "cv": 1.0,
          "lambda": 0.15
        },
        "MS3_3": {
          "meanserv": 0.8612888141821649,
          "stddevserv": 0.8612888141821649,
          "rate": 1.1610507225146631,
          "cv": 1.0,
          "lambda": 0.15
        },
        "MS3_4": {
          "meanserv": 1.8066995275513724,
          "stddevserv": 1.8066995275513724,
          "rate": 0.5534954677025373,
          "cv": 1.0,
          "lambda": 0.15
        },
        "MS3_5": {
          "meanserv": 1.3591733456232031,
          "stddevserv": 1.3591733456232031,
          "rate": 0.735741326314403,
          "cv": 1.0,
          "lambda": 0.15
        },
        "MS3_6": {
          "meanserv": 2.616836288208315,
          "stddevserv": 2.616836288208315,
          "rate": 0.3821408333819293,
          "cv": 1.0,
          "lambda": 0.15
        },
        "MS3_7": {
          "meanserv": 0.103564103682384,
          "stddevserv": 0.103564103682384,
          "rate": 9.655855305491313,
          "cv": 1.0,
          "lambda": 0.15
        },
        "MS3_8": {
          "meanserv": 1.7629318911260476,
          "stddevserv": 1.7629318911260476,
          "rate": 0.5672368881824834,
          "cv": 1.0,
          "lambda": 0.15
        }
      },
      "sensors": [
        "S3"
      ],
      "sources": [
        {
          "startTime": 0,
          "stopTime": -1,
          "lambda": 0.15
        }
      ]
    },
    "SC4": {
      "resptime": 34.37969448367265,
      "resptime_old": 24.379694483672647,
      "waittime": 20.069265603577474,
      "servicetime": 10.0,
      "networktime": 4.31042888009518,
      "services": {
        "MS4_1": {
          "meanserv": 1.908245430357265,
          "stddevserv": 1.908245430357265,
          "rate": 0.5240416060175123,
          "cv": 1.0,
          "lambda": 0.15
        },
        "MS4_2": {
          "meanserv": 0.13222168772500398,
          "stddevserv": 0.13222168772500398,
          "rate": 7.563055783101258,
          "cv": 1.0,
          "lambda": 0.15
        },
        "MS4_3": {
          "meanserv": 0.2976598756322155,
          "stddevserv": 0.2976598756322155,
          "rate": 3.359539131285489,
          "cv": 1.0,
          "lambda": 0.15
        },
        "MS4_4": {
          "meanserv": 1.8456258805978334,
          "stddevserv": 1.8456258805978334,
          "rate": 0.5418216175404308,
          "cv": 1.0,
          "lambda": 0.15
        },
        "MS4_5": {
          "meanserv": 0.24403051352882432,
          "stddevserv": 0.24403051352882432,
          "rate": 4.09784819750372,
          "cv": 1.0,
          "lambda": 0.15
        },
        "MS4_6": {
          "meanserv": 0.21103051465475886,
          "stddevserv": 0.21103051465475886,
          "rate": 4.738651192866479,
          "cv": 1.0,
          "lambda": 0.15
        },
        "MS4_7": {
          "meanserv": 3.5740934795072796,
          "stddevserv": 3.5740934795072796,
          "rate": 0.27979122698767767,
          "cv": 1.0,
          "lambda": 0.15
        },
        "MS4_8": {
          "meanserv": 1.7870926179968194,
          "stddevserv": 1.7870926179968194,
          "rate": 0.5595680883741302,
          "cv": 1.0,
          "lambda": 0.15
        }
      },
      "sensors": [
        "S4"
      ],
      "sources": [
        {
          "startTime": 0,
          "stopTime": -1,