{
  "servicechain": {
    "SC1": {
      "resptime": 27.31644582241895,
      "resptime_old": 17.31644582241895,
      "waittime": 13.386940695130075,
      "servicetime": 10.0,
      "networktime": 3.9295051272888752,
      "services": {
        "MS1_1": {
          "meanserv": 4.981602189486562,
          "stddevserv": 4.981602189486562,
          "rate": 0.200738630256437,
          "cv": 1.0,
          "lambda": 0.125
        },
        "MS1_2": {
          "meanserv": 0.9146413075329134,
          "stddevserv": 0.9146413075329134,
          "rate": 1.0933247730712348,
          "cv": 1.0,
          "lambda": 0.125
        },
        "MS1_3": {
          "meanserv": 2.0547127196518185,
          "stddevserv": 2.0547127196518185,
          "rate": 0.48668604152577355,
          "cv": 1.0,
          "lambda": 0.125
        },
        "MS1_4": {
          "meanserv": 0.1682512237801781,
          "stddevserv": 0.1682512237801781,
          "rate": 5.943493173675277,
          "cv": 1.0,
          "lambda": 0.125
        },
        "MS1_5": {
          "meanserv": 1.880792559548528,
          "stddevserv": 1.880792559548528,
          "rate": 0.5316907465010621,
          "cv": 1.0,
          "lambda": 0.125
        }
      },
      "sensors": [
        "S1"
      ],
      "sources": [
        {
          "startTime": 0,
          "stopTime": -1,
          "lambda": 0.125
        }
      ]
    },
    "SC2": {
      "resptime": 23.870876914956206,
      "resptime_old": 13.870876914956204,
      "waittime": 10.435995037978898,
      "servicetime": 10.0,
      "networktime": 3.4348818769773066,
      "services": {
        "MS2_1": {
          "meanserv": 0.5469236289623958,
          "stddevserv": 0.5469236289623958,
          "rate": 1.8284088436573216,
          "cv": 1.0,
          "lambda": 0.125
        },
        "MS2_2": {
          "meanserv": 1.9384428422144684,
          "stddevserv": 1.9384428422144684,
          "rate": 0.5158779914591676,
          "cv": 1.0,
          "lambda": 0.125
        },
        "MS2_3": {
          "meanserv": 2.029568766668923,
          "stddevserv": 2.029568766668923,
          "rate": 0.4927155050978013,
          "cv": 1.0,
          "lambda": 0.125
        },
        "MS2_4": {
          "meanserv": 2.3110733364835747,
          "stddevserv": 2.3110733364835747,
          "rate": 0.43269938007313735,
          "cv": 1.0,
          "lambda": 0.125
        },
        "MS2_5": {
          "meanserv": 3.1739914256706383,
          "stddevserv": 3.1739914256706383,
          "rate": 0.31506071248718265,
          "cv": 1.0,
          "lambda": 0.125
        }
      },
      "sensors": [
        "S2"
      ],
      "sources": [
        {
          "startTime": 0,
          "stopTime": -1,
          "lambda": 0.125
        }
      ]
    },
    "SC3": {
      "resptime": 25.033606011432354,
      "resptime_old": 15.033606011432354,
      "waittime": 9.395670602789796,
      "servicetime": 10.0,
      "networktime": 5.6379354086425595,
      "services": {
        "MS3_1": {
          "meanserv": 0.9665360922691268,
          "stddevserv": 0.9665360922691268,
          "rate": 1.0346225122874722,
          "cv": 1.0,
          "lambda": 0.125
        },
        "MS3_2": {
          "meanserv": 0.5363925796240199,
          "stddevserv": 0.5363925796240199,
          "rate": 1.8643061779507504,
          "cv": 1.0,
          "lambda": 0.125
        },
        "MS3_3": {
          "meanserv": 1.5157977339323723,
          "stddevserv": 1.5157977339323723,
          "rate": 0.6597186271058347,
          "cv": 1.0,
          "lambda": 0.125
        },
        "MS3_4": {
          "meanserv": 3.9118384135077555,
          "stddevserv": 3.9118384135077555,
          "rate": 0.255634280942422,
          "cv": 1.0,
          "lambda": 0.125
        },
        "MS3_5": {
          "meanserv": 3.0694351806667255,
          "stddevserv": 3.0694351806667255,
          "rate": 0.3257928384670386,
          "cv": 1.0,
          "lambda": 0.125
        }
      },
      "sensors": [
        "S3"
      ],
      "sources": [
        {
          "startTime": 0,
          "stopTime": -1,
          "lambda": 0.125
        }
      ]
    },
    "SC4": {
      "resptime": 32.03643191755279,
      "resptime_old": 22.036431917552786,
      "waittime": 17.28433060168097,
      "servicetime": 10.0,
      "networktime": 4.752101315871817,
      "services": {
        "MS4_1": {
          "meanserv": 2.288266726799714,
          "stddevserv": 2.288266726799714,
          "rate": 0.43701199177884453,
          "cv": 1.0,
          "lambda": 0.125
        },
        "MS4_2": {
          "meanserv": 0.06755894786470407,
          "stddevserv": 0.06755894786470407,
          "rate": 14.801888300608756,
          "cv": 1.0,
          "lambda": 0.125
        },
        "MS4_3": {
          "meanserv": 2.5702924420239874,
          "stddevserv": 2.5702924420239874,
          "rate": 0.3890607868778332,
          "cv": 1.0,
          "lambda": 0.125
        },
        "MS4_4": {
          "meanserv": 4.070217171708842,
          "stddevserv": 4.070217171708842,
          "rate": 0.24568713604541143,
          "cv": 1.0,
          "lambda": 0.125
        },
        "MS4_5": {
          "meanserv": 1.0036647116027524,
          "stddevserv": 1.0036647116027524,
          "rate": 0.9963486694706042,
          "cv": 1.0,
          "lambda": 0.125
        }
      },
      "sensors": [
        "S4"
      ],
      "sources": [
        {
          "startTime": 0,
          "stopTime": -1,
          "lambda": 0.125
        }
      ]
    }
  },
  "microservice": {
    "MS1_1": "F2",
    "MS1_2": "F3",
    "MS1_3": "F3",
    "MS1_4": "F1",
    "MS1_5": "F1",
    "MS2_1": "F9",
    "MS2_2": "F9",
    "MS2_3": "F5",
    "MS2_4": "F5",
    "MS2_5": "F4",
    "MS3_1": "F1",
    "MS3_2": "F1",
    "MS3_3": "F9",
    "MS3_4": "F7",
    "MS3_5": "F10",
    "MS4_1": "F8",
    "MS4_2": "F8",
    "MS4_3": "F8",
    "MS4_4": "F6",
    "MS4_5": "F3"
  },
  "sensor": {
    "S1": "F2",
    "S2": "F9",
    "S3": "F1",
    "S4": "F8"
  },
  "fog": {
    "F1": {
      "rho": 0.4439965569027317,
      "capacity": 1.0,
      "tserv": 0.8879931138054633,
      "stddev": 1.2669914370585482,
      "mu": 1.1261348589906683,
      "cv": 1.4268032233143126,
      "lambda": 0.5,
      "twait": 1.0763418381056828
    },
    "F2": {
      "rho": 0.6227002736858203,
      "capacity": 1.0,
      "tserv": 4.981602189486562,
      "stddev": 4.981602189486562,
      "mu": 0.200738630256437,
      "cv": 1.0,
      "lambda": 0.125,
      "twait": 8.2216997003705
    },
    "F3": {
      "rho": 0.4966273423484356,
      "capacity": 1.0,
      "tserv": 1.3243395795958282,
      "stddev": 1.5132620288491665,
      "mu": 0.7550933426796679,
      "cv": 1.1426540837139332,
      "lambda": 0.375,
      "twait": 1.5062786592741033
    },
    "F4": {
      "rho": 0.39674892820882984,
      "capacity": 1.0,
      "tserv": 3.1739914256706383,
      "stddev": 3.1739914256706383,
      "mu": 0.31506071248718265,
      "cv": 1.0,
      "lambda": 0.125,
      "twait": 2.0874852199430007
    },
    "F5": {
      "rho": 0.5425802628940621,
      "capacity": 1.0,
      "tserv": 2.1703210515762485,
      "stddev": 2.179430172849844,
      "mu": 0.4607613234335656,
      "cv": 1.0041971307733388,
      "lambda": 0.25,
      "twait": 2.585210195863379
    },
    "F6": {
      "rho": 0.5087771464636053,
      "capacity": 1.0,
      "tserv": 4.070217171708842,
      "stddev": 4.070217171708842,
      "mu": 0.24568713604541143,
      "cv": 1.0,
      "lambda": 0.125,
      "twait": 4.215670063395702
    },
    "F7": {
      "rho": 0.48897980168846944,
      "capacity": 1.0,
      "tserv": 3.9118384135077555,
      "stddev": 3.9118384135077555,
      "mu": 0.255634280942422,
      "cv": 1.0,
      "lambda": 0.125,
      "twait": 3.7431200919151593
    },
    "F8": {
      "rho": 0.6157647645860507,
      "capacity": 1.0,