{
  "servicechain": {
    "SC1": {
      "resptime": 43.45589238107192,
      "resptime_old": 33.45589238107192,
      "waittime": 29.760253064394448,
      "servicetime": 10.0,
      "networktime": 3.6956393166774753,
      "services": {
        "MS1_1": {
          "meanserv": 0.5873465588453342,
          "stddevserv": 0.5873465588453342,
          "rate": 1.7025723313436996,
          "cv": 1.0,
          "lambda": 0.15
        },
        "MS1_2": {
          "meanserv": 0.22725067303194124,
          "stddevserv": 0.22725067303194124,
          "rate": 4.400427011538245,
          "cv": 1.0,
          "lambda": 0.15
        },
        "MS1_3": {
          "meanserv": 1.6974819783123343,
          "stddevserv": 1.6974819783123343,
          "rate": 0.5891078743552949,
          "cv": 1.0,
          "lambda": 0.15
        },
        "MS1_4": {
          "meanserv": 0.4633444681259511,
          "stddevserv": 0.4633444681259511,
          "rate": 2.1582215150741146,
          "cv": 1.0,
          "lambda": 0.15
        },
        "MS1_5": {
          "meanserv": 0.8930316295919782,
          "stddevserv": 0.8930316295919782,
          "rate": 1.1197811666053699,
          "cv": 1.0,
          "lambda": 0.15
        },
        "MS1_6": {
          "meanserv": 1.8921530013481944,
          "stddevserv": 1.8921530013481944,
          "rate": 0.5284984878535094,
          "cv": 1.0,
          "lambda": 0.15
        },
        "MS1_7": {
          "meanserv": 3.0985734247547043,
          "stddevserv": 3.0985734247547043,
          "rate": 0.3227291604616935,
          "cv": 1.0,
          "lambda": 0.15
        },
        "MS1_8": {
          "meanserv": 1.1408182659895623,
          "stddevserv": 1.1408182659895623,
          "rate": 0.8765638049567742,
          "cv": 1.0,
          "lambda": 0.15
        }
      },
      "sensors": [
        "S1"
      ],
      "sources": [
        {
          "startTime": 0,
          "stopTime": -1,
          "lambda": 0.15
        }
      ]
    },
    "SC2": {
      "resptime": 33.84289825820039,
      "resptime_old": 23.842898258200396,
      "waittime": 18.88314338201707,
      "servicetime": 10.0,
      "networktime": 4.9597548761833234,
      "services": {
        "MS2_1": {
          "meanserv": 4.145079323605271,
          "stddevserv": 4.145079323605271,
          "rate": 0.24124990667976617,
          "cv": 1.0,
          "lambda": 0.15
        },
        "MS2_2": {
          "meanserv": 0.08178005241696695,
          "stddevserv": 0.08178005241696695,
          "rate": 12.227920751399878,
          "cv": 1.0,
          "lambda": 0.15
        },
        "MS2_3": {
          "meanserv": 0.3259146518427496,
          "stddevserv": 0.3259146518427496,
          "rate": 3.068287953137159,
          "cv": 1.0,
          "lambda": 0.15
        },
        "MS2_4": {
          "meanserv": 3.2253158605738808,
          "stddevserv": 3.2253158605738808,
          "rate": 0.31004715297002566,
          "cv": 1.0,
          "lambda": 0.15
        },
        "MS2_5": {
          "meanserv": 0.19493254938748716,
          "stddevserv": 0.19493254938748716,
          "rate": 5.1299795911056325,
          "cv": 1.0,
          "lambda": 0.15
        },
        "MS2_6": {
          "meanserv": 0.022281123919571044,
          "stddevserv": 0.022281123919571044,
          "rate": 44.88103937708596,
          "cv": 1.0,
          "lambda": 0.15
        },
        "MS2_7": {
          "meanserv": 0.6301732095896062,
          "stddevserv": 0.6301732095896062,
          "rate": 1.5868653011308425,
          "cv": 1.0,
          "lambda": 0.15
        },
        "MS2_8": {
          "meanserv": 1.3745232286644669,
          "stddevserv": 1.3745232286644669,
          "rate": 0.7275249913176322,
          "cv": 1.0,
          "lambda": 0.15
        }
      },
      "sensors": [
        "S2"
      ],
      "sources": [
        {
          "startTime": 0,
          "stopTime": -1,
          "lambda": 0.15
        }
      ]
    },
    "SC3": {
      "resptime": 25.127547102768546,
      "resptime_old": 15.127547102768547,
      "waittime": 12.363591532269695,
      "servicetime": 10.0,
      "networktime": 2.7639555704988523,
      "services": {
        "MS3_1": {
          "meanserv": 0.3896948467899375,
          "stddevserv": 0.3896948467899375,
          "rate": 2.56611040211944,
          "cv": 1.0,
          "lambda": 0.15
        },
        "MS3_2": {
          "meanserv": 1.2714918119585183,
          "stddevserv": 1.2714918119585183,
          "rate": 0.7864777347324549,
          "cv": 1.0,
          "lambda": 0.15
        },
        "MS3_3": {
          "meanserv": 0.5071047085007077,
          "stddevserv": 0.5071047085007077,
          "rate": 1.9719793234745808,
          "cv": 1.0,
          "lambda": 0.15
        },
        "MS3_4": {
          "meanserv": 0.1558160552032124,
          "stddevserv": 0.1558160552032124,
          "rate": 6.417823880188846,
          "cv": 1.0,
          "lambda": 0.15
        },
        "MS3_5": {
          "meanserv": 0.3212387020842802,
          "stddevserv": 0.3212387020842802,
          "rate": 3.112949945046285,
          "cv": 1.0,
          "lambda": 0.15
        },
        "MS3_6": {
          "meanserv": 0.4945323324457629,
          "stddevserv": 0.4945323324457629,
          "rate": 2.0221124775692467,
          "cv": 1.0,
          "lambda": 0.15
        },
        "MS3_7": {
          "meanserv": 3.2355284097128503,
          "stddevserv": 3.2355284097128503,
          "rate": 0.30906852710613314,
          "cv": 1.0,
          "lambda": 0.15
        },
        "MS3_8": {
          "meanserv": 3.6245931333047308,
          "stddevserv": 3.6245931333047308,
          "rate": 0.27589303494824197,
          "cv": 1.0,
          "lambda": 0.15
        }
      },
      "sensors": [
        "S3"
      ],
      "sources": [
        {
          "startTime": 0,
          "stopTime": -1,
          "lambda": 0.15
        }
      ]
    },
    "SC4": {
      "resptime": 26.79203270487565,
      "resptime_old": 16.79203270487565,
      "waittime": 14.494703073752559,
      "servicetime": 10.0,
      "networktime": 2.2973296311230884,
      "services": {
        "MS4_1": {
          "meanserv": 0.5553613387185052,
          "stddevserv": 0.5553613387185052,
          "rate": 1.8006294826130629,
          "cv": 1.0,
          "lambda": 0.15
        },
        "MS4_2": {
          "meanserv": 1.0656082087744634,
          "stddevserv": 1.0656082087744634,
          "rate": 0.9384312092997874,
          "cv": 1.0,
          "lambda": 0.15
        },
        "MS4_3": {
          "meanserv": 0.7685130489250789,
          "stddevserv": 0.7685130489250789,
          "rate": 1.3012140800975371,
          "cv": 1.0,
          "lambda": 0.15
        },
        "MS4_4": {
          "meanserv": 3.5577524605122273,
          "stddevserv": 3.5577524605122273,
          "rate": 0.2810763286932068,
          "cv": 1.0,
          "lambda": 0.15
        },
        "MS4_5": {
          "meanserv": 0.7584385630000918,
          "stddevserv": 0.7584385630000918,
          "rate": 1.3184983580533984,
          "cv": 1.0,
          "lambda": 0.15
        },
        "MS4_6": {
          "meanserv": 0.9080907485534402,
          "stddevserv": 0.9080907485534402,
          "rate": 1.101211527144141,
          "cv": 1.0,
          "lambda": 0.15
        },
        "MS4_7": {
          "meanserv": 1.6774118930397943,
          "stddevserv": 1.6774118930397943,
          "rate": 0.5961564980845622,
          "cv": 1.0,
          "lambda": 0.15
        },
        "MS4_8": {
          "meanserv": 0.7088237384763989,
          "stddevserv": 0.7088237384763989,
          "rate": 1.410787965636532,
          "cv": 1.0,
          "lambda": 0.15
        }
      },
      "sensors": [
        "S4"
      ],
      "sources": [
        {
          "startTime": 0,
          "stopTime": -1,