{
  "servicechain": {
    "SC1": {
      "resptime": 8754.661657562705,
      "resptime_old": 8744.661657562705,
      "waittime": 8740.340657781748,
      "servicetime": 10.0,
      "networktime": 4.320999780956976,
      "services": {
        "MS1_1": {
          "meanserv": 0.4917799634348685,
          "stddevserv": 0.4917799634348685,
          "rate": 2.0334297335243923,
          "cv": 1.0,
          "lambda": 0.15
        },
        "MS1_2": {
          "meanserv": 7.636543001079385,
          "stddevserv": 7.636543001079385,
          "rate": 0.13094930518411999,
          "cv": 1.0,
          "lambda": 0.15
        },
        "MS1_3": {
          "meanserv": 1.871677035485746,
          "stddevserv": 1.871677035485746,
          "rate": 0.5342802102289381,
          "cv": 1.0,
          "lambda": 0.15
        }
      },
      "sensors": [
        "S1"
      ],
      "sources": [
        {
          "startTime": 0,
          "stopTime": -1,
          "lambda": 0.15
        }
      ]
    },
    "SC2": {
      "resptime": 29.337784726558567,
      "resptime_old": 19.337784726558564,
      "waittime": 14.889937630850635,
      "servicetime": 10.0,
      "networktime": 4.44784709570793,
      "services": {
        "MS2_1": {
          "meanserv": 4.651732348621352,
          "stddevserv": 4.651732348621352,
          "rate": 0.2149736754085546,
          "cv": 1.0,
          "lambda": 0.15
        },
        "MS2_2": {
          "meanserv": 3.3042064021568303,
          "stddevserv": 3.3042064021568303,
          "rate": 0.30264453193579166,
          "cv": 1.0,
          "lambda": 0.15
        },
        "MS2_3": {
          "meanserv": 2.0440612492218175,
          "stddevserv": 2.0440612492218175,
          "rate": 0.48922213088316413,
          "cv": 1.0,
          "lambda": 0.15
        }
      },
      "sensors": [
        "S2"
      ],
      "sources": [
        {
          "startTime": 0,
          "stopTime": -1,
          "lambda": 0.15
        }
      ]
    },
    "SC3": {
      "resptime": 52.763190085927796,
      "resptime_old": 42.763190085927796,
      "waittime": 36.72859379446074,
      "servicetime": 10.0,
      "networktime": 6.0345962914670555,
      "services": {
        "MS3_1": {
          "meanserv": 2.6511484854548826,
          "stddevserv": 2.6511484854548826,
          "rate": 0.37719501773904623,
          "cv": 1.0,
          "lambda": 0.15
        },
        "MS3_2": {
          "meanserv": 5.71536199650231,
          "stddevserv": 5.71536199650231,
          "rate": 0.17496704506415875,
          "cv": 1.0,
          "lambda": 0.15
        },
        "MS3_3": {
          "meanserv": 1.6334895180428077,
          "stddevserv": 1.6334895180428077,
          "rate": 0.6121863586845457,
          "cv": 1.0,
          "lambda": 0.15
        }
      },
      "sensors": [
        "S3"
      ],
      "sources": [
        {
          "startTime": 0,
          "stopTime": -1,
          "lambda": 0.15
        }
      ]
    },
    "SC4": {
      "resptime": 915.3044303087316,
      "resptime_old": 905.3044303087315,
      "waittime": 900.007536705151,
      "servicetime": 10.0,
      "networktime": 5.296893603580641,
      "services": {
        "MS4_1": {
          "meanserv": 6.617848136336453,
          "stddevserv": 6.617848136336453,
          "rate": 0.1511065197324981,
          "cv": 1.0,
          "lambda": 0.15
        },
        "MS4_2": {
          "meanserv": 0.6158831452688762,
          "stddevserv": 0.6158831452688762,
          "rate": 1.6236846351160168,
          "cv": 1.0,
          "lambda": 0.15
        },
        "MS4_3": {
          "meanserv": 2.766268718394671,
          "stddevserv": 2.766268718394671,
          "rate": 0.3614977797892039,
          "cv": 1.0,
          "lambda": 0.15
        }
      },
      "sensors": [
        "S4"
      ],
      "sources": [
        {
          "startTime": 0,
          "stopTime": -1,
          "lambda": 0.15
        }
      ]
    }
  },
  "microservice": {
    "MS1_1": "F2",
    "MS1_2": "F8",
    "MS1_3": "F10",
    "MS2_1": "F3",
    "MS2_2": "F1",
    "MS2_3": "F9",
    "MS3_1": "F7",
    "MS3_2": "F5",
    "MS3_3": "F2",
    "MS4_1": "F4",
    "MS4_2": "F10",
    "MS4_3": "F6"
  },
  "sensor": {
    "S1": "F2",
    "S2": "F3",
    "S3": "F7",
    "S4": "F4"
  },
  "fog": {
    "F1": {
      "rho": 0.4956309603235245,
      "capacity": 1.0,
      "tserv": 3.3042064021568303,
      "stddev": 3.3042064021568303,
      "mu": 0.30264453193579166,
      "cv": 1.0,
      "lambda": 0.15,
      "twait": 3.246961774772296
    },
    "F2": {
      "rho": 0.31879042222165144,
      "capacity": 1.0,
      "tserv": 1.0626347407388381,
      "stddev": 1.3345197434907536,
      "mu": 0.9410571306041727,
      "cv": 1.2558593205440252,
      "lambda": 0.3,
      "twait": 0.6408018103949696
    },
    "F3": {
      "rho": 0.6977598522932028,
      "capacity": 1.0,
      "tserv": 4.651732348621352,
      "stddev": 4.651732348621352,
      "mu": 0.2149736754085546,
      "cv": 1.0,
      "lambda": 0.15,
      "twait": 10.739116232931064
    },
    "F4": {
      "rho": 0.9926772204504678,
      "capacity": 1.0,
      "tserv": 6.617848136336453,
      "stddev": 6.617848136336453,
      "mu": 0.1511065197324981,
      "cv": 1.0,
      "lambda": 0.15,
      "twait": 897.1166001797022
    },
    "F5": {
      "rho": 0.8573042994753465,
      "capacity": 1.0,
      "tserv": 5.71536199650231,
      "stddev": 5.71536199650231,
      "mu": 0.17496704506415875,
      "cv": 1.0,
      "lambda": 0.15,
      "twait": 34.33743549836592
    },
    "F6": {
      "rho": 0.4149403077592006,
      "capacity": 1.0,
      "tserv": 2.766268718394671,
      "stddev": 2.766268718394671,
      "mu": 0.3614977797892039,
      "cv": 1.0,
      "lambda": 0.15,
      "twait": 1.9619133031692548
    },
    "F7": {
      "rho": 0.39767227281823236,
      "capacity": 1.0,
      "tserv": 2.6511484854548826,
      "stddev": 2.6511484854548826,
      "mu": 0.37719501773904623,
      "cv": 1.0,
      "lambda": 0.15,
      "twait": 1.7503564856998513
    },
    "F8": {
      "rho": 1.1454814501619077,
      "capacity": 1.0,
      "tserv": 7.636543001079385,
      "stddev": 7.636543001079385,
      "mu": 0.13094930518411999,
      "cv": 1.0,
      "lambda": 0.15,
      "twait": 8738.770832749073
    },
    "F9": {
      "rho": 0.30660918738327264,
      "capacity": 1.0,
      "tserv": 2.0440612492218175,
      "stddev": 2.0440612492218175,
      "mu": 0.48922213088316413,
      "cv": 1.0,
      "lambda": 0.15,
      "twait": 0.9038596231472759
    },
    "F10": {
      "rho": 0.3731340271131933,
      "capacity": 1.0,
      "tserv": 1.243780090377311,
      "stddev": 1.5282336407015786,
      "mu": 0.8040006490991841,
      "cv": 1.2287008390992786,
      "lambda": 0.3,
      "twait": 0.9290232222794591
    }
  },
  "extra": {
    "deltatime": 0.1802529,
    "conv": 15,
    "obj_func": 2438.0167656709805
  },