{
  "servicechain": {
    "SC1": {
      "resptime": 35.32256094731345,
      "resptime_old": 25.322560947313452,
      "waittime": 20.382881663324035,
      "servicetime": 10.0,
      "networktime": 4.939679283989415,
      "services": {
        "MS1_1": {
          "meanserv": 0.13906614851248777,
          "stddevserv": 0.13906614851248777,
          "rate": 7.190822573979624,
          "cv": 1.0,
          "lambda": 0.15
        },
        "MS1_2": {
          "meanserv": 0.6703604314801959,
          "stddevserv": 0.6703604314801959,
          "rate": 1.4917348235962262,
          "cv": 1.0,
          "lambda": 0.15
        },
        "MS1_3": {
          "meanserv": 1.5959050241036896,
          "stddevserv": 1.5959050241036896,
          "rate": 0.6266037044163273,
          "cv": 1.0,
          "lambda": 0.15
        },
        "MS1_4": {
          "meanserv": 0.64798210346274,
          "stddevserv": 0.64798210346274,
          "rate": 1.5432524982651803,
          "cv": 1.0,
          "lambda": 0.15
        },
        "MS1_5": {
          "meanserv": 2.1330127763818596,
          "stddevserv": 2.1330127763818596,
          "rate": 0.4688204454622434,
          "cv": 1.0,
          "lambda": 0.15
        },
        "MS1_6": {
          "meanserv": 1.4597276675731772,
          "stddevserv": 1.4597276675731772,
          "rate": 0.685059290314417,
          "cv": 1.0,
          "lambda": 0.15
        },
        "MS1_7": {
          "meanserv": 2.063269387150873,
          "stddevserv": 2.063269387150873,
          "rate": 0.4846676862592721,
          "cv": 1.0,
          "lambda": 0.15
        },
        "MS1_8": {
          "meanserv": 0.06363247747598244,
          "stddevserv": 0.06363247747598244,
          "rate": 15.715245416579007,
          "cv": 1.0,
          "lambda": 0.15
        },
        "MS1_9": {
          "meanserv": 0.2307100707425942,
          "stddevserv": 0.2307100707425942,
          "rate": 4.334444512028741,
          "cv": 1.0,
          "lambda": 0.15
        },
        "MS1_10": {
          "meanserv": 0.9963339131164002,
          "stddevserv": 0.9963339131164002,
          "rate": 1.0036795765308568,
          "cv": 1.0,
          "lambda": 0.15
        }
      },
      "sensors": [
        "S1"
      ],
      "sources": [
        {
          "startTime": 0,
          "stopTime": -1,
          "lambda": 0.15
        }
      ]
    },
    "SC2": {
      "resptime": 35.886491355102606,
      "resptime_old": 25.8864913551026,
      "waittime": 20.84406384222965,
      "servicetime": 10.0,
      "networktime": 5.042427512872951,
      "services": {
        "MS2_1": {
          "meanserv": 0.8209880286570181,
          "stddevserv": 0.8209880286570181,
          "rate": 1.2180445574045844,
          "cv": 1.0,
          "lambda": 0.15
        },
        "MS2_2": {
          "meanserv": 0.35835246321732517,
          "stddevserv": 0.35835246321732517,
          "rate": 2.7905486989593915,
          "cv": 1.0,
          "lambda": 0.15
        },
        "MS2_3": {
          "meanserv": 1.7589195283408796,
          "stddevserv": 1.7589195283408796,
          "rate": 0.5685308417396793,
          "cv": 1.0,
          "lambda": 0.15
        },
        "MS2_4": {
          "meanserv": 0.8918518318851065,
          "stddevserv": 0.8918518318851065,
          "rate": 1.1212624835745426,
          "cv": 1.0,
          "lambda": 0.15
        },
        "MS2_5": {
          "meanserv": 1.429076843771246,
          "stddevserv": 1.429076843771246,
          "rate": 0.699752434138574,
          "cv": 1.0,
          "lambda": 0.15
        },
        "MS2_6": {
          "meanserv": 0.8512977116117906,
          "stddevserv": 0.8512977116117906,
          "rate": 1.1746771856189608,
          "cv": 1.0,
          "lambda": 0.15
        },
        "MS2_7": {
          "meanserv": 0.10272027795585892,
          "stddevserv": 0.10272027795585892,
          "rate": 9.735176149247973,
          "cv": 1.0,
          "lambda": 0.15
        },
        "MS2_8": {
          "meanserv": 0.25516027404645847,
          "stddevserv": 0.25516027404645847,
          "rate": 3.919105369113706,
          "cv": 1.0,
          "lambda": 0.15
        },
        "MS2_9": {
          "meanserv": 3.222487759439101,
          "stddevserv": 3.222487759439101,
          "rate": 0.3103192547654728,
          "cv": 1.0,
          "lambda": 0.15
        },
        "MS2_10": {
          "meanserv": 0.30914528107521555,
          "stddevserv": 0.30914528107521555,
          "rate": 3.2347250992218717,
          "cv": 1.0,
          "lambda": 0.15
        }
      },
      "sensors": [
        "S2"
      ],
      "sources": [
        {
          "startTime": 0,
          "stopTime": -1,
          "lambda": 0.15
        }
      ]
    },
    "SC3": {
      "resptime": 31.12574673397426,
      "resptime_old": 21.12574673397426,
      "waittime": 17.35416957297415,
      "servicetime": 10.0,
      "networktime": 3.77157716100011,
      "services": {
        "MS3_1": {
          "meanserv": 2.742431425152753,
          "stddevserv": 2.742431425152753,
          "rate": 0.3646399289434558,
          "cv": 1.0,
          "lambda": 0.15
        },
        "MS3_2": {
          "meanserv": 0.6239656118962409,
          "stddevserv": 0.6239656118962409,
          "rate": 1.602652423361898,
          "cv": 1.0,
          "lambda": 0.15
        },
        "MS3_3": {
          "meanserv": 1.3735159283211629,
          "stddevserv": 1.3735159283211629,
          "rate": 0.7280585389514134,
          "cv": 1.0,
          "lambda": 0.15
        },
        "MS3_4": {
          "meanserv": 0.2025495711873857,
          "stddevserv": 0.2025495711873857,
          "rate": 4.937063031720097,
          "cv": 1.0,
          "lambda": 0.15
        },
        "MS3_5": {
          "meanserv": 1.5772331459287,
          "stddevserv": 1.5772331459287,
          "rate": 0.6340216743360311,
          "cv": 1.0,
          "lambda": 0.15
        },
        "MS3_6": {
          "meanserv": 1.647577771231802,
          "stddevserv": 1.647577771231802,
          "rate": 0.6069516216235157,
          "cv": 1.0,
          "lambda": 0.15
        },
        "MS3_7": {
          "meanserv": 0.05718947390411877,
          "stddevserv": 0.05718947390411877,
          "rate": 17.485735253948196,
          "cv": 1.0,
          "lambda": 0.15
        },
        "MS3_8": {
          "meanserv": 0.18726637034455784,
          "stddevserv": 0.18726637034455784,
          "rate": 5.339987089833938,
          "cv": 1.0,
          "lambda": 0.15
        },
        "MS3_9": {
          "meanserv": 1.1233621627699772,
          "stddevserv": 1.1233621627699772,
          "rate": 0.8901848692626501,
          "cv": 1.0,
          "lambda": 0.15
        },
        "MS3_10": {
          "meanserv": 0.4649085392633019,
          "stddevserv": 0.4649085392633019,
          "rate": 2.1509607063458303,
          "cv": 1.0,
          "lambda": 0.15
        }
      },
      "sensors": [
        "S3"
      ],
      "sources": [
        {
          "startTime": 0,
          "stopTime": -1,
          "lambda": 0.15
        }
      ]
    },
    "SC4": {
      "resptime": 33.65610047580258,
      "resptime_old": 23.65610047580258,
      "waittime": 17.569676558551954,
      "servicetime": 10.0,
      "networktime": 6.08642391725063,
      "services": {
        "MS4_1": {
          "meanserv": 0.5971856015233101,
          "stddevserv": 0.5971856015233101,
          "rate": 1.6745212835828338,
          "cv": 1.0,
          "lambda": 0.15
        },
        "MS4_2": {
          "meanserv": 0.6360695177304765,
          "stddevserv": 0.6360695177304765,
          "rate": 1.5721552002178052,
          "cv": 1.0,
          "lambda": 0.15
        },
        "MS4_3": {
          "meanserv": 0.4122800305158192,
          "stddevserv": 0.4122800305158192,
          "rate": 2.425535863934186,
          "cv": 1.0,