{
  "servicechain": {
    "SC1": {
      "resptime": 28.92519723408201,
      "resptime_old": 18.92519723408201,
      "waittime": 14.117594945653812,
      "servicetime": 10.0,
      "networktime": 4.807602288428197,
      "services": {
        "MS1_1": {
          "meanserv": 1.0693342036488518,
          "stddevserv": 1.0693342036488518,
          "rate": 0.9351613336482971,
          "cv": 1.0,
          "lambda": 0.125
        },
        "MS1_2": {
          "meanserv": 3.560774865210199,
          "stddevserv": 3.560774865210199,
          "rate": 0.2808377496062134,
          "cv": 1.0,
          "lambda": 0.125
        },
        "MS1_3": {
          "meanserv": 0.23754346308218288,
          "stddevserv": 0.23754346308218288,
          "rate": 4.209755920136729,
          "cv": 1.0,
          "lambda": 0.125
        },
        "MS1_4": {
          "meanserv": 2.678930604621491,
          "stddevserv": 2.678930604621491,
          "rate": 0.3732832788855653,
          "cv": 1.0,
          "lambda": 0.125
        },
        "MS1_5": {
          "meanserv": 2.4534168634372753,
          "stddevserv": 2.4534168634372753,
          "rate": 0.40759481802818637,
          "cv": 1.0,
          "lambda": 0.125
        }
      },
      "sensors": [
        "S1"
      ],
      "sources": [
        {
          "startTime": 0,
          "stopTime": -1,
          "lambda": 0.125
        }
      ]
    },
    "SC2": {
      "resptime": 22.128238699083923,
      "resptime_old": 12.128238699083921,
      "waittime": 8.54050402602724,
      "servicetime": 10.0,
      "networktime": 3.5877346730566826,
      "services": {
        "MS2_1": {
          "meanserv": 0.6999439114988126,
          "stddevserv": 0.6999439114988126,
          "rate": 1.4286859040728956,
          "cv": 1.0,
          "lambda": 0.125
        },
        "MS2_2": {
          "meanserv": 2.5827046046514734,
          "stddevserv": 2.5827046046514734,
          "rate": 0.38719100829378295,
          "cv": 1.0,
          "lambda": 0.125
        },
        "MS2_3": {
          "meanserv": 1.88306151077437,
          "stddevserv": 1.88306151077437,
          "rate": 0.5310500980866901,
          "cv": 1.0,
          "lambda": 0.125
        },
        "MS2_4": {
          "meanserv": 1.4755392832095895,
          "stddevserv": 1.4755392832095895,
          "rate": 0.6777183172140306,
          "cv": 1.0,
          "lambda": 0.125
        },
        "MS2_5": {
          "meanserv": 3.3587506898657544,
          "stddevserv": 3.3587506898657544,
          "rate": 0.29772974904546096,
          "cv": 1.0,
          "lambda": 0.125
        }
      },
      "sensors": [
        "S2"
      ],
      "sources": [
        {
          "startTime": 0,
          "stopTime": -1,
          "lambda": 0.125
        }
      ]
    },
    "SC3": {
      "resptime": 28.623122198644296,
      "resptime_old": 18.6231221986443,
      "waittime": 13.151016879800864,
      "servicetime": 10.0,
      "networktime": 5.4721053188434325,
      "services": {
        "MS3_1": {
          "meanserv": 0.3915214536910028,
          "stddevserv": 0.3915214536910028,
          "rate": 2.554138452880852,
          "cv": 1.0,
          "lambda": 0.125
        },
        "MS3_2": {
          "meanserv": 2.120022347039516,
          "stddevserv": 2.120022347039516,
          "rate": 0.4716931410635553,
          "cv": 1.0,
          "lambda": 0.125
        },
        "MS3_3": {
          "meanserv": 3.8267441135694424,
          "stddevserv": 3.8267441135694424,
          "rate": 0.2613187530501583,
          "cv": 1.0,
          "lambda": 0.125
        },
        "MS3_4": {
          "meanserv": 3.388999703920012,
          "stddevserv": 3.388999703920012,
          "rate": 0.2950723184907077,
          "cv": 1.0,
          "lambda": 0.125
        },
        "MS3_5": {
          "meanserv": 0.27271238178002655,
          "stddevserv": 0.27271238178002655,
          "rate": 3.666866878111216,
          "cv": 1.0,
          "lambda": 0.125
        }
      },
      "sensors": [
        "S3"
      ],
      "sources": [
        {
          "startTime": 0,
          "stopTime": -1,
          "lambda": 0.125
        }
      ]
    },
    "SC4": {
      "resptime": 32.77971617638876,
      "resptime_old": 22.77971617638876,
      "waittime": 19.596299133218615,
      "servicetime": 10.0,
      "networktime": 3.1834170431701487,
      "services": {
        "MS4_1": {
          "meanserv": 0.593696456566094,
          "stddevserv": 0.593696456566094,
          "rate": 1.68436241944906,
          "cv": 1.0,
          "lambda": 0.125
        },
        "MS4_2": {
          "meanserv": 5.692284091944851,
          "stddevserv": 5.692284091944851,
          "rate": 0.1756764040317488,
          "cv": 1.0,
          "lambda": 0.125
        },
        "MS4_3": {
          "meanserv": 1.1025675772760009,
          "stddevserv": 1.1025675772760009,
          "rate": 0.9069738858733685,
          "cv": 1.0,
          "lambda": 0.125
        },
        "MS4_4": {
          "meanserv": 1.1212226779081185,
          "stddevserv": 1.1212226779081185,
          "rate": 0.891883494423886,
          "cv": 1.0,
          "lambda": 0.125
        },
        "MS4_5": {
          "meanserv": 1.490229196304936,
          "stddevserv": 1.490229196304936,
          "rate": 0.6710377185466015,
          "cv": 1.0,
          "lambda": 0.125
        }
      },
      "sensors": [
        "S4"
      ],
      "sources": [
        {
          "startTime": 0,
          "stopTime": -1,
          "lambda": 0.125
        }
      ]
    }
  },
  "microservice": {
    "MS1_1": "F4",
    "MS1_2": "F4",
    "MS1_3": "F7",
    "MS1_4": "F7",
    "MS1_5": "F10",
    "MS2_1": "F6",
    "MS2_2": "F6",
    "MS2_3": "F3",
    "MS2_4": "F3",
    "MS2_5": "F1",
    "MS3_1": "F9",
    "MS3_2": "F10",
    "MS3_3": "F5",
    "MS3_4": "F8",
    "MS3_5": "F8",
    "MS4_1": "F6",
    "MS4_2": "F2",
    "MS4_3": "F9",
    "MS4_4": "F9",
    "MS4_5": "F9"
  },
  "sensor": {
    "S1": "F4",
    "S2": "F6",
    "S3": "F9",
    "S4": "F6"
  },
  "fog": {
    "F1": {
      "rho": 0.41984383623321936,
      "capacity": 1.0,
      "tserv": 3.3587506898657544,
      "stddev": 3.3587506898657544,
      "mu": 0.29772974904546096,
      "cv": 1.0,
      "lambda": 0.125,
      "twait": 2.430639994287956
    },
    "F2": {
      "rho": 0.7115355114931063,
      "capacity": 1.0,
      "tserv": 5.692284091944851,
      "stddev": 5.692284091944851,
      "mu": 0.1756764040317488,
      "cv": 1.0,
      "lambda": 0.125,
      "twait": 14.040765620372921
    },
    "F3": {
      "rho": 0.4198250992479949,
      "capacity": 1.0,
      "tserv": 1.6793003969919797,
      "stddev": 1.7038447717785503,
      "mu": 0.5954860737192906,
      "cv": 1.0146158333735495,
      "lambda": 0.25,
      "twait": 1.2330628277430569
    },
    "F4": {
      "rho": 0.5787636336073814,
      "capacity": 1.0,
      "tserv": 2.3150545344295255,
      "stddev": 2.9091434791744684,
      "mu": 0.4319552671991027,
      "cv": 1.2566198488673348,
      "lambda": 0.25,
      "twait": 4.101792480009465
    },
    "F5": {
      "rho": 0.4783430141961803,
      "capacity": 1.0,
      "tserv": 3.8267441135694424,
      "stddev": 3.8267441135694424,
      "mu": 0.2613187530501583,
      "cv": 1.0,
      "lambda": 0.125,
      "twait": 3.509003739347401
    },
    "F6": {
      "rho": 0.4845431215895475,
      "capacity": 1.0,
      "tserv": 1.29211499090546,
      "stddev": 1.827278178436878,
      "mu": 0.7739249269906249,
      "cv": 1.4141761308383227,
      "lambda": 0.375,
      "twait": 1.8218691881265843
    },
    "F7": {
      "rho": 0.3645592584629592,
      "capacity": 1.0,
      "tserv": 1.458237033851837,
      "stddev": 2.259787785243061,
      "mu": 0.6857595691137853,
      "cv": 1.5496710978968766,
      "lambda": 0.25,
      "twait": 1.4228502377214025
    },
    "F8": {
      "rho": 0.4577140107125049,
      "capacity": 1.0,