{
  "servicechain": {
    "SC1": {
      "resptime": 34.66138917343847,
      "resptime_old": 24.661389173438476,
      "waittime": 20.82194991522505,
      "servicetime": 10.0,
      "networktime": 3.83943925821342,
      "services": {
        "MS1_1": {
          "meanserv": 3.0460948379931994,
          "stddevserv": 3.0460948379931994,
          "rate": 0.32828918769279386,
          "cv": 1.0,
          "lambda": 0.15
        },
        "MS1_2": {
          "meanserv": 1.0673846307703263,
          "stddevserv": 1.0673846307703263,
          "rate": 0.9368694013125379,
          "cv": 1.0,
          "lambda": 0.15
        },
        "MS1_3": {
          "meanserv": 0.7642969637423143,
          "stddevserv": 0.7642969637423143,
          "rate": 1.3083919568430393,
          "cv": 1.0,
          "lambda": 0.15
        },
        "MS1_4": {
          "meanserv": 2.335215560366499,
          "stddevserv": 2.335215560366499,
          "rate": 0.4282259920549072,
          "cv": 1.0,
          "lambda": 0.15
        },
        "MS1_5": {
          "meanserv": 0.22927709917120698,
          "stddevserv": 0.22927709917120698,
          "rate": 4.361534595538802,
          "cv": 1.0,
          "lambda": 0.15
        },
        "MS1_6": {
          "meanserv": 0.3609872254333544,
          "stddevserv": 0.3609872254333544,
          "rate": 2.770181129815688,
          "cv": 1.0,
          "lambda": 0.15
        },
        "MS1_7": {
          "meanserv": 1.584265345502751,
          "stddevserv": 1.584265345502751,
          "rate": 0.631207393912072,
          "cv": 1.0,
          "lambda": 0.15
        },
        "MS1_8": {
          "meanserv": 0.6124783370203488,
          "stddevserv": 0.6124783370203488,
          "rate": 1.6327108071526393,
          "cv": 1.0,
          "lambda": 0.15
        }
      },
      "sensors": [
        "S1"
      ],
      "sources": [
        {
          "startTime": 0,
          "stopTime": -1,
          "lambda": 0.15
        }
      ]
    },
    "SC2": {
      "resptime": 38.28503738831367,
      "resptime_old": 28.285037388313675,
      "waittime": 22.272839686329963,
      "servicetime": 10.0,
      "networktime": 6.012197701983712,
      "services": {
        "MS2_1": {
          "meanserv": 1.3927887207507694,
          "stddevserv": 1.3927887207507694,
          "rate": 0.7179839878807746,
          "cv": 1.0,
          "lambda": 0.15
        },
        "MS2_2": {
          "meanserv": 0.4383607656902999,
          "stddevserv": 0.4383607656902999,
          "rate": 2.2812260545837626,
          "cv": 1.0,
          "lambda": 0.15
        },
        "MS2_3": {
          "meanserv": 0.5498989883744676,
          "stddevserv": 0.5498989883744676,
          "rate": 1.8185158022495302,
          "cv": 1.0,
          "lambda": 0.15
        },
        "MS2_4": {
          "meanserv": 4.120351638196813,
          "stddevserv": 4.120351638196813,
          "rate": 0.24269773257450167,
          "cv": 1.0,
          "lambda": 0.15
        },
        "MS2_5": {
          "meanserv": 1.2879773964679835,
          "stddevserv": 1.2879773964679835,
          "rate": 0.7764111410202515,
          "cv": 1.0,
          "lambda": 0.15
        },
        "MS2_6": {
          "meanserv": 0.7844193904099406,
          "stddevserv": 0.7844193904099406,
          "rate": 1.2748282516032605,
          "cv": 1.0,
          "lambda": 0.15
        },
        "MS2_7": {
          "meanserv": 0.6126529101567524,
          "stddevserv": 0.6126529101567524,
          "rate": 1.6322455723651776,
          "cv": 1.0,
          "lambda": 0.15
        },
        "MS2_8": {
          "meanserv": 0.8135501899529736,
          "stddevserv": 0.8135501899529736,
          "rate": 1.229180464032347,
          "cv": 1.0,
          "lambda": 0.15
        }
      },
      "sensors": [
        "S2"
      ],
      "sources": [
        {
          "startTime": 0,
          "stopTime": -1,
          "lambda": 0.15
        }
      ]
    },
    "SC3": {
      "resptime": 33.906045468996474,
      "resptime_old": 23.90604546899647,
      "waittime": 19.956889323972984,
      "servicetime": 10.0,
      "networktime": 3.9491561450234904,
      "services": {
        "MS3_1": {
          "meanserv": 0.12405815623263261,
          "stddevserv": 0.12405815623263261,
          "rate": 8.060735628899804,
          "cv": 1.0,
          "lambda": 0.15
        },
        "MS3_2": {
          "meanserv": 1.239672166740946,
          "stddevserv": 1.239672166740946,
          "rate": 0.8066648803037696,
          "cv": 1.0,
          "lambda": 0.15
        },
        "MS3_3": {
          "meanserv": 2.080935869286326,
          "stddevserv": 2.080935869286326,
          "rate": 0.4805530121132269,
          "cv": 1.0,
          "lambda": 0.15
        },
        "MS3_4": {
          "meanserv": 1.433665917645699,
          "stddevserv": 1.433665917645699,
          "rate": 0.6975125708799401,
          "cv": 1.0,
          "lambda": 0.15
        },
        "MS3_5": {
          "meanserv": 0.14005943999600312,
          "stddevserv": 0.14005943999600312,
          "rate": 7.139825777031073,
          "cv": 1.0,
          "lambda": 0.15
        },
        "MS3_6": {
          "meanserv": 0.9106879561983039,
          "stddevserv": 0.9106879561983039,
          "rate": 1.0980709618413447,
          "cv": 1.0,
          "lambda": 0.15
        },
        "MS3_7": {
          "meanserv": 2.6630432326963636,
          "stddevserv": 2.6630432326963636,
          "rate": 0.37551023870817446,
          "cv": 1.0,
          "lambda": 0.15
        },
        "MS3_8": {
          "meanserv": 1.4078772612037262,
          "stddevserv": 1.4078772612037262,
          "rate": 0.7102891903694831,
          "cv": 1.0,
          "lambda": 0.15
        }
      },
      "sensors": [
        "S3"
      ],
      "sources": [
        {
          "startTime": 0,
          "stopTime": -1,
          "lambda": 0.15
        }
      ]
    },
    "SC4": {
      "resptime": 35.169384881223394,
      "resptime_old": 25.169384881223394,
      "waittime": 19.83796638466134,
      "servicetime": 10.0,
      "networktime": 5.331418496562053,
      "services": {
        "MS4_1": {
          "meanserv": 1.3373279182329678,
          "stddevserv": 1.3373279182329678,
          "rate": 0.7477597576227344,
          "cv": 1.0,
          "lambda": 0.15
        },
        "MS4_2": {
          "meanserv": 0.3557544687659109,
          "stddevserv": 0.3557544687659109,
          "rate": 2.810927445181321,
          "cv": 1.0,
          "lambda": 0.15
        },
        "MS4_3": {
          "meanserv": 2.312182979871044,
          "stddevserv": 2.312182979871044,
          "rate": 0.4324917226299159,
          "cv": 1.0,
          "lambda": 0.15
        },
        "MS4_4": {
          "meanserv": 0.6243291516711302,
          "stddevserv": 0.6243291516711302,
          "rate": 1.6017192170561292,
          "cv": 1.0,
          "lambda": 0.15
        },
        "MS4_5": {
          "meanserv": 0.6454524504895378,
          "stddevserv": 0.6454524504895378,
          "rate": 1.5493008032451634,
          "cv": 1.0,
          "lambda": 0.15
        },
        "MS4_6": {
          "meanserv": 3.6690979270370416,
          "stddevserv": 3.6690979270370416,
          "rate": 0.27254655500774383,
          "cv": 1.0,
          "lambda": 0.15
        },
        "MS4_7": {
          "meanserv": 0.7580862665449128,
          "stddevserv": 0.7580862665449128,
          "rate": 1.3191110881847838,
          "cv": 1.0,
          "lambda": 0.15
        },
        "MS4_8": {
          "meanserv": 0.29776883738745497,
          "stddevserv": 0.29776883738745497,
          "rate": 3.358309784105468,
          "cv": 1.0,
          "lambda": 0.15
        }
      },
      "sensors": [
        "S4"
      ],
      "sources": [
        {
          "startTime": 0,
          "stopTime": -1,