{
  "servicechain": {
    "SC1": {
      "resptime": 15.856672320945227,
      "resptime_old": 5.856672320945227,
      "waittime": 2.199380719300123,
      "servicetime": 10.0,
      "networktime": 3.6572916016451043,
      "services": {
        "MS1_1": {
          "meanserv": 1.9186759518382013,
          "stddevserv": 1.9186759518382013,
          "rate": 0.5211927522424736,
          "cv": 1.0,
          "lambda": 0.025
        },
        "MS1_2": {
          "meanserv": 5.131574237716694,
          "stddevserv": 5.131574237716694,
          "rate": 0.19487197372106077,
          "cv": 1.0,
          "lambda": 0.025
        },
        "MS1_3": {
          "meanserv": 2.727285635169989,
          "stddevserv": 2.727285635169989,
          "rate": 0.3666649312798038,
          "cv": 1.0,
          "lambda": 0.025
        },
        "MS1_4": {
          "meanserv": 0.09155091312553942,
          "stddevserv": 0.09155091312553942,
          "rate": 10.922883954513347,
          "cv": 1.0,
          "lambda": 0.025
        },
        "MS1_5": {
          "meanserv": 0.13091326214957633,
          "stddevserv": 0.13091326214957633,
          "rate": 7.638645493818949,
          "cv": 1.0,
          "lambda": 0.025
        }
      },
      "sensors": [
        "S1"
      ],
      "sources": [
        {
          "startTime": 0,
          "stopTime": -1,
          "lambda": 0.025
        }
      ]
    },
    "SC2": {
      "resptime": 14.278854998571372,
      "resptime_old": 4.278854998571371,
      "waittime": 2.384616198382054,
      "servicetime": 10.0,
      "networktime": 1.8942388001893167,
      "services": {
        "MS2_1": {
          "meanserv": 2.3559289003468518,
          "stddevserv": 2.3559289003468518,
          "rate": 0.42446102675372543,
          "cv": 1.0,
          "lambda": 0.025
        },
        "MS2_2": {
          "meanserv": 1.7166424307277257,
          "stddevserv": 1.7166424307277257,
          "rate": 0.5825324960516537,
          "cv": 1.0,
          "lambda": 0.025
        },
        "MS2_3": {
          "meanserv": 4.428655457973774,
          "stddevserv": 4.428655457973774,
          "rate": 0.22580216715651352,
          "cv": 1.0,
          "lambda": 0.025
        },
        "MS2_4": {
          "meanserv": 1.447529775605858,
          "stddevserv": 1.447529775605858,
          "rate": 0.6908320760320483,
          "cv": 1.0,
          "lambda": 0.025
        },
        "MS2_5": {
          "meanserv": 0.0512434353457909,
          "stddevserv": 0.0512434353457909,
          "rate": 19.514694775086724,
          "cv": 1.0,
          "lambda": 0.025
        }
      },
      "sensors": [
        "S2"
      ],
      "sources": [
        {
          "startTime": 0,
          "stopTime": -1,
          "lambda": 0.025
        }
      ]
    },
    "SC3": {
      "resptime": 16.23102634019732,
      "resptime_old": 6.231026340197322,
      "waittime": 3.895678610299215,
      "servicetime": 10.0,
      "networktime": 2.3353477298981065,
      "services": {
        "MS3_1": {
          "meanserv": 0.8390020896154504,
          "stddevserv": 0.8390020896154504,
          "rate": 1.1918921447005473,
          "cv": 1.0,
          "lambda": 0.025
        },
        "MS3_2": {
          "meanserv": 0.11208082408284303,
          "stddevserv": 0.11208082408284303,
          "rate": 8.922132828545795,
          "cv": 1.0,
          "lambda": 0.025
        },
        "MS3_3": {
          "meanserv": 2.6746725658184847,
          "stddevserv": 2.6746725658184847,
          "rate": 0.37387754029397874,
          "cv": 1.0,
          "lambda": 0.025
        },
        "MS3_4": {
          "meanserv": 5.671458316202896,
          "stddevserv": 5.671458316202896,
          "rate": 0.17632149338787895,
          "cv": 1.0,
          "lambda": 0.025
        },
        "MS3_5": {
          "meanserv": 0.7027862042803257,
          "stddevserv": 0.7027862042803257,
          "rate": 1.422907840121919,
          "cv": 1.0,
          "lambda": 0.025
        }
      },
      "sensors": [
        "S3"
      ],
      "sources": [
        {
          "startTime": 0,
          "stopTime": -1,
          "lambda": 0.025
        }
      ]
    },
    "SC4": {
      "resptime": 15.003064425751031,
      "resptime_old": 5.00306442575103,
      "waittime": 2.6677166958529246,
      "servicetime": 10.0,
      "networktime": 2.3353477298981065,
      "services": {
        "MS4_1": {
          "meanserv": 1.990469727438855,
          "stddevserv": 1.990469727438855,
          "rate": 0.50239397576104,
          "cv": 1.0,
          "lambda": 0.025
        },
        "MS4_2": {
          "meanserv": 4.362971102011311,
          "stddevserv": 4.362971102011311,
          "rate": 0.22920160977894266,
          "cv": 1.0,
          "lambda": 0.025
        },
        "MS4_3": {
          "meanserv": 2.0024741897531655,
          "stddevserv": 2.0024741897531655,
          "rate": 0.4993822168181178,
          "cv": 1.0,
          "lambda": 0.025
        },
        "MS4_4": {
          "meanserv": 0.22781548713482636,
          "stddevserv": 0.22781548713482636,
          "rate": 4.389517203490987,
          "cv": 1.0,
          "lambda": 0.025
        },
        "MS4_5": {
          "meanserv": 1.4162694936618418,
          "stddevserv": 1.4162694936618418,
          "rate": 0.7060803077911716,
          "cv": 1.0,
          "lambda": 0.025
        }
      },
      "sensors": [
        "S4"
      ],
      "sources": [
        {
          "startTime": 0,
          "stopTime": -1,
          "lambda": 0.025
        }
      ]
    }
  },
  "microservice": {
    "MS1_1": "F9",
    "MS1_2": "F2",
    "MS1_3": "F2",
    "MS1_4": "F8",
    "MS1_5": "F8",
    "MS2_1": "F5",
    "MS2_2": "F5",
    "MS2_3": "F3",
    "MS2_4": "F3",
    "MS2_5": "F3",
    "MS3_1": "F7",
    "MS3_2": "F7",
    "MS3_3": "F1",
    "MS3_4": "F1",
    "MS3_5": "F1",
    "MS4_1": "F4",
    "MS4_2": "F4",
    "MS4_3": "F4",
    "MS4_4": "F6",
    "MS4_5": "F6"
  },
  "sensor": {
    "S1": "F9",
    "S2": "F5",
    "S3": "F7",
    "S4": "F4"
  },
  "fog": {
    "F1": {
      "rho": 0.22622292715754266,
      "capacity": 1.0,
      "tserv": 3.0163056954339016,
      "stddev": 4.176607167166135,
      "mu": 0.3315313834117692,
      "cv": 1.3846763520980991,
      "lambda": 0.07500000000000001,
      "twait": 1.286327245050134
    },
    "F2": {
      "rho": 0.19647149682216708,
      "capacity": 1.0,
      "tserv": 3.9294299364433414,
      "stddev": 4.281439181815517,
      "mu": 0.2544898410646134,
      "cv": 1.0895827769080395,
      "lambda": 0.05,
      "twait": 1.0507138502070097
    },
    "F3": {
      "rho": 0.1481857167231356,
      "capacity": 1.0,
      "tserv": 1.975809556308474,
      "stddev": 3.251176443706969,
      "mu": 0.5061216536822309,
      "cv": 1.645490798101686,
      "lambda": 0.07500000000000001,
      "twait": 0.6371975069158294
    },
    "F4": {
      "rho": 0.20889787548008332,
      "capacity": 1.0,
      "tserv": 2.7853050064011105,
      "stddev": 3.201093926086233,
      "mu": 0.35902710751670924,
      "cv": 1.149279493172047,
      "lambda": 0.07500000000000001,
      "twait": 0.8534735471053575
    },
    "F5": {
      "rho": 0.10181428327686444,
      "capacity": 1.0,
      "tserv": 2.0362856655372887,
      "stddev": 2.0858578347508923,
      "mu": 0.4910902320456805,
      "cv": 1.0243444080821162,
      "lambda": 0.05,
      "twait": 0.236511838817283
    },
    "F6": {
      "rho": 0.04110212451991672,
      "capacity": 1.0,
      "tserv": 0.8220424903983342,
      "stddev": 1.175570210083325,
      "mu": 1.2164821304011104,
      "cv": 1.4300601535982442,
      "lambda": 0.05,
      "twait": 0.05364802726842594
    },
    "F7": {
      "rho": 0.023777072842457336,
      "capacity": 1.0,
      "tserv": 0.4755414568491467,
      "stddev": 0.7002477706669066,
      "mu": 2.102866081594279,
      "cv": 1.472527285647447,
      "lambda": 0.05,