{
  "servicechain": {
    "SC1": {
      "resptime": 39.96950970080157,
      "resptime_old": 29.96950970080157,
      "waittime": 25.49789500389273,
      "servicetime": 10.0,
      "networktime": 4.471614696908839,
      "services": {
        "MS1_1": {
          "meanserv": 6.223462857406609,
          "stddevserv": 6.223462857406609,
          "rate": 0.16068224763483394,
          "cv": 1.0,
          "lambda": 0.125
        },
        "MS1_2": {
          "meanserv": 1.5073362023721781,
          "stddevserv": 1.5073362023721781,
          "rate": 0.66342200129357,
          "cv": 1.0,
          "lambda": 0.125
        },
        "MS1_3": {
          "meanserv": 0.4661454360377615,
          "stddevserv": 0.4661454360377615,
          "rate": 2.1452532250449665,
          "cv": 1.0,
          "lambda": 0.125
        },
        "MS1_4": {
          "meanserv": 0.6151237664647056,
          "stddevserv": 0.6151237664647056,
          "rate": 1.625689096272917,
          "cv": 1.0,
          "lambda": 0.125
        },
        "MS1_5": {
          "meanserv": 1.1879317377187455,
          "stddevserv": 1.1879317377187455,
          "rate": 0.8417992113927003,
          "cv": 1.0,
          "lambda": 0.125
        }
      },
      "sensors": [
        "S1"
      ],
      "sources": [
        {
          "startTime": 0,
          "stopTime": -1,
          "lambda": 0.125
        }
      ]
    },
    "SC2": {
      "resptime": 25.206956995598933,
      "resptime_old": 15.206956995598933,
      "waittime": 10.164245824228932,
      "servicetime": 10.0,
      "networktime": 5.0427111713700015,
      "services": {
        "MS2_1": {
          "meanserv": 0.6484317682023,
          "stddevserv": 0.6484317682023,
          "rate": 1.5421823066633227,
          "cv": 1.0,
          "lambda": 0.125
        },
        "MS2_2": {
          "meanserv": 3.9292858293596153,
          "stddevserv": 3.9292858293596153,
          "rate": 0.2544991745135979,
          "cv": 1.0,
          "lambda": 0.125
        },
        "MS2_3": {
          "meanserv": 0.6208889745725381,
          "stddevserv": 0.6208889745725381,
          "rate": 1.6105939080146616,
          "cv": 1.0,
          "lambda": 0.125
        },
        "MS2_4": {
          "meanserv": 3.8977346466046665,
          "stddevserv": 3.8977346466046665,
          "rate": 0.25655928139466966,
          "cv": 1.0,
          "lambda": 0.125
        },
        "MS2_5": {
          "meanserv": 0.9036587812608801,
          "stddevserv": 0.9036587812608801,
          "rate": 1.106612385932547,
          "cv": 1.0,
          "lambda": 0.125
        }
      },
      "sensors": [
        "S2"
      ],
      "sources": [
        {
          "startTime": 0,
          "stopTime": -1,
          "lambda": 0.125
        }
      ]
    },
    "SC3": {
      "resptime": 22.341845419756144,
      "resptime_old": 12.341845419756146,
      "waittime": 7.565033986351402,
      "servicetime": 10.0,
      "networktime": 4.776811433404742,
      "services": {
        "MS3_1": {
          "meanserv": 1.3987944045415135,
          "stddevserv": 1.3987944045415135,
          "rate": 0.7149013441526975,
          "cv": 1.0,
          "lambda": 0.125
        },
        "MS3_2": {
          "meanserv": 2.231627634834287,
          "stddevserv": 2.231627634834287,
          "rate": 0.44810343105213274,
          "cv": 1.0,
          "lambda": 0.125
        },
        "MS3_3": {
          "meanserv": 3.5652810717202494,
          "stddevserv": 3.5652810717202494,
          "rate": 0.2804827950121474,
          "cv": 1.0,
          "lambda": 0.125
        },
        "MS3_4": {
          "meanserv": 1.2874766389854884,
          "stddevserv": 1.2874766389854884,
          "rate": 0.7767131221798202,
          "cv": 1.0,
          "lambda": 0.125
        },
        "MS3_5": {
          "meanserv": 1.516820249918462,
          "stddevserv": 1.516820249918462,
          "rate": 0.6592738988378853,
          "cv": 1.0,
          "lambda": 0.125
        }
      },
      "sensors": [
        "S3"
      ],
      "sources": [
        {
          "startTime": 0,
          "stopTime": -1,
          "lambda": 0.125
        }
      ]
    },
    "SC4": {
      "resptime": 34.72055280150659,
      "resptime_old": 24.72055280150659,
      "waittime": 19.552405473361343,
      "servicetime": 10.0,
      "networktime": 5.168147328145247,
      "services": {
        "MS4_1": {
          "meanserv": 1.4220007181782246,
          "stddevserv": 1.4220007181782246,
          "rate": 0.7032345252828953,
          "cv": 1.0,
          "lambda": 0.125
        },
        "MS4_2": {
          "meanserv": 0.010151662178344845,
          "stddevserv": 0.010151662178344845,
          "rate": 98.50603600001224,
          "cv": 1.0,
          "lambda": 0.125
        },
        "MS4_3": {
          "meanserv": 5.756261244037507,
          "stddevserv": 5.756261244037507,
          "rate": 0.17372387346662338,
          "cv": 1.0,
          "lambda": 0.125
        },
        "MS4_4": {
          "meanserv": 0.15560596403464189,
          "stddevserv": 0.15560596403464189,
          "rate": 6.4264888958714605,
          "cv": 1.0,
          "lambda": 0.125
        },
        "MS4_5": {
          "meanserv": 2.6559804115712815,
          "stddevserv": 2.6559804115712815,
          "rate": 0.37650880090956645,
          "cv": 1.0,
          "lambda": 0.125
        }
      },
      "sensors": [
        "S4"
      ],
      "sources": [
        {
          "startTime": 0,
          "stopTime": -1,
          "lambda": 0.125
        }
      ]
    }
  },
  "microservice": {
    "MS1_1": "F1",
    "MS1_2": "F8",
    "MS1_3": "F8",
    "MS1_4": "F10",
    "MS1_5": "F10",
    "MS2_1": "F10",
    "MS2_2": "F3",
    "MS2_3": "F8",
    "MS2_4": "F4",
    "MS2_5": "F8",
    "MS3_1": "F9",
    "MS3_2": "F9",
    "MS3_3": "F5",
    "MS3_4": "F7",
    "MS3_5": "F7",
    "MS4_1": "F10",
    "MS4_2": "F10",
    "MS4_3": "F2",
    "MS4_4": "F6",
    "MS4_5": "F6"
  },
  "sensor": {
    "S1": "F1",
    "S2": "F10",
    "S3": "F9",
    "S4": "F10"
  },
  "fog": {
    "F1": {
      "rho": 0.7779328571758262,
      "capacity": 1.0,
      "tserv": 6.223462857406609,
      "stddev": 6.223462857406609,
      "mu": 0.16068224763483394,
      "cv": 1.0,
      "lambda": 0.125,
      "twait": 21.80167754949349
    },
    "F2": {
      "rho": 0.7195326555046884,
      "capacity": 1.0,
      "tserv": 5.756261244037507,
      "stddev": 5.756261244037507,
      "mu": 0.17372387346662338,
      "cv": 1.0,
      "lambda": 0.125,
      "twait": 14.767558576753537
    },
    "F3": {
      "rho": 0.491160728669952,
      "capacity": 1.0,
      "tserv": 3.9292858293596153,
      "stddev": 3.9292858293596153,
      "mu": 0.2544991745135979,
      "cv": 1.0,
      "lambda": 0.125,
      "twait": 3.7927711162234345
    },
    "F4": {
      "rho": 0.48721683082558337,
      "capacity": 1.0,
      "tserv": 3.8977346466046665,
      "stddev": 3.8977346466046665,
      "mu": 0.25655928139466966,
      "cv": 1.0,
      "lambda": 0.125,
      "twait": 3.70340142983879
    },
    "F5": {
      "rho": 0.44566013396503124,
      "capacity": 1.0,
      "tserv": 3.5652810717202494,
      "stddev": 3.5652810717202494,
      "mu": 0.2804827950121474,
      "cv": 1.0,
      "lambda": 0.125,
      "twait": 2.8662987048194832
    },
    "F6": {
      "rho": 0.3514482969507404,
      "capacity": 1.0,
      "tserv": 1.4057931878029617,
      "stddev": 2.25880292983259,
      "mu": 0.7113421865152484,
      "cv": 1.6067818150141637,
      "lambda": 0.25,
      "twait": 1.3642792720713652
    },
    "F7": {
      "rho": 0.3505371111129938,
      "capacity": 1.0,
      "tserv": 1.4021484444519752,
      "stddev": 1.4114954857232032,
      "mu": 0.7131912487274815,
      "cv": 1.0066662280361345,
      "lambda": 0.25,
      "twait": 0.7618487203478898
    },
    "F8": {
      "rho": 0.4372536742804198,
      "capacity": 1.0,