{
  "servicechain": {
    "SC1": {
      "resptime": 19.44314084624086,
      "resptime_old": 9.44314084624086,
      "waittime": 5.888874183504489,
      "servicetime": 10.0,
      "networktime": 3.554266662736371,
      "services": {
        "MS1_1": {
          "meanserv": 3.191272192570025,
          "stddevserv": 3.191272192570025,
          "rate": 0.31335465596705203,
          "cv": 1.0,
          "lambda": 0.1
        },
        "MS1_2": {
          "meanserv": 0.019354129471502723,
          "stddevserv": 0.019354129471502723,
          "rate": 51.66856000795144,
          "cv": 1.0,
          "lambda": 0.1
        },
        "MS1_3": {
          "meanserv": 1.4690283800973627,
          "stddevserv": 1.4690283800973627,
          "rate": 0.6807220429150069,
          "cv": 1.0,
          "lambda": 0.1
        },
        "MS1_4": {
          "meanserv": 1.1609329081131161,
          "stddevserv": 1.1609329081131161,
          "rate": 0.8613762199448002,
          "cv": 1.0,
          "lambda": 0.1
        },
        "MS1_5": {
          "meanserv": 4.1594123897479935,
          "stddevserv": 4.1594123897479935,
          "rate": 0.24041857510084183,
          "cv": 1.0,
          "lambda": 0.1
        }
      },
      "sensors": [
        "S1"
      ],
      "sources": [
        {
          "startTime": 0,
          "stopTime": -1,
          "lambda": 0.1
        }
      ]
    },
    "SC2": {
      "resptime": 22.50391941527916,
      "resptime_old": 12.503919415279164,
      "waittime": 8.210958487208439,
      "servicetime": 10.0,
      "networktime": 4.292960928070724,
      "services": {
        "MS2_1": {
          "meanserv": 4.893441093852249,
          "stddevserv": 4.893441093852249,
          "rate": 0.2043551727344434,
          "cv": 1.0,
          "lambda": 0.1
        },
        "MS2_2": {
          "meanserv": 0.2462452049396502,
          "stddevserv": 0.2462452049396502,
          "rate": 4.0609927825602945,
          "cv": 1.0,
          "lambda": 0.1
        },
        "MS2_3": {
          "meanserv": 1.372441535577055,
          "stddevserv": 1.372441535577055,
          "rate": 0.728628487318071,
          "cv": 1.0,
          "lambda": 0.1
        },
        "MS2_4": {
          "meanserv": 0.35093323769043394,
          "stddevserv": 0.35093323769043394,
          "rate": 2.849544849559455,
          "cv": 1.0,
          "lambda": 0.1
        },
        "MS2_5": {
          "meanserv": 3.136938927940612,
          "stddevserv": 3.136938927940612,
          "rate": 0.31878210668783913,
          "cv": 1.0,
          "lambda": 0.1
        }
      },
      "sensors": [
        "S2"
      ],
      "sources": [
        {
          "startTime": 0,
          "stopTime": -1,
          "lambda": 0.1
        }
      ]
    },
    "SC3": {
      "resptime": 27.126255317951873,
      "resptime_old": 17.126255317951873,
      "waittime": 13.835936016923432,
      "servicetime": 10.0,
      "networktime": 3.290319301028439,
      "services": {
        "MS3_1": {
          "meanserv": 1.5269824390877618,
          "stddevserv": 1.5269824390877618,
          "rate": 0.6548863787833816,
          "cv": 1.0,
          "lambda": 0.1
        },
        "MS3_2": {
          "meanserv": 6.3369272916472115,
          "stddevserv": 6.3369272916472115,
          "rate": 0.15780518758959305,
          "cv": 1.0,
          "lambda": 0.1
        },
        "MS3_3": {
          "meanserv": 1.34834976000342,
          "stddevserv": 1.34834976000342,
          "rate": 0.7416473304355864,
          "cv": 1.0,
          "lambda": 0.1
        },
        "MS3_4": {
          "meanserv": 0.1792698256779488,
          "stddevserv": 0.1792698256779488,
          "rate": 5.578183591233366,
          "cv": 1.0,
          "lambda": 0.1
        },
        "MS3_5": {
          "meanserv": 0.6084706835836577,
          "stddevserv": 0.6084706835836577,
          "rate": 1.6434645529845178,
          "cv": 1.0,
          "lambda": 0.1
        }
      },
      "sensors": [
        "S3"
      ],
      "sources": [
        {
          "startTime": 0,
          "stopTime": -1,
          "lambda": 0.1
        }
      ]
    },
    "SC4": {
      "resptime": 22.53481586758112,
      "resptime_old": 12.534815867581122,
      "waittime": 8.664011116533766,
      "servicetime": 10.0,
      "networktime": 3.8708047510473547,
      "services": {
        "MS4_1": {
          "meanserv": 2.3168346664492945,
          "stddevserv": 2.3168346664492945,
          "rate": 0.43162337584173305,
          "cv": 1.0,
          "lambda": 0.1
        },
        "MS4_2": {
          "meanserv": 0.3987583562634156,
          "stddevserv": 0.3987583562634156,
          "rate": 2.5077844370975653,
          "cv": 1.0,
          "lambda": 0.1
        },
        "MS4_3": {
          "meanserv": 2.1720680712197025,
          "stddevserv": 2.1720680712197025,
          "rate": 0.460390727735554,
          "cv": 1.0,
          "lambda": 0.1
        },
        "MS4_4": {
          "meanserv": 3.5517546200057675,
          "stddevserv": 3.5517546200057675,
          "rate": 0.2815509816943312,
          "cv": 1.0,
          "lambda": 0.1
        },
        "MS4_5": {
          "meanserv": 1.56058428606182,
          "stddevserv": 1.56058428606182,
          "rate": 0.6407856396680305,
          "cv": 1.0,
          "lambda": 0.1
        }
      },
      "sensors": [
        "S4"
      ],
      "sources": [
        {
          "startTime": 0,
          "stopTime": -1,
          "lambda": 0.1
        }
      ]
    }
  },
  "microservice": {
    "MS1_1": "F6",
    "MS1_2": "F4",
    "MS1_3": "F4",
    "MS1_4": "F4",
    "MS1_5": "F10",
    "MS2_1": "F5",
    "MS2_2": "F2",
    "MS2_3": "F2",
    "MS2_4": "F2",
    "MS2_5": "F3",
    "MS3_1": "F7",
    "MS3_2": "F8",
    "MS3_3": "F7",
    "MS3_4": "F7",
    "MS3_5": "F7",
    "MS4_1": "F9",
    "MS4_2": "F9",
    "MS4_3": "F9",
    "MS4_4": "F1",
    "MS4_5": "F2"
  },
  "sensor": {
    "S1": "F6",
    "S2": "F5",
    "S3": "F7",
    "S4": "F9"
  },
  "fog": {
    "F1": {
      "rho": 0.35517546200057676,
      "capacity": 1.0,
      "tserv": 3.5517546200057675,
      "stddev": 3.551754620005768,
      "mu": 0.2815509816943312,
      "cv": 1.0000000000000002,
      "lambda": 0.1,
      "twait": 1.9563400797169417
    },
    "F2": {
      "rho": 0.3530204264268959,
      "capacity": 1.0,
      "tserv": 0.8825510660672398,
      "stddev": 1.213469643690975,
      "mu": 1.133078910046676,
      "cv": 1.3749568612480985,
      "lambda": 0.4,
      "twait": 0.6959740468905333
    },
    "F3": {
      "rho": 0.31369389279406124,
      "capacity": 1.0,
      "tserv": 3.136938927940612,
      "stddev": 3.136938927940612,
      "mu": 0.31878210668783913,
      "cv": 1.0,
      "lambda": 0.1,
      "twait": 1.4338187777012468
    },
    "F4": {
      "rho": 0.26493154176819816,
      "capacity": 1.0,
      "tserv": 0.883105139227327,
      "stddev": 1.248031022745958,
      "mu": 1.1323679996641738,
      "cv": 1.4132303927456733,
      "lambda": 0.30000000000000004,
      "twait": 0.47698743453543646
    },
    "F5": {
      "rho": 0.48934410938522493,
      "capacity": 1.0,
      "tserv": 4.893441093852249,
      "stddev": 4.893441093852249,
      "mu": 0.2043551727344434,
      "cv": 1.0,
      "lambda": 0.1,
      "twait": 4.689217568835591
    },
    "F6": {
      "rho": 0.3191272192570025,
      "capacity": 1.0,
      "tserv": 3.191272192570025,
      "stddev": 3.191272192570025,
      "mu": 0.31335465596705203,
      "cv": 1.0,
      "lambda": 0.1,
      "twait": 1.4957593393522413
    },
    "F7": {
      "rho": 0.36630727083527886,
      "capacity": 1.0,
      "tserv": 0.9157681770881971,
      "stddev": 1.1989232626461497,
      "mu": 1.0919794168646795,
      "cv": 1.3091995252098414,
      "lambda": 0.4,
      "twait": 0.7183444717384141
    },
    "F8": {
      "rho": 0.6336927291647212,
      "capacity": 1.0,
      "tserv": 6.3369272916472115,