{
  "servicechain": {
    "SC1": {
      "resptime": 25.50744736725819,
      "resptime_old": 15.507447367258195,
      "waittime": 9.407133774269187,
      "servicetime": 10.0,
      "networktime": 6.1003135929890036,
      "services": {
        "MS1_1": {
          "meanserv": 3.0120443913460115,
          "stddevserv": 3.0120443913460115,
          "rate": 0.33200041900880606,
          "cv": 1.0,
          "lambda": 0.15
        },
        "MS1_2": {
          "meanserv": 2.0920103253321973,
          "stddevserv": 2.0920103253321973,
          "rate": 0.47800911300053295,
          "cv": 1.0,
          "lambda": 0.15
        },
        "MS1_3": {
          "meanserv": 1.9772191842538254,
          "stddevserv": 1.9772191842538254,
          "rate": 0.5057608220493702,
          "cv": 1.0,
          "lambda": 0.15
        },
        "MS1_4": {
          "meanserv": 1.9322822676147915,
          "stddevserv": 1.9322822676147915,
          "rate": 0.5175227329671661,
          "cv": 1.0,
          "lambda": 0.15
        },
        "MS1_5": {
          "meanserv": 0.36109235182384936,
          "stddevserv": 0.36109235182384936,
          "rate": 2.7693746349073245,
          "cv": 1.0,
          "lambda": 0.15
        },
        "MS1_6": {
          "meanserv": 0.6253514796293249,
          "stddevserv": 0.6253514796293249,
          "rate": 1.5991007178758845,
          "cv": 1.0,
          "lambda": 0.15
        }
      },
      "sensors": [
        "S1"
      ],
      "sources": [
        {
          "startTime": 0,
          "stopTime": -1,
          "lambda": 0.15
        }
      ]
    },
    "SC2": {
      "resptime": 7077.25283024487,
      "resptime_old": 7067.25283024487,
      "waittime": 7063.66694593073,
      "servicetime": 10.0,
      "networktime": 3.5858843141398764,
      "services": {
        "MS2_1": {
          "meanserv": 0.557343545968022,
          "stddevserv": 0.557343545968022,
          "rate": 1.7942254956288228,
          "cv": 1.0,
          "lambda": 0.15
        },
        "MS2_2": {
          "meanserv": 6.862690634933994,
          "stddevserv": 6.862690634933994,
          "rate": 0.14571544211968082,
          "cv": 1.0,
          "lambda": 0.15
        },
        "MS2_3": {
          "meanserv": 0.2143963933455293,
          "stddevserv": 0.2143963933455293,
          "rate": 4.664257567002829,
          "cv": 1.0,
          "lambda": 0.15
        },
        "MS2_4": {
          "meanserv": 0.7984116242542605,
          "stddevserv": 0.7984116242542605,
          "rate": 1.25248677451813,
          "cv": 1.0,
          "lambda": 0.15
        },
        "MS2_5": {
          "meanserv": 1.489309236889854,
          "stddevserv": 1.489309236889854,
          "rate": 0.6714522244475664,
          "cv": 1.0,
          "lambda": 0.15
        },
        "MS2_6": {
          "meanserv": 0.07784856460834,
          "stddevserv": 0.07784856460834,
          "rate": 12.845452000702258,
          "cv": 1.0,
          "lambda": 0.15
        }
      },
      "sensors": [
        "S2"
      ],
      "sources": [
        {
          "startTime": 0,
          "stopTime": -1,
          "lambda": 0.15
        }
      ]
    },
    "SC3": {
      "resptime": 37.93517047688504,
      "resptime_old": 27.93517047688504,
      "waittime": 23.41440557561519,
      "servicetime": 10.0,
      "networktime": 4.52076490126985,
      "services": {
        "MS3_1": {
          "meanserv": 0.9891165074037711,
          "stddevserv": 0.9891165074037711,
          "rate": 1.011003246346374,
          "cv": 1.0,
          "lambda": 0.15
        },
        "MS3_2": {
          "meanserv": 5.1232246883506605,
          "stddevserv": 5.1232246883506605,
          "rate": 0.1951895653286161,
          "cv": 1.0,
          "lambda": 0.15
        },
        "MS3_3": {
          "meanserv": 1.048353387577639,
          "stddevserv": 1.048353387577639,
          "rate": 0.9538768242172938,
          "cv": 1.0,
          "lambda": 0.15
        },
        "MS3_4": {
          "meanserv": 0.17602334904734107,
          "stddevserv": 0.17602334904734107,
          "rate": 5.681064503158909,
          "cv": 1.0,
          "lambda": 0.15
        },
        "MS3_5": {
          "meanserv": 0.547101746499945,
          "stddevserv": 0.547101746499945,
          "rate": 1.8278135765375416,
          "cv": 1.0,
          "lambda": 0.15
        },
        "MS3_6": {
          "meanserv": 2.116180321120643,
          "stddevserv": 2.116180321120643,
          "rate": 0.47254952237266845,
          "cv": 1.0,
          "lambda": 0.15
        }
      },
      "sensors": [
        "S3"
      ],
      "sources": [
        {
          "startTime": 0,
          "stopTime": -1,
          "lambda": 0.15
        }
      ]
    },
    "SC4": {
      "resptime": 63.00291200850436,
      "resptime_old": 53.00291200850436,
      "waittime": 49.45489225509621,
      "servicetime": 10.0,
      "networktime": 3.548019753408151,
      "services": {
        "MS4_1": {
          "meanserv": 1.4066564844467289,
          "stddevserv": 1.4066564844467289,
          "rate": 0.7109056198559548,
          "cv": 1.0,
          "lambda": 0.15
        },
        "MS4_2": {
          "meanserv": 1.107941954478374,
          "stddevserv": 1.107941954478374,
          "rate": 0.9025743595663424,
          "cv": 1.0,
          "lambda": 0.15
        },
        "MS4_3": {
          "meanserv": 5.865931793446335,
          "stddevserv": 5.865931793446335,
          "rate": 0.17047589968864654,
          "cv": 1.0,
          "lambda": 0.15
        },
        "MS4_4": {
          "meanserv": 0.29622868515139444,
          "stddevserv": 0.29622868515139444,
          "rate": 3.3757703089723643,
          "cv": 1.0,
          "lambda": 0.15
        },
        "MS4_5": {
          "meanserv": 0.6982012233270787,
          "stddevserv": 0.6982012233270787,
          "rate": 1.4322518589050666,
          "cv": 1.0,
          "lambda": 0.15
        },
        "MS4_6": {
          "meanserv": 0.625039859150089,
          "stddevserv": 0.625039859150089,
          "rate": 1.5998979670828848,
          "cv": 1.0,
          "lambda": 0.15
        }
      },
      "sensors": [
        "S4"
      ],
      "sources": [
        {
          "startTime": 0,
          "stopTime": -1,
          "lambda": 0.15
        }
      ]
    }
  },
  "microservice": {
    "MS1_1": "F4",
    "MS1_2": "F8",
    "MS1_3": "F7",
    "MS1_4": "F6",
    "MS1_5": "F8",
    "MS1_6": "F8",
    "MS2_1": "F10",
    "MS2_2": "F1",
    "MS2_3": "F9",
    "MS2_4": "F9",
    "MS2_5": "F9",
    "MS2_6": "F9",
    "MS3_1": "F7",
    "MS3_2": "F3",
    "MS3_3": "F9",
    "MS3_4": "F5",
    "MS3_5": "F5",
    "MS3_6": "F5",
    "MS4_1": "F10",
    "MS4_2": "F10",
    "MS4_3": "F2",
    "MS4_4": "F6",
    "MS4_5": "F6",
    "MS4_6": "F6"
  },
  "sensor": {
    "S1": "F4",
    "S2": "F10",
    "S3": "F7",
    "S4": "F10"
  },
  "fog": {
    "F1": {
      "rho": 1.029403595240099,
      "capacity": 1.0,
      "tserv": 6.862690634933994,
      "stddev": 6.862690634933994,
      "mu": 0.14571544211968082,
      "cv": 1.0,
      "lambda": 0.15,
      "twait": 7057.413934208983
    },
    "F2": {
      "rho": 0.8798897690169503,
      "capacity": 1.0,
      "tserv": 5.865931793446335,
      "stddev": 5.865931793446335,
      "mu": 0.17047589968864654,
      "cv": 1.0,
      "lambda": 0.15,
      "twait": 42.971971068252024
    },
    "F3": {
      "rho": 0.768483703252599,
      "capacity": 1.0,
      "tserv": 5.1232246883506605,
      "stddev": 5.1232246883506605,
      "mu": 0.1951895653286161,
      "cv": 1.0,
      "lambda": 0.15,
      "twait": 17.00577772023755
    },
    "F4": {
      "rho": 0.4518066587019017,
      "capacity": 1.0,
      "tserv": 3.0120443913460115,
      "stddev": 3.0120443913460115,
      "mu": 0.33200041900880606,
      "cv": 1.0,
      "lambda": 0.15,
      "twait": 2.48244845348428
    },