{
  "servicechain": {
    "SC1": {
      "resptime": 39.04660614350664,
      "resptime_old": 29.046606143506633,
      "waittime": 22.9455507355231,
      "servicetime": 10.0,
      "networktime": 6.101055407983534,
      "services": {
        "MS1_1": {
          "meanserv": 1.0787451607960108,
          "stddevserv": 1.0787451607960108,
          "rate": 0.9270029997280318,
          "cv": 1.0,
          "lambda": 0.15
        },
        "MS1_2": {
          "meanserv": 4.033645986577033,
          "stddevserv": 4.033645986577033,
          "rate": 0.2479146666137163,
          "cv": 1.0,
          "lambda": 0.15
        },
        "MS1_3": {
          "meanserv": 0.22199044718941785,
          "stddevserv": 0.22199044718941785,
          "rate": 4.504698344729806,
          "cv": 1.0,
          "lambda": 0.15
        },
        "MS1_4": {
          "meanserv": 1.4280390670859129,
          "stddevserv": 1.4280390670859129,
          "rate": 0.7002609543733431,
          "cv": 1.0,
          "lambda": 0.15
        },
        "MS1_5": {
          "meanserv": 3.237579338351625,
          "stddevserv": 3.237579338351625,
          "rate": 0.3088727396281007,
          "cv": 1.0,
          "lambda": 0.15
        }
      },
      "sensors": [
        "S1"
      ],
      "sources": [
        {
          "startTime": 0,
          "stopTime": -1,
          "lambda": 0.15
        }
      ]
    },
    "SC2": {
      "resptime": 37.3519932363497,
      "resptime_old": 27.351993236349703,
      "waittime": 18.9533119425384,
      "servicetime": 10.0,
      "networktime": 8.398681293811297,
      "services": {
        "MS2_1": {
          "meanserv": 0.5622334936065465,
          "stddevserv": 0.5622334936065465,
          "rate": 1.7786204688470666,
          "cv": 1.0,
          "lambda": 0.15
        },
        "MS2_2": {
          "meanserv": 2.4306315509106575,
          "stddevserv": 2.4306315509106575,
          "rate": 0.4114157078333576,
          "cv": 1.0,
          "lambda": 0.15
        },
        "MS2_3": {
          "meanserv": 3.567329471996791,
          "stddevserv": 3.567329471996791,
          "rate": 0.2803217386703158,
          "cv": 1.0,
          "lambda": 0.15
        },
        "MS2_4": {
          "meanserv": 2.694237773830867,
          "stddevserv": 2.694237773830867,
          "rate": 0.37116248970785004,
          "cv": 1.0,
          "lambda": 0.15
        },
        "MS2_5": {
          "meanserv": 0.7455677096551376,
          "stddevserv": 0.7455677096551376,
          "rate": 1.3412598038380041,
          "cv": 1.0,
          "lambda": 0.15
        }
      },
      "sensors": [
        "S2"
      ],
      "sources": [
        {
          "startTime": 0,
          "stopTime": -1,
          "lambda": 0.15
        }
      ]
    },
    "SC3": {
      "resptime": 35.34858003954845,
      "resptime_old": 25.34858003954845,
      "waittime": 20.396231188085036,
      "servicetime": 10.0,
      "networktime": 4.952348851463416,
      "services": {
        "MS3_1": {
          "meanserv": 3.156715754474997,
          "stddevserv": 3.156715754474997,
          "rate": 0.31678493655388146,
          "cv": 1.0,
          "lambda": 0.15
        },
        "MS3_2": {
          "meanserv": 3.030912932010892,
          "stddevserv": 3.030912932010892,
          "rate": 0.3299335950691725,
          "cv": 1.0,
          "lambda": 0.15
        },
        "MS3_3": {
          "meanserv": 0.779264303648544,
          "stddevserv": 0.779264303648544,
          "rate": 1.283261655022517,
          "cv": 1.0,
          "lambda": 0.15
        },
        "MS3_4": {
          "meanserv": 2.4772796683779923,
          "stddevserv": 2.4772796683779923,
          "rate": 0.4036685937259371,
          "cv": 1.0,
          "lambda": 0.15
        },
        "MS3_5": {
          "meanserv": 0.555827341487575,
          "stddevserv": 0.555827341487575,
          "rate": 1.79911984416541,
          "cv": 1.0,
          "lambda": 0.15
        }
      },
      "sensors": [
        "S3"
      ],
      "sources": [
        {
          "startTime": 0,
          "stopTime": -1,
          "lambda": 0.15
        }
      ]
    },
    "SC4": {
      "resptime": 34.06568341674163,
      "resptime_old": 24.065683416741624,
      "waittime": 18.765531899400187,
      "servicetime": 10.0,
      "networktime": 5.30015151734144,
      "services": {
        "MS4_1": {
          "meanserv": 1.6477004438834886,
          "stddevserv": 1.6477004438834886,
          "rate": 0.6069064335766553,
          "cv": 1.0,
          "lambda": 0.15
        },
        "MS4_2": {
          "meanserv": 1.3772384347824485,
          "stddevserv": 1.3772384347824485,
          "rate": 0.7260906860749657,
          "cv": 1.0,
          "lambda": 0.15
        },
        "MS4_3": {
          "meanserv": 0.2090321502298309,
          "stddevserv": 0.2090321502298309,
          "rate": 4.783953085209618,
          "cv": 1.0,
          "lambda": 0.15
        },
        "MS4_4": {
          "meanserv": 3.184815997825849,
          "stddevserv": 3.184815997825849,
          "rate": 0.31398988220439156,
          "cv": 1.0,
          "lambda": 0.15
        },
        "MS4_5": {
          "meanserv": 3.581212973278383,
          "stddevserv": 3.581212973278383,
          "rate": 0.27923499871736496,
          "cv": 1.0,
          "lambda": 0.15
        }
      },
      "sensors": [
        "S4"
      ],
      "sources": [
        {
          "startTime": 0,
          "stopTime": -1,
          "lambda": 0.15
        }
      ]
    }
  },
  "microservice": {
    "MS1_1": "F8",
    "MS1_2": "F1",
    "MS1_3": "F7",
    "MS1_4": "F7",
    "MS1_5": "F4",
    "MS2_1": "F6",
    "MS2_2": "F10",
    "MS2_3": "F3",
    "MS2_4": "F9",
    "MS2_5": "F4",
    "MS3_1": "F5",
    "MS3_2": "F8",
    "MS3_3": "F5",
    "MS3_4": "F7",
    "MS3_5": "F7",
    "MS4_1": "F10",
    "MS4_2": "F9",
    "MS4_3": "F6",
    "MS4_4": "F6",
    "MS4_5": "F2"
  },
  "sensor": {
    "S1": "F8",
    "S2": "F6",
    "S3": "F5",
    "S4": "F10"
  },
  "fog": {
    "F1": {
      "rho": 0.605046897986555,
      "capacity": 1.0,
      "tserv": 4.033645986577033,
      "stddev": 4.033645986577033,
      "mu": 0.2479146666137163,
      "cv": 1.0,
      "lambda": 0.15,
      "twait": 6.179328581830635
    },
    "F2": {
      "rho": 0.5371819459917574,
      "capacity": 1.0,
      "tserv": 3.5812129732783826,
      "stddev": 3.581212973278383,
      "mu": 0.27923499871736496,
      "cv": 1.0000000000000002,
      "lambda": 0.15,
      "twait": 4.156629019408021
    },
    "F3": {
      "rho": 0.5350994207995187,
      "capacity": 1.0,
      "tserv": 3.5673294719967914,
      "stddev": 3.5673294719967905,
      "mu": 0.28032173867031573,
      "cv": 0.9999999999999998,
      "lambda": 0.15,
      "twait": 4.105987429719595
    },
    "F4": {
      "rho": 0.5974720572010144,
      "capacity": 1.0,
      "tserv": 1.9915735240033814,
      "stddev": 2.6592153128865865,
      "mu": 0.5021155322399747,
      "cv": 1.3352333121707394,
      "lambda": 0.3,
      "twait": 4.113177002713252
    },
    "F5": {
      "rho": 0.5903970087185311,
      "capacity": 1.0,
      "tserv": 1.9679900290617702,
      "stddev": 2.588266302953572,
      "mu": 0.5081326557720138,
      "cv": 1.3151826303650103,
      "lambda": 0.3,
      "twait": 3.871593018552913
    },
    "F6": {
      "rho": 0.5934122462493339,
      "capacity": 1.0,
      "tserv": 1.3186938805540753,
      "stddev": 2.29411181872986,
      "mu": 0.7583261094529613,
      "cv": 1.739684890147472,
      "lambda": 0.44999999999999996,
      "twait": 3.87475536988661
    },
    "F7": {
      "rho": 0.7024704786211347,
      "capacity": 1.0,
      "tserv": 1.1707841310352245,
      "stddev": 1.7019052502567924,
      "mu": 0.85412841999813,
      "cv": 1.4536456423883564,
      "lambda": 0.6,
      "twait": 4.302648969984184
    },
    "F8": {
      "rho": 0.6164487139210354,
      "capacity": 1.0,