{
  "servicechain": {
    "SC1": {
      "resptime": 13013.927374804123,
      "resptime_old": 13003.927374804123,
      "waittime": 13000.391246223122,
      "servicetime": 10.0,
      "networktime": 3.536128581001608,
      "services": {
        "MS1_1": {
          "meanserv": 0.385931539536285,
          "stddevserv": 0.385931539536285,
          "rate": 2.5911331351709355,
          "cv": 1.0,
          "lambda": 0.225
        },
        "MS1_2": {
          "meanserv": 0.14808812616561196,
          "stddevserv": 0.14808812616561196,
          "rate": 6.752735860008562,
          "cv": 1.0,
          "lambda": 0.225
        },
        "MS1_3": {
          "meanserv": 1.5792246443107505,
          "stddevserv": 1.5792246443107505,
          "rate": 0.6332221344205581,
          "cv": 1.0,
          "lambda": 0.225
        },
        "MS1_4": {
          "meanserv": 7.603860979324046,
          "stddevserv": 7.603860979324046,
          "rate": 0.1315121361002179,
          "cv": 1.0,
          "lambda": 0.225
        },
        "MS1_5": {
          "meanserv": 0.2828947106633066,
          "stddevserv": 0.2828947106633066,
          "rate": 3.5348840480449,
          "cv": 1.0,
          "lambda": 0.225
        }
      },
      "sensors": [
        "S1"
      ],
      "sources": [
        {
          "startTime": 0,
          "stopTime": -1,
          "lambda": 0.225
        }
      ]
    },
    "SC2": {
      "resptime": 7910.334859253372,
      "resptime_old": 7900.334859253372,
      "waittime": 7896.8895924101835,
      "servicetime": 10.0,
      "networktime": 3.4452668431890427,
      "services": {
        "MS2_1": {
          "meanserv": 0.11027484035336821,
          "stddevserv": 0.11027484035336821,
          "rate": 9.068251622904809,
          "cv": 1.0,
          "lambda": 0.225
        },
        "MS2_2": {
          "meanserv": 2.2321592179205862,
          "stddevserv": 2.2321592179205862,
          "rate": 0.44799671635053456,
          "cv": 1.0,
          "lambda": 0.225
        },
        "MS2_3": {
          "meanserv": 0.2711962155575054,
          "stddevserv": 0.2711962155575054,
          "rate": 3.687367089338887,
          "cv": 1.0,
          "lambda": 0.225
        },
        "MS2_4": {
          "meanserv": 1.461761986971951,
          "stddevserv": 1.461761986971951,
          "rate": 0.6841059002167009,
          "cv": 1.0,
          "lambda": 0.225
        },
        "MS2_5": {
          "meanserv": 5.924607739196589,
          "stddevserv": 5.924607739196589,
          "rate": 0.1687875457786182,
          "cv": 1.0,
          "lambda": 0.225
        }
      },
      "sensors": [
        "S2"
      ],
      "sources": [
        {
          "startTime": 0,
          "stopTime": -1,
          "lambda": 0.225
        }
      ]
    },
    "SC3": {
      "resptime": 6561.439287121662,
      "resptime_old": 6551.439287121662,
      "waittime": 6547.966551912449,
      "servicetime": 10.0,
      "networktime": 3.4727352092129076,
      "services": {
        "MS3_1": {
          "meanserv": 0.24090335492877313,
          "stddevserv": 0.24090335492877313,
          "rate": 4.1510422314195905,
          "cv": 1.0,
          "lambda": 0.225
        },
        "MS3_2": {
          "meanserv": 3.9540557803566783,
          "stddevserv": 3.9540557803566783,
          "rate": 0.2529048793312153,
          "cv": 1.0,
          "lambda": 0.225
        },
        "MS3_3": {
          "meanserv": 0.12865330985040657,
          "stddevserv": 0.12865330985040657,
          "rate": 7.772827618370362,
          "cv": 1.0,
          "lambda": 0.225
        },
        "MS3_4": {
          "meanserv": 0.29364521795734166,
          "stddevserv": 0.29364521795734166,
          "rate": 3.4054700667567883,
          "cv": 1.0,
          "lambda": 0.225
        },
        "MS3_5": {
          "meanserv": 5.382742336906801,
          "stddevserv": 5.382742336906801,
          "rate": 0.1857789092269,
          "cv": 1.0,
          "lambda": 0.225
        }
      },
      "sensors": [
        "S3"
      ],
      "sources": [
        {
          "startTime": 0,
          "stopTime": -1,
          "lambda": 0.225
        }
      ]
    },
    "SC4": {
      "resptime": 6464.7929272491065,
      "resptime_old": 6454.7929272491065,
      "waittime": 6449.360097565623,
      "servicetime": 10.0,
      "networktime": 5.432829683483524,
      "services": {
        "MS4_1": {
          "meanserv": 1.054857792660182,
          "stddevserv": 1.054857792660182,
          "rate": 0.9479950823306338,
          "cv": 1.0,
          "lambda": 0.225
        },
        "MS4_2": {
          "meanserv": 0.4537556760982575,
          "stddevserv": 0.4537556760982575,
          "rate": 2.203829180934493,
          "cv": 1.0,
          "lambda": 0.225
        },
        "MS4_3": {
          "meanserv": 2.640527506888372,
          "stddevserv": 2.640527506888372,
          "rate": 0.37871220708411085,
          "cv": 1.0,
          "lambda": 0.225
        },
        "MS4_4": {
          "meanserv": 0.4968760936269945,
          "stddevserv": 0.4968760936269945,
          "rate": 2.01257418665568,
          "cv": 1.0,
          "lambda": 0.225
        },
        "MS4_5": {
          "meanserv": 5.353982930726194,
          "stddevserv": 5.353982930726194,
          "rate": 0.1867768375317483,
          "cv": 1.0,
          "lambda": 0.225
        }
      },
      "sensors": [
        "S4"
      ],
      "sources": [
        {
          "startTime": 0,
          "stopTime": -1,
          "lambda": 0.225
        }
      ]
    }
  },
  "microservice": {
    "MS1_1": "F6",
    "MS1_2": "F6",
    "MS1_3": "F6",
    "MS1_4": "F1",
    "MS1_5": "F8",
    "MS2_1": "F10",
    "MS2_2": "F10",
    "MS2_3": "F4",
    "MS2_4": "F4",
    "MS2_5": "F3",
    "MS3_1": "F4",
    "MS3_2": "F2",
    "MS3_3": "F4",
    "MS3_4": "F4",
    "MS3_5": "F9",
    "MS4_1": "F8",
    "MS4_2": "F8",
    "MS4_3": "F5",
    "MS4_4": "F8",
    "MS4_5": "F7"
  },
  "sensor": {
    "S1": "F6",
    "S2": "F10",
    "S3": "F4",
    "S4": "F8"
  },
  "fog": {
    "F1": {
      "rho": 1.7108687203479103,
      "capacity": 1.0,
      "tserv": 7.603860979324045,
      "stddev": 7.603860979324047,
      "mu": 0.1315121361002179,
      "cv": 1.0000000000000002,
      "lambda": 0.225,
      "twait": 12996.198695496127
    },
    "F2": {
      "rho": 0.8896625505802526,
      "capacity": 1.0,
      "tserv": 3.9540557803566783,
      "stddev": 3.9540557803566783,
      "mu": 0.2529048793312153,
      "cv": 1.0,
      "lambda": 0.225,
      "twait": 31.881970891916648
    },
    "F3": {
      "rho": 1.3330367413192326,
      "capacity": 1.0,
      "tserv": 5.924607739196589,
      "stddev": 5.924607739196589,
      "mu": 0.1687875457786182,
      "cv": 1.0,
      "lambda": 0.225,
      "twait": 7889.822074459066
    },
    "F4": {
      "rho": 0.5391360191848451,
      "capacity": 1.0,
      "tserv": 0.47923201705319557,
      "stddev": 0.8478091278223728,
      "mu": 2.0866719342939857,
      "cv": 1.7690995126652078,
      "lambda": 1.125,
      "twait": 1.1576073887614564
    },
    "F5": {
      "rho": 0.5941186890498836,
      "capacity": 1.0,
      "tserv": 2.640527506888372,
      "stddev": 2.6405275068883713,
      "mu": 0.37871220708411085,
      "cv": 0.9999999999999998,
      "lambda": 0.225,
      "twait": 3.8651366753506022
    },
    "F6": {
      "rho": 0.47547996975284573,
      "capacity": 1.0,
      "tserv": 0.7044147700042158,
      "stddev": 1.1315250685743754,
      "mu": 1.4196181604681786,
      "cv": 1.6063335363731845,
      "lambda": 0.675,
      "twait": 1.1431123755352848
    },
    "F7": {
      "rho": 1.2046461594133937,
      "capacity": 1.0,
      "tserv": 5.353982930726194,
      "stddev": 5.353982930726194,
      "mu": 0.1867768375317483,
      "cv": 1.0,
      "lambda": 0.225,
      "twait": 6443.205320089105
    },
    "F8": {
      "rho": 0.5148864614359667,