{
  "servicechain": {
    "SC1": {
      "resptime": 31.924180095244985,
      "resptime_old": 21.924180095244985,
      "waittime": 18.908580345770414,
      "servicetime": 10.0,
      "networktime": 3.01559974947457,
      "services": {
        "MS1_1": {
          "meanserv": 4.188840384772686,
          "stddevserv": 4.188840384772686,
          "rate": 0.23872955475582455,
          "cv": 1.0,
          "lambda": 0.175
        },
        "MS1_2": {
          "meanserv": 1.173197406037751,
          "stddevserv": 1.173197406037751,
          "rate": 0.8523714720588311,
          "cv": 1.0,
          "lambda": 0.175
        },
        "MS1_3": {
          "meanserv": 1.3623489971360456,
          "stddevserv": 1.3623489971360456,
          "rate": 0.7340263046416284,
          "cv": 1.0,
          "lambda": 0.175
        },
        "MS1_4": {
          "meanserv": 0.012707590487045728,
          "stddevserv": 0.012707590487045728,
          "rate": 78.69312447701334,
          "cv": 1.0,
          "lambda": 0.175
        },
        "MS1_5": {
          "meanserv": 3.262905621566472,
          "stddevserv": 3.262905621566472,
          "rate": 0.30647530636203785,
          "cv": 1.0,
          "lambda": 0.175
        }
      },
      "sensors": [
        "S1"
      ],
      "sources": [
        {
          "startTime": 0,
          "stopTime": -1,
          "lambda": 0.175
        }
      ]
    },
    "SC2": {
      "resptime": 10842.134987644531,
      "resptime_old": 10832.134987644533,
      "waittime": 10828.797840404437,
      "servicetime": 10.0,
      "networktime": 3.3371472400946214,
      "services": {
        "MS2_1": {
          "meanserv": 0.13405023822951834,
          "stddevserv": 0.13405023822951834,
          "rate": 7.459889763775119,
          "cv": 1.0,
          "lambda": 0.175
        },
        "MS2_2": {
          "meanserv": 1.4229802947760384,
          "stddevserv": 1.4229802947760384,
          "rate": 0.7027504201366254,
          "cv": 1.0,
          "lambda": 0.175
        },
        "MS2_3": {
          "meanserv": 0.2819792370505969,
          "stddevserv": 0.2819792370505969,
          "rate": 3.546360400360134,
          "cv": 1.0,
          "lambda": 0.175
        },
        "MS2_4": {
          "meanserv": 7.868790720114846,
          "stddevserv": 7.868790720114846,
          "rate": 0.12708433043513515,
          "cv": 1.0,
          "lambda": 0.175
        },
        "MS2_5": {
          "meanserv": 0.29219950982900045,
          "stddevserv": 0.29219950982900045,
          "rate": 3.4223192249200385,
          "cv": 1.0,
          "lambda": 0.175
        }
      },
      "sensors": [
        "S2"
      ],
      "sources": [
        {
          "startTime": 0,
          "stopTime": -1,
          "lambda": 0.175
        }
      ]
    },
    "SC3": {
      "resptime": 6267.115450501359,
      "resptime_old": 6257.115450501358,
      "waittime": 6254.146210001761,
      "servicetime": 10.0,
      "networktime": 2.9692404995981994,
      "services": {
        "MS3_1": {
          "meanserv": 0.9815477462635358,
          "stddevserv": 0.9815477462635358,
          "rate": 1.0187991402422414,
          "cv": 1.0,
          "lambda": 0.175
        },
        "MS3_2": {
          "meanserv": 2.182650614986734,
          "stddevserv": 2.182650614986734,
          "rate": 0.45815853125264294,
          "cv": 1.0,
          "lambda": 0.175
        },
        "MS3_3": {
          "meanserv": 5.978083783179407,
          "stddevserv": 5.978083783179407,
          "rate": 0.1672776823258499,
          "cv": 1.0,
          "lambda": 0.175
        },
        "MS3_4": {
          "meanserv": 0.7063614309901602,
          "stddevserv": 0.7063614309901602,
          "rate": 1.4157058357478896,
          "cv": 1.0,
          "lambda": 0.175
        },
        "MS3_5": {
          "meanserv": 0.15135642458016285,
          "stddevserv": 0.15135642458016285,
          "rate": 6.606921396127261,
          "cv": 1.0,
          "lambda": 0.175
        }
      },
      "sensors": [
        "S3"
      ],
      "sources": [
        {
          "startTime": 0,
          "stopTime": -1,
          "lambda": 0.175
        }
      ]
    },
    "SC4": {
      "resptime": 36.884959536305075,
      "resptime_old": 26.88495953630507,
      "waittime": 21.09568705484114,
      "servicetime": 10.0,
      "networktime": 5.789272481463935,
      "services": {
        "MS4_1": {
          "meanserv": 0.9434496032311057,
          "stddevserv": 0.9434496032311057,
          "rate": 1.0599400292026429,
          "cv": 1.0,
          "lambda": 0.175
        },
        "MS4_2": {
          "meanserv": 4.394478016936571,
          "stddevserv": 4.394478016936571,
          "rate": 0.2275583120784636,
          "cv": 1.0,
          "lambda": 0.175
        },
        "MS4_3": {
          "meanserv": 1.493559805420146,
          "stddevserv": 1.493559805420146,
          "rate": 0.6695413175762954,
          "cv": 1.0,
          "lambda": 0.175
        },
        "MS4_4": {
          "meanserv": 2.1857279285174016,
          "stddevserv": 2.1857279285174016,
          "rate": 0.45751348415916926,
          "cv": 1.0,
          "lambda": 0.175
        },
        "MS4_5": {
          "meanserv": 0.9827846458947764,
          "stddevserv": 0.9827846458947764,
          "rate": 1.0175169139822589,
          "cv": 1.0,
          "lambda": 0.175
        }
      },
      "sensors": [
        "S4"
      ],
      "sources": [
        {
          "startTime": 0,
          "stopTime": -1,
          "lambda": 0.175
        }
      ]
    }
  },
  "microservice": {
    "MS1_1": "F3",
    "MS1_2": "F2",
    "MS1_3": "F2",
    "MS1_4": "F2",
    "MS1_5": "F9",
    "MS2_1": "F4",
    "MS2_2": "F4",
    "MS2_3": "F4",
    "MS2_4": "F10",
    "MS2_5": "F8",
    "MS3_1": "F6",
    "MS3_2": "F6",
    "MS3_3": "F1",
    "MS3_4": "F8",
    "MS3_5": "F8",
    "MS4_1": "F4",
    "MS4_2": "F7",
    "MS4_3": "F8",
    "MS4_4": "F5",
    "MS4_5": "F5"
  },
  "sensor": {
    "S1": "F3",
    "S2": "F4",
    "S3": "F6",
    "S4": "F4"
  },
  "fog": {
    "F1": {
      "rho": 1.0461646620563962,
      "capacity": 1.0,
      "tserv": 5.978083783179407,
      "stddev": 5.978083783179407,
      "mu": 0.1672776823258499,
      "cv": 1.0,
      "lambda": 0.175,
      "twait": 6247.805940773927
    },
    "F2": {
      "rho": 0.4459444488906474,
      "capacity": 1.0,
      "tserv": 0.8494179978869475,
      "stddev": 1.1972975190502646,
      "mu": 1.1772766794295004,
      "cv": 1.4095504475166747,
      "lambda": 0.5249999999999999,
      "twait": 1.021009488101175
    },
    "F3": {
      "rho": 0.73304706733522,
      "capacity": 1.0,
      "tserv": 4.188840384772686,
      "stddev": 4.188840384772686,
      "mu": 0.23872955475582455,
      "cv": 1.0,
      "lambda": 0.175,
      "twait": 11.50246647954532
    },
    "F4": {
      "rho": 0.4869303903252704,
      "capacity": 1.0,
      "tserv": 0.6956148433218149,
      "stddev": 1.0111112226544599,
      "mu": 1.4375771443068046,
      "cv": 1.4535503840401602,
      "lambda": 0.7,
      "twait": 1.0275000901414055
    },
    "F5": {
      "rho": 0.5544897005221312,
      "capacity": 1.0,
      "tserv": 1.5842562872060892,
      "stddev": 1.7981669149874464,
      "mu": 0.6312110029643924,
      "cv": 1.1350227419066132,
      "lambda": 0.35,
      "twait": 2.2560031558793163
    },
    "F6": {
      "rho": 0.5537347132187973,
      "capacity": 1.0,
      "tserv": 1.5820991806251352,
      "stddev": 1.795650820165845,
      "mu": 0.632071624994376,
      "cv": 1.1349799318247096,
      "lambda": 0.35,
      "twait": 2.245962154386399
    },
    "F7": {
      "rho": 0.7690336529638998,
      "capacity": 1.0,
      "tserv": 4.394478016936571,
      "stddev": 4.394478016936571,
      "mu": 0.2275583120784636,
      "cv": 1.0,
      "lambda": 0.175,
      "twait": 14.632008193410389
    },
    "F8": {
      "rho": 0.4626085048934071,