{
  "servicechain": {
    "SC1": {
      "resptime": 8346.33920000062,
      "resptime_old": 8336.33920000062,
      "waittime": 8331.663034614869,
      "servicetime": 10.0,
      "networktime": 4.676165385752616,
      "services": {
        "MS1_1": {
          "meanserv": 1.1842472067434984,
          "stddevserv": 1.1842472067434984,
          "rate": 0.8444182889397304,
          "cv": 1.0,
          "lambda": 0.15
        },
        "MS1_2": {
          "meanserv": 0.527144323058506,
          "stddevserv": 0.527144323058506,
          "rate": 1.897013694841618,
          "cv": 1.0,
          "lambda": 0.15
        },
        "MS1_3": {
          "meanserv": 0.10287030856319879,
          "stddevserv": 0.10287030856319879,
          "rate": 9.720977937823974,
          "cv": 1.0,
          "lambda": 0.15
        },
        "MS1_4": {
          "meanserv": 7.455236498428052,
          "stddevserv": 7.455236498428052,
          "rate": 0.13413390711493212,
          "cv": 1.0,
          "lambda": 0.15
        },
        "MS1_5": {
          "meanserv": 0.013935605233742265,
          "stddevserv": 0.013935605233742265,
          "rate": 71.7586343202878,
          "cv": 1.0,
          "lambda": 0.15
        },
        "MS1_6": {
          "meanserv": 0.7165660579730027,
          "stddevserv": 0.7165660579730027,
          "rate": 1.3955447496756481,
          "cv": 1.0,
          "lambda": 0.15
        }
      },
      "sensors": [
        "S1"
      ],
      "sources": [
        {
          "startTime": 0,
          "stopTime": -1,
          "lambda": 0.15
        }
      ]
    },
    "SC2": {
      "resptime": 27.560183788177724,
      "resptime_old": 17.560183788177724,
      "waittime": 13.537477339278958,
      "servicetime": 10.0,
      "networktime": 4.022706448898766,
      "services": {
        "MS2_1": {
          "meanserv": 0.40776602252515337,
          "stddevserv": 0.40776602252515337,
          "rate": 2.4523867727069244,
          "cv": 1.0,
          "lambda": 0.15
        },
        "MS2_2": {
          "meanserv": 0.1706426387828064,
          "stddevserv": 0.1706426387828064,
          "rate": 5.8602000480829295,
          "cv": 1.0,
          "lambda": 0.15
        },
        "MS2_3": {
          "meanserv": 0.40770041542449786,
          "stddevserv": 0.40770041542449786,
          "rate": 2.4527814104844596,
          "cv": 1.0,
          "lambda": 0.15
        },
        "MS2_4": {
          "meanserv": 3.0090008259381573,
          "stddevserv": 3.0090008259381573,
          "rate": 0.33233623313752875,
          "cv": 1.0,
          "lambda": 0.15
        },
        "MS2_5": {
          "meanserv": 4.3684460516180295,
          "stddevserv": 4.3684460516180295,
          "rate": 0.22891435265169632,
          "cv": 1.0,
          "lambda": 0.15
        },
        "MS2_6": {
          "meanserv": 1.6364440457113556,
          "stddevserv": 1.6364440457113556,
          "rate": 0.6110810831697604,
          "cv": 1.0,
          "lambda": 0.15
        }
      },
      "sensors": [
        "S2"
      ],
      "sources": [
        {
          "startTime": 0,
          "stopTime": -1,
          "lambda": 0.15
        }
      ]
    },
    "SC3": {
      "resptime": 58.85596693228092,
      "resptime_old": 48.85596693228093,
      "waittime": 45.30211458669483,
      "servicetime": 10.0,
      "networktime": 3.5538523455860975,
      "services": {
        "MS3_1": {
          "meanserv": 0.021821460736126674,
          "stddevserv": 0.021821460736126674,
          "rate": 45.826446363622345,
          "cv": 1.0,
          "lambda": 0.15
        },
        "MS3_2": {
          "meanserv": 1.4563312334680578,
          "stddevserv": 1.4563312334680578,
          "rate": 0.6866569754317731,
          "cv": 1.0,
          "lambda": 0.15
        },
        "MS3_3": {
          "meanserv": 0.12227123304337728,
          "stddevserv": 0.12227123304337728,
          "rate": 8.17853860723918,
          "cv": 1.0,
          "lambda": 0.15
        },
        "MS3_4": {
          "meanserv": 1.5387794293729964,
          "stddevserv": 1.5387794293729964,
          "rate": 0.6498657188363041,
          "cv": 1.0,
          "lambda": 0.15
        },
        "MS3_5": {
          "meanserv": 5.809566211424268,
          "stddevserv": 5.809566211424268,
          "rate": 0.17212989121864936,
          "cv": 1.0,
          "lambda": 0.15
        },
        "MS3_6": {
          "meanserv": 1.0512304319551742,
          "stddevserv": 1.0512304319551742,
          "rate": 0.9512662206135993,
          "cv": 1.0,
          "lambda": 0.15
        }
      },
      "sensors": [
        "S3"
      ],
      "sources": [
        {
          "startTime": 0,
          "stopTime": -1,
          "lambda": 0.15
        }
      ]
    },
    "SC4": {
      "resptime": 26.61048140238593,
      "resptime_old": 16.61048140238593,
      "waittime": 12.217734612714953,
      "servicetime": 10.0,
      "networktime": 4.392746789670977,
      "services": {
        "MS4_1": {
          "meanserv": 0.5908320182452209,
          "stddevserv": 0.5908320182452209,
          "rate": 1.6925284499137565,
          "cv": 1.0,
          "lambda": 0.15
        },
        "MS4_2": {
          "meanserv": 0.12527269306311317,
          "stddevserv": 0.12527269306311317,
          "rate": 7.982585634174829,
          "cv": 1.0,
          "lambda": 0.15
        },
        "MS4_3": {
          "meanserv": 3.6628555312294107,
          "stddevserv": 3.6628555312294107,
          "rate": 0.2730110405594832,
          "cv": 1.0,
          "lambda": 0.15
        },
        "MS4_4": {
          "meanserv": 1.9252211457450743,
          "stddevserv": 1.9252211457450743,
          "rate": 0.5194208479426362,
          "cv": 1.0,
          "lambda": 0.15
        },
        "MS4_5": {
          "meanserv": 2.5314525075463905,
          "stddevserv": 2.5314525075463905,
          "rate": 0.39503012480737776,
          "cv": 1.0,
          "lambda": 0.15
        },
        "MS4_6": {
          "meanserv": 1.1643661041707905,
          "stddevserv": 1.1643661041707905,
          "rate": 0.8588364058503364,
          "cv": 1.0,
          "lambda": 0.15
        }
      },
      "sensors": [
        "S4"
      ],
      "sources": [
        {
          "startTime": 0,
          "stopTime": -1,
          "lambda": 0.15
        }
      ]
    }
  },
  "microservice": {
    "MS1_1": "F1",
    "MS1_2": "F10",
    "MS1_3": "F10",
    "MS1_4": "F3",
    "MS1_5": "F1",
    "MS1_6": "F1",
    "MS2_1": "F10",
    "MS2_2": "F10",
    "MS2_3": "F10",
    "MS2_4": "F8",
    "MS2_5": "F4",
    "MS2_6": "F5",
    "MS3_1": "F9",
    "MS3_2": "F9",
    "MS3_3": "F9",
    "MS3_4": "F9",
    "MS3_5": "F6",
    "MS3_6": "F1",
    "MS4_1": "F10",
    "MS4_2": "F10",
    "MS4_3": "F7",
    "MS4_4": "F5",
    "MS4_5": "F2",
    "MS4_6": "F2"
  },
  "sensor": {
    "S1": "F1",
    "S2": "F10",
    "S3": "F9",
    "S4": "F10"
  },
  "fog": {
    "F1": {
      "rho": 0.4448968952858125,
      "capacity": 1.0,
      "tserv": 0.7414948254763543,
      "stddev": 0.9801935604420745,
      "mu": 1.3486270782234735,
      "cv": 1.3219155775124585,
      "lambda": 0.6,
      "twait": 0.8163856296127708
    },
    "F2": {
      "rho": 0.5543727917575771,
      "capacity": 1.0,
      "tserv": 1.8479093058585905,
      "stddev": 2.08548110032817,
      "mu": 0.5411520992018447,
      "cv": 1.128562475288362,
      "lambda": 0.3,
      "twait": 2.6133952591650753
    },
    "F3": {
      "rho": 1.1182854747642077,
      "capacity": 1.0,
      "tserv": 7.455236498428052,
      "stddev": 7.455236498428052,
      "mu": 0.13413390711493212,
      "cv": 1.0,
      "lambda": 0.15,
      "twait": 8328.745604436932
    },
    "F4": {
      "rho": 0.6552669077427044,
      "capacity": 1.0,
      "tserv": 4.3684460516180295,
      "stddev": 4.3684460516180295,
      "mu": 0.22891435265169632,
      "cv": 1.0,
      "lambda": 0.15,