{
  "servicechain": {
    "SC1": {
      "resptime": 37.36215318050756,
      "resptime_old": 27.362153180507566,
      "waittime": 22.258053794772415,
      "servicetime": 10.0,
      "networktime": 5.104099385735148,
      "services": {
        "MS1_1": {
          "meanserv": 0.8208611247173991,
          "stddevserv": 0.8208611247173991,
          "rate": 1.2182328653269743,
          "cv": 1.0,
          "lambda": 0.15
        },
        "MS1_2": {
          "meanserv": 3.238629665666651,
          "stddevserv": 3.238629665666651,
          "rate": 0.3087725684110154,
          "cv": 1.0,
          "lambda": 0.15
        },
        "MS1_3": {
          "meanserv": 2.9116879565652347,
          "stddevserv": 2.9116879565652347,
          "rate": 0.34344339603603935,
          "cv": 1.0,
          "lambda": 0.15
        },
        "MS1_4": {
          "meanserv": 0.8437397194163765,
          "stddevserv": 0.8437397194163765,
          "rate": 1.1851996261260644,
          "cv": 1.0,
          "lambda": 0.15
        },
        "MS1_5": {
          "meanserv": 0.15195840761567325,
          "stddevserv": 0.15195840761567325,
          "rate": 6.58074808554955,
          "cv": 1.0,
          "lambda": 0.15
        },
        "MS1_6": {
          "meanserv": 0.04217957028197361,
          "stddevserv": 0.04217957028197361,
          "rate": 23.708159976854304,
          "cv": 1.0,
          "lambda": 0.15
        },
        "MS1_7": {
          "meanserv": 1.8742648246283515,
          "stddevserv": 1.8742648246283515,
          "rate": 0.5335425319088994,
          "cv": 1.0,
          "lambda": 0.15
        },
        "MS1_8": {
          "meanserv": 0.11667873110834037,
          "stddevserv": 0.11667873110834037,
          "rate": 8.570542295934503,
          "cv": 1.0,
          "lambda": 0.15
        }
      },
      "sensors": [
        "S1"
      ],
      "sources": [
        {
          "startTime": 0,
          "stopTime": -1,
          "lambda": 0.15
        }
      ]
    },
    "SC2": {
      "resptime": 45.85724275007934,
      "resptime_old": 35.857242750079344,
      "waittime": 32.653332890766976,
      "servicetime": 10.0,
      "networktime": 3.2039098593123647,
      "services": {
        "MS2_1": {
          "meanserv": 0.31222102672073593,
          "stddevserv": 0.31222102672073593,
          "rate": 3.2028592388636383,
          "cv": 1.0,
          "lambda": 0.15
        },
        "MS2_2": {
          "meanserv": 5.505730037112238,
          "stddevserv": 5.505730037112238,
          "rate": 0.1816289562436485,
          "cv": 1.0,
          "lambda": 0.15
        },
        "MS2_3": {
          "meanserv": 1.2749899027125666,
          "stddevserv": 1.2749899027125666,
          "rate": 0.7843199368657586,
          "cv": 1.0,
          "lambda": 0.15
        },
        "MS2_4": {
          "meanserv": 0.5311401621278034,
          "stddevserv": 0.5311401621278034,
          "rate": 1.8827422049838876,
          "cv": 1.0,
          "lambda": 0.15
        },
        "MS2_5": {
          "meanserv": 0.6790667290859247,
          "stddevserv": 0.6790667290859247,
          "rate": 1.4726093286090982,
          "cv": 1.0,
          "lambda": 0.15
        },
        "MS2_6": {
          "meanserv": 0.8568734100946287,
          "stddevserv": 0.8568734100946287,
          "rate": 1.1670335293629488,
          "cv": 1.0,
          "lambda": 0.15
        },
        "MS2_7": {
          "meanserv": 0.14229233456457102,
          "stddevserv": 0.14229233456457102,
          "rate": 7.027785460545724,
          "cv": 1.0,
          "lambda": 0.15
        },
        "MS2_8": {
          "meanserv": 0.6976863975815313,
          "stddevserv": 0.6976863975815313,
          "rate": 1.4333087236133775,
          "cv": 1.0,
          "lambda": 0.15
        }
      },
      "sensors": [
        "S2"
      ],
      "sources": [
        {
          "startTime": 0,
          "stopTime": -1,
          "lambda": 0.15
        }
      ]
    },
    "SC3": {
      "resptime": 31.164033215706095,
      "resptime_old": 21.164033215706098,
      "waittime": 16.41309039089387,
      "servicetime": 10.0,
      "networktime": 4.750942824812225,
      "services": {
        "MS3_1": {
          "meanserv": 1.6671596071988182,
          "stddevserv": 1.6671596071988182,
          "rate": 0.5998225938788261,
          "cv": 1.0,
          "lambda": 0.15
        },
        "MS3_2": {
          "meanserv": 0.02584042470697656,
          "stddevserv": 0.02584042470697656,
          "rate": 38.69905434371648,
          "cv": 1.0,
          "lambda": 0.15
        },
        "MS3_3": {
          "meanserv": 0.808966566573629,
          "stddevserv": 0.808966566573629,
          "rate": 1.2361450291270892,
          "cv": 1.0,
          "lambda": 0.15
        },
        "MS3_4": {
          "meanserv": 2.8431643257142722,
          "stddevserv": 2.8431643257142722,
          "rate": 0.3517207890362706,
          "cv": 1.0,
          "lambda": 0.15
        },
        "MS3_5": {
          "meanserv": 0.034744131820580115,
          "stddevserv": 0.034744131820580115,
          "rate": 28.78183876241416,
          "cv": 1.0,
          "lambda": 0.15
        },
        "MS3_6": {
          "meanserv": 0.029215353030975777,
          "stddevserv": 0.029215353030975777,
          "rate": 34.22857834165971,
          "cv": 1.0,
          "lambda": 0.15
        },
        "MS3_7": {
          "meanserv": 3.2579740448179315,
          "stddevserv": 3.2579740448179315,
          "rate": 0.3069392162870604,
          "cv": 1.0,
          "lambda": 0.15
        },
        "MS3_8": {
          "meanserv": 1.3329355461368166,
          "stddevserv": 1.3329355461368166,
          "rate": 0.7502238220732069,
          "cv": 1.0,
          "lambda": 0.15
        }
      },
      "sensors": [
        "S3"
      ],
      "sources": [
        {
          "startTime": 0,
          "stopTime": -1,
          "lambda": 0.15
        }
      ]
    },
    "SC4": {
      "resptime": 32.132402914872074,
      "resptime_old": 22.132402914872078,
      "waittime": 18.65019961862094,
      "servicetime": 10.0,
      "networktime": 3.4822032962511384,
      "services": {
        "MS4_1": {
          "meanserv": 0.7843347148519453,
          "stddevserv": 0.7843347148519453,
          "rate": 1.2749658800819044,
          "cv": 1.0,
          "lambda": 0.15
        },
        "MS4_2": {
          "meanserv": 0.9309350220953871,
          "stddevserv": 0.9309350220953871,
          "rate": 1.0741888276468088,
          "cv": 1.0,
          "lambda": 0.15
        },
        "MS4_3": {
          "meanserv": 1.273398740906906,
          "stddevserv": 1.273398740906906,
          "rate": 0.7852999754717888,
          "cv": 1.0,
          "lambda": 0.15
        },
        "MS4_4": {
          "meanserv": 2.8842815196309335,
          "stddevserv": 2.8842815196309335,
          "rate": 0.3467067944629614,
          "cv": 1.0,
          "lambda": 0.15
        },
        "MS4_5": {
          "meanserv": 0.6489492896355076,
          "stddevserv": 0.6489492896355076,
          "rate": 1.540952453406129,
          "cv": 1.0,
          "lambda": 0.15
        },
        "MS4_6": {
          "meanserv": 2.978836773944919,
          "stddevserv": 2.978836773944919,
          "rate": 0.3357015089738149,
          "cv": 1.0,
          "lambda": 0.15
        },
        "MS4_7": {
          "meanserv": 0.0012292176342363348,
          "stddevserv": 0.0012292176342363348,
          "rate": 813.5255890802943,
          "cv": 1.0,
          "lambda": 0.15
        },
        "MS4_8": {
          "meanserv": 0.498034721300165,
          "stddevserv": 0.498034721300165,
          "rate": 2.0078921352901036,
          "cv": 1.0,
          "lambda": 0.15
        }
      },
      "sensors": [
        "S4"
      ],
      "sources": [
        {
          "startTime": 0,
          "stopTime": -1,