{
  "servicechain": {
    "SC1": {
      "resptime": 26.699568393073008,
      "resptime_old": 16.699568393073008,
      "waittime": 12.361065804825904,
      "servicetime": 10.0,
      "networktime": 4.338502588247103,
      "services": {
        "MS1_1": {
          "meanserv": 2.5543821158513538,
          "stddevserv": 2.5543821158513538,
          "rate": 0.3914841063889568,
          "cv": 1.0,
          "lambda": 0.15
        },
        "MS1_2": {
          "meanserv": 1.2356944039854163,
          "stddevserv": 1.2356944039854163,
          "rate": 0.8092615753334771,
          "cv": 1.0,
          "lambda": 0.15
        },
        "MS1_3": {
          "meanserv": 2.863606828912145,
          "stddevserv": 2.863606828912145,
          "rate": 0.3492099508576356,
          "cv": 1.0,
          "lambda": 0.15
        },
        "MS1_4": {
          "meanserv": 3.346316651251085,
          "stddevserv": 3.346316651251085,
          "rate": 0.2988360350255947,
          "cv": 1.0,
          "lambda": 0.15
        }
      },
      "sensors": [
        "S1"
      ],
      "sources": [
        {
          "startTime": 0,
          "stopTime": -1,
          "lambda": 0.15
        }
      ]
    },
    "SC2": {
      "resptime": 30.185290588789226,
      "resptime_old": 20.185290588789226,
      "waittime": 15.810706743417128,
      "servicetime": 10.0,
      "networktime": 4.374583845372098,
      "services": {
        "MS2_1": {
          "meanserv": 3.414665227687046,
          "stddevserv": 3.414665227687046,
          "rate": 0.29285447718028834,
          "cv": 1.0,
          "lambda": 0.15
        },
        "MS2_2": {
          "meanserv": 4.421889100333198,
          "stddevserv": 4.421889100333198,
          "rate": 0.22614768876149519,
          "cv": 1.0,
          "lambda": 0.15
        },
        "MS2_3": {
          "meanserv": 0.2671047937176576,
          "stddevserv": 0.2671047937176576,
          "rate": 3.743848944384904,
          "cv": 1.0,
          "lambda": 0.15
        },
        "MS2_4": {
          "meanserv": 1.896340878262098,
          "stddevserv": 1.896340878262098,
          "rate": 0.5273313524288156,
          "cv": 1.0,
          "lambda": 0.15
        }
      },
      "sensors": [
        "S2"
      ],
      "sources": [
        {
          "startTime": 0,
          "stopTime": -1,
          "lambda": 0.15
        }
      ]
    },
    "SC3": {
      "resptime": 27.353017570128973,
      "resptime_old": 17.353017570128973,
      "waittime": 13.492209028443305,
      "servicetime": 10.0,
      "networktime": 3.8608085416856683,
      "services": {
        "MS3_1": {
          "meanserv": 2.641653438563931,
          "stddevserv": 2.641653438563931,
          "rate": 0.37855079148596604,
          "cv": 1.0,
          "lambda": 0.15
        },
        "MS3_2": {
          "meanserv": 0.8120904678021978,
          "stddevserv": 0.8120904678021978,
          "rate": 1.2313899000764672,
          "cv": 1.0,
          "lambda": 0.15
        },
        "MS3_3": {
          "meanserv": 2.5506368488073594,
          "stddevserv": 2.5506368488073594,
          "rate": 0.3920589481280275,
          "cv": 1.0,
          "lambda": 0.15
        },
        "MS3_4": {
          "meanserv": 3.9956192448265115,
          "stddevserv": 3.9956192448265115,
          "rate": 0.2502740973867293,
          "cv": 1.0,
          "lambda": 0.15
        }
      },
      "sensors": [
        "S3"
      ],
      "sources": [
        {
          "startTime": 0,
          "stopTime": -1,
          "lambda": 0.15
        }
      ]
    },
    "SC4": {
      "resptime": 127.56448453910349,
      "resptime_old": 117.56448453910347,
      "waittime": 111.61921372529046,
      "servicetime": 10.0,
      "networktime": 5.945270813813018,
      "services": {
        "MS4_1": {
          "meanserv": 6.284331252105343,
          "stddevserv": 6.284331252105343,
          "rate": 0.1591259212609115,
          "cv": 1.0,
          "lambda": 0.15
        },
        "MS4_2": {
          "meanserv": 1.0556910016623124,
          "stddevserv": 1.0556910016623124,
          "rate": 0.9472468728305723,
          "cv": 1.0,
          "lambda": 0.15
        },
        "MS4_3": {
          "meanserv": 1.2984655520326296,
          "stddevserv": 1.2984655520326296,
          "rate": 0.770139799576963,
          "cv": 1.0,
          "lambda": 0.15
        },
        "MS4_4": {
          "meanserv": 1.3615121941997153,
          "stddevserv": 1.3615121941997153,
          "rate": 0.7344774466656842,
          "cv": 1.0,
          "lambda": 0.15
        }
      },
      "sensors": [
        "S4"
      ],
      "sources": [
        {
          "startTime": 0,
          "stopTime": -1,
          "lambda": 0.15
        }
      ]
    }
  },
  "microservice": {
    "MS1_1": "F1",
    "MS1_2": "F1",
    "MS1_3": "F3",
    "MS1_4": "F7",
    "MS2_1": "F8",
    "MS2_2": "F6",
    "MS2_3": "F2",
    "MS2_4": "F2",
    "MS3_1": "F4",
    "MS3_2": "F5",
    "MS3_3": "F5",
    "MS3_4": "F10",
    "MS4_1": "F9",
    "MS4_2": "F3",
    "MS4_3": "F4",
    "MS4_4": "F2"
  },
  "sensor": {
    "S1": "F1",
    "S2": "F8",
    "S3": "F4",
    "S4": "F9"
  },
  "fog": {
    "F1": {
      "rho": 0.5685114779755155,
      "capacity": 1.0,
      "tserv": 1.895038259918385,
      "stddev": 2.112022406904721,
      "mu": 0.5276938313863213,
      "cv": 1.1145011958733124,
      "lambda": 0.3,
      "twait": 2.7990809405696844
    },
    "F2": {
      "rho": 0.5287436799269206,
      "capacity": 1.0,
      "tserv": 1.174985955393157,
      "stddev": 1.5166368845338,
      "mu": 0.8510740025529874,
      "cv": 1.290770223739674,
      "lambda": 0.44999999999999996,
      "twait": 1.7573777529900778
    },
    "F3": {
      "rho": 0.5878946745861686,
      "capacity": 1.0,
      "tserv": 1.9596489152872287,
      "stddev": 2.339765734084641,
      "mu": 0.5102954882372022,
      "cv": 1.1939718976353975,
      "lambda": 0.3,
      "twait": 3.3904175657870868
    },
    "F4": {
      "rho": 0.5910178485894841,
      "capacity": 1.0,
      "tserv": 1.9700594952982806,
      "stddev": 2.1870553866505364,
      "mu": 0.5075988833771709,
      "cv": 1.110146872147839,
      "lambda": 0.3,
      "twait": 3.1777715663422215
    },
    "F5": {
      "rho": 0.5044090974914336,
      "capacity": 1.0,
      "tserv": 1.6813636583047786,
      "stddev": 2.0828479327404343,
      "mu": 0.5947553315195607,
      "cv": 1.2387849127418686,
      "lambda": 0.3,
      "twait": 2.1686957607939368
    },
    "F6": {
      "rho": 0.6632833650499796,
      "capacity": 1.0,
      "tserv": 4.421889100333198,
      "stddev": 4.421889100333198,
      "mu": 0.22614768876149519,
      "cv": 1.0,
      "lambda": 0.15,
      "twait": 8.710485844520802
    },
    "F7": {
      "rho": 0.5019474976876627,
      "capacity": 1.0,
      "tserv": 3.3463166512510845,
      "stddev": 3.3463166512510854,
      "mu": 0.29883603502559475,
      "cv": 1.0000000000000002,
      "lambda": 0.15,
      "twait": 3.372486357899449
    },
    "F8": {
      "rho": 0.5121997841530568,
      "capacity": 1.0,
      "tserv": 3.414665227687046,
      "stddev": 3.414665227687046,
      "mu": 0.29285447718028834,
      "cv": 1.0,
      "lambda": 0.15,
      "twait": 3.585465392916171
    },
    "F9": {
      "rho": 0.9426496878158013,
      "capacity": 1.0,
      "tserv": 6.284331252105343,
      "stddev": 6.284331252105343,
      "mu": 0.1591259212609115,
      "cv": 1.0,
      "lambda": 0.15,
      "twait": 103.29364684017108
    },
    "F10": {
      "rho": 0.5993428867239766,
      "capacity": 1.0,
      "tserv": 3.9956192448265115,
      "stddev": 3.9956192448265115,
      "mu": 0.2502740973867293,
      "cv": 1.0,
      "lambda": 0.15,
      "twait": 5.977045940513209
    }
  },
  "extra": {
    "conv_gen": 186,
    "max_gen": 600,
    "population": 600,
    "deltatime": 31.8301161,
    "obj_func": 52.950590272773674
  },