{
  "servicechain": {
    "SC1": {
      "resptime": 43.50410419713267,
      "resptime_old": 33.504104197132676,
      "waittime": 30.947660237053476,
      "servicetime": 10.0,
      "networktime": 2.5564439600791937,
      "services": {
        "MS1_1": {
          "meanserv": 3.7820367487611097,
          "stddevserv": 3.7820367487611097,
          "rate": 0.2644077957009731,
          "cv": 1.0,
          "lambda": 0.075
        },
        "MS1_2": {
          "meanserv": 2.7231731430432413,
          "stddevserv": 2.7231731430432413,
          "rate": 0.3672186627407999,
          "cv": 1.0,
          "lambda": 0.075
        },
        "MS1_3": {
          "meanserv": 0.7048708395742356,
          "stddevserv": 0.7048708395742356,
          "rate": 1.4186996309905966,
          "cv": 1.0,
          "lambda": 0.075
        },
        "MS1_4": {
          "meanserv": 0.6358795766432124,
          "stddevserv": 0.6358795766432124,
          "rate": 1.5726248125139788,
          "cv": 1.0,
          "lambda": 0.075
        },
        "MS1_5": {
          "meanserv": 0.16647492136185438,
          "stddevserv": 0.16647492136185438,
          "rate": 6.006910781632826,
          "cv": 1.0,
          "lambda": 0.075
        },
        "MS1_6": {
          "meanserv": 0.7583024815753863,
          "stddevserv": 0.7583024815753863,
          "rate": 1.3187349696159283,
          "cv": 1.0,
          "lambda": 0.075
        },
        "MS1_7": {
          "meanserv": 0.39941718455692055,
          "stddevserv": 0.39941718455692055,
          "rate": 2.5036479116673833,
          "cv": 1.0,
          "lambda": 0.075
        },
        "MS1_8": {
          "meanserv": 0.11548052607515302,
          "stddevserv": 0.11548052607515302,
          "rate": 8.659468691277132,
          "cv": 1.0,
          "lambda": 0.075
        },
        "MS1_9": {
          "meanserv": 0.016563773652613634,
          "stddevserv": 0.016563773652613634,
          "rate": 60.37271584197287,
          "cv": 1.0,
          "lambda": 0.075
        },
        "MS1_10": {
          "meanserv": 0.6978008047562732,
          "stddevserv": 0.6978008047562732,
          "rate": 1.4330737270348644,
          "cv": 1.0,
          "lambda": 0.075
        }
      },
      "sensors": [
        "S1"
      ],
      "sources": [
        {
          "startTime": 0,
          "stopTime": -1,
          "lambda": 0.075
        }
      ]
    },
    "SC2": {
      "resptime": 42.521304325241545,
      "resptime_old": 32.52130432524154,
      "waittime": 29.37667070718626,
      "servicetime": 10.0,
      "networktime": 3.1446336180552774,
      "services": {
        "MS2_1": {
          "meanserv": 0.212735267013896,
          "stddevserv": 0.212735267013896,
          "rate": 4.700678049468307,
          "cv": 1.0,
          "lambda": 0.075
        },
        "MS2_2": {
          "meanserv": 1.7161393608183606,
          "stddevserv": 1.7161393608183606,
          "rate": 0.5827032599049174,
          "cv": 1.0,
          "lambda": 0.075
        },
        "MS2_3": {
          "meanserv": 1.4392257564763955,
          "stddevserv": 1.4392257564763955,
          "rate": 0.6948180266369495,
          "cv": 1.0,
          "lambda": 0.075
        },
        "MS2_4": {
          "meanserv": 0.32880301477150065,
          "stddevserv": 0.32880301477150065,
          "rate": 3.041334644376491,
          "cv": 1.0,
          "lambda": 0.075
        },
        "MS2_5": {
          "meanserv": 0.48828598970371573,
          "stddevserv": 0.48828598970371573,
          "rate": 2.0479801204347154,
          "cv": 1.0,
          "lambda": 0.075
        },
        "MS2_6": {
          "meanserv": 0.6232897588316373,
          "stddevserv": 0.6232897588316373,
          "rate": 1.6043902307564137,
          "cv": 1.0,
          "lambda": 0.075
        },
        "MS2_7": {
          "meanserv": 0.07512174297911489,
          "stddevserv": 0.07512174297911489,
          "rate": 13.311725212206762,
          "cv": 1.0,
          "lambda": 0.075
        },
        "MS2_8": {
          "meanserv": 4.381072130439722,
          "stddevserv": 4.381072130439722,
          "rate": 0.22825463042527708,
          "cv": 1.0,
          "lambda": 0.075
        },
        "MS2_9": {
          "meanserv": 0.3259703624178112,
          "stddevserv": 0.3259703624178112,
          "rate": 3.0677635616401653,
          "cv": 1.0,
          "lambda": 0.075
        },
        "MS2_10": {
          "meanserv": 0.4093566165478464,
          "stddevserv": 0.4093566165478464,
          "rate": 2.4428577909235236,
          "cv": 1.0,
          "lambda": 0.075
        }
      },
      "sensors": [
        "S2"
      ],
      "sources": [
        {
          "startTime": 0,
          "stopTime": -1,
          "lambda": 0.075
        }
      ]
    },
    "SC3": {
      "resptime": 44.64665164475499,
      "resptime_old": 34.64665164475499,
      "waittime": 29.843789703630748,
      "servicetime": 10.0,
      "networktime": 4.80286194112424,
      "services": {
        "MS3_1": {
          "meanserv": 1.300282273289679,
          "stddevserv": 1.300282273289679,
          "rate": 0.7690637798745245,
          "cv": 1.0,
          "lambda": 0.075
        },
        "MS3_2": {
          "meanserv": 1.0635261512954042,
          "stddevserv": 1.0635261512954042,
          "rate": 0.9402683693127549,
          "cv": 1.0,
          "lambda": 0.075
        },
        "MS3_3": {
          "meanserv": 0.7939235110462417,
          "stddevserv": 0.7939235110462417,
          "rate": 1.2595671825894013,
          "cv": 1.0,
          "lambda": 0.075
        },
        "MS3_4": {
          "meanserv": 0.004560256565955267,
          "stddevserv": 0.004560256565955267,
          "rate": 219.2859076100082,
          "cv": 1.0,
          "lambda": 0.075
        },
        "MS3_5": {
          "meanserv": 0.48123494376854037,
          "stddevserv": 0.48123494376854037,
          "rate": 2.077987089152383,
          "cv": 1.0,
          "lambda": 0.075
        },
        "MS3_6": {
          "meanserv": 0.22383713226710977,
          "stddevserv": 0.22383713226710977,
          "rate": 4.467534005067033,
          "cv": 1.0,
          "lambda": 0.075
        },
        "MS3_7": {
          "meanserv": 0.44744688994086435,
          "stddevserv": 0.44744688994086435,
          "rate": 2.2349021134824794,
          "cv": 1.0,
          "lambda": 0.075
        },
        "MS3_8": {
          "meanserv": 0.3312442751714828,
          "stddevserv": 0.3312442751714828,
          "rate": 3.0189200990184877,
          "cv": 1.0,
          "lambda": 0.075
        },
        "MS3_9": {
          "meanserv": 2.639456820346604,
          "stddevserv": 2.639456820346604,
          "rate": 0.37886583038273897,
          "cv": 1.0,
          "lambda": 0.075
        },
        "MS3_10": {
          "meanserv": 2.7144877463081185,
          "stddevserv": 2.7144877463081185,
          "rate": 0.3683936320434917,
          "cv": 1.0,
          "lambda": 0.075
        }
      },
      "sensors": [
        "S3"
      ],
      "sources": [
        {
          "startTime": 0,
          "stopTime": -1,
          "lambda": 0.075
        }
      ]
    },
    "SC4": {
      "resptime": 43.27404706276598,
      "resptime_old": 33.27404706276598,
      "waittime": 30.30523073651724,
      "servicetime": 10.0,
      "networktime": 2.9688163262487355,
      "services": {
        "MS4_1": {
          "meanserv": 1.7577181083973659,
          "stddevserv": 1.7577181083973659,
          "rate": 0.5689194389149064,
          "cv": 1.0,
          "lambda": 0.075
        },
        "MS4_2": {
          "meanserv": 0.9903461342106334,
          "stddevserv": 0.9903461342106334,
          "rate": 1.0097479713969513,
          "cv": 1.0,
          "lambda": 0.075
        },
        "MS4_3": {
          "meanserv": 0.26422025850778796,
          "stddevserv": 0.26422025850778796,