{
  "servicechain": {
    "SC1": {
      "resptime": 55.65514555541782,
      "resptime_old": 45.65514555541781,
      "waittime": 39.979719956840555,
      "servicetime": 10.0,
      "networktime": 5.6754255985772595,
      "services": {
        "MS1_1": {
          "meanserv": 2.5005888221374972,
          "stddevserv": 2.5005888221374972,
          "rate": 0.399905810642312,
          "cv": 1.0,
          "lambda": 0.2
        },
        "MS1_2": {
          "meanserv": 0.2905437329438709,
          "stddevserv": 0.2905437329438709,
          "rate": 3.4418226470339537,
          "cv": 1.0,
          "lambda": 0.2
        },
        "MS1_3": {
          "meanserv": 2.5550819804377443,
          "stddevserv": 2.5550819804377443,
          "rate": 0.3913768746585098,
          "cv": 1.0,
          "lambda": 0.2
        },
        "MS1_4": {
          "meanserv": 3.4024963656027714,
          "stddevserv": 3.4024963656027714,
          "rate": 0.29390185691582493,
          "cv": 1.0,
          "lambda": 0.2
        },
        "MS1_5": {
          "meanserv": 1.2512890988781162,
          "stddevserv": 1.2512890988781162,
          "rate": 0.7991758266707369,
          "cv": 1.0,
          "lambda": 0.2
        }
      },
      "sensors": [
        "S1"
      ],
      "sources": [
        {
          "startTime": 0,
          "stopTime": -1,
          "lambda": 0.2
        }
      ]
    },
    "SC2": {
      "resptime": 105.90988214594844,
      "resptime_old": 95.90988214594844,
      "waittime": 89.01889497319266,
      "servicetime": 10.0,
      "networktime": 6.890987172755786,
      "services": {
        "MS2_1": {
          "meanserv": 4.403137010800192,
          "stddevserv": 4.403137010800192,
          "rate": 0.2271108070330675,
          "cv": 1.0,
          "lambda": 0.2
        },
        "MS2_2": {
          "meanserv": 0.37790559273393054,
          "stddevserv": 0.37790559273393054,
          "rate": 2.646163537209314,
          "cv": 1.0,
          "lambda": 0.2
        },
        "MS2_3": {
          "meanserv": 4.43947822838454,
          "stddevserv": 4.43947822838454,
          "rate": 0.2252516959327189,
          "cv": 1.0,
          "lambda": 0.2
        },
        "MS2_4": {
          "meanserv": 0.328949030014245,
          "stddevserv": 0.328949030014245,
          "rate": 3.0399846442979186,
          "cv": 1.0,
          "lambda": 0.2
        },
        "MS2_5": {
          "meanserv": 0.4505301380670925,
          "stddevserv": 0.4505301380670925,
          "rate": 2.219607337014779,
          "cv": 1.0,
          "lambda": 0.2
        }
      },
      "sensors": [
        "S2"
      ],
      "sources": [
        {
          "startTime": 0,
          "stopTime": -1,
          "lambda": 0.2
        }
      ]
    },
    "SC3": {
      "resptime": 77.870804065351,
      "resptime_old": 67.87080406535101,
      "waittime": 61.2713414485717,
      "servicetime": 10.0,
      "networktime": 6.599462616779304,
      "services": {
        "MS3_1": {
          "meanserv": 0.3829789254176652,
          "stddevserv": 0.3829789254176652,
          "rate": 2.6111097338043607,
          "cv": 1.0,
          "lambda": 0.2
        },
        "MS3_2": {
          "meanserv": 0.06891156114502306,
          "stddevserv": 0.06891156114502306,
          "rate": 14.511353151549116,
          "cv": 1.0,
          "lambda": 0.2
        },
        "MS3_3": {
          "meanserv": 2.0351865886987914,
          "stddevserv": 2.0351865886987914,
          "rate": 0.49135543912922297,
          "cv": 1.0,
          "lambda": 0.2
        },
        "MS3_4": {
          "meanserv": 4.444180643510216,
          "stddevserv": 4.444180643510216,
          "rate": 0.2250133557150266,
          "cv": 1.0,
          "lambda": 0.2
        },
        "MS3_5": {
          "meanserv": 3.068742281228304,
          "stddevserv": 3.068742281228304,
          "rate": 0.32586640009396195,
          "cv": 1.0,
          "lambda": 0.2
        }
      },
      "sensors": [
        "S3"
      ],
      "sources": [
        {
          "startTime": 0,
          "stopTime": -1,
          "lambda": 0.2
        }
      ]
    },
    "SC4": {
      "resptime": 59.00991830130698,
      "resptime_old": 49.00991830130698,
      "waittime": 41.67339091999981,
      "servicetime": 10.0,
      "networktime": 7.33652738130717,
      "services": {
        "MS4_1": {
          "meanserv": 0.37376843712435437,
          "stddevserv": 0.37376843712435437,
          "rate": 2.6754533039056363,
          "cv": 1.0,
          "lambda": 0.2
        },
        "MS4_2": {
          "meanserv": 1.9266315471283832,
          "stddevserv": 1.9266315471283832,
          "rate": 0.5190406030102048,
          "cv": 1.0,
          "lambda": 0.2
        },
        "MS4_3": {
          "meanserv": 3.9271894170385018,
          "stddevserv": 3.9271894170385018,
          "rate": 0.2546350312672469,
          "cv": 1.0,
          "lambda": 0.2
        },
        "MS4_4": {
          "meanserv": 1.0775320126771257,
          "stddevserv": 1.0775320126771257,
          "rate": 0.9280466735419789,
          "cv": 1.0,
          "lambda": 0.2
        },
        "MS4_5": {
          "meanserv": 2.694878586031635,
          "stddevserv": 2.694878586031635,
          "rate": 0.37107423138960705,
          "cv": 1.0,
          "lambda": 0.2
        }
      },
      "sensors": [
        "S4"
      ],
      "sources": [
        {
          "startTime": 0,
          "stopTime": -1,
          "lambda": 0.2
        }
      ]
    }
  },
  "microservice": {
    "MS1_1": "F9",
    "MS1_2": "F9",
    "MS1_3": "F7",
    "MS1_4": "F5",
    "MS1_5": "F9",
    "MS2_1": "F3",
    "MS2_2": "F8",
    "MS2_3": "F2",
    "MS2_4": "F5",
    "MS2_5": "F7",
    "MS3_1": "F7",
    "MS3_2": "F7",
    "MS3_3": "F10",
    "MS3_4": "F1",
    "MS3_5": "F8",
    "MS4_1": "F7",
    "MS4_2": "F10",
    "MS4_3": "F4",
    "MS4_4": "F6",
    "MS4_5": "F6"
  },
  "sensor": {
    "S1": "F9",
    "S2": "F3",
    "S3": "F7",
    "S4": "F7"
  },
  "fog": {
    "F1": {
      "rho": 0.8888361287020432,
      "capacity": 1.0,
      "tserv": 4.444180643510216,
      "stddev": 4.444180643510216,
      "mu": 0.2250133557150266,
      "cv": 1.0,
      "lambda": 0.2,
      "twait": 35.53446162235967
    },
    "F2": {
      "rho": 0.887895645676908,
      "capacity": 1.0,
      "tserv": 4.43947822838454,
      "stddev": 4.43947822838454,
      "mu": 0.2252516959327189,
      "cv": 1.0,
      "lambda": 0.2,
      "twait": 35.161822320474414
    },
    "F3": {
      "rho": 0.8806274021600384,
      "capacity": 1.0,
      "tserv": 4.403137010800192,
      "stddev": 4.403137010800192,
      "mu": 0.2271108070330675,
      "cv": 1.0,
      "lambda": 0.2,
      "twait": 32.48252260015437
    },
    "F4": {
      "rho": 0.7854378834077004,
      "capacity": 1.0,
      "tserv": 3.9271894170385018,
      "stddev": 3.9271894170385018,
      "mu": 0.2546350312672469,
      "cv": 1.0,
      "lambda": 0.2,
      "twait": 14.376085547855483
    },
    "F5": {
      "rho": 0.7462890791234035,
      "capacity": 1.0,
      "tserv": 1.8657226978085084,
      "stddev": 2.864309305429412,
      "mu": 0.5359853322118058,
      "cv": 1.5352277746279501,
      "lambda": 0.4,
      "twait": 9.211419785883782
    },
    "F6": {
      "rho": 0.7544821197417522,
      "capacity": 1.0,
      "tserv": 1.8862052993543803,
      "stddev": 2.205827599900621,
      "mu": 0.5301649827525587,
      "cv": 1.169452551456431,
      "lambda": 0.4,
      "twait": 6.861777906306202
    },
    "F7": {
      "rho": 0.7662542084383759,
      "capacity": 1.0,
      "tserv": 0.7662542084383759,
      "stddev": 1.4905947883116337,
      "mu": 1.3050499285844022,
      "cv": 1.9453006220343796,
      "lambda": 1.0,
      "twait": 6.008703549536985
    },
    "F8": {
      "rho": 0.689329574792447,
      "capacity": 1.0,
      "tserv": 1.7233239369811175,
      "stddev": 2.56712805170404,