{
  "servicechain": {
    "SC1": {
      "resptime": 233.75037149509436,
      "resptime_old": 223.75037149509436,
      "waittime": 220.80706039361738,
      "servicetime": 10.0,
      "networktime": 2.943311101476976,
      "services": {
        "MS1_1": {
          "meanserv": 6.473155927794791,
          "stddevserv": 6.473155927794791,
          "rate": 0.15448415134048374,
          "cv": 1.0,
          "lambda": 0.15
        },
        "MS1_2": {
          "meanserv": 0.26326589731529015,
          "stddevserv": 0.26326589731529015,
          "rate": 3.798441082562201,
          "cv": 1.0,
          "lambda": 0.15
        },
        "MS1_3": {
          "meanserv": 2.2890010017855023,
          "stddevserv": 2.2890010017855023,
          "rate": 0.4368718053071905,
          "cv": 1.0,
          "lambda": 0.15
        },
        "MS1_4": {
          "meanserv": 0.014582077310612007,
          "stddevserv": 0.014582077310612007,
          "rate": 68.57733495023078,
          "cv": 1.0,
          "lambda": 0.15
        },
        "MS1_5": {
          "meanserv": 0.9599950957938042,
          "stddevserv": 0.9599950957938042,
          "rate": 1.0416719880981438,
          "cv": 1.0,
          "lambda": 0.15
        }
      },
      "sensors": [
        "S1"
      ],
      "sources": [
        {
          "startTime": 0,
          "stopTime": -1,
          "lambda": 0.15
        }
      ]
    },
    "SC2": {
      "resptime": 30.19096080865752,
      "resptime_old": 20.190960808657525,
      "waittime": 16.308195934765482,
      "servicetime": 10.0,
      "networktime": 3.8827648738920364,
      "services": {
        "MS2_1": {
          "meanserv": 2.9901878811449456,
          "stddevserv": 2.9901878811449456,
          "rate": 0.334427146302626,
          "cv": 1.0,
          "lambda": 0.15
        },
        "MS2_2": {
          "meanserv": 4.77484046217581,
          "stddevserv": 4.77484046217581,
          "rate": 0.2094310810846061,
          "cv": 1.0,
          "lambda": 0.15
        },
        "MS2_3": {
          "meanserv": 0.535397873437228,
          "stddevserv": 0.535397873437228,
          "rate": 1.8677698392413276,
          "cv": 1.0,
          "lambda": 0.15
        },
        "MS2_4": {
          "meanserv": 0.15525455935369692,
          "stddevserv": 0.15525455935369692,
          "rate": 6.441034673396135,
          "cv": 1.0,
          "lambda": 0.15
        },
        "MS2_5": {
          "meanserv": 1.5443192238883192,
          "stddevserv": 1.5443192238883192,
          "rate": 0.647534515229422,
          "cv": 1.0,
          "lambda": 0.15
        }
      },
      "sensors": [
        "S2"
      ],
      "sources": [
        {
          "startTime": 0,
          "stopTime": -1,
          "lambda": 0.15
        }
      ]
    },
    "SC3": {
      "resptime": 440.5391912720741,
      "resptime_old": 430.5391912720741,
      "waittime": 426.5266304071068,
      "servicetime": 10.0,
      "networktime": 4.012560864967329,
      "services": {
        "MS3_1": {
          "meanserv": 0.5047876890830516,
          "stddevserv": 0.5047876890830516,
          "rate": 1.9810308801637042,
          "cv": 1.0,
          "lambda": 0.15
        },
        "MS3_2": {
          "meanserv": 6.5646792514465675,
          "stddevserv": 6.5646792514465675,
          "rate": 0.15233036705938738,
          "cv": 1.0,
          "lambda": 0.15
        },
        "MS3_3": {
          "meanserv": 1.1868980954913066,
          "stddevserv": 1.1868980954913066,
          "rate": 0.8425323149465989,
          "cv": 1.0,
          "lambda": 0.15
        },
        "MS3_4": {
          "meanserv": 0.9879322340314722,
          "stddevserv": 0.9879322340314722,
          "rate": 1.0122151758519737,
          "cv": 1.0,
          "lambda": 0.15
        },
        "MS3_5": {
          "meanserv": 0.7557027299476022,
          "stddevserv": 0.7557027299476022,
          "rate": 1.3232716521605479,
          "cv": 1.0,
          "lambda": 0.15
        }
      },
      "sensors": [
        "S3"
      ],
      "sources": [
        {
          "startTime": 0,
          "stopTime": -1,
          "lambda": 0.15
        }
      ]
    },
    "SC4": {
      "resptime": 93.0232341499805,
      "resptime_old": 83.0232341499805,
      "waittime": 79.91210878757808,
      "servicetime": 10.0,
      "networktime": 3.111125362402423,
      "services": {
        "MS4_1": {
          "meanserv": 1.570151572532944,
          "stddevserv": 1.570151572532944,
          "rate": 0.6368811887293248,
          "cv": 1.0,
          "lambda": 0.15
        },
        "MS4_2": {
          "meanserv": 0.10505429428122937,
          "stddevserv": 0.10505429428122937,
          "rate": 9.518887417614831,
          "cv": 1.0,
          "lambda": 0.15
        },
        "MS4_3": {
          "meanserv": 6.170469650748797,
          "stddevserv": 6.170469650748797,
          "rate": 0.16206221837241325,
          "cv": 1.0,
          "lambda": 0.15
        },
        "MS4_4": {
          "meanserv": 0.3579107751381141,
          "stddevserv": 0.3579107751381141,
          "rate": 2.793992440194376,
          "cv": 1.0,
          "lambda": 0.15
        },
        "MS4_5": {
          "meanserv": 1.7964137072989157,
          "stddevserv": 1.7964137072989157,
          "rate": 0.5566646457533427,
          "cv": 1.0,
          "lambda": 0.15
        }
      },
      "sensors": [
        "S4"
      ],
      "sources": [
        {
          "startTime": 0,
          "stopTime": -1,
          "lambda": 0.15
        }
      ]
    }
  },
  "microservice": {
    "MS1_1": "F2",
    "MS1_2": "F3",
    "MS1_3": "F3",
    "MS1_4": "F6",
    "MS1_5": "F6",
    "MS2_1": "F10",
    "MS2_2": "F1",
    "MS2_3": "F7",
    "MS2_4": "F7",
    "MS2_5": "F7",
    "MS3_1": "F8",
    "MS3_2": "F5",
    "MS3_3": "F8",
    "MS3_4": "F8",
    "MS3_5": "F8",
    "MS4_1": "F6",
    "MS4_2": "F6",
    "MS4_3": "F9",
    "MS4_4": "F4",
    "MS4_5": "F4"
  },
  "sensor": {
    "S1": "F2",
    "S2": "F10",
    "S3": "F8",
    "S4": "F6"
  },
  "fog": {
    "F1": {
      "rho": 0.7162260693263715,
      "capacity": 1.0,
      "tserv": 4.77484046217581,
      "stddev": 4.77484046217581,
      "mu": 0.2094310810846061,
      "cv": 1.0,
      "lambda": 0.15,
      "twait": 12.05137204734257
    },
    "F2": {
      "rho": 0.9709733891692187,
      "capacity": 1.0,
      "tserv": 6.473155927794791,
      "stddev": 6.473155927794791,
      "mu": 0.15448415134048374,
      "cv": 1.0,
      "lambda": 0.15,
      "twait": 216.53448232290756
    },
    "F3": {
      "rho": 0.38284003486511886,
      "capacity": 1.0,
      "tserv": 1.2761334495503962,
      "stddev": 1.918415475803629,
      "mu": 0.783617105524753,
      "cv": 1.5033031823431318,
      "lambda": 0.3,
      "twait": 1.290305954398064
    },
    "F4": {
      "rho": 0.32314867236555456,
      "capacity": 1.0,
      "tserv": 1.0771622412185151,
      "stddev": 1.4815275349532,
      "mu": 0.9283652561649143,
      "cv": 1.3753986895022015,
      "lambda": 0.3,
      "twait": 0.7435611471261264
    },
    "F5": {
      "rho": 0.9847018877169851,
      "capacity": 1.0,
      "tserv": 6.5646792514465675,
      "stddev": 6.5646792514465675,
      "mu": 0.15233036705938738,
      "cv": 1.0,
      "lambda": 0.15,
      "twait": 422.55226864382763
    },
    "F6": {
      "rho": 0.39746745598778843,
      "capacity": 1.0,
      "tserv": 0.6624457599796474,
      "stddev": 1.122618995156288,
      "mu": 1.5095575523507365,
      "cv": 1.6946579825505694,
      "lambda": 0.6,
      "twait": 0.8459830809568472
    },
    "F7": {
      "rho": 0.3352457485018866,
      "capacity": 1.0,
      "tserv": 0.7449905522264147,
      "stddev": 1.114498494687875,
      "mu": 1.3422989016592035,
      "cv": 1.4959901053203704,
      "lambda": 0.44999999999999996,
      "twait": 0.6082721668068686
    },
    "F8": {
      "rho": 0.5152981122830149,
      "capacity": 1.0,