{
  "servicechain": {
    "SC1": {
      "resptime": 57.57194291369486,
      "resptime_old": 47.57194291369487,
      "waittime": 42.39175910696271,
      "servicetime": 10.0,
      "networktime": 5.180183806732155,
      "services": {
        "MS1_1": {
          "meanserv": 0.7330685906611789,
          "stddevserv": 0.7330685906611789,
          "rate": 1.3641288315163889,
          "cv": 1.0,
          "lambda": 0.175
        },
        "MS1_2": {
          "meanserv": 1.4856755575371516,
          "stddevserv": 1.4856755575371516,
          "rate": 0.6730944686589106,
          "cv": 1.0,
          "lambda": 0.175
        },
        "MS1_3": {
          "meanserv": 4.9688531961216995,
          "stddevserv": 4.9688531961216995,
          "rate": 0.20125368179130795,
          "cv": 1.0,
          "lambda": 0.175
        },
        "MS1_4": {
          "meanserv": 1.358287843534102,
          "stddevserv": 1.358287843534102,
          "rate": 0.7362209746338597,
          "cv": 1.0,
          "lambda": 0.175
        },
        "MS1_5": {
          "meanserv": 1.4541148121458676,
          "stddevserv": 1.4541148121458676,
          "rate": 0.6877036061026565,
          "cv": 1.0,
          "lambda": 0.175
        }
      },
      "sensors": [
        "S1"
      ],
      "sources": [
        {
          "startTime": 0,
          "stopTime": -1,
          "lambda": 0.175
        }
      ]
    },
    "SC2": {
      "resptime": 55.68298605164535,
      "resptime_old": 45.68298605164536,
      "waittime": 42.513033262568776,
      "servicetime": 10.0,
      "networktime": 3.1699527890765773,
      "services": {
        "MS2_1": {
          "meanserv": 2.8661865010162337,
          "stddevserv": 2.8661865010162337,
          "rate": 0.34889564919988303,
          "cv": 1.0,
          "lambda": 0.175
        },
        "MS2_2": {
          "meanserv": 5.013905470348783,
          "stddevserv": 5.013905470348783,
          "rate": 0.19944532379275925,
          "cv": 1.0,
          "lambda": 0.175
        },
        "MS2_3": {
          "meanserv": 0.36044730213073173,
          "stddevserv": 0.36044730213073173,
          "rate": 2.774330655517868,
          "cv": 1.0,
          "lambda": 0.175
        },
        "MS2_4": {
          "meanserv": 1.6851098372403541,
          "stddevserv": 1.6851098372403541,
          "rate": 0.5934331269691389,
          "cv": 1.0,
          "lambda": 0.175
        },
        "MS2_5": {
          "meanserv": 0.0743508892638971,
          "stddevserv": 0.0743508892638971,
          "rate": 13.449738260031472,
          "cv": 1.0,
          "lambda": 0.175
        }
      },
      "sensors": [
        "S2"
      ],
      "sources": [
        {
          "startTime": 0,
          "stopTime": -1,
          "lambda": 0.175
        }
      ]
    },
    "SC3": {
      "resptime": 47.64375815012193,
      "resptime_old": 37.643758150121926,
      "waittime": 32.430142761860246,
      "servicetime": 10.0,
      "networktime": 5.213615388261686,
      "services": {
        "MS3_1": {
          "meanserv": 4.773467120077475,
          "stddevserv": 4.773467120077475,
          "rate": 0.20949133509141457,
          "cv": 1.0,
          "lambda": 0.175
        },
        "MS3_2": {
          "meanserv": 2.379082045598766,
          "stddevserv": 2.379082045598766,
          "rate": 0.4203301865313857,
          "cv": 1.0,
          "lambda": 0.175
        },
        "MS3_3": {
          "meanserv": 0.3729138982112543,
          "stddevserv": 0.3729138982112543,
          "rate": 2.6815841533304927,
          "cv": 1.0,
          "lambda": 0.175
        },
        "MS3_4": {
          "meanserv": 2.0828893291519757,
          "stddevserv": 2.0828893291519757,
          "rate": 0.48010232037010747,
          "cv": 1.0,
          "lambda": 0.175
        },
        "MS3_5": {
          "meanserv": 0.3916476069605288,
          "stddevserv": 0.3916476069605288,
          "rate": 2.553315741568625,
          "cv": 1.0,
          "lambda": 0.175
        }
      },
      "sensors": [
        "S3"
      ],
      "sources": [
        {
          "startTime": 0,
          "stopTime": -1,
          "lambda": 0.175
        }
      ]
    },
    "SC4": {
      "resptime": 6449.466422146346,
      "resptime_old": 6439.466422146346,
      "waittime": 6436.376251159295,
      "servicetime": 10.0,
      "networktime": 3.0901709870517067,
      "services": {
        "MS4_1": {
          "meanserv": 6.064366345718568,
          "stddevserv": 6.064366345718568,
          "rate": 0.16489768971592525,
          "cv": 1.0,
          "lambda": 0.175
        },
        "MS4_2": {
          "meanserv": 0.6727626052983657,
          "stddevserv": 0.6727626052983657,
          "rate": 1.486408418251051,
          "cv": 1.0,
          "lambda": 0.175
        },
        "MS4_3": {
          "meanserv": 1.45920629565527,
          "stddevserv": 1.45920629565527,
          "rate": 0.6853040608291378,
          "cv": 1.0,
          "lambda": 0.175
        },
        "MS4_4": {
          "meanserv": 1.3097377076825651,
          "stddevserv": 1.3097377076825651,
          "rate": 0.7635116513285615,
          "cv": 1.0,
          "lambda": 0.175
        },
        "MS4_5": {
          "meanserv": 0.49392704564523093,
          "stddevserv": 0.49392704564523093,
          "rate": 2.0245904912813018,
          "cv": 1.0,
          "lambda": 0.175
        }
      },
      "sensors": [
        "S4"
      ],
      "sources": [
        {
          "startTime": 0,
          "stopTime": -1,
          "lambda": 0.175
        }
      ]
    }
  },
  "microservice": {
    "MS1_1": "F8",
    "MS1_2": "F7",
    "MS1_3": "F2",
    "MS1_4": "F8",
    "MS1_5": "F8",
    "MS2_1": "F10",
    "MS2_2": "F6",
    "MS2_3": "F5",
    "MS2_4": "F5",
    "MS2_5": "F5",
    "MS3_1": "F4",
    "MS3_2": "F9",
    "MS3_3": "F9",
    "MS3_4": "F7",
    "MS3_5": "F5",
    "MS4_1": "F3",
    "MS4_2": "F1",
    "MS4_3": "F1",
    "MS4_4": "F1",
    "MS4_5": "F5"
  },
  "sensor": {
    "S1": "F8",
    "S2": "F10",
    "S3": "F4",
    "S4": "F3"
  },
  "fog": {
    "F1": {
      "rho": 0.6022986565113352,
      "capacity": 1.0,
      "tserv": 1.1472355362120672,
      "stddev": 1.2444761510964408,
      "mu": 0.871660586196442,
      "cv": 1.0847608113722156,
      "lambda": 0.5249999999999999,
      "twait": 1.8909376525598265
    },
    "F2": {
      "rho": 0.8695493093212974,
      "capacity": 1.0,
      "tserv": 4.9688531961216995,
      "stddev": 4.9688531961216995,
      "mu": 0.20125368179130795,
      "cv": 1.0,
      "lambda": 0.175,
      "twait": 33.12104245924039
    },
    "F3": {
      "rho": 1.0612641105007494,
      "capacity": 1.0,
      "tserv": 6.064366345718568,
      "stddev": 6.064366345718568,
      "mu": 0.16489768971592525,
      "cv": 1.0,
      "lambda": 0.175,
      "twait": 6429.458461284051
    },
    "F4": {
      "rho": 0.835356746013558,
      "capacity": 1.0,
      "tserv": 4.773467120077475,
      "stddev": 4.773467120077475,
      "mu": 0.20949133509141457,
      "cv": 1.0,
      "lambda": 0.175,
      "twait": 24.219321861550405
    },
    "F5": {
      "rho": 0.52595946921713,
      "capacity": 1.0,
      "tserv": 0.6010965362481485,
      "stddev": 0.9938017177779073,
      "mu": 1.6636262891176827,
      "cv": 1.6533146638656386,
      "lambda": 0.875,
      "twait": 1.2449769175644652
    },
    "F6": {
      "rho": 0.8774334573110371,
      "capacity": 1.0,
      "tserv": 5.013905470348783,
      "stddev": 5.013905470348782,
      "mu": 0.19944532379275925,
      "cv": 0.9999999999999998,
      "lambda": 0.175,
      "twait": 35.893713855037326
    },
    "F7": {
      "rho": 0.6244988551705972,
      "capacity": 1.0,
      "tserv": 1.7842824433445637,
      "stddev": 1.8335746459118722,
      "mu": 0.5604493860991768,
      "cv": 1.0276257846683243,
      "lambda": 0.35,
      "twait": 3.0505645168622695
    },
    "F8": {
      "rho": 0.6204574681097009,