{
  "servicechain": {
    "SC1": {
      "resptime": 34.23083226421701,
      "resptime_old": 24.23083226421701,
      "waittime": 20.638179707342665,
      "servicetime": 10.0,
      "networktime": 3.5926525568743415,
      "services": {
        "MS1_1": {
          "meanserv": 0.0298393815265674,
          "stddevserv": 0.0298393815265674,
          "rate": 33.51275893937859,
          "cv": 1.0,
          "lambda": 0.15
        },
        "MS1_2": {
          "meanserv": 0.33250858700857977,
          "stddevserv": 0.33250858700857977,
          "rate": 3.0074411280518203,
          "cv": 1.0,
          "lambda": 0.15
        },
        "MS1_3": {
          "meanserv": 1.928500984615227,
          "stddevserv": 1.928500984615227,
          "rate": 0.5185374588748365,
          "cv": 1.0,
          "lambda": 0.15
        },
        "MS1_4": {
          "meanserv": 0.09556158759389266,
          "stddevserv": 0.09556158759389266,
          "rate": 10.464455700021354,
          "cv": 1.0,
          "lambda": 0.15
        },
        "MS1_5": {
          "meanserv": 0.09995478846434391,
          "stddevserv": 0.09995478846434391,
          "rate": 10.004523198573144,
          "cv": 1.0,
          "lambda": 0.15
        },
        "MS1_6": {
          "meanserv": 0.2982331114580261,
          "stddevserv": 0.2982331114580261,
          "rate": 3.3530817390165675,
          "cv": 1.0,
          "lambda": 0.15
        },
        "MS1_7": {
          "meanserv": 1.0193930692969864,
          "stddevserv": 1.0193930692969864,
          "rate": 0.9809758670319776,
          "cv": 1.0,
          "lambda": 0.15
        },
        "MS1_8": {
          "meanserv": 2.500956229047974,
          "stddevserv": 2.500956229047974,
          "rate": 0.39984706184988483,
          "cv": 1.0,
          "lambda": 0.15
        },
        "MS1_9": {
          "meanserv": 2.123462620777172,
          "stddevserv": 2.123462620777172,
          "rate": 0.470928939466807,
          "cv": 1.0,
          "lambda": 0.15
        },
        "MS1_10": {
          "meanserv": 1.571589640211231,
          "stddevserv": 1.571589640211231,
          "rate": 0.6362984168472846,
          "cv": 1.0,
          "lambda": 0.15
        }
      },
      "sensors": [
        "S1"
      ],
      "sources": [
        {
          "startTime": 0,
          "stopTime": -1,
          "lambda": 0.15
        }
      ]
    },
    "SC2": {
      "resptime": 34.006570279390324,
      "resptime_old": 24.006570279390324,
      "waittime": 19.896248175479112,
      "servicetime": 10.0,
      "networktime": 4.110322103911211,
      "services": {
        "MS2_1": {
          "meanserv": 0.38061931589702613,
          "stddevserv": 0.38061931589702613,
          "rate": 2.6272970346847635,
          "cv": 1.0,
          "lambda": 0.15
        },
        "MS2_2": {
          "meanserv": 0.2780501459886153,
          "stddevserv": 0.2780501459886153,
          "rate": 3.596473565746463,
          "cv": 1.0,
          "lambda": 0.15
        },
        "MS2_3": {
          "meanserv": 0.7801466560112957,
          "stddevserv": 0.7801466560112957,
          "rate": 1.2818102754073986,
          "cv": 1.0,
          "lambda": 0.15
        },
        "MS2_4": {
          "meanserv": 0.9719682547800743,
          "stddevserv": 0.9719682547800743,
          "rate": 1.0288401859649916,
          "cv": 1.0,
          "lambda": 0.15
        },
        "MS2_5": {
          "meanserv": 0.30680323415939004,
          "stddevserv": 0.30680323415939004,
          "rate": 3.259418052550519,
          "cv": 1.0,
          "lambda": 0.15
        },
        "MS2_6": {
          "meanserv": 1.4045641550802141,
          "stddevserv": 1.4045641550802141,
          "rate": 0.7119646307241055,
          "cv": 1.0,
          "lambda": 0.15
        },
        "MS2_7": {
          "meanserv": 1.4544003375114194,
          "stddevserv": 1.4544003375114194,
          "rate": 0.6875685973169327,
          "cv": 1.0,
          "lambda": 0.15
        },
        "MS2_8": {
          "meanserv": 3.8803899363742467,
          "stddevserv": 3.8803899363742467,
          "rate": 0.2577060595447216,
          "cv": 1.0,
          "lambda": 0.15
        },
        "MS2_9": {
          "meanserv": 0.4443335455333237,
          "stddevserv": 0.4443335455333237,
          "rate": 2.2505615658608944,
          "cv": 1.0,
          "lambda": 0.15
        },
        "MS2_10": {
          "meanserv": 0.09872441866439452,
          "stddevserv": 0.09872441866439452,
          "rate": 10.129206264555654,
          "cv": 1.0,
          "lambda": 0.15
        }
      },
      "sensors": [
        "S2"
      ],
      "sources": [
        {
          "startTime": 0,
          "stopTime": -1,
          "lambda": 0.15
        }
      ]
    },
    "SC3": {
      "resptime": 32.08228895426778,
      "resptime_old": 22.08228895426778,
      "waittime": 19.446323303270944,
      "servicetime": 10.0,
      "networktime": 2.63596565099684,
      "services": {
        "MS3_1": {
          "meanserv": 1.9235214391837596,
          "stddevserv": 1.9235214391837596,
          "rate": 0.519879830621668,
          "cv": 1.0,
          "lambda": 0.15
        },
        "MS3_2": {
          "meanserv": 1.8031966783864153,
          "stddevserv": 1.8031966783864153,
          "rate": 0.5545706755043752,
          "cv": 1.0,
          "lambda": 0.15
        },
        "MS3_3": {
          "meanserv": 2.7525887048092965,
          "stddevserv": 2.7525887048092965,
          "rate": 0.36329437749010945,
          "cv": 1.0,
          "lambda": 0.15
        },
        "MS3_4": {
          "meanserv": 0.0953077778356084,
          "stddevserv": 0.0953077778356084,
          "rate": 10.492323110552947,
          "cv": 1.0,
          "lambda": 0.15
        },
        "MS3_5": {
          "meanserv": 1.1646649475769495,
          "stddevserv": 1.1646649475769495,
          "rate": 0.8586160355220358,
          "cv": 1.0,
          "lambda": 0.15
        },
        "MS3_6": {
          "meanserv": 0.14087321555027632,
          "stddevserv": 0.14087321555027632,
          "rate": 7.098581487572487,
          "cv": 1.0,
          "lambda": 0.15
        },
        "MS3_7": {
          "meanserv": 0.5028835118796806,
          "stddevserv": 0.5028835118796806,
          "rate": 1.9885320882010922,
          "cv": 1.0,
          "lambda": 0.15
        },
        "MS3_8": {
          "meanserv": 1.2866905811704932,
          "stddevserv": 1.2866905811704932,
          "rate": 0.7771876274172359,
          "cv": 1.0,
          "lambda": 0.15
        },
        "MS3_9": {
          "meanserv": 0.28615785388004156,
          "stddevserv": 0.28615785388004156,
          "rate": 3.494574712666121,
          "cv": 1.0,
          "lambda": 0.15
        },
        "MS3_10": {
          "meanserv": 0.04411528972747902,
          "stddevserv": 0.04411528972747902,
          "rate": 22.667877875844685,
          "cv": 1.0,
          "lambda": 0.15
        }
      },
      "sensors": [
        "S3"
      ],
      "sources": [
        {
          "startTime": 0,
          "stopTime": -1,
          "lambda": 0.15
        }
      ]
    },
    "SC4": {
      "resptime": 29.03222605535061,
      "resptime_old": 19.03222605535061,
      "waittime": 15.506982005225392,
      "servicetime": 10.0,
      "networktime": 3.5252440501252167,
      "services": {
        "MS4_1": {
          "meanserv": 1.419044389536518,
          "stddevserv": 1.419044389536518,
          "rate": 0.7046995903536292,
          "cv": 1.0,
          "lambda": 0.15
        },
        "MS4_2": {
          "meanserv": 0.7551382271693987,
          "stddevserv": 0.7551382271693987,
          "rate": 1.324260862476072,
          "cv": 1.0,
          "lambda": 0.15
        },
        "MS4_3": {
          "meanserv": 0.34524476201438814,
          "stddevserv": 0.34524476201438814,
          "rate": 2.8964957908856697,
          "cv": 1.0,