{
  "servicechain": {
    "SC1": {
      "resptime": 13.5547569015547,
      "resptime_old": 3.5547569015547005,
      "waittime": 2.146202787551612,
      "servicetime": 10.0,
      "networktime": 1.4085541140030884,
      "services": {
        "MS1_1": {
          "meanserv": 1.838756352630394,
          "stddevserv": 1.838756352630394,
          "rate": 0.5438458437244669,
          "cv": 1.0,
          "lambda": 0.025
        },
        "MS1_2": {
          "meanserv": 2.140202785096786,
          "stddevserv": 2.140202785096786,
          "rate": 0.4672454437324625,
          "cv": 1.0,
          "lambda": 0.025
        },
        "MS1_3": {
          "meanserv": 3.5513522344058313,
          "stddevserv": 3.5513522344058313,
          "rate": 0.2815828827993762,
          "cv": 1.0,
          "lambda": 0.025
        },
        "MS1_4": {
          "meanserv": 1.1977637136296817,
          "stddevserv": 1.1977637136296817,
          "rate": 0.8348892094665465,
          "cv": 1.0,
          "lambda": 0.025
        },
        "MS1_5": {
          "meanserv": 1.2719249142373066,
          "stddevserv": 1.2719249142373066,
          "rate": 0.7862099317392781,
          "cv": 1.0,
          "lambda": 0.025
        }
      },
      "sensors": [
        "S1"
      ],
      "sources": [
        {
          "startTime": 0,
          "stopTime": -1,
          "lambda": 0.025
        }
      ]
    },
    "SC2": {
      "resptime": 13.535432522538448,
      "resptime_old": 3.5354325225384486,
      "waittime": 3.5354325225384486,
      "servicetime": 10.0,
      "networktime": 0.0,
      "services": {
        "MS2_1": {
          "meanserv": 1.510387082984369,
          "stddevserv": 1.510387082984369,
          "rate": 0.6620819333439367,
          "cv": 1.0,
          "lambda": 0.025
        },
        "MS2_2": {
          "meanserv": 2.7774907876077934,
          "stddevserv": 2.7774907876077934,
          "rate": 0.36003719776917187,
          "cv": 1.0,
          "lambda": 0.025
        },
        "MS2_3": {
          "meanserv": 2.380648893911153,
          "stddevserv": 2.380648893911153,
          "rate": 0.42005354193877215,
          "cv": 1.0,
          "lambda": 0.025
        },
        "MS2_4": {
          "meanserv": 1.6692582681234072,
          "stddevserv": 1.6692582681234072,
          "rate": 0.5990684719652206,
          "cv": 1.0,
          "lambda": 0.025
        },
        "MS2_5": {
          "meanserv": 1.6622149673732771,
          "stddevserv": 1.6622149673732771,
          "rate": 0.6016069038171727,
          "cv": 1.0,
          "lambda": 0.025
        }
      },
      "sensors": [
        "S2"
      ],
      "sources": [
        {
          "startTime": 0,
          "stopTime": -1,
          "lambda": 0.025
        }
      ]
    },
    "SC3": {
      "resptime": 14.752482076172509,
      "resptime_old": 4.752482076172509,
      "waittime": 1.4944036060749608,
      "servicetime": 10.0,
      "networktime": 3.258078470097547,
      "services": {
        "MS3_1": {
          "meanserv": 1.1999159169339124,
          "stddevserv": 1.1999159169339124,
          "rate": 0.8333917284431496,
          "cv": 1.0,
          "lambda": 0.025
        },
        "MS3_2": {
          "meanserv": 6.65094618923383,
          "stddevserv": 6.65094618923383,
          "rate": 0.15035454678895804,
          "cv": 1.0,
          "lambda": 0.025
        },
        "MS3_3": {
          "meanserv": 0.44439311633127154,
          "stddevserv": 0.44439311633127154,
          "rate": 2.250259878585862,
          "cv": 1.0,
          "lambda": 0.025
        },
        "MS3_4": {
          "meanserv": 0.8696801025714187,
          "stddevserv": 0.8696801025714187,
          "rate": 1.149848084420075,
          "cv": 1.0,
          "lambda": 0.025
        },
        "MS3_5": {
          "meanserv": 0.8350646749295674,
          "stddevserv": 0.8350646749295674,
          "rate": 1.1975120371177765,
          "cv": 1.0,
          "lambda": 0.025
        }
      },
      "sensors": [
        "S3"
      ],
      "sources": [
        {
          "startTime": 0,
          "stopTime": -1,
          "lambda": 0.025
        }
      ]
    },
    "SC4": {
      "resptime": 16.557091027798926,
      "resptime_old": 6.557091027798928,
      "waittime": 3.5182519362134705,
      "servicetime": 10.0,
      "networktime": 3.038839091585457,
      "services": {
        "MS4_1": {
          "meanserv": 0.293823433440239,
          "stddevserv": 0.293823433440239,
          "rate": 3.403404515056798,
          "cv": 1.0,
          "lambda": 0.025
        },
        "MS4_2": {
          "meanserv": 7.345882530714191,
          "stddevserv": 7.345882530714191,
          "rate": 0.1361306821636279,
          "cv": 1.0,
          "lambda": 0.025
        },
        "MS4_3": {
          "meanserv": 1.1856496483839791,
          "stddevserv": 1.1856496483839791,
          "rate": 0.843419471648293,
          "cv": 1.0,
          "lambda": 0.025
        },
        "MS4_4": {
          "meanserv": 0.15071474585836242,
          "stddevserv": 0.15071474585836242,
          "rate": 6.6350508326489335,
          "cv": 1.0,
          "lambda": 0.025
        },
        "MS4_5": {
          "meanserv": 1.0239296416032282,
          "stddevserv": 1.0239296416032282,
          "rate": 0.9766296036065915,
          "cv": 1.0,
          "lambda": 0.025
        }
      },
      "sensors": [
        "S4"
      ],
      "sources": [
        {
          "startTime": 0,
          "stopTime": -1,
          "lambda": 0.025
        }
      ]
    }
  },
  "microservice": {
    "MS1_1": "F3",
    "MS1_2": "F3",
    "MS1_3": "F3",
    "MS1_4": "F5",
    "MS1_5": "F5",
    "MS2_1": "F4",
    "MS2_2": "F4",
    "MS2_3": "F4",
    "MS2_4": "F4",
    "MS2_5": "F4",
    "MS3_1": "F7",
    "MS3_2": "F2",
    "MS3_3": "F8",
    "MS3_4": "F8",
    "MS3_5": "F8",
    "MS4_1": "F1",
    "MS4_2": "F1",
    "MS4_3": "F5",
    "MS4_4": "F6",
    "MS4_5": "F6"
  },
  "sensor": {
    "S1": "F3",
    "S2": "F4",
    "S3": "F7",
    "S4": "F1"
  },
  "fog": {
    "F1": {
      "rho": 0.19099264910386074,
      "capacity": 1.0,
      "tserv": 3.819852982077215,
      "stddev": 6.281484343720546,
      "mu": 0.2617901800650468,
      "cv": 1.6444309174183738,
      "lambda": 0.05,
      "twait": 1.670204921661746
    },
    "F2": {
      "rho": 0.16627365473084577,
      "capacity": 1.0,
      "tserv": 6.650946189233831,
      "stddev": 6.650946189233828,
      "mu": 0.15035454678895802,
      "cv": 0.9999999999999996,
      "lambda": 0.025,
      "twait": 1.3264269943935698
    },
    "F3": {
      "rho": 0.18825778430332527,
      "capacity": 1.0,
      "tserv": 2.5101037907110033,
      "stddev": 2.7230698385316696,
      "mu": 0.3983899007286641,
      "cv": 1.0848435226498512,
      "lambda": 0.07500000000000001,
      "twait": 0.633624664969431
    },
    "F4": {
      "rho": 0.25,
      "capacity": 1.0,
      "tserv": 2.0,
      "stddev": 2.1177908428577825,
      "mu": 0.5,
      "cv": 1.0588954214288913,
      "lambda": 0.125,
      "twait": 0.7070865045076897
    },
    "F5": {
      "rho": 0.09138345690627417,
      "capacity": 1.0,
      "tserv": 1.2184460920836555,
      "stddev": 1.2196392009901127,
      "mu": 0.8207174749027325,
      "cv": 1.0009792053289914,
      "lambda": 0.07500000000000001,
      "twait": 0.12266439632165947
    },
    "F6": {
      "rho": 0.029366109686539767,
      "capacity": 1.0,
      "tserv": 0.5873221937307953,
      "stddev": 0.8521733898239913,
      "mu": 1.7026429627114679,
      "cv": 1.450947025193795,
      "lambda": 0.05,
      "twait": 0.027588848284159584
    },
    "F7": {
      "rho": 0.029997897923347814,
      "capacity": 1.0,
      "tserv": 1.1999159169339124,
      "stddev": 1.1999159169339124,
      "mu": 0.8333917284431496,
      "cv": 1.0,
      "lambda": 0.025,
      "twait": 0.03710812081306127
    },
    "F8": {
      "rho": 0.05372844734580645,