{
  "servicechain": {
    "SC1": {
      "resptime": 14.671954140141663,
      "resptime_old": 4.671954140141661,
      "waittime": 2.07699412442411,
      "servicetime": 10.0,
      "networktime": 2.5949600157175516,
      "services": {
        "MS1_1": {
          "meanserv": 0.8199746853252465,
          "stddevserv": 0.8199746853252465,
          "rate": 1.2195498445215363,
          "cv": 1.0,
          "lambda": 0.025
        },
        "MS1_2": {
          "meanserv": 7.861241671502889,
          "stddevserv": 7.861241671502889,
          "rate": 0.12720636787252246,
          "cv": 1.0,
          "lambda": 0.025
        },
        "MS1_3": {
          "meanserv": 0.7969827512288798,
          "stddevserv": 0.7969827512288798,
          "rate": 1.2547322993604124,
          "cv": 1.0,
          "lambda": 0.025
        },
        "MS1_4": {
          "meanserv": 0.1742481341477049,
          "stddevserv": 0.1742481341477049,
          "rate": 5.73894237026567,
          "cv": 1.0,
          "lambda": 0.025
        },
        "MS1_5": {
          "meanserv": 0.3475527577952793,
          "stddevserv": 0.3475527577952793,
          "rate": 2.877261013100736,
          "cv": 1.0,
          "lambda": 0.025
        }
      },
      "sensors": [
        "S1"
      ],
      "sources": [
        {
          "startTime": 0,
          "stopTime": -1,
          "lambda": 0.025
        }
      ]
    },
    "SC2": {
      "resptime": 13.397606880511725,
      "resptime_old": 3.397606880511727,
      "waittime": 1.4999134955104951,
      "servicetime": 10.0,
      "networktime": 1.8976933850012314,
      "services": {
        "MS2_1": {
          "meanserv": 5.611100933573868,
          "stddevserv": 5.611100933573868,
          "rate": 0.17821814503755,
          "cv": 1.0,
          "lambda": 0.025
        },
        "MS2_2": {
          "meanserv": 1.3627908312031174,
          "stddevserv": 1.3627908312031174,
          "rate": 0.7337883240065289,
          "cv": 1.0,
          "lambda": 0.025
        },
        "MS2_3": {
          "meanserv": 0.6850833863855836,
          "stddevserv": 0.6850833863855836,
          "rate": 1.4596763253534406,
          "cv": 1.0,
          "lambda": 0.025
        },
        "MS2_4": {
          "meanserv": 1.4310872620917747,
          "stddevserv": 1.4310872620917747,
          "rate": 0.6987694087489339,
          "cv": 1.0,
          "lambda": 0.025
        },
        "MS2_5": {
          "meanserv": 0.9099375867456558,
          "stddevserv": 0.9099375867456558,
          "rate": 1.0989764732946659,
          "cv": 1.0,
          "lambda": 0.025
        }
      },
      "sensors": [
        "S2"
      ],
      "sources": [
        {
          "startTime": 0,
          "stopTime": -1,
          "lambda": 0.025
        }
      ]
    },
    "SC3": {
      "resptime": 12.935170625815235,
      "resptime_old": 2.935170625815236,
      "waittime": 1.6376906179564599,
      "servicetime": 10.0,
      "networktime": 1.2974800078587758,
      "services": {
        "MS3_1": {
          "meanserv": 1.4255076391278565,
          "stddevserv": 1.4255076391278565,
          "rate": 0.7015044834216481,
          "cv": 1.0,
          "lambda": 0.025
        },
        "MS3_2": {
          "meanserv": 1.194734916051822,
          "stddevserv": 1.194734916051822,
          "rate": 0.8370057546360559,
          "cv": 1.0,
          "lambda": 0.025
        },
        "MS3_3": {
          "meanserv": 2.5185818585955477,
          "stddevserv": 2.5185818585955477,
          "rate": 0.397048837855775,
          "cv": 1.0,
          "lambda": 0.025
        },
        "MS3_4": {
          "meanserv": 1.3970112482693509,
          "stddevserv": 1.3970112482693509,
          "rate": 0.7158138499162571,
          "cv": 1.0,
          "lambda": 0.025
        },
        "MS3_5": {
          "meanserv": 3.464164337955423,
          "stddevserv": 3.464164337955423,
          "rate": 0.2886699077879798,
          "cv": 1.0,
          "lambda": 0.025
        }
      },
      "sensors": [
        "S3"
      ],
      "sources": [
        {
          "startTime": 0,
          "stopTime": -1,
          "lambda": 0.025
        }
      ]
    },
    "SC4": {
      "resptime": 13.800873707358825,
      "resptime_old": 3.800873707358825,
      "waittime": 2.5033936995000494,
      "servicetime": 10.0,
      "networktime": 1.2974800078587758,
      "services": {
        "MS4_1": {
          "meanserv": 1.0054878921626098,
          "stddevserv": 1.0054878921626098,
          "rate": 0.9945420604212285,
          "cv": 1.0,
          "lambda": 0.025
        },
        "MS4_2": {
          "meanserv": 1.0621794110649974,
          "stddevserv": 1.0621794110649974,
          "rate": 0.9414605381941522,
          "cv": 1.0,
          "lambda": 0.025
        },
        "MS4_3": {
          "meanserv": 4.428426670822873,
          "stddevserv": 4.428426670822873,
          "rate": 0.225813832842395,
          "cv": 1.0,
          "lambda": 0.025
        },
        "MS4_4": {
          "meanserv": 0.3369695414303635,
          "stddevserv": 0.3369695414303635,
          "rate": 2.9676272690855505,
          "cv": 1.0,
          "lambda": 0.025
        },
        "MS4_5": {
          "meanserv": 3.166936484519157,
          "stddevserv": 3.166936484519157,
          "rate": 0.31576256893318533,
          "cv": 1.0,
          "lambda": 0.025
        }
      },
      "sensors": [
        "S4"
      ],
      "sources": [
        {
          "startTime": 0,
          "stopTime": -1,
          "lambda": 0.025
        }
      ]
    }
  },
  "microservice": {
    "MS1_1": "F3",
    "MS1_2": "F10",
    "MS1_3": "F3",
    "MS1_4": "F3",
    "MS1_5": "F3",
    "MS2_1": "F5",
    "MS2_2": "F1",
    "MS2_3": "F1",
    "MS2_4": "F1",
    "MS2_5": "F1",
    "MS3_1": "F8",
    "MS3_2": "F8",
    "MS3_3": "F8",
    "MS3_4": "F4",
    "MS3_5": "F4",
    "MS4_1": "F6",
    "MS4_2": "F6",
    "MS4_3": "F6",
    "MS4_4": "F7",
    "MS4_5": "F7"
  },
  "sensor": {
    "S1": "F3",
    "S2": "F5",
    "S3": "F8",
    "S4": "F6"
  },
  "fog": {
    "F1": {
      "rho": 0.1097224766606533,
      "capacity": 1.0,
      "tserv": 1.097224766606533,
      "stddev": 1.1821021280957793,
      "mu": 0.9113902916106906,
      "cv": 1.0773564032388303,
      "lambda": 0.1,
      "twait": 0.1460930755584069
    },
    "F2": {
      "rho": 0,
      "capacity": 1.0,
      "tserv": 0,
      "stddev": 0,
      "mu": 0,
      "cv": 0,
      "lambda": 0.0,
      "twait": 0
    },
    "F3": {
      "rho": 0.05346895821242777,
      "capacity": 1.0,
      "tserv": 0.5346895821242776,
      "stddev": 0.6659239534553413,
      "mu": 1.8702440321112719,
      "cv": 1.2454402997897964,
      "lambda": 0.1,
      "twait": 0.03852740316051421
    },
    "F4": {
      "rho": 0.12152938965561937,
      "capacity": 1.0,
      "tserv": 2.430587793112387,
      "stddev": 2.8362506885193137,
      "mu": 0.4114231145378592,
      "cv": 1.1668990918807636,
      "lambda": 0.05,
      "twait": 0.39705582702088604
    },
    "F5": {
      "rho": 0.1402775233393467,
      "capacity": 1.0,
      "tserv": 5.6111009335738675,
      "stddev": 5.611100933573869,
      "mu": 0.17821814503755004,
      "cv": 1.0000000000000002,
      "lambda": 0.025,
      "twait": 0.9155411932768676
    },
    "F6": {
      "rho": 0.16240234935126202,
      "capacity": 1.0,
      "tserv": 2.1653646580168266,
      "stddev": 3.132303479140003,
      "mu": 0.4618159792613689,
      "cv": 1.4465477985628334,
      "lambda": 0.07500000000000001,
      "twait": 0.6491838224649192
    },
    "F7": {
      "rho": 0.087597650648738,
      "capacity": 1.0,
      "tserv": 1.7519530129747602,
      "stddev": 2.6596420453059104,
      "mu": 0.5707915638114244,
      "cv": 1.5181012422187756,
      "lambda": 0.05,
      "twait": 0.2779211160526457
    },
    "F8": {
      "rho": 0.12847061034438065,
      "capacity": 1.0,
      "tserv": 1.7129414712584083,