{
  "servicechain": {
    "SC1": {
      "resptime": 66.7907711998474,
      "resptime_old": 56.79077119984739,
      "waittime": 53.14349880211374,
      "servicetime": 10.0,
      "networktime": 3.647272397733654,
      "services": {
        "MS1_1": {
          "meanserv": 0.9997818853759077,
          "stddevserv": 0.9997818853759077,
          "rate": 1.0002181622084603,
          "cv": 1.0,
          "lambda": 0.15
        },
        "MS1_2": {
          "meanserv": 0.3683050165224555,
          "stddevserv": 0.3683050165224555,
          "rate": 2.715140861892198,
          "cv": 1.0,
          "lambda": 0.15
        },
        "MS1_3": {
          "meanserv": 0.30061309149545856,
          "stddevserv": 0.30061309149545856,
          "rate": 3.3265350987387294,
          "cv": 1.0,
          "lambda": 0.15
        },
        "MS1_4": {
          "meanserv": 5.943337556584005,
          "stddevserv": 5.943337556584005,
          "rate": 0.16825562917795306,
          "cv": 1.0,
          "lambda": 0.15
        },
        "MS1_5": {
          "meanserv": 2.387962450022173,
          "stddevserv": 2.387962450022173,
          "rate": 0.41876705389178737,
          "cv": 1.0,
          "lambda": 0.15
        }
      },
      "sensors": [
        "S1"
      ],
      "sources": [
        {
          "startTime": 0,
          "stopTime": -1,
          "lambda": 0.15
        }
      ]
    },
    "SC2": {
      "resptime": 25.99951401749729,
      "resptime_old": 15.999514017497287,
      "waittime": 10.826074517409292,
      "servicetime": 10.0,
      "networktime": 5.173439500087996,
      "services": {
        "MS2_1": {
          "meanserv": 1.8933889347982646,
          "stddevserv": 1.8933889347982646,
          "rate": 0.5281535038159221,
          "cv": 1.0,
          "lambda": 0.15
        },
        "MS2_2": {
          "meanserv": 3.3713694658836806,
          "stddevserv": 3.3713694658836806,
          "rate": 0.2966153695462407,
          "cv": 1.0,
          "lambda": 0.15
        },
        "MS2_3": {
          "meanserv": 0.8125587563625327,
          "stddevserv": 0.8125587563625327,
          "rate": 1.2306802334843563,
          "cv": 1.0,
          "lambda": 0.15
        },
        "MS2_4": {
          "meanserv": 0.7679872838303776,
          "stddevserv": 0.7679872838303776,
          "rate": 1.3021048929514127,
          "cv": 1.0,
          "lambda": 0.15
        },
        "MS2_5": {
          "meanserv": 3.1546955591251447,
          "stddevserv": 3.1546955591251447,
          "rate": 0.3169877984287392,
          "cv": 1.0,
          "lambda": 0.15
        }
      },
      "sensors": [
        "S2"
      ],
      "sources": [
        {
          "startTime": 0,
          "stopTime": -1,
          "lambda": 0.15
        }
      ]
    },
    "SC3": {
      "resptime": 52.67033083991234,
      "resptime_old": 42.67033083991234,
      "waittime": 39.02546162154994,
      "servicetime": 10.0,
      "networktime": 3.644869218362401,
      "services": {
        "MS3_1": {
          "meanserv": 5.687181770668573,
          "stddevserv": 5.687181770668573,
          "rate": 0.17583401416101424,
          "cv": 1.0,
          "lambda": 0.15
        },
        "MS3_2": {
          "meanserv": 2.2943590248080348,
          "stddevserv": 2.2943590248080348,
          "rate": 0.4358515773631672,
          "cv": 1.0,
          "lambda": 0.15
        },
        "MS3_3": {
          "meanserv": 1.3620754372517343,
          "stddevserv": 1.3620754372517343,
          "rate": 0.7341737268368222,
          "cv": 1.0,
          "lambda": 0.15
        },
        "MS3_4": {
          "meanserv": 0.23387264036643352,
          "stddevserv": 0.23387264036643352,
          "rate": 4.275831488596494,
          "cv": 1.0,
          "lambda": 0.15
        },
        "MS3_5": {
          "meanserv": 0.4225111269052242,
          "stddevserv": 0.4225111269052242,
          "rate": 2.3668015735460513,
          "cv": 1.0,
          "lambda": 0.15
        }
      },
      "sensors": [
        "S3"
      ],
      "sources": [
        {
          "startTime": 0,
          "stopTime": -1,
          "lambda": 0.15
        }
      ]
    },
    "SC4": {
      "resptime": 37.033406349789644,
      "resptime_old": 27.03340634978964,
      "waittime": 19.60713769117927,
      "servicetime": 10.0,
      "networktime": 7.426268658610376,
      "services": {
        "MS4_1": {
          "meanserv": 0.04177853930712572,
          "stddevserv": 0.04177853930712572,
          "rate": 23.93573390990816,
          "cv": 1.0,
          "lambda": 0.15
        },
        "MS4_2": {
          "meanserv": 1.2498114044304953,
          "stddevserv": 1.2498114044304953,
          "rate": 0.8001207193781948,
          "cv": 1.0,
          "lambda": 0.15
        },
        "MS4_3": {
          "meanserv": 2.952509724222858,
          "stddevserv": 2.952509724222858,
          "rate": 0.33869490481126663,
          "cv": 1.0,
          "lambda": 0.15
        },
        "MS4_4": {
          "meanserv": 4.899792874049543,
          "stddevserv": 4.899792874049543,
          "rate": 0.20409025967122724,
          "cv": 1.0,
          "lambda": 0.15
        },
        "MS4_5": {
          "meanserv": 0.8561074579899781,
          "stddevserv": 0.8561074579899781,
          "rate": 1.1680776643949133,
          "cv": 1.0,
          "lambda": 0.15
        }
      },
      "sensors": [
        "S4"
      ],
      "sources": [
        {
          "startTime": 0,
          "stopTime": -1,
          "lambda": 0.15
        }
      ]
    }
  },
  "microservice": {
    "MS1_1": "F10",
    "MS1_2": "F10",
    "MS1_3": "F10",
    "MS1_4": "F7",
    "MS1_5": "F2",
    "MS2_1": "F9",
    "MS2_2": "F4",
    "MS2_3": "F9",
    "MS2_4": "F9",
    "MS2_5": "F1",
    "MS3_1": "F8",
    "MS3_2": "F5",
    "MS3_3": "F5",
    "MS3_4": "F10",
    "MS3_5": "F10",
    "MS4_1": "F10",
    "MS4_2": "F2",
    "MS4_3": "F6",
    "MS4_4": "F3",
    "MS4_5": "F10"
  },
  "sensor": {
    "S1": "F10",
    "S2": "F9",
    "S3": "F8",
    "S4": "F10"
  },
  "fog": {
    "F1": {
      "rho": 0.47320433386877164,
      "capacity": 1.0,
      "tserv": 3.1546955591251447,
      "stddev": 3.1546955591251447,
      "mu": 0.3169877984287392,
      "cv": 1.0,
      "lambda": 0.15,
      "twait": 2.8337659297347293
    },
    "F2": {
      "rho": 0.5456660781679001,
      "capacity": 1.0,
      "tserv": 1.8188869272263342,
      "stddev": 1.988980531660773,
      "mu": 0.5497867872000844,
      "cv": 1.0935152163052921,
      "lambda": 0.3,
      "twait": 2.398365891347091
    },
    "F3": {
      "rho": 0.7349689311074314,
      "capacity": 1.0,
      "tserv": 4.899792874049543,
      "stddev": 4.899792874049543,
      "mu": 0.20409025967122724,
      "cv": 1.0,
      "lambda": 0.15,
      "twait": 13.587824047707256
    },
    "F4": {
      "rho": 0.505705419882552,
      "capacity": 1.0,
      "tserv": 3.37136946588368,
      "stddev": 3.371369465883681,
      "mu": 0.29661536954624074,
      "cv": 1.0000000000000002,
      "lambda": 0.15,
      "twait": 3.449197866824315
    },
    "F5": {
      "rho": 0.5484651693089654,
      "capacity": 1.0,
      "tserv": 1.8282172310298848,
      "stddev": 1.9434388561639906,
      "mu": 0.5469809511841613,
      "cv": 1.063024034112838,
      "lambda": 0.3,
      "twait": 2.3650444044107495
    },
    "F6": {
      "rho": 0.44287645863342867,
      "capacity": 1.0,
      "tserv": 2.952509724222858,
      "stddev": 2.952509724222858,
      "mu": 0.33869490481126663,
      "cv": 1.0,
      "lambda": 0.15,
      "twait": 2.347050436133373
    },
    "F7": {
      "rho": 0.8915006334876008,
      "capacity": 1.0,
      "tserv": 5.943337556584005,
      "stddev": 5.943337556584005,
      "mu": 0.16825562917795306,
      "cv": 1.0,
      "lambda": 0.15,
      "twait": 48.83428693677933
    },
    "F8": {
      "rho": 0.853077265600286,
      "capacity": 1.0,