{
  "servicechain": {
    "SC1": {
      "resptime": 13.597666519050978,
      "resptime_old": 3.5976665190509793,
      "waittime": 1.8152149775534463,
      "servicetime": 10.0,
      "networktime": 1.7824515414975333,
      "services": {
        "MS1_1": {
          "meanserv": 1.6819622003884227,
          "stddevserv": 1.6819622003884227,
          "rate": 0.5945436822355852,
          "cv": 1.0,
          "lambda": 0.025
        },
        "MS1_2": {
          "meanserv": 1.2339337644585155,
          "stddevserv": 1.2339337644585155,
          "rate": 0.8104162709566731,
          "cv": 1.0,
          "lambda": 0.025
        },
        "MS1_3": {
          "meanserv": 2.6949926843984278,
          "stddevserv": 2.6949926843984278,
          "rate": 0.3710585211563268,
          "cv": 1.0,
          "lambda": 0.025
        },
        "MS1_4": {
          "meanserv": 0.5715952133039837,
          "stddevserv": 0.5715952133039837,
          "rate": 1.7494898080404038,
          "cv": 1.0,
          "lambda": 0.025
        },
        "MS1_5": {
          "meanserv": 3.8175161374506503,
          "stddevserv": 3.8175161374506503,
          "rate": 0.2619504316405597,
          "cv": 1.0,
          "lambda": 0.025
        }
      },
      "sensors": [
        "S1"
      ],
      "sources": [
        {
          "startTime": 0,
          "stopTime": -1,
          "lambda": 0.025
        }
      ]
    },
    "SC2": {
      "resptime": 13.712687165081022,
      "resptime_old": 3.7126871650810216,
      "waittime": 1.930235623583488,
      "servicetime": 10.0,
      "networktime": 1.7824515414975333,
      "services": {
        "MS2_1": {
          "meanserv": 2.664853805589921,
          "stddevserv": 2.664853805589921,
          "rate": 0.3752551070165101,
          "cv": 1.0,
          "lambda": 0.025
        },
        "MS2_2": {
          "meanserv": 1.1246107624786625,
          "stddevserv": 1.1246107624786625,
          "rate": 0.8891965410289884,
          "cv": 1.0,
          "lambda": 0.025
        },
        "MS2_3": {
          "meanserv": 3.3660873793996413,
          "stddevserv": 3.3660873793996413,
          "rate": 0.29708082033757394,
          "cv": 1.0,
          "lambda": 0.025
        },
        "MS2_4": {
          "meanserv": 0.6606443534594391,
          "stddevserv": 0.6606443534594391,
          "rate": 1.5136737259064397,
          "cv": 1.0,
          "lambda": 0.025
        },
        "MS2_5": {
          "meanserv": 2.183803699072336,
          "stddevserv": 2.183803699072336,
          "rate": 0.4579166160515218,
          "cv": 1.0,
          "lambda": 0.025
        }
      },
      "sensors": [
        "S2"
      ],
      "sources": [
        {
          "startTime": 0,
          "stopTime": -1,
          "lambda": 0.025
        }
      ]
    },
    "SC3": {
      "resptime": 12.914713622501566,
      "resptime_old": 2.9147136225015657,
      "waittime": 1.7262172929760735,
      "servicetime": 10.0,
      "networktime": 1.1884963295254922,
      "services": {
        "MS3_1": {
          "meanserv": 0.5383471180041466,
          "stddevserv": 0.5383471180041466,
          "rate": 1.857537574840881,
          "cv": 1.0,
          "lambda": 0.025
        },
        "MS3_2": {
          "meanserv": 1.0794061117069143,
          "stddevserv": 1.0794061117069143,
          "rate": 0.9264353695558146,
          "cv": 1.0,
          "lambda": 0.025
        },
        "MS3_3": {
          "meanserv": 2.525725370352332,
          "stddevserv": 2.525725370352332,
          "rate": 0.39592586420450876,
          "cv": 1.0,
          "lambda": 0.025
        },
        "MS3_4": {
          "meanserv": 3.6799899261449545,
          "stddevserv": 3.6799899261449545,
          "rate": 0.27173987431198476,
          "cv": 1.0,
          "lambda": 0.025
        },
        "MS3_5": {
          "meanserv": 2.176531473791653,
          "stddevserv": 2.176531473791653,
          "rate": 0.45944660669571574,
          "cv": 1.0,
          "lambda": 0.025
        }
      },
      "sensors": [
        "S3"
      ],
      "sources": [
        {
          "startTime": 0,
          "stopTime": -1,
          "lambda": 0.025
        }
      ]
    },
    "SC4": {
      "resptime": 13.600178611339901,
      "resptime_old": 3.6001786113399006,
      "waittime": 1.6785678573381406,
      "servicetime": 10.0,
      "networktime": 1.92161075400176,
      "services": {
        "MS4_1": {
          "meanserv": 1.9016483187837752,
          "stddevserv": 1.9016483187837752,
          "rate": 0.5258595872445876,
          "cv": 1.0,
          "lambda": 0.025
        },
        "MS4_2": {
          "meanserv": 2.190839239593303,
          "stddevserv": 2.190839239593303,
          "rate": 0.4564460878405826,
          "cv": 1.0,
          "lambda": 0.025
        },
        "MS4_3": {
          "meanserv": 1.039547940411941,
          "stddevserv": 1.039547940411941,
          "rate": 0.9619565977916619,
          "cv": 1.0,
          "lambda": 0.025
        },
        "MS4_4": {
          "meanserv": 3.715441390956581,
          "stddevserv": 3.715441390956581,
          "rate": 0.2691470258241751,
          "cv": 1.0,
          "lambda": 0.025
        },
        "MS4_5": {
          "meanserv": 1.1525231102543998,
          "stddevserv": 1.1525231102543998,
          "rate": 0.8676615601914196,
          "cv": 1.0,
          "lambda": 0.025
        }
      },
      "sensors": [
        "S4"
      ],
      "sources": [
        {
          "startTime": 0,
          "stopTime": -1,
          "lambda": 0.025
        }
      ]
    }
  },
  "microservice": {
    "MS1_1": "F3",
    "MS1_2": "F3",
    "MS1_3": "F3",
    "MS1_4": "F3",
    "MS1_5": "F9",
    "MS2_1": "F4",
    "MS2_2": "F4",
    "MS2_3": "F8",
    "MS2_4": "F8",
    "MS2_5": "F8",
    "MS3_1": "F1",
    "MS3_2": "F1",
    "MS3_3": "F1",
    "MS3_4": "F10",
    "MS3_5": "F10",
    "MS4_1": "F5",
    "MS4_2": "F5",
    "MS4_3": "F5",
    "MS4_4": "F2",
    "MS4_5": "F2"
  },
  "sensor": {
    "S1": "F3",
    "S2": "F4",
    "S3": "F1",
    "S4": "F5"
  },
  "fog": {
    "F1": {
      "rho": 0.1035869650015848,
      "capacity": 1.0,
      "tserv": 1.381159533354464,
      "stddev": 1.8207729741387588,
      "mu": 0.7240293216318536,
      "cv": 1.318293021311298,
      "lambda": 0.07500000000000001,
      "twait": 0.21848811636002385
    },
    "F2": {
      "rho": 0.12169911253027453,
      "capacity": 1.0,
      "tserv": 2.4339822506054904,
      "stddev": 3.0345583950620036,
      "mu": 0.41084933949343083,
      "cv": 1.2467463122654698,
      "lambda": 0.05,
      "twait": 0.4307411749548492
    },
    "F3": {
      "rho": 0.15456209656373376,
      "capacity": 1.0,
      "tserv": 1.5456209656373376,
      "stddev": 1.8925389951866125,
      "mu": 0.6469891533773608,
      "cv": 1.2244522022294275,
      "lambda": 0.1,
      "twait": 0.3531097904087375
    },
    "F4": {
      "rho": 0.0947366142017146,
      "capacity": 1.0,
      "tserv": 1.894732284034292,
      "stddev": 2.185448408013358,
      "mu": 0.5277790474286875,
      "cv": 1.1534338789858316,
      "lambda": 0.05,
      "twait": 0.23104312246298328
    },
    "F5": {
      "rho": 0.12830088746972548,
      "capacity": 1.0,
      "tserv": 1.7106784995963396,
      "stddev": 1.8451867889218971,
      "mu": 0.5845633765993815,
      "cv": 1.0786286197887545,
      "lambda": 0.07500000000000001,
      "twait": 0.27236183580948076
    },
    "F6": {
      "rho": 0,
      "capacity": 1.0,
      "tserv": 0,
      "stddev": 0,
      "mu": 0,
      "cv": 0,
      "lambda": 0.0,
      "twait": 0
    },
    "F7": {
      "rho": 0,
      "capacity": 1.0,
      "tserv": 0,
      "stddev": 0,
      "mu": 0,
      "cv": 0,
      "lambda": 0.0,
      "twait": 0
    },
    "F8": {
      "rho": 0.1552633857982854,
      "capacity": 1.0,
      "tserv": 2.070178477310472,
      "stddev": 2.5958345365494244,
      "mu": 0.4830501384108567,