{
  "servicechain": {
    "SC1": {
      "resptime": 34.47943005583965,
      "resptime_old": 24.479430055839643,
      "waittime": 19.7490434233315,
      "servicetime": 10.0,
      "networktime": 4.730386632508148,
      "services": {
        "MS1_1": {
          "meanserv": 2.151287269505595,
          "stddevserv": 2.151287269505595,
          "rate": 0.4648379666327957,
          "cv": 1.0,
          "lambda": 0.15
        },
        "MS1_2": {
          "meanserv": 0.28173841358842955,
          "stddevserv": 0.28173841358842955,
          "rate": 3.549391746987064,
          "cv": 1.0,
          "lambda": 0.15
        },
        "MS1_3": {
          "meanserv": 0.32900256819178253,
          "stddevserv": 0.32900256819178253,
          "rate": 3.0394899513887044,
          "cv": 1.0,
          "lambda": 0.15
        },
        "MS1_4": {
          "meanserv": 2.681970140201148,
          "stddevserv": 2.681970140201148,
          "rate": 0.37286022875892266,
          "cv": 1.0,
          "lambda": 0.15
        },
        "MS1_5": {
          "meanserv": 2.326598714572807,
          "stddevserv": 2.326598714572807,
          "rate": 0.4298119799243561,
          "cv": 1.0,
          "lambda": 0.15
        },
        "MS1_6": {
          "meanserv": 0.1235383259028513,
          "stddevserv": 0.1235383259028513,
          "rate": 8.094653968246138,
          "cv": 1.0,
          "lambda": 0.15
        },
        "MS1_7": {
          "meanserv": 0.3379397966435782,
          "stddevserv": 0.3379397966435782,
          "rate": 2.9591069472492175,
          "cv": 1.0,
          "lambda": 0.15
        },
        "MS1_8": {
          "meanserv": 0.5116461194262634,
          "stddevserv": 0.5116461194262634,
          "rate": 1.9544758809494234,
          "cv": 1.0,
          "lambda": 0.15
        },
        "MS1_9": {
          "meanserv": 0.3434667483369722,
          "stddevserv": 0.3434667483369722,
          "rate": 2.911489990928929,
          "cv": 1.0,
          "lambda": 0.15
        },
        "MS1_10": {
          "meanserv": 0.9128119036305726,
          "stddevserv": 0.9128119036305726,
          "rate": 1.09551595024413,
          "cv": 1.0,
          "lambda": 0.15
        }
      },
      "sensors": [
        "S1"
      ],
      "sources": [
        {
          "startTime": 0,
          "stopTime": -1,
          "lambda": 0.15
        }
      ]
    },
    "SC2": {
      "resptime": 29.03385898277023,
      "resptime_old": 19.033858982770226,
      "waittime": 16.630396813052737,
      "servicetime": 10.0,
      "networktime": 2.4034621697174936,
      "services": {
        "MS2_1": {
          "meanserv": 1.4287118177404368,
          "stddevserv": 1.4287118177404368,
          "rate": 0.6999312160667495,
          "cv": 1.0,
          "lambda": 0.15
        },
        "MS2_2": {
          "meanserv": 1.2221392988289435,
          "stddevserv": 1.2221392988289435,
          "rate": 0.8182373326495614,
          "cv": 1.0,
          "lambda": 0.15
        },
        "MS2_3": {
          "meanserv": 0.9093620664783799,
          "stddevserv": 0.9093620664783799,
          "rate": 1.0996719973955225,
          "cv": 1.0,
          "lambda": 0.15
        },
        "MS2_4": {
          "meanserv": 0.27883599355373345,
          "stddevserv": 0.27883599355373345,
          "rate": 3.5863375716137367,
          "cv": 1.0,
          "lambda": 0.15
        },
        "MS2_5": {
          "meanserv": 0.5682184816053777,
          "stddevserv": 0.5682184816053777,
          "rate": 1.7598864387070225,
          "cv": 1.0,
          "lambda": 0.15
        },
        "MS2_6": {
          "meanserv": 0.3066813161640223,
          "stddevserv": 0.3066813161640223,
          "rate": 3.260713800592829,
          "cv": 1.0,
          "lambda": 0.15
        },
        "MS2_7": {
          "meanserv": 2.356491816251583,
          "stddevserv": 2.356491816251583,
          "rate": 0.42435963201886984,
          "cv": 1.0,
          "lambda": 0.15
        },
        "MS2_8": {
          "meanserv": 1.2245254403391135,
          "stddevserv": 1.2245254403391135,
          "rate": 0.8166428945102728,
          "cv": 1.0,
          "lambda": 0.15
        },
        "MS2_9": {
          "meanserv": 1.3599201570323576,
          "stddevserv": 1.3599201570323576,
          "rate": 0.7353372878759428,
          "cv": 1.0,
          "lambda": 0.15
        },
        "MS2_10": {
          "meanserv": 0.3451136120060525,
          "stddevserv": 0.3451136120060525,
          "rate": 2.897596516658005,
          "cv": 1.0,
          "lambda": 0.15
        }
      },
      "sensors": [
        "S2"
      ],
      "sources": [
        {
          "startTime": 0,
          "stopTime": -1,
          "lambda": 0.15
        }
      ]
    },
    "SC3": {
      "resptime": 30.71550473253327,
      "resptime_old": 20.71550473253327,
      "waittime": 18.565709844425246,
      "servicetime": 10.0,
      "networktime": 2.1497948881080218,
      "services": {
        "MS3_1": {
          "meanserv": 0.9645791198145626,
          "stddevserv": 0.9645791198145626,
          "rate": 1.0367215912700318,
          "cv": 1.0,
          "lambda": 0.15
        },
        "MS3_2": {
          "meanserv": 3.0755496949421133,
          "stddevserv": 3.0755496949421133,
          "rate": 0.3251451282496092,
          "cv": 1.0,
          "lambda": 0.15
        },
        "MS3_3": {
          "meanserv": 0.6199230583520814,
          "stddevserv": 0.6199230583520814,
          "rate": 1.6131034110237215,
          "cv": 1.0,
          "lambda": 0.15
        },
        "MS3_4": {
          "meanserv": 0.8018800930163383,
          "stddevserv": 0.8018800930163383,
          "rate": 1.2470692422833658,
          "cv": 1.0,
          "lambda": 0.15
        },
        "MS3_5": {
          "meanserv": 0.8687049764723094,
          "stddevserv": 0.8687049764723094,
          "rate": 1.151138795199334,
          "cv": 1.0,
          "lambda": 0.15
        },
        "MS3_6": {
          "meanserv": 0.45215013135525695,
          "stddevserv": 0.45215013135525695,
          "rate": 2.2116547815714207,
          "cv": 1.0,
          "lambda": 0.15
        },
        "MS3_7": {
          "meanserv": 0.4647590714807759,
          "stddevserv": 0.4647590714807759,
          "rate": 2.1516524611642005,
          "cv": 1.0,
          "lambda": 0.15
        },
        "MS3_8": {
          "meanserv": 0.9095457831353002,
          "stddevserv": 0.9095457831353002,
          "rate": 1.0994498776662947,
          "cv": 1.0,
          "lambda": 0.15
        },
        "MS3_9": {
          "meanserv": 0.30737370144076515,
          "stddevserv": 0.30737370144076515,
          "rate": 3.2533687667899356,
          "cv": 1.0,
          "lambda": 0.15
        },
        "MS3_10": {
          "meanserv": 1.535534369990497,
          "stddevserv": 1.535534369990497,
          "rate": 0.6512390862382251,
          "cv": 1.0,
          "lambda": 0.15
        }
      },
      "sensors": [
        "S3"
      ],
      "sources": [
        {
          "startTime": 0,
          "stopTime": -1,
          "lambda": 0.15
        }
      ]
    },
    "SC4": {
      "resptime": 34.42623033392817,
      "resptime_old": 24.426230333928167,
      "waittime": 21.937102519306173,
      "servicetime": 10.0,
      "networktime": 2.4891278146219946,
      "services": {
        "MS4_1": {
          "meanserv": 0.921121964667454,
          "stddevserv": 0.921121964667454,
          "rate": 1.0856325637192061,
          "cv": 1.0,
          "lambda": 0.15
        },
        "MS4_2": {
          "meanserv": 0.3173809542715378,
          "stddevserv": 0.3173809542715378,
          "rate": 3.150787678155514,
          "cv": 1.0,
          "lambda": 0.15
        },
        "MS4_3": {
          "meanserv": 3.009742204782208,
          "stddevserv": 3.009742204782208,
          "rate": 0.33225436996268,
          "cv": 1.0,