{
  "servicechain": {
    "SC1": {
      "resptime": 33.764759413451635,
      "resptime_old": 23.764759413451635,
      "waittime": 19.786109025415524,
      "servicetime": 10.0,
      "networktime": 3.9786503880361104,
      "services": {
        "MS1_1": {
          "meanserv": 2.6556084722488507,
          "stddevserv": 2.6556084722488507,
          "rate": 0.3765615339949452,
          "cv": 1.0,
          "lambda": 0.125
        },
        "MS1_2": {
          "meanserv": 5.935910436442509,
          "stddevserv": 5.935910436442509,
          "rate": 0.16846615371092372,
          "cv": 1.0,
          "lambda": 0.125
        },
        "MS1_3": {
          "meanserv": 0.9785234978821205,
          "stddevserv": 0.9785234978821205,
          "rate": 1.0219478654977243,
          "cv": 1.0,
          "lambda": 0.125
        },
        "MS1_4": {
          "meanserv": 0.0678666041616296,
          "stddevserv": 0.0678666041616296,
          "rate": 14.734787637501682,
          "cv": 1.0,
          "lambda": 0.125
        },
        "MS1_5": {
          "meanserv": 0.3620909892648907,
          "stddevserv": 0.3620909892648907,
          "rate": 2.7617367723791704,
          "cv": 1.0,
          "lambda": 0.125
        }
      },
      "sensors": [
        "S1"
      ],
      "sources": [
        {
          "startTime": 0,
          "stopTime": -1,
          "lambda": 0.125
        }
      ]
    },
    "SC2": {
      "resptime": 36.186364053473724,
      "resptime_old": 26.186364053473724,
      "waittime": 24.480913311866544,
      "servicetime": 10.0,
      "networktime": 1.7054507416071802,
      "services": {
        "MS2_1": {
          "meanserv": 6.0025915192164785,
          "stddevserv": 6.0025915192164785,
          "rate": 0.1665947111008031,
          "cv": 1.0,
          "lambda": 0.125
        },
        "MS2_2": {
          "meanserv": 0.03689919888194382,
          "stddevserv": 0.03689919888194382,
          "rate": 27.100859376362724,
          "cv": 1.0,
          "lambda": 0.125
        },
        "MS2_3": {
          "meanserv": 1.7411715206873302,
          "stddevserv": 1.7411715206873302,
          "rate": 0.5743259570460056,
          "cv": 1.0,
          "lambda": 0.125
        },
        "MS2_4": {
          "meanserv": 0.4203248102301673,
          "stddevserv": 0.4203248102301673,
          "rate": 2.379112476021594,
          "cv": 1.0,
          "lambda": 0.125
        },
        "MS2_5": {
          "meanserv": 1.7990129509840802,
          "stddevserv": 1.7990129509840802,
          "rate": 0.5558603674603837,
          "cv": 1.0,
          "lambda": 0.125
        }
      },
      "sensors": [
        "S2"
      ],
      "sources": [
        {
          "startTime": 0,
          "stopTime": -1,
          "lambda": 0.125
        }
      ]
    },
    "SC3": {
      "resptime": 22.119945452440387,
      "resptime_old": 12.119945452440385,
      "waittime": 7.10819923331081,
      "servicetime": 10.0,
      "networktime": 5.011746219129576,
      "services": {
        "MS3_1": {
          "meanserv": 2.156022807416378,
          "stddevserv": 2.156022807416378,
          "rate": 0.4638169858686828,
          "cv": 1.0,
          "lambda": 0.125
        },
        "MS3_2": {
          "meanserv": 3.022840020535378,
          "stddevserv": 3.022840020535378,
          "rate": 0.3308147282709619,
          "cv": 1.0,
          "lambda": 0.125
        },
        "MS3_3": {
          "meanserv": 3.5868608947629657,
          "stddevserv": 3.5868608947629657,
          "rate": 0.2787953113710266,
          "cv": 1.0,
          "lambda": 0.125
        },
        "MS3_4": {
          "meanserv": 1.1787223450819084,
          "stddevserv": 1.1787223450819084,
          "rate": 0.8483762135946535,
          "cv": 1.0,
          "lambda": 0.125
        },
        "MS3_5": {
          "meanserv": 0.05555393220337024,
          "stddevserv": 0.05555393220337024,
          "rate": 18.0005259814774,
          "cv": 1.0,
          "lambda": 0.125
        }
      },
      "sensors": [
        "S3"
      ],
      "sources": [
        {
          "startTime": 0,
          "stopTime": -1,
          "lambda": 0.125
        }
      ]
    },
    "SC4": {
      "resptime": 28.14091995439872,
      "resptime_old": 18.140919954398715,
      "waittime": 12.538225653248437,
      "servicetime": 10.0,
      "networktime": 5.602694301150278,
      "services": {
        "MS4_1": {
          "meanserv": 0.015186953506979295,
          "stddevserv": 0.015186953506979295,
          "rate": 65.8459907407,
          "cv": 1.0,
          "lambda": 0.125
        },
        "MS4_2": {
          "meanserv": 3.9094027916257037,
          "stddevserv": 3.9094027916257037,
          "rate": 0.2557935452806477,
          "cv": 1.0,
          "lambda": 0.125
        },
        "MS4_3": {
          "meanserv": 1.3351339575527001,
          "stddevserv": 1.3351339575527001,
          "rate": 0.7489885148550932,
          "cv": 1.0,
          "lambda": 0.125
        },
        "MS4_4": {
          "meanserv": 2.4879766758947426,
          "stddevserv": 2.4879766758947426,
          "rate": 0.40193302842775785,
          "cv": 1.0,
          "lambda": 0.125
        },
        "MS4_5": {
          "meanserv": 2.2522996214198745,
          "stddevserv": 2.2522996214198745,
          "rate": 0.443990662028167,
          "cv": 1.0,
          "lambda": 0.125
        }
      },
      "sensors": [
        "S4"
      ],
      "sources": [
        {
          "startTime": 0,
          "stopTime": -1,
          "lambda": 0.125
        }
      ]
    }
  },
  "microservice": {
    "MS1_1": "F1",
    "MS1_2": "F3",
    "MS1_3": "F10",
    "MS1_4": "F10",
    "MS1_5": "F10",
    "MS2_1": "F4",
    "MS2_2": "F5",
    "MS2_3": "F5",
    "MS2_4": "F5",
    "MS2_5": "F5",
    "MS3_1": "F7",
    "MS3_2": "F8",
    "MS3_3": "F6",
    "MS3_4": "F10",
    "MS3_5": "F10",
    "MS4_1": "F10",
    "MS4_2": "F2",
    "MS4_3": "F7",
    "MS4_4": "F9",
    "MS4_5": "F9"
  },
  "sensor": {
    "S1": "F1",
    "S2": "F4",
    "S3": "F7",
    "S4": "F10"
  },
  "fog": {
    "F1": {
      "rho": 0.33195105903110633,
      "capacity": 1.0,
      "tserv": 2.6556084722488507,
      "stddev": 2.6556084722488507,
      "mu": 0.3765615339949452,
      "cv": 1.0,
      "lambda": 0.125,
      "twait": 1.3195620719890209
    },
    "F2": {
      "rho": 0.488675348953213,
      "capacity": 1.0,
      "tserv": 3.9094027916257037,
      "stddev": 3.9094027916257037,
      "mu": 0.2557935452806477,
      "cv": 1.0,
      "lambda": 0.125,
      "twait": 3.736234444174194
    },
    "F3": {
      "rho": 0.7419888045553136,
      "capacity": 1.0,
      "tserv": 5.935910436442509,
      "stddev": 5.935910436442509,
      "mu": 0.16846615371092372,
      "cv": 1.0,
      "lambda": 0.125,
      "twait": 17.070496034454507
    },
    "F4": {
      "rho": 0.7503239399020598,
      "capacity": 1.0,
      "tserv": 6.0025915192164785,
      "stddev": 6.0025915192164785,
      "mu": 0.1665947111008031,
      "cv": 1.0,
      "lambda": 0.125,
      "twait": 18.03892658573058
    },
    "F5": {
      "rho": 0.49967606009794013,
      "capacity": 1.0,
      "tserv": 0.9993521201958804,
      "stddev": 1.4914340479810415,
      "mu": 1.000648299824483,
      "cv": 1.4924009444125754,
      "lambda": 0.5,
      "twait": 1.6104966815339905
    },
    "F6": {
      "rho": 0.4483576118453707,
      "capacity": 1.0,
      "tserv": 3.5868608947629657,
      "stddev": 3.5868608947629657,
      "mu": 0.2787953113710266,
      "cv": 1.0,
      "lambda": 0.125,
      "twait": 2.9152879099397344
    },
    "F7": {
      "rho": 0.4363945956211347,
      "capacity": 1.0,
      "tserv": 1.745578382484539,
      "stddev": 1.8395578657146383,
      "mu": 0.5728760220876861,
      "cv": 1.0538385925107157,
      "lambda": 0.25,
      "twait": 1.4263119597383447
    },
    "F8": {
      "rho": 0.3778550025669222,
      "capacity": 1.0,