{
  "servicechain": {
    "SC1": {
      "resptime": 32.34499149637458,
      "resptime_old": 22.344991496374583,
      "waittime": 17.747778027284745,
      "servicetime": 10.0,
      "networktime": 4.597213469089836,
      "services": {
        "MS1_1": {
          "meanserv": 0.4936719351609742,
          "stddevserv": 0.4936719351609742,
          "rate": 2.025636721021876,
          "cv": 1.0,
          "lambda": 0.15
        },
        "MS1_2": {
          "meanserv": 0.3873534178613114,
          "stddevserv": 0.3873534178613114,
          "rate": 2.5816217280882277,
          "cv": 1.0,
          "lambda": 0.15
        },
        "MS1_3": {
          "meanserv": 1.6230377515321825,
          "stddevserv": 1.6230377515321825,
          "rate": 0.6161286138020995,
          "cv": 1.0,
          "lambda": 0.15
        },
        "MS1_4": {
          "meanserv": 0.5726022623186511,
          "stddevserv": 0.5726022623186511,
          "rate": 1.746412939324895,
          "cv": 1.0,
          "lambda": 0.15
        },
        "MS1_5": {
          "meanserv": 1.5953486394440088,
          "stddevserv": 1.5953486394440088,
          "rate": 0.6268222351375857,
          "cv": 1.0,
          "lambda": 0.15
        },
        "MS1_6": {
          "meanserv": 1.2222022517386355,
          "stddevserv": 1.2222022517386355,
          "rate": 0.8181951870710897,
          "cv": 1.0,
          "lambda": 0.15
        },
        "MS1_7": {
          "meanserv": 0.849733006441884,
          "stddevserv": 0.849733006441884,
          "rate": 1.1768402456053038,
          "cv": 1.0,
          "lambda": 0.15
        },
        "MS1_8": {
          "meanserv": 0.16492650505020912,
          "stddevserv": 0.16492650505020912,
          "rate": 6.063306802600144,
          "cv": 1.0,
          "lambda": 0.15
        },
        "MS1_9": {
          "meanserv": 2.0084577857881385,
          "stddevserv": 2.0084577857881385,
          "rate": 0.4978944576659799,
          "cv": 1.0,
          "lambda": 0.15
        },
        "MS1_10": {
          "meanserv": 1.0826664446640049,
          "stddevserv": 1.0826664446640049,
          "rate": 0.9236455095921444,
          "cv": 1.0,
          "lambda": 0.15
        }
      },
      "sensors": [
        "S1"
      ],
      "sources": [
        {
          "startTime": 0,
          "stopTime": -1,
          "lambda": 0.15
        }
      ]
    },
    "SC2": {
      "resptime": 34.460141530066714,
      "resptime_old": 24.46014153006672,
      "waittime": 19.32454297349206,
      "servicetime": 10.0,
      "networktime": 5.135598556574654,
      "services": {
        "MS2_1": {
          "meanserv": 0.9824599555495306,
          "stddevserv": 0.9824599555495306,
          "rate": 1.0178531902001628,
          "cv": 1.0,
          "lambda": 0.15
        },
        "MS2_2": {
          "meanserv": 2.1081679436849776,
          "stddevserv": 2.1081679436849776,
          "rate": 0.4743455107528328,
          "cv": 1.0,
          "lambda": 0.15
        },
        "MS2_3": {
          "meanserv": 0.623715674338321,
          "stddevserv": 0.623715674338321,
          "rate": 1.603294643927085,
          "cv": 1.0,
          "lambda": 0.15
        },
        "MS2_4": {
          "meanserv": 2.149463326095773,
          "stddevserv": 2.149463326095773,
          "rate": 0.4652324084153475,
          "cv": 1.0,
          "lambda": 0.15
        },
        "MS2_5": {
          "meanserv": 1.8050336012051273,
          "stddevserv": 1.8050336012051273,
          "rate": 0.5540063073243356,
          "cv": 1.0,
          "lambda": 0.15
        },
        "MS2_6": {
          "meanserv": 0.37546632799488044,
          "stddevserv": 0.37546632799488044,
          "rate": 2.6633546750792396,
          "cv": 1.0,
          "lambda": 0.15
        },
        "MS2_7": {
          "meanserv": 1.7242534882213754,
          "stddevserv": 1.7242534882213754,
          "rate": 0.5799611291675757,
          "cv": 1.0,
          "lambda": 0.15
        },
        "MS2_8": {
          "meanserv": 0.015405754351499823,
          "stddevserv": 0.015405754351499823,
          "rate": 64.91081041433361,
          "cv": 1.0,
          "lambda": 0.15
        },
        "MS2_9": {
          "meanserv": 0.1524150282255885,
          "stddevserv": 0.1524150282255885,
          "rate": 6.56103280392998,
          "cv": 1.0,
          "lambda": 0.15
        },
        "MS2_10": {
          "meanserv": 0.06361890033292639,
          "stddevserv": 0.06361890033292639,
          "rate": 15.718599264791807,
          "cv": 1.0,
          "lambda": 0.15
        }
      },
      "sensors": [
        "S2"
      ],
      "sources": [
        {
          "startTime": 0,
          "stopTime": -1,
          "lambda": 0.15
        }
      ]
    },
    "SC3": {
      "resptime": 33.731112746530954,
      "resptime_old": 23.731112746530954,
      "waittime": 18.702411514786096,
      "servicetime": 10.0,
      "networktime": 5.028701231744858,
      "services": {
        "MS3_1": {
          "meanserv": 3.787496992147843,
          "stddevserv": 3.787496992147843,
          "rate": 0.2640266123176278,
          "cv": 1.0,
          "lambda": 0.15
        },
        "MS3_2": {
          "meanserv": 0.3222381329527666,
          "stddevserv": 0.3222381329527666,
          "rate": 3.103295040958356,
          "cv": 1.0,
          "lambda": 0.15
        },
        "MS3_3": {
          "meanserv": 0.24841880014115247,
          "stddevserv": 0.24841880014115247,
          "rate": 4.025460228580914,
          "cv": 1.0,
          "lambda": 0.15
        },
        "MS3_4": {
          "meanserv": 1.1408403517208292,
          "stddevserv": 1.1408403517208292,
          "rate": 0.8765468354021775,
          "cv": 1.0,
          "lambda": 0.15
        },
        "MS3_5": {
          "meanserv": 0.8253186185096348,
          "stddevserv": 0.8253186185096348,
          "rate": 1.2116532664752018,
          "cv": 1.0,
          "lambda": 0.15
        },
        "MS3_6": {
          "meanserv": 0.18177275905204215,
          "stddevserv": 0.18177275905204215,
          "rate": 5.50137438203101,
          "cv": 1.0,
          "lambda": 0.15
        },
        "MS3_7": {
          "meanserv": 0.19580993071541286,
          "stddevserv": 0.19580993071541286,
          "rate": 5.106993278361273,
          "cv": 1.0,
          "lambda": 0.15
        },
        "MS3_8": {
          "meanserv": 2.245420893229733,
          "stddevserv": 2.245420893229733,
          "rate": 0.4453508039473329,
          "cv": 1.0,
          "lambda": 0.15
        },
        "MS3_9": {
          "meanserv": 0.6502595549342942,
          "stddevserv": 0.6502595549342942,
          "rate": 1.53784745247003,
          "cv": 1.0,
          "lambda": 0.15
        },
        "MS3_10": {
          "meanserv": 0.40242396659629165,
          "stddevserv": 0.40242396659629165,
          "rate": 2.484941462254388,
          "cv": 1.0,
          "lambda": 0.15
        }
      },
      "sensors": [
        "S3"
      ],
      "sources": [
        {
          "startTime": 0,
          "stopTime": -1,
          "lambda": 0.15
        }
      ]
    },
    "SC4": {
      "resptime": 28.673420108135,
      "resptime_old": 18.673420108134998,
      "waittime": 15.081503424691245,
      "servicetime": 10.0,
      "networktime": 3.5919166834437557,
      "services": {
        "MS4_1": {
          "meanserv": 1.3649714939155777,
          "stddevserv": 1.3649714939155777,
          "rate": 0.7326160322450288,
          "cv": 1.0,
          "lambda": 0.15
        },
        "MS4_2": {
          "meanserv": 1.9355840906510167,
          "stddevserv": 1.9355840906510167,
          "rate": 0.5166399149642001,
          "cv": 1.0,
          "lambda": 0.15
        },
        "MS4_3": {
          "meanserv": 0.1826981711882727,
          "stddevserv": 0.1826981711882727,
          "rate": 5.473508538678736,
          "cv": 1.0,