{
  "servicechain": {
    "SC1": {
      "resptime": 33.97906204862497,
      "resptime_old": 23.97906204862496,
      "waittime": 18.984622418399983,
      "servicetime": 10.0,
      "networktime": 4.994439630224981,
      "services": {
        "MS1_1": {
          "meanserv": 2.127998725228827,
          "stddevserv": 2.127998725228827,
          "rate": 0.46992509353710654,
          "cv": 1.0,
          "lambda": 0.15
        },
        "MS1_2": {
          "meanserv": 1.6315859512529927,
          "stddevserv": 1.6315859512529927,
          "rate": 0.6129005948059556,
          "cv": 1.0,
          "lambda": 0.15
        },
        "MS1_3": {
          "meanserv": 2.3011942397402474,
          "stddevserv": 2.3011942397402474,
          "rate": 0.4345569716500235,
          "cv": 1.0,
          "lambda": 0.15
        },
        "MS1_4": {
          "meanserv": 0.027401067291775938,
          "stddevserv": 0.027401067291775938,
          "rate": 36.49492880520521,
          "cv": 1.0,
          "lambda": 0.15
        },
        "MS1_5": {
          "meanserv": 0.015035725925990562,
          "stddevserv": 0.015035725925990562,
          "rate": 66.50826205014903,
          "cv": 1.0,
          "lambda": 0.15
        },
        "MS1_6": {
          "meanserv": 1.27313587947096,
          "stddevserv": 1.27313587947096,
          "rate": 0.7854621145509942,
          "cv": 1.0,
          "lambda": 0.15
        },
        "MS1_7": {
          "meanserv": 0.179842024925577,
          "stddevserv": 0.179842024925577,
          "rate": 5.560435612387173,
          "cv": 1.0,
          "lambda": 0.15
        },
        "MS1_8": {
          "meanserv": 1.6489868108245318,
          "stddevserv": 1.6489868108245318,
          "rate": 0.6064329886907808,
          "cv": 1.0,
          "lambda": 0.15
        },
        "MS1_9": {
          "meanserv": 0.7112665723618417,
          "stddevserv": 0.7112665723618417,
          "rate": 1.4059426364989798,
          "cv": 1.0,
          "lambda": 0.15
        },
        "MS1_10": {
          "meanserv": 0.08355300297725599,
          "stddevserv": 0.08355300297725599,
          "rate": 11.968450736261515,
          "cv": 1.0,
          "lambda": 0.15
        }
      },
      "sensors": [
        "S1"
      ],
      "sources": [
        {
          "startTime": 0,
          "stopTime": -1,
          "lambda": 0.15
        }
      ]
    },
    "SC2": {
      "resptime": 37.072148496482505,
      "resptime_old": 27.07214849648251,
      "waittime": 23.635240861792074,
      "servicetime": 10.0,
      "networktime": 3.4369076346904355,
      "services": {
        "MS2_1": {
          "meanserv": 2.0048669351410267,
          "stddevserv": 2.0048669351410267,
          "rate": 0.49878621990923194,
          "cv": 1.0,
          "lambda": 0.15
        },
        "MS2_2": {
          "meanserv": 0.5969344448264113,
          "stddevserv": 0.5969344448264113,
          "rate": 1.6752258286767154,
          "cv": 1.0,
          "lambda": 0.15
        },
        "MS2_3": {
          "meanserv": 0.3935027922467649,
          "stddevserv": 0.3935027922467649,
          "rate": 2.5412780282710212,
          "cv": 1.0,
          "lambda": 0.15
        },
        "MS2_4": {
          "meanserv": 0.6209882941357581,
          "stddevserv": 0.6209882941357581,
          "rate": 1.6103363130084765,
          "cv": 1.0,
          "lambda": 0.15
        },
        "MS2_5": {
          "meanserv": 3.2484101779139296,
          "stddevserv": 3.2484101779139296,
          "rate": 0.30784289705747137,
          "cv": 1.0,
          "lambda": 0.15
        },
        "MS2_6": {
          "meanserv": 1.1485648220884839,
          "stddevserv": 1.1485648220884839,
          "rate": 0.8706517740824221,
          "cv": 1.0,
          "lambda": 0.15
        },
        "MS2_7": {
          "meanserv": 0.15648073569740895,
          "stddevserv": 0.15648073569740895,
          "rate": 6.39056300152964,
          "cv": 1.0,
          "lambda": 0.15
        },
        "MS2_8": {
          "meanserv": 0.9694391256538903,
          "stddevserv": 0.9694391256538903,
          "rate": 1.0315242840291763,
          "cv": 1.0,
          "lambda": 0.15
        },
        "MS2_9": {
          "meanserv": 0.8255071667541216,
          "stddevserv": 0.8255071667541216,
          "rate": 1.2113765213353396,
          "cv": 1.0,
          "lambda": 0.15
        },
        "MS2_10": {
          "meanserv": 0.035305505542204685,
          "stddevserv": 0.035305505542204685,
          "rate": 28.32419433293729,
          "cv": 1.0,
          "lambda": 0.15
        }
      },
      "sensors": [
        "S2"
      ],
      "sources": [
        {
          "startTime": 0,
          "stopTime": -1,
          "lambda": 0.15
        }
      ]
    },
    "SC3": {
      "resptime": 33.390286892504236,
      "resptime_old": 23.390286892504236,
      "waittime": 20.82353684080716,
      "servicetime": 10.0,
      "networktime": 2.566750051697071,
      "services": {
        "MS3_1": {
          "meanserv": 1.8745502492808586,
          "stddevserv": 1.8745502492808586,
          "rate": 0.5334612931201146,
          "cv": 1.0,
          "lambda": 0.15
        },
        "MS3_2": {
          "meanserv": 0.7574988471331812,
          "stddevserv": 0.7574988471331812,
          "rate": 1.3201340223613345,
          "cv": 1.0,
          "lambda": 0.15
        },
        "MS3_3": {
          "meanserv": 0.11067375950535219,
          "stddevserv": 0.11067375950535219,
          "rate": 9.035565471611543,
          "cv": 1.0,
          "lambda": 0.15
        },
        "MS3_4": {
          "meanserv": 0.48156881018072895,
          "stddevserv": 0.48156881018072895,
          "rate": 2.0765464433311367,
          "cv": 1.0,
          "lambda": 0.15
        },
        "MS3_5": {
          "meanserv": 2.4212278406219836,
          "stddevserv": 2.4212278406219836,
          "rate": 0.41301358890004847,
          "cv": 1.0,
          "lambda": 0.15
        },
        "MS3_6": {
          "meanserv": 0.8540598791943559,
          "stddevserv": 0.8540598791943559,
          "rate": 1.1708780898867548,
          "cv": 1.0,
          "lambda": 0.15
        },
        "MS3_7": {
          "meanserv": 1.3820331532744294,
          "stddevserv": 1.3820331532744294,
          "rate": 0.7235716434375802,
          "cv": 1.0,
          "lambda": 0.15
        },
        "MS3_8": {
          "meanserv": 0.15292109908338603,
          "stddevserv": 0.15292109908338603,
          "rate": 6.539319989158018,
          "cv": 1.0,
          "lambda": 0.15
        },
        "MS3_9": {
          "meanserv": 1.2018382379451644,
          "stddevserv": 1.2018382379451644,
          "rate": 0.8320587317222856,
          "cv": 1.0,
          "lambda": 0.15
        },
        "MS3_10": {
          "meanserv": 0.7636281237805598,
          "stddevserv": 0.7636281237805598,
          "rate": 1.3095379398144917,
          "cv": 1.0,
          "lambda": 0.15
        }
      },
      "sensors": [
        "S3"
      ],
      "sources": [
        {
          "startTime": 0,
          "stopTime": -1,
          "lambda": 0.15
        }
      ]
    },
    "SC4": {
      "resptime": 31.42055579686613,
      "resptime_old": 21.42055579686613,
      "waittime": 16.844714370601135,
      "servicetime": 10.0,
      "networktime": 4.575841426264994,
      "services": {
        "MS4_1": {
          "meanserv": 0.5720678854213701,
          "stddevserv": 0.5720678854213701,
          "rate": 1.7480442889455792,
          "cv": 1.0,
          "lambda": 0.15
        },
        "MS4_2": {
          "meanserv": 3.6725975207903807,
          "stddevserv": 3.6725975207903807,
          "rate": 0.27228684720801904,
          "cv": 1.0,
          "lambda": 0.15
        },
        "MS4_3": {
          "meanserv": 1.554049076295457,
          "stddevserv": 1.554049076295457,
          "rate": 0.6434803219881579,