{
  "servicechain": {
    "SC1": {
      "resptime": 36.64667100438045,
      "resptime_old": 26.646671004380448,
      "waittime": 22.147214309991792,
      "servicetime": 10.0,
      "networktime": 4.499456694388659,
      "services": {
        "MS1_1": {
          "meanserv": 2.0001158806619026,
          "stddevserv": 2.0001158806619026,
          "rate": 0.49997103151296807,
          "cv": 1.0,
          "lambda": 0.15
        },
        "MS1_2": {
          "meanserv": 1.016444117950258,
          "stddevserv": 1.016444117950258,
          "rate": 0.9838219163652412,
          "cv": 1.0,
          "lambda": 0.15
        },
        "MS1_3": {
          "meanserv": 2.871858165039774,
          "stddevserv": 2.871858165039774,
          "rate": 0.34820661137565284,
          "cv": 1.0,
          "lambda": 0.15
        },
        "MS1_4": {
          "meanserv": 1.5892995185215995,
          "stddevserv": 1.5892995185215995,
          "rate": 0.6292080179639276,
          "cv": 1.0,
          "lambda": 0.15
        },
        "MS1_5": {
          "meanserv": 0.1722714366034026,
          "stddevserv": 0.1722714366034026,
          "rate": 5.8047928299464155,
          "cv": 1.0,
          "lambda": 0.15
        },
        "MS1_6": {
          "meanserv": 1.1363338640645395,
          "stddevserv": 1.1363338640645395,
          "rate": 0.8800230562724862,
          "cv": 1.0,
          "lambda": 0.15
        },
        "MS1_7": {
          "meanserv": 0.2340099971639269,
          "stddevserv": 0.2340099971639269,
          "rate": 4.273321704711135,
          "cv": 1.0,
          "lambda": 0.15
        },
        "MS1_8": {
          "meanserv": 0.32846203946868435,
          "stddevserv": 0.32846203946868435,
          "rate": 3.0444918433118975,
          "cv": 1.0,
          "lambda": 0.15
        },
        "MS1_9": {
          "meanserv": 0.2612574230101128,
          "stddevserv": 0.2612574230101128,
          "rate": 3.827642439699376,
          "cv": 1.0,
          "lambda": 0.15
        },
        "MS1_10": {
          "meanserv": 0.3899475575158,
          "stddevserv": 0.3899475575158,
          "rate": 2.5644473999801414,
          "cv": 1.0,
          "lambda": 0.15
        }
      },
      "sensors": [
        "S1"
      ],
      "sources": [
        {
          "startTime": 0,
          "stopTime": -1,
          "lambda": 0.15
        }
      ]
    },
    "SC2": {
      "resptime": 31.93976850133764,
      "resptime_old": 21.93976850133764,
      "waittime": 17.68214994379499,
      "servicetime": 10.0,
      "networktime": 4.2576185575426475,
      "services": {
        "MS2_1": {
          "meanserv": 0.3736099887430899,
          "stddevserv": 0.3736099887430899,
          "rate": 2.676587966409117,
          "cv": 1.0,
          "lambda": 0.15
        },
        "MS2_2": {
          "meanserv": 0.3418405754035614,
          "stddevserv": 0.3418405754035614,
          "rate": 2.925340266641681,
          "cv": 1.0,
          "lambda": 0.15
        },
        "MS2_3": {
          "meanserv": 0.01832880014004945,
          "stddevserv": 0.01832880014004945,
          "rate": 54.55894506781948,
          "cv": 1.0,
          "lambda": 0.15
        },
        "MS2_4": {
          "meanserv": 0.33362813121764034,
          "stddevserv": 0.33362813121764034,
          "rate": 2.9973491634242793,
          "cv": 1.0,
          "lambda": 0.15
        },
        "MS2_5": {
          "meanserv": 1.0586510012127872,
          "stddevserv": 1.0586510012127872,
          "rate": 0.9445983604175533,
          "cv": 1.0,
          "lambda": 0.15
        },
        "MS2_6": {
          "meanserv": 0.10557143292975946,
          "stddevserv": 0.10557143292975946,
          "rate": 9.472259419509221,
          "cv": 1.0,
          "lambda": 0.15
        },
        "MS2_7": {
          "meanserv": 2.3458852156603327,
          "stddevserv": 2.3458852156603327,
          "rate": 0.4262783163150267,
          "cv": 1.0,
          "lambda": 0.15
        },
        "MS2_8": {
          "meanserv": 1.7864291201174822,
          "stddevserv": 1.7864291201174822,
          "rate": 0.5597759176329572,
          "cv": 1.0,
          "lambda": 0.15
        },
        "MS2_9": {
          "meanserv": 0.3268712166768424,
          "stddevserv": 0.3268712166768424,
          "rate": 3.0593088316755614,
          "cv": 1.0,
          "lambda": 0.15
        },
        "MS2_10": {
          "meanserv": 3.309184517898455,
          "stddevserv": 3.309184517898455,
          "rate": 0.30218925375459704,
          "cv": 1.0,
          "lambda": 0.15
        }
      },
      "sensors": [
        "S2"
      ],
      "sources": [
        {
          "startTime": 0,
          "stopTime": -1,
          "lambda": 0.15
        }
      ]
    },
    "SC3": {
      "resptime": 32.07760996145747,
      "resptime_old": 22.07760996145747,
      "waittime": 17.604036296736567,
      "servicetime": 10.0,
      "networktime": 4.473573664720906,
      "services": {
        "MS3_1": {
          "meanserv": 0.5810265681643367,
          "stddevserv": 0.5810265681643367,
          "rate": 1.7210916932066374,
          "cv": 1.0,
          "lambda": 0.15
        },
        "MS3_2": {
          "meanserv": 1.5919947651547985,
          "stddevserv": 1.5919947651547985,
          "rate": 0.6281427689887941,
          "cv": 1.0,
          "lambda": 0.15
        },
        "MS3_3": {
          "meanserv": 1.6905171203855502,
          "stddevserv": 1.6905171203855502,
          "rate": 0.5915349734949348,
          "cv": 1.0,
          "lambda": 0.15
        },
        "MS3_4": {
          "meanserv": 0.9830226410997334,
          "stddevserv": 0.9830226410997334,
          "rate": 1.0172705675235247,
          "cv": 1.0,
          "lambda": 0.15
        },
        "MS3_5": {
          "meanserv": 1.9642591973073644,
          "stddevserv": 1.9642591973073644,
          "rate": 0.5090977816831989,
          "cv": 1.0,
          "lambda": 0.15
        },
        "MS3_6": {
          "meanserv": 0.28057351047242385,
          "stddevserv": 0.28057351047242385,
          "rate": 3.564128339543604,
          "cv": 1.0,
          "lambda": 0.15
        },
        "MS3_7": {
          "meanserv": 1.2981154475805496,
          "stddevserv": 1.2981154475805496,
          "rate": 0.770347507892166,
          "cv": 1.0,
          "lambda": 0.15
        },
        "MS3_8": {
          "meanserv": 1.0082980284371494,
          "stddevserv": 1.0082980284371494,
          "rate": 0.991770262161465,
          "cv": 1.0,
          "lambda": 0.15
        },
        "MS3_9": {
          "meanserv": 0.417454509943596,
          "stddevserv": 0.417454509943596,
          "rate": 2.3954705870469915,
          "cv": 1.0,
          "lambda": 0.15
        },
        "MS3_10": {
          "meanserv": 0.18473821145449776,
          "stddevserv": 0.18473821145449776,
          "rate": 5.413065289128376,
          "cv": 1.0,
          "lambda": 0.15
        }
      },
      "sensors": [
        "S3"
      ],
      "sources": [
        {
          "startTime": 0,
          "stopTime": -1,
          "lambda": 0.15
        }
      ]
    },
    "SC4": {
      "resptime": 30.793444978841038,
      "resptime_old": 20.793444978841034,
      "waittime": 16.18069953080859,
      "servicetime": 10.0,
      "networktime": 4.612745448032448,
      "services": {
        "MS4_1": {
          "meanserv": 2.1806676993115848,
          "stddevserv": 2.1806676993115848,
          "rate": 0.45857514206116323,
          "cv": 1.0,
          "lambda": 0.15
        },
        "MS4_2": {
          "meanserv": 0.20281396950711494,
          "stddevserv": 0.20281396950711494,
          "rate": 4.930626832215909,
          "cv": 1.0,
          "lambda": 0.15
        },
        "MS4_3": {
          "meanserv": 0.6730243894488899,
          "stddevserv": 0.6730243894488899,
          "rate": 1.4858302547086832,
          "cv": 1.0,