{
  "servicechain": {
    "SC1": {
      "resptime": 36.62245057111244,
      "resptime_old": 26.622450571112438,
      "waittime": 22.968950173729073,
      "servicetime": 10.0,
      "networktime": 3.6535003973833664,
      "services": {
        "MS1_1": {
          "meanserv": 0.41460856518789835,
          "stddevserv": 0.41460856518789835,
          "rate": 2.411913510630938,
          "cv": 1.0,
          "lambda": 0.15
        },
        "MS1_2": {
          "meanserv": 2.405318426579381,
          "stddevserv": 2.405318426579381,
          "rate": 0.4157453703217609,
          "cv": 1.0,
          "lambda": 0.15
        },
        "MS1_3": {
          "meanserv": 0.9485505490839019,
          "stddevserv": 0.9485505490839019,
          "rate": 1.054240072883609,
          "cv": 1.0,
          "lambda": 0.15
        },
        "MS1_4": {
          "meanserv": 0.04441394604857596,
          "stddevserv": 0.04441394604857596,
          "rate": 22.5154504151982,
          "cv": 1.0,
          "lambda": 0.15
        },
        "MS1_5": {
          "meanserv": 0.36591501969818996,
          "stddevserv": 0.36591501969818996,
          "rate": 2.7328749741533134,
          "cv": 1.0,
          "lambda": 0.15
        },
        "MS1_6": {
          "meanserv": 1.549979770970575,
          "stddevserv": 1.549979770970575,
          "rate": 0.6451697104239074,
          "cv": 1.0,
          "lambda": 0.15
        },
        "MS1_7": {
          "meanserv": 0.729941914341369,
          "stddevserv": 0.729941914341369,
          "rate": 1.3699720215440787,
          "cv": 1.0,
          "lambda": 0.15
        },
        "MS1_8": {
          "meanserv": 0.20362850738020377,
          "stddevserv": 0.20362850738020377,
          "rate": 4.910903747542852,
          "cv": 1.0,
          "lambda": 0.15
        },
        "MS1_9": {
          "meanserv": 2.427126177057831,
          "stddevserv": 2.427126177057831,
          "rate": 0.412009894439111,
          "cv": 1.0,
          "lambda": 0.15
        },
        "MS1_10": {
          "meanserv": 0.9105171236520739,
          "stddevserv": 0.9105171236520739,
          "rate": 1.0982769835113164,
          "cv": 1.0,
          "lambda": 0.15
        }
      },
      "sensors": [
        "S1"
      ],
      "sources": [
        {
          "startTime": 0,
          "stopTime": -1,
          "lambda": 0.15
        }
      ]
    },
    "SC2": {
      "resptime": 27.813734981841822,
      "resptime_old": 17.813734981841826,
      "waittime": 12.675866504319462,
      "servicetime": 10.0,
      "networktime": 5.13786847752236,
      "services": {
        "MS2_1": {
          "meanserv": 3.4449440618799487,
          "stddevserv": 3.4449440618799487,
          "rate": 0.29028047539741114,
          "cv": 1.0,
          "lambda": 0.15
        },
        "MS2_2": {
          "meanserv": 1.3134533697328266,
          "stddevserv": 1.3134533697328266,
          "rate": 0.7613517335628085,
          "cv": 1.0,
          "lambda": 0.15
        },
        "MS2_3": {
          "meanserv": 0.5091397184829765,
          "stddevserv": 0.5091397184829765,
          "rate": 1.9640974052850995,
          "cv": 1.0,
          "lambda": 0.15
        },
        "MS2_4": {
          "meanserv": 0.6190356327118209,
          "stddevserv": 0.6190356327118209,
          "rate": 1.615415893943425,
          "cv": 1.0,
          "lambda": 0.15
        },
        "MS2_5": {
          "meanserv": 0.18023686367072767,
          "stddevserv": 0.18023686367072767,
          "rate": 5.548254555887561,
          "cv": 1.0,
          "lambda": 0.15
        },
        "MS2_6": {
          "meanserv": 1.5838436790388402,
          "stddevserv": 1.5838436790388402,
          "rate": 0.6313754401614007,
          "cv": 1.0,
          "lambda": 0.15
        },
        "MS2_7": {
          "meanserv": 1.1123498580493756,
          "stddevserv": 1.1123498580493756,
          "rate": 0.8989977323803564,
          "cv": 1.0,
          "lambda": 0.15
        },
        "MS2_8": {
          "meanserv": 0.38547229997541876,
          "stddevserv": 0.38547229997541876,
          "rate": 2.5942201296014504,
          "cv": 1.0,
          "lambda": 0.15
        },
        "MS2_9": {
          "meanserv": 0.20767861862605486,
          "stddevserv": 0.20767861862605486,
          "rate": 4.815132181712915,
          "cv": 1.0,
          "lambda": 0.15
        },
        "MS2_10": {
          "meanserv": 0.6438458978320103,
          "stddevserv": 0.6438458978320103,
          "rate": 1.5531666868846248,
          "cv": 1.0,
          "lambda": 0.15
        }
      },
      "sensors": [
        "S2"
      ],
      "sources": [
        {
          "startTime": 0,
          "stopTime": -1,
          "lambda": 0.15
        }
      ]
    },
    "SC3": {
      "resptime": 38.00405054986793,
      "resptime_old": 28.004050549867923,
      "waittime": 22.826484117135628,
      "servicetime": 10.0,
      "networktime": 5.1775664327322986,
      "services": {
        "MS3_1": {
          "meanserv": 4.51091167043943,
          "stddevserv": 4.51091167043943,
          "rate": 0.22168467774554873,
          "cv": 1.0,
          "lambda": 0.15
        },
        "MS3_2": {
          "meanserv": 0.07417514646278356,
          "stddevserv": 0.07417514646278356,
          "rate": 13.48160465718443,
          "cv": 1.0,
          "lambda": 0.15
        },
        "MS3_3": {
          "meanserv": 1.1897487164518346,
          "stddevserv": 1.1897487164518346,
          "rate": 0.8405136195332754,
          "cv": 1.0,
          "lambda": 0.15
        },
        "MS3_4": {
          "meanserv": 0.015844393093520814,
          "stddevserv": 0.015844393093520814,
          "rate": 63.113809036265714,
          "cv": 1.0,
          "lambda": 0.15
        },
        "MS3_5": {
          "meanserv": 0.1841960665964706,
          "stddevserv": 0.1841960665964706,
          "rate": 5.428997581097973,
          "cv": 1.0,
          "lambda": 0.15
        },
        "MS3_6": {
          "meanserv": 0.34129533617156227,
          "stddevserv": 0.34129533617156227,
          "rate": 2.930013668564519,
          "cv": 1.0,
          "lambda": 0.15
        },
        "MS3_7": {
          "meanserv": 2.635701028545401,
          "stddevserv": 2.635701028545401,
          "rate": 0.379405702380396,
          "cv": 1.0,
          "lambda": 0.15
        },
        "MS3_8": {
          "meanserv": 0.5444494477977937,
          "stddevserv": 0.5444494477977937,
          "rate": 1.8367178147481489,
          "cv": 1.0,
          "lambda": 0.15
        },
        "MS3_9": {
          "meanserv": 0.048079615525526975,
          "stddevserv": 0.048079615525526975,
          "rate": 20.798835204267984,
          "cv": 1.0,
          "lambda": 0.15
        },
        "MS3_10": {
          "meanserv": 0.45559857891567646,
          "stddevserv": 0.45559857891567646,
          "rate": 2.194914660137873,
          "cv": 1.0,
          "lambda": 0.15
        }
      },
      "sensors": [
        "S3"
      ],
      "sources": [
        {
          "startTime": 0,
          "stopTime": -1,
          "lambda": 0.15
        }
      ]
    },
    "SC4": {
      "resptime": 32.8100854188615,
      "resptime_old": 22.810085418861497,
      "waittime": 18.273120661642043,
      "servicetime": 10.0,
      "networktime": 4.536964757219453,
      "services": {
        "MS4_1": {
          "meanserv": 0.3917694315279052,
          "stddevserv": 0.3917694315279052,
          "rate": 2.5525217628644192,
          "cv": 1.0,
          "lambda": 0.15
        },
        "MS4_2": {
          "meanserv": 1.0255727117227087,
          "stddevserv": 1.0255727117227087,
          "rate": 0.9750649452443476,
          "cv": 1.0,
          "lambda": 0.15
        },
        "MS4_3": {
          "meanserv": 0.32034880883905603,
          "stddevserv": 0.32034880883905603,
          "rate": 3.1215973726389046,