{
  "servicechain": {
    "SC1": {
      "resptime": 30.324324173900646,
      "resptime_old": 20.324324173900646,
      "waittime": 14.352857425318145,
      "servicetime": 10.0,
      "networktime": 5.971466748582501,
      "services": {
        "MS1_1": {
          "meanserv": 1.8923358445394467,
          "stddevserv": 1.8923358445394467,
          "rate": 0.5284474227371506,
          "cv": 1.0,
          "lambda": 0.15
        },
        "MS1_2": {
          "meanserv": 0.39677788017294513,
          "stddevserv": 0.39677788017294513,
          "rate": 2.520301785886164,
          "cv": 1.0,
          "lambda": 0.15
        },
        "MS1_3": {
          "meanserv": 0.25467053543987905,
          "stddevserv": 0.25467053543987905,
          "rate": 3.926641919029826,
          "cv": 1.0,
          "lambda": 0.15
        },
        "MS1_4": {
          "meanserv": 0.5786338520228318,
          "stddevserv": 0.5786338520228318,
          "rate": 1.7282086011803919,
          "cv": 1.0,
          "lambda": 0.15
        },
        "MS1_5": {
          "meanserv": 3.118828566201991,
          "stddevserv": 3.118828566201991,
          "rate": 0.3206332053120085,
          "cv": 1.0,
          "lambda": 0.15
        },
        "MS1_6": {
          "meanserv": 0.38248876347409055,
          "stddevserv": 0.38248876347409055,
          "rate": 2.6144558886309324,
          "cv": 1.0,
          "lambda": 0.15
        },
        "MS1_7": {
          "meanserv": 0.5409498531101775,
          "stddevserv": 0.5409498531101775,
          "rate": 1.848600187707835,
          "cv": 1.0,
          "lambda": 0.15
        },
        "MS1_8": {
          "meanserv": 1.7580609519194832,
          "stddevserv": 1.7580609519194832,
          "rate": 0.5688084926226145,
          "cv": 1.0,
          "lambda": 0.15
        },
        "MS1_9": {
          "meanserv": 0.5319057688505335,
          "stddevserv": 0.5319057688505335,
          "rate": 1.8800322511279282,
          "cv": 1.0,
          "lambda": 0.15
        },
        "MS1_10": {
          "meanserv": 0.5453479842686217,
          "stddevserv": 0.5453479842686217,
          "rate": 1.8336915673047223,
          "cv": 1.0,
          "lambda": 0.15
        }
      },
      "sensors": [
        "S1"
      ],
      "sources": [
        {
          "startTime": 0,
          "stopTime": -1,
          "lambda": 0.15
        }
      ]
    },
    "SC2": {
      "resptime": 31.252736512419553,
      "resptime_old": 21.252736512419553,
      "waittime": 16.557033670184488,
      "servicetime": 10.0,
      "networktime": 4.695702842235065,
      "services": {
        "MS2_1": {
          "meanserv": 0.2476730562166951,
          "stddevserv": 0.2476730562166951,
          "rate": 4.03758089505334,
          "cv": 1.0,
          "lambda": 0.15
        },
        "MS2_2": {
          "meanserv": 0.578079908777076,
          "stddevserv": 0.578079908777076,
          "rate": 1.7298646516110427,
          "cv": 1.0,
          "lambda": 0.15
        },
        "MS2_3": {
          "meanserv": 0.4924327810767759,
          "stddevserv": 0.4924327810767759,
          "rate": 2.030734017774679,
          "cv": 1.0,
          "lambda": 0.15
        },
        "MS2_4": {
          "meanserv": 2.399079160980647,
          "stddevserv": 2.399079160980647,
          "rate": 0.41682659591409243,
          "cv": 1.0,
          "lambda": 0.15
        },
        "MS2_5": {
          "meanserv": 0.7291548963397938,
          "stddevserv": 0.7291548963397938,
          "rate": 1.3714507096088806,
          "cv": 1.0,
          "lambda": 0.15
        },
        "MS2_6": {
          "meanserv": 0.26681379854435683,
          "stddevserv": 0.26681379854435683,
          "rate": 3.7479320989231133,
          "cv": 1.0,
          "lambda": 0.15
        },
        "MS2_7": {
          "meanserv": 0.27052506268225684,
          "stddevserv": 0.27052506268225684,
          "rate": 3.6965151771336706,
          "cv": 1.0,
          "lambda": 0.15
        },
        "MS2_8": {
          "meanserv": 0.06797107817975068,
          "stddevserv": 0.06797107817975068,
          "rate": 14.712139733247763,
          "cv": 1.0,
          "lambda": 0.15
        },
        "MS2_9": {
          "meanserv": 2.3608269353694196,
          "stddevserv": 2.3608269353694196,
          "rate": 0.4235803925388208,
          "cv": 1.0,
          "lambda": 0.15
        },
        "MS2_10": {
          "meanserv": 2.587443321833228,
          "stddevserv": 2.587443321833228,
          "rate": 0.3864818956851548,
          "cv": 1.0,
          "lambda": 0.15
        }
      },
      "sensors": [
        "S2"
      ],
      "sources": [
        {
          "startTime": 0,
          "stopTime": -1,
          "lambda": 0.15
        }
      ]
    },
    "SC3": {
      "resptime": 36.54792418545393,
      "resptime_old": 26.54792418545393,
      "waittime": 20.742700555929673,
      "servicetime": 10.0,
      "networktime": 5.805223629524255,
      "services": {
        "MS3_1": {
          "meanserv": 0.6973596410203442,
          "stddevserv": 0.6973596410203442,
          "rate": 1.4339803183001048,
          "cv": 1.0,
          "lambda": 0.15
        },
        "MS3_2": {
          "meanserv": 1.918785332988224,
          "stddevserv": 1.918785332988224,
          "rate": 0.5211630414344726,
          "cv": 1.0,
          "lambda": 0.15
        },
        "MS3_3": {
          "meanserv": 1.350190767369046,
          "stddevserv": 1.350190767369046,
          "rate": 0.7406360820764457,
          "cv": 1.0,
          "lambda": 0.15
        },
        "MS3_4": {
          "meanserv": 3.3143780927725235,
          "stddevserv": 3.3143780927725235,
          "rate": 0.30171572826306187,
          "cv": 1.0,
          "lambda": 0.15
        },
        "MS3_5": {
          "meanserv": 0.7588989809801063,
          "stddevserv": 0.7588989809801063,
          "rate": 1.317698435579022,
          "cv": 1.0,
          "lambda": 0.15
        },
        "MS3_6": {
          "meanserv": 0.39609338055123366,
          "stddevserv": 0.39609338055123366,
          "rate": 2.5246571871721866,
          "cv": 1.0,
          "lambda": 0.15
        },
        "MS3_7": {
          "meanserv": 0.1765978881055119,
          "stddevserv": 0.1765978881055119,
          "rate": 5.662581873020645,
          "cv": 1.0,
          "lambda": 0.15
        },
        "MS3_8": {
          "meanserv": 0.6955557357758693,
          "stddevserv": 0.6955557357758693,
          "rate": 1.4376993079994276,
          "cv": 1.0,
          "lambda": 0.15
        },
        "MS3_9": {
          "meanserv": 0.21096273078727812,
          "stddevserv": 0.21096273078727812,
          "rate": 4.740173756132966,
          "cv": 1.0,
          "lambda": 0.15
        },
        "MS3_10": {
          "meanserv": 0.48117744964986287,
          "stddevserv": 0.48117744964986287,
          "rate": 2.0782353801651916,
          "cv": 1.0,
          "lambda": 0.15
        }
      },
      "sensors": [
        "S3"
      ],
      "sources": [
        {
          "startTime": 0,
          "stopTime": -1,
          "lambda": 0.15
        }
      ]
    },
    "SC4": {
      "resptime": 34.508251515127604,
      "resptime_old": 24.5082515151276,
      "waittime": 19.976486983212688,
      "servicetime": 10.0,
      "networktime": 4.5317645319149165,
      "services": {
        "MS4_1": {
          "meanserv": 0.3362471296446867,
          "stddevserv": 0.3362471296446867,
          "rate": 2.9740030823659453,
          "cv": 1.0,
          "lambda": 0.15
        },
        "MS4_2": {
          "meanserv": 0.005750399866540912,
          "stddevserv": 0.005750399866540912,
          "rate": 173.9009500571547,
          "cv": 1.0,
          "lambda": 0.15
        },
        "MS4_3": {
          "meanserv": 1.6776783503038193,
          "stddevserv": 1.6776783503038193,
          "rate": 0.5960618135287404,
          "cv": 1.0,