{
  "servicechain": {
    "SC1": {
      "resptime": 38.51581857917435,
      "resptime_old": 28.51581857917435,
      "waittime": 23.338723846126236,
      "servicetime": 10.0,
      "networktime": 5.177094733048116,
      "services": {
        "MS1_1": {
          "meanserv": 3.2986480109405534,
          "stddevserv": 3.2986480109405534,
          "rate": 0.30315450350668577,
          "cv": 1.0,
          "lambda": 0.175
        },
        "MS1_2": {
          "meanserv": 3.0055612893799823,
          "stddevserv": 3.0055612893799823,
          "rate": 0.33271655565083824,
          "cv": 1.0,
          "lambda": 0.175
        },
        "MS1_3": {
          "meanserv": 0.025194821842932313,
          "stddevserv": 0.025194821842932313,
          "rate": 39.69069542281846,
          "cv": 1.0,
          "lambda": 0.175
        },
        "MS1_4": {
          "meanserv": 1.4145711362644526,
          "stddevserv": 1.4145711362644526,
          "rate": 0.7069280394344558,
          "cv": 1.0,
          "lambda": 0.175
        },
        "MS1_5": {
          "meanserv": 2.2560247415720793,
          "stddevserv": 2.2560247415720793,
          "rate": 0.4432575501380202,
          "cv": 1.0,
          "lambda": 0.175
        }
      },
      "sensors": [
        "S1"
      ],
      "sources": [
        {
          "startTime": 0,
          "stopTime": -1,
          "lambda": 0.175
        }
      ]
    },
    "SC2": {
      "resptime": 43.16545681642738,
      "resptime_old": 33.16545681642739,
      "waittime": 27.929385184711638,
      "servicetime": 10.0,
      "networktime": 5.236071631715747,
      "services": {
        "MS2_1": {
          "meanserv": 2.4409803670200514,
          "stddevserv": 2.4409803670200514,
          "rate": 0.40967146377371316,
          "cv": 1.0,
          "lambda": 0.175
        },
        "MS2_2": {
          "meanserv": 2.397618689570743,
          "stddevserv": 2.397618689570743,
          "rate": 0.4170804992261028,
          "cv": 1.0,
          "lambda": 0.175
        },
        "MS2_3": {
          "meanserv": 0.8487215329810125,
          "stddevserv": 0.8487215329810125,
          "rate": 1.1782427582432646,
          "cv": 1.0,
          "lambda": 0.175
        },
        "MS2_4": {
          "meanserv": 2.697316386793603,
          "stddevserv": 2.697316386793603,
          "rate": 0.3707388591476048,
          "cv": 1.0,
          "lambda": 0.175
        },
        "MS2_5": {
          "meanserv": 1.6153630236345897,
          "stddevserv": 1.6153630236345897,
          "rate": 0.6190558935476843,
          "cv": 1.0,
          "lambda": 0.175
        }
      },
      "sensors": [
        "S2"
      ],
      "sources": [
        {
          "startTime": 0,
          "stopTime": -1,
          "lambda": 0.175
        }
      ]
    },
    "SC3": {
      "resptime": 41.79738970623654,
      "resptime_old": 31.797389706236537,
      "waittime": 25.16316381125216,
      "servicetime": 10.0,
      "networktime": 6.634225894984378,
      "services": {
        "MS3_1": {
          "meanserv": 3.002645860498474,
          "stddevserv": 3.002645860498474,
          "rate": 0.3330396078856893,
          "cv": 1.0,
          "lambda": 0.175
        },
        "MS3_2": {
          "meanserv": 2.7480571201722994,
          "stddevserv": 2.7480571201722994,
          "rate": 0.3638934550011469,
          "cv": 1.0,
          "lambda": 0.175
        },
        "MS3_3": {
          "meanserv": 2.000604489392698,
          "stddevserv": 2.000604489392698,
          "rate": 0.4998489233139526,
          "cv": 1.0,
          "lambda": 0.175
        },
        "MS3_4": {
          "meanserv": 0.8696711161859465,
          "stddevserv": 0.8696711161859465,
          "rate": 1.1498599658979447,
          "cv": 1.0,
          "lambda": 0.175
        },
        "MS3_5": {
          "meanserv": 1.379021413750582,
          "stddevserv": 1.379021413750582,
          "rate": 0.7251519012168623,
          "cv": 1.0,
          "lambda": 0.175
        }
      },
      "sensors": [
        "S3"
      ],
      "sources": [
        {
          "startTime": 0,
          "stopTime": -1,
          "lambda": 0.175
        }
      ]
    },
    "SC4": {
      "resptime": 7869.651383018602,
      "resptime_old": 7859.651383018602,
      "waittime": 7857.961553677161,
      "servicetime": 10.0,
      "networktime": 1.6898293414414434,
      "services": {
        "MS4_1": {
          "meanserv": 0.024027599507441266,
          "stddevserv": 0.024027599507441266,
          "rate": 41.61880589404295,
          "cv": 1.0,
          "lambda": 0.175
        },
        "MS4_2": {
          "meanserv": 0.43586173042409637,
          "stddevserv": 0.43586173042409637,
          "rate": 2.294305579494197,
          "cv": 1.0,
          "lambda": 0.175
        },
        "MS4_3": {
          "meanserv": 1.744168321371494,
          "stddevserv": 1.744168321371494,
          "rate": 0.5733391598430527,
          "cv": 1.0,
          "lambda": 0.175
        },
        "MS4_4": {
          "meanserv": 1.094777451831546,
          "stddevserv": 1.094777451831546,
          "rate": 0.9134276544762729,
          "cv": 1.0,
          "lambda": 0.175
        },
        "MS4_5": {
          "meanserv": 6.701164896865422,
          "stddevserv": 6.701164896865422,
          "rate": 0.14922778582388954,
          "cv": 1.0,
          "lambda": 0.175
        }
      },
      "sensors": [
        "S4"
      ],
      "sources": [
        {
          "startTime": 0,
          "stopTime": -1,
          "lambda": 0.175
        }
      ]
    }
  },
  "microservice": {
    "MS1_1": "F7",
    "MS1_2": "F3",
    "MS1_3": "F8",
    "MS1_4": "F8",
    "MS1_5": "F1",
    "MS2_1": "F9",
    "MS2_2": "F1",
    "MS2_3": "F4",
    "MS2_4": "F4",
    "MS2_5": "F9",
    "MS3_1": "F2",
    "MS3_2": "F10",
    "MS3_3": "F8",
    "MS3_4": "F2",
    "MS3_5": "F10",
    "MS4_1": "F6",
    "MS4_2": "F6",
    "MS4_3": "F6",
    "MS4_4": "F6",
    "MS4_5": "F5"
  },
  "sensor": {
    "S1": "F7",
    "S2": "F9",
    "S3": "F2",
    "S4": "F6"
  },
  "fog": {
    "F1": {
      "rho": 0.8143876004499938,
      "capacity": 1.0,
      "tserv": 2.3268217155714113,
      "stddev": 2.3289748214846826,
      "mu": 0.42977078703875865,
      "cv": 1.0009253420229245,
      "lambda": 0.35,
      "twait": 10.218546994985433
    },
    "F2": {
      "rho": 0.6776554709197736,
      "capacity": 1.0,
      "tserv": 1.9361584883422103,
      "stddev": 2.4542820379730483,
      "mu": 0.5164866440537242,
      "cv": 1.2676038933540348,
      "lambda": 0.35,
      "twait": 5.3053072044114105
    },
    "F3": {
      "rho": 0.5259732256414968,
      "capacity": 1.0,
      "tserv": 3.0055612893799823,
      "stddev": 3.0055612893799823,
      "mu": 0.33271655565083824,
      "cv": 1.0,
      "lambda": 0.175,
      "twait": 3.3349271639302462
    },
    "F4": {
      "rho": 0.6205566359605577,
      "capacity": 1.0,
      "tserv": 1.7730189598873076,
      "stddev": 2.2027818091883424,
      "mu": 0.5640097611046188,
      "cv": 1.2423904419659169,
      "lambda": 0.35,
      "twait": 3.6876984038689433
    },
    "F5": {
      "rho": 1.1727038569514487,
      "capacity": 1.0,
      "tserv": 6.701164896865421,
      "stddev": 6.701164896865423,
      "mu": 0.14922778582388954,
      "cv": 1.0000000000000002,
      "lambda": 0.175,
      "twait": 7850.623438701108
    },
    "F6": {
      "rho": 0.5772961430485511,
      "capacity": 1.0,
      "tserv": 0.8247087757836444,
      "stddev": 1.2391376933561278,
      "mu": 1.212549240851466,
      "cv": 1.5025154693894094,
      "lambda": 0.7,
      "twait": 1.8345287440131983
    },
    "F7": {
      "rho": 0.5772634019145968,
      "capacity": 1.0,
      "tserv": 3.2986480109405534,
      "stddev": 3.2986480109405534,
      "mu": 0.30315450350668577,
      "cv": 1.0,
      "lambda": 0.175,
      "twait": 4.504433212403504
    },