{
  "servicechain": {
    "SC1": {
      "resptime": 77.79215034823842,
      "resptime_old": 67.79215034823842,
      "waittime": 61.439635291573815,
      "servicetime": 10.0,
      "networktime": 6.352515056664615,
      "services": {
        "MS1_1": {
          "meanserv": 2.8847985620659076,
          "stddevserv": 2.8847985620659076,
          "rate": 0.34664465420554846,
          "cv": 1.0,
          "lambda": 0.225
        },
        "MS1_2": {
          "meanserv": 3.8121526377519332,
          "stddevserv": 3.8121526377519332,
          "rate": 0.2623189822193769,
          "cv": 1.0,
          "lambda": 0.225
        },
        "MS1_3": {
          "meanserv": 0.7117060043320542,
          "stddevserv": 0.7117060043320542,
          "rate": 1.405074558754796,
          "cv": 1.0,
          "lambda": 0.225
        },
        "MS1_4": {
          "meanserv": 0.08569984542255682,
          "stddevserv": 0.08569984542255682,
          "rate": 11.668632481999703,
          "cv": 1.0,
          "lambda": 0.225
        },
        "MS1_5": {
          "meanserv": 2.505642950427548,
          "stddevserv": 2.505642950427548,
          "rate": 0.39909916128687284,
          "cv": 1.0,
          "lambda": 0.225
        }
      },
      "sensors": [
        "S1"
      ],
      "sources": [
        {
          "startTime": 0,
          "stopTime": -1,
          "lambda": 0.225
        }
      ]
    },
    "SC2": {
      "resptime": 6416.029715544321,
      "resptime_old": 6406.02971554432,
      "waittime": 6398.532087339054,
      "servicetime": 10.0,
      "networktime": 7.497628205267569,
      "services": {
        "MS2_1": {
          "meanserv": 5.319426003716759,
          "stddevserv": 5.319426003716759,
          "rate": 0.187990207834696,
          "cv": 1.0,
          "lambda": 0.225
        },
        "MS2_2": {
          "meanserv": 1.2622772764777137,
          "stddevserv": 1.2622772764777137,
          "rate": 0.7922189669693033,
          "cv": 1.0,
          "lambda": 0.225
        },
        "MS2_3": {
          "meanserv": 2.159464164858198,
          "stddevserv": 2.159464164858198,
          "rate": 0.4630778395276892,
          "cv": 1.0,
          "lambda": 0.225
        },
        "MS2_4": {
          "meanserv": 1.2105852094334484,
          "stddevserv": 1.2105852094334484,
          "rate": 0.8260467682964656,
          "cv": 1.0,
          "lambda": 0.225
        },
        "MS2_5": {
          "meanserv": 0.048247345513880546,
          "stddevserv": 0.048247345513880546,
          "rate": 20.72652887633589,
          "cv": 1.0,
          "lambda": 0.225
        }
      },
      "sensors": [
        "S2"
      ],
      "sources": [
        {
          "startTime": 0,
          "stopTime": -1,
          "lambda": 0.225
        }
      ]
    },
    "SC3": {
      "resptime": 75.00257191780464,
      "resptime_old": 65.00257191780464,
      "waittime": 61.18987620133285,
      "servicetime": 10.0,
      "networktime": 3.8126957164717945,
      "services": {
        "MS3_1": {
          "meanserv": 0.5266154064613171,
          "stddevserv": 0.5266154064613171,
          "rate": 1.898918998059081,
          "cv": 1.0,
          "lambda": 0.225
        },
        "MS3_2": {
          "meanserv": 1.0152359051734106,
          "stddevserv": 1.0152359051734106,
          "rate": 0.9849927439565801,
          "cv": 1.0,
          "lambda": 0.225
        },
        "MS3_3": {
          "meanserv": 2.311000236708509,
          "stddevserv": 2.311000236708509,
          "rate": 0.4327130668858222,
          "cv": 1.0,
          "lambda": 0.225
        },
        "MS3_4": {
          "meanserv": 2.65193818133175,
          "stddevserv": 2.65193818133175,
          "rate": 0.37708269636127795,
          "cv": 1.0,
          "lambda": 0.225
        },
        "MS3_5": {
          "meanserv": 3.495210270325013,
          "stddevserv": 3.495210270325013,
          "rate": 0.2861058198673157,
          "cv": 1.0,
          "lambda": 0.225
        }
      },
      "sensors": [
        "S3"
      ],
      "sources": [
        {
          "startTime": 0,
          "stopTime": -1,
          "lambda": 0.225
        }
      ]
    },
    "SC4": {
      "resptime": 6122.271084461727,
      "resptime_old": 6112.271084461728,
      "waittime": 6106.911282767087,
      "servicetime": 10.0,
      "networktime": 5.359801694639726,
      "services": {
        "MS4_1": {
          "meanserv": 0.3362544567315484,
          "stddevserv": 0.3362544567315484,
          "rate": 2.973938277934435,
          "cv": 1.0,
          "lambda": 0.225
        },
        "MS4_2": {
          "meanserv": 0.8858314990260552,
          "stddevserv": 0.8858314990260552,
          "rate": 1.1288828644042006,
          "cv": 1.0,
          "lambda": 0.225
        },
        "MS4_3": {
          "meanserv": 0.23795159324178417,
          "stddevserv": 0.23795159324178417,
          "rate": 4.202535424858002,
          "cv": 1.0,
          "lambda": 0.225
        },
        "MS4_4": {
          "meanserv": 5.196126126415288,
          "stddevserv": 5.196126126415288,
          "rate": 0.19245106367152057,
          "cv": 1.0,
          "lambda": 0.225
        },
        "MS4_5": {
          "meanserv": 3.3438363245853244,
          "stddevserv": 3.3438363245853244,
          "rate": 0.2990576998783013,
          "cv": 1.0,
          "lambda": 0.225
        }
      },
      "sensors": [
        "S4"
      ],
      "sources": [
        {
          "startTime": 0,
          "stopTime": -1,
          "lambda": 0.225
        }
      ]
    }
  },
  "microservice": {
    "MS1_1": "F2",
    "MS1_2": "F1",
    "MS1_3": "F2",
    "MS1_4": "F8",
    "MS1_5": "F10",
    "MS2_1": "F3",
    "MS2_2": "F10",
    "MS2_3": "F8",
    "MS2_4": "F7",
    "MS2_5": "F8",
    "MS3_1": "F5",
    "MS3_2": "F5",
    "MS3_3": "F5",
    "MS3_4": "F7",
    "MS3_5": "F6",
    "MS4_1": "F8",
    "MS4_2": "F8",
    "MS4_3": "F9",
    "MS4_4": "F4",
    "MS4_5": "F9"
  },
  "sensor": {
    "S1": "F2",
    "S2": "F3",
    "S3": "F5",
    "S4": "F8"
  },
  "fog": {
    "F1": {
      "rho": 0.857734343494185,
      "capacity": 1.0,
      "tserv": 3.8121526377519332,
      "stddev": 3.8121526377519332,
      "mu": 0.2623189822193769,
      "cv": 1.0,
      "lambda": 0.225,
      "twait": 22.98386216569512
    },
    "F2": {
      "rho": 0.8092135274395414,
      "capacity": 1.0,
      "tserv": 1.798252283198981,
      "stddev": 2.36534921444371,
      "mu": 0.5560954985810228,
      "cv": 1.3153600507243057,
      "lambda": 0.45,
      "twait": 10.411809149298978
    },
    "F3": {
      "rho": 1.1968708508362709,
      "capacity": 1.0,
      "tserv": 5.319426003716759,
      "stddev": 5.319426003716759,
      "mu": 0.187990207834696,
      "cv": 1.0,
      "lambda": 0.225,
      "twait": 6360.299261102027
    },
    "F4": {
      "rho": 1.1691283784434396,
      "capacity": 1.0,
      "tserv": 5.196126126415288,
      "stddev": 5.196126126415288,
      "mu": 0.19245106367152057,
      "cv": 1.0,
      "lambda": 0.225,
      "twait": 6068.863573851127
    },
    "F5": {
      "rho": 0.8668915983772283,
      "capacity": 1.0,
      "tserv": 1.2842838494477455,
      "stddev": 1.668267027909301,
      "mu": 0.778644067220817,
      "cv": 1.2989862238216825,
      "lambda": 0.675,
      "twait": 11.238724919382797
    },
    "F6": {
      "rho": 0.786422310823128,
      "capacity": 1.0,
      "tserv": 3.495210270325013,
      "stddev": 3.495210270325013,
      "mu": 0.2861058198673157,
      "cv": 1.0,
      "lambda": 0.225,
      "twait": 12.869843044913795
    },
    "F7": {
      "rho": 0.8690677629221696,
      "capacity": 1.0,
      "tserv": 1.9312616953825992,
      "stddev": 2.1836943309108316,
      "mu": 0.5177962170486127,
      "cv": 1.13070866373613,
      "lambda": 0.45,
      "twait": 14.603858398270667
    },
    "F8": {
      "rho": 0.7909868950992538,
      "capacity": 1.0,