{
  "servicechain": {
    "SC1": {
      "resptime": 34.966525864156694,
      "resptime_old": 24.9665258641567,
      "waittime": 19.109690425682263,
      "servicetime": 10.0,
      "networktime": 5.856835438474433,
      "services": {
        "MS1_1": {
          "meanserv": 0.5530562389365024,
          "stddevserv": 0.5530562389365024,
          "rate": 1.808134380552232,
          "cv": 1.0,
          "lambda": 0.15
        },
        "MS1_2": {
          "meanserv": 2.392949702782662,
          "stddevserv": 2.392949702782662,
          "rate": 0.41789428287487257,
          "cv": 1.0,
          "lambda": 0.15
        },
        "MS1_3": {
          "meanserv": 0.39569295405768035,
          "stddevserv": 0.39569295405768035,
          "rate": 2.5272120459699403,
          "cv": 1.0,
          "lambda": 0.15
        },
        "MS1_4": {
          "meanserv": 0.5035635740174302,
          "stddevserv": 0.5035635740174302,
          "rate": 1.9858465774678655,
          "cv": 1.0,
          "lambda": 0.15
        },
        "MS1_5": {
          "meanserv": 1.2964834336844038,
          "stddevserv": 1.2964834336844038,
          "rate": 0.7713172216617963,
          "cv": 1.0,
          "lambda": 0.15
        },
        "MS1_6": {
          "meanserv": 3.8217550639789266,
          "stddevserv": 3.8217550639789266,
          "rate": 0.26165988747559205,
          "cv": 1.0,
          "lambda": 0.15
        },
        "MS1_7": {
          "meanserv": 0.14110544054671692,
          "stddevserv": 0.14110544054671692,
          "rate": 7.086898960986001,
          "cv": 1.0,
          "lambda": 0.15
        },
        "MS1_8": {
          "meanserv": 0.117873907658538,
          "stddevserv": 0.117873907658538,
          "rate": 8.483641713964733,
          "cv": 1.0,
          "lambda": 0.15
        },
        "MS1_9": {
          "meanserv": 0.7775196843371397,
          "stddevserv": 0.7775196843371397,
          "rate": 1.2861410715955466,
          "cv": 1.0,
          "lambda": 0.15
        }
      },
      "sensors": [
        "S1"
      ],
      "sources": [
        {
          "startTime": 0,
          "stopTime": -1,
          "lambda": 0.15
        }
      ]
    },
    "SC2": {
      "resptime": 32.82388642068944,
      "resptime_old": 22.823886420689448,
      "waittime": 17.435368732514327,
      "servicetime": 10.0,
      "networktime": 5.388517688175116,
      "services": {
        "MS2_1": {
          "meanserv": 1.5862353152579312,
          "stddevserv": 1.5862353152579312,
          "rate": 0.6304234878526798,
          "cv": 1.0,
          "lambda": 0.15
        },
        "MS2_2": {
          "meanserv": 1.865428181400203,
          "stddevserv": 1.865428181400203,
          "rate": 0.5360699543251208,
          "cv": 1.0,
          "lambda": 0.15
        },
        "MS2_3": {
          "meanserv": 1.4028590105352778,
          "stddevserv": 1.4028590105352778,
          "rate": 0.7128300082119,
          "cv": 1.0,
          "lambda": 0.15
        },
        "MS2_4": {
          "meanserv": 0.43973546040313494,
          "stddevserv": 0.43973546040313494,
          "rate": 2.2740945182888663,
          "cv": 1.0,
          "lambda": 0.15
        },
        "MS2_5": {
          "meanserv": 0.18132548197703535,
          "stddevserv": 0.18132548197703535,
          "rate": 5.514944667990177,
          "cv": 1.0,
          "lambda": 0.15
        },
        "MS2_6": {
          "meanserv": 0.4317796994470102,
          "stddevserv": 0.4317796994470102,
          "rate": 2.3159958684503277,
          "cv": 1.0,
          "lambda": 0.15
        },
        "MS2_7": {
          "meanserv": 1.3961351292389201,
          "stddevserv": 1.3961351292389201,
          "rate": 0.7162630457877909,
          "cv": 1.0,
          "lambda": 0.15
        },
        "MS2_8": {
          "meanserv": 0.267605489666213,
          "stddevserv": 0.267605489666213,
          "rate": 3.7368441179861818,
          "cv": 1.0,
          "lambda": 0.15
        },
        "MS2_9": {
          "meanserv": 2.4288962320742744,
          "stddevserv": 2.4288962320742744,
          "rate": 0.4117096427565377,
          "cv": 1.0,
          "lambda": 0.15
        }
      },
      "sensors": [
        "S2"
      ],
      "sources": [
        {
          "startTime": 0,
          "stopTime": -1,
          "lambda": 0.15
        }
      ]
    },
    "SC3": {
      "resptime": 31.984945319122442,
      "resptime_old": 21.984945319122446,
      "waittime": 16.493239838220024,
      "servicetime": 10.0,
      "networktime": 5.491705480902418,
      "services": {
        "MS3_1": {
          "meanserv": 2.332905194435112,
          "stddevserv": 2.332905194435112,
          "rate": 0.42865008075998534,
          "cv": 1.0,
          "lambda": 0.15
        },
        "MS3_2": {
          "meanserv": 0.2838817708162438,
          "stddevserv": 0.2838817708162438,
          "rate": 3.5225932159176874,
          "cv": 1.0,
          "lambda": 0.15
        },
        "MS3_3": {
          "meanserv": 0.6658270472068102,
          "stddevserv": 0.6658270472068102,
          "rate": 1.5018915260277697,
          "cv": 1.0,
          "lambda": 0.15
        },
        "MS3_4": {
          "meanserv": 1.7745755316786829,
          "stddevserv": 1.7745755316786829,
          "rate": 0.5635150390324817,
          "cv": 1.0,
          "lambda": 0.15
        },
        "MS3_5": {
          "meanserv": 1.7953670234142907,
          "stddevserv": 1.7953670234142907,
          "rate": 0.5569891765630612,
          "cv": 1.0,
          "lambda": 0.15
        },
        "MS3_6": {
          "meanserv": 0.3006096337129991,
          "stddevserv": 0.3006096337129991,
          "rate": 3.3265733624316565,
          "cv": 1.0,
          "lambda": 0.15
        },
        "MS3_7": {
          "meanserv": 1.7932639714775611,
          "stddevserv": 1.7932639714775611,
          "rate": 0.5576423861212408,
          "cv": 1.0,
          "lambda": 0.15
        },
        "MS3_8": {
          "meanserv": 0.732427302326963,
          "stddevserv": 0.732427302326963,
          "rate": 1.3653232161375517,
          "cv": 1.0,
          "lambda": 0.15
        },
        "MS3_9": {
          "meanserv": 0.32114252493133755,
          "stddevserv": 0.32114252493133755,
          "rate": 3.1138822247654896,
          "cv": 1.0,
          "lambda": 0.15
        }
      },
      "sensors": [
        "S3"
      ],
      "sources": [
        {
          "startTime": 0,
          "stopTime": -1,
          "lambda": 0.15
        }
      ]
    },
    "SC4": {
      "resptime": 31.072254909080648,
      "resptime_old": 21.072254909080648,
      "waittime": 17.368517934941476,
      "servicetime": 10.0,
      "networktime": 3.7037369741391712,
      "services": {
        "MS4_1": {
          "meanserv": 0.901382635204574,
          "stddevserv": 0.901382635204574,
          "rate": 1.1094067723781302,
          "cv": 1.0,
          "lambda": 0.15
        },
        "MS4_2": {
          "meanserv": 1.7712556298827875,
          "stddevserv": 1.7712556298827875,
          "rate": 0.5645712471588162,
          "cv": 1.0,
          "lambda": 0.15
        },
        "MS4_3": {
          "meanserv": 1.2184567358226683,
          "stddevserv": 1.2184567358226683,
          "rate": 0.8207103055857191,
          "cv": 1.0,
          "lambda": 0.15
        },
        "MS4_4": {
          "meanserv": 1.3125748317199482,
          "stddevserv": 1.3125748317199482,
          "rate": 0.7618613246527347,
          "cv": 1.0,
          "lambda": 0.15
        },
        "MS4_5": {
          "meanserv": 0.8641920276462489,
          "stddevserv": 0.8641920276462489,
          "rate": 1.157150225886304,
          "cv": 1.0,
          "lambda": 0.15
        },
        "MS4_6": {
          "meanserv": 1.0375765402835082,
          "stddevserv": 1.0375765402835082,
          "rate": 0.9637843196866799,
          "cv": 1.0,