{
  "servicechain": {
    "SC1": {
      "resptime": 35.709869117430166,
      "resptime_old": 25.709869117430166,
      "waittime": 22.732228718729655,
      "servicetime": 10.0,
      "networktime": 2.977640398700511,
      "services": {
        "MS1_1": {
          "meanserv": 0.7499090312727597,
          "stddevserv": 0.7499090312727597,
          "rate": 1.3334950751330215,
          "cv": 1.0,
          "lambda": 0.075
        },
        "MS1_2": {
          "meanserv": 0.46952986859262524,
          "stddevserv": 0.46952986859262524,
          "rate": 2.129789959896295,
          "cv": 1.0,
          "lambda": 0.075
        },
        "MS1_3": {
          "meanserv": 0.07567041398016117,
          "stddevserv": 0.07567041398016117,
          "rate": 13.215204561483889,
          "cv": 1.0,
          "lambda": 0.075
        },
        "MS1_4": {
          "meanserv": 0.9077264139283701,
          "stddevserv": 0.9077264139283701,
          "rate": 1.1016535209902036,
          "cv": 1.0,
          "lambda": 0.075
        },
        "MS1_5": {
          "meanserv": 0.11424294323444961,
          "stddevserv": 0.11424294323444961,
          "rate": 8.753275884601448,
          "cv": 1.0,
          "lambda": 0.075
        },
        "MS1_6": {
          "meanserv": 0.6578273360743889,
          "stddevserv": 0.6578273360743889,
          "rate": 1.5201557386890308,
          "cv": 1.0,
          "lambda": 0.075
        },
        "MS1_7": {
          "meanserv": 2.5152050824116774,
          "stddevserv": 2.5152050824116774,
          "rate": 0.39758189381565684,
          "cv": 1.0,
          "lambda": 0.075
        },
        "MS1_8": {
          "meanserv": 1.7144904600603033,
          "stddevserv": 1.7144904600603033,
          "rate": 0.5832636712162442,
          "cv": 1.0,
          "lambda": 0.075
        },
        "MS1_9": {
          "meanserv": 0.46962482466324396,
          "stddevserv": 0.46962482466324396,
          "rate": 2.1293593257491756,
          "cv": 1.0,
          "lambda": 0.075
        },
        "MS1_10": {
          "meanserv": 2.3257736257820207,
          "stddevserv": 2.3257736257820207,
          "rate": 0.4299644595306471,
          "cv": 1.0,
          "lambda": 0.075
        }
      },
      "sensors": [
        "S1"
      ],
      "sources": [
        {
          "startTime": 0,
          "stopTime": -1,
          "lambda": 0.075
        }
      ]
    },
    "SC2": {
      "resptime": 33.550982207669506,
      "resptime_old": 23.550982207669506,
      "waittime": 21.639454748890646,
      "servicetime": 10.0,
      "networktime": 1.9115274587788607,
      "services": {
        "MS2_1": {
          "meanserv": 2.529108726803313,
          "stddevserv": 2.529108726803313,
          "rate": 0.3953962079218152,
          "cv": 1.0,
          "lambda": 0.075
        },
        "MS2_2": {
          "meanserv": 0.5137866512579992,
          "stddevserv": 0.5137866512579992,
          "rate": 1.9463331667950394,
          "cv": 1.0,
          "lambda": 0.075
        },
        "MS2_3": {
          "meanserv": 0.4302251294540791,
          "stddevserv": 0.4302251294540791,
          "rate": 2.324364458368388,
          "cv": 1.0,
          "lambda": 0.075
        },
        "MS2_4": {
          "meanserv": 1.2100555853969173,
          "stddevserv": 1.2100555853969173,
          "rate": 0.8264083171617147,
          "cv": 1.0,
          "lambda": 0.075
        },
        "MS2_5": {
          "meanserv": 2.21123786142076,
          "stddevserv": 2.21123786142076,
          "rate": 0.45223538247372536,
          "cv": 1.0,
          "lambda": 0.075
        },
        "MS2_6": {
          "meanserv": 0.30634161638309987,
          "stddevserv": 0.30634161638309987,
          "rate": 3.2643295801816095,
          "cv": 1.0,
          "lambda": 0.075
        },
        "MS2_7": {
          "meanserv": 0.782239580551261,
          "stddevserv": 0.782239580551261,
          "rate": 1.278380722304129,
          "cv": 1.0,
          "lambda": 0.075
        },
        "MS2_8": {
          "meanserv": 0.7209253795164212,
          "stddevserv": 0.7209253795164212,
          "rate": 1.3871061116904708,
          "cv": 1.0,
          "lambda": 0.075
        },
        "MS2_9": {
          "meanserv": 0.6976222101851413,
          "stddevserv": 0.6976222101851413,
          "rate": 1.4334406006577844,
          "cv": 1.0,
          "lambda": 0.075
        },
        "MS2_10": {
          "meanserv": 0.598457259031008,
          "stddevserv": 0.598457259031008,
          "rate": 1.670963105400626,
          "cv": 1.0,
          "lambda": 0.075
        }
      },
      "sensors": [
        "S2"
      ],
      "sources": [
        {
          "startTime": 0,
          "stopTime": -1,
          "lambda": 0.075
        }
      ]
    },
    "SC3": {
      "resptime": 31.24983498542098,
      "resptime_old": 21.24983498542098,
      "waittime": 19.105062816291028,
      "servicetime": 10.0,
      "networktime": 2.1447721691299515,
      "services": {
        "MS3_1": {
          "meanserv": 0.2784089761454289,
          "stddevserv": 0.2784089761454289,
          "rate": 3.5918382152939023,
          "cv": 1.0,
          "lambda": 0.075
        },
        "MS3_2": {
          "meanserv": 0.0003050635670875934,
          "stddevserv": 0.0003050635670875934,
          "rate": 3278.005333599434,
          "cv": 1.0,
          "lambda": 0.075
        },
        "MS3_3": {
          "meanserv": 0.6981270193468447,
          "stddevserv": 0.6981270193468447,
          "rate": 1.4324040930769049,
          "cv": 1.0,
          "lambda": 0.075
        },
        "MS3_4": {
          "meanserv": 0.8583165395666037,
          "stddevserv": 0.8583165395666037,
          "rate": 1.1650713389549008,
          "cv": 1.0,
          "lambda": 0.075
        },
        "MS3_5": {
          "meanserv": 1.8647109452577095,
          "stddevserv": 1.8647109452577095,
          "rate": 0.5362761464682648,
          "cv": 1.0,
          "lambda": 0.075
        },
        "MS3_6": {
          "meanserv": 0.11430466132302453,
          "stddevserv": 0.11430466132302453,
          "rate": 8.748549607911473,
          "cv": 1.0,
          "lambda": 0.075
        },
        "MS3_7": {
          "meanserv": 0.6202481329088805,
          "stddevserv": 0.6202481329088805,
          "rate": 1.6122579769972611,
          "cv": 1.0,
          "lambda": 0.075
        },
        "MS3_8": {
          "meanserv": 2.8146348382552437,
          "stddevserv": 2.8146348382552437,
          "rate": 0.35528587453279986,
          "cv": 1.0,
          "lambda": 0.075
        },
        "MS3_9": {
          "meanserv": 1.8109360059500883,
          "stddevserv": 1.8109360059500883,
          "rate": 0.5522006281361448,
          "cv": 1.0,
          "lambda": 0.075
        },
        "MS3_10": {
          "meanserv": 0.9400078176790885,
          "stddevserv": 0.9400078176790885,
          "rate": 1.0638209397758354,
          "cv": 1.0,
          "lambda": 0.075
        }
      },
      "sensors": [
        "S3"
      ],
      "sources": [
        {
          "startTime": 0,
          "stopTime": -1,
          "lambda": 0.075
        }
      ]
    },
    "SC4": {
      "resptime": 35.84113055246645,
      "resptime_old": 25.84113055246646,
      "waittime": 22.898511147183477,
      "servicetime": 10.0,
      "networktime": 2.9426194052829784,
      "services": {
        "MS4_1": {
          "meanserv": 0.5105848470989927,
          "stddevserv": 0.5105848470989927,
          "rate": 1.9585383422201699,
          "cv": 1.0,
          "lambda": 0.075
        },
        "MS4_2": {
          "meanserv": 1.09572882393137,
          "stddevserv": 1.09572882393137,
          "rate": 0.9126345662899473,
          "cv": 1.0,
          "lambda": 0.075
        },
        "MS4_3": {
          "meanserv": 2.4805689366373773,
          "stddevserv": 2.4805689366373773,