{
  "servicechain": {
    "SC1": {
      "resptime": 33.72910018787546,
      "resptime_old": 23.72910018787546,
      "waittime": 20.080587647259428,
      "servicetime": 9.999999999999998,
      "networktime": 3.648512540616031,
      "services": {
        "MS1_1": {
          "meanserv": 3.2859744386804324,
          "stddevserv": 3.2859744386804324,
          "rate": 0.30432373065007035,
          "cv": 1.0,
          "lambda": 0.15
        },
        "MS1_2": {
          "meanserv": 4.3901400232959205,
          "stddevserv": 4.3901400232959205,
          "rate": 0.22778316743738958,
          "cv": 1.0,
          "lambda": 0.15
        },
        "MS1_3": {
          "meanserv": 0.24646660374967855,
          "stddevserv": 0.24646660374967855,
          "rate": 4.057344828006152,
          "cv": 1.0,
          "lambda": 0.15
        },
        "MS1_4": {
          "meanserv": 1.4401694889573644,
          "stddevserv": 1.4401694889573644,
          "rate": 0.6943627174909581,
          "cv": 1.0,
          "lambda": 0.15
        },
        "MS1_5": {
          "meanserv": 0.6372494453166038,
          "stddevserv": 0.6372494453166038,
          "rate": 1.5692442062514018,
          "cv": 1.0,
          "lambda": 0.15
        }
      },
      "sensors": [
        "S1"
      ],
      "sources": [
        {
          "startTime": 0,
          "stopTime": -1,
          "lambda": 0.15
        }
      ]
    },
    "SC2": {
      "resptime": 43.453320656733695,
      "resptime_old": 33.45332065673369,
      "waittime": 30.380349669039784,
      "servicetime": 10.0,
      "networktime": 3.0729709876939073,
      "services": {
        "MS2_1": {
          "meanserv": 5.161622013301105,
          "stddevserv": 5.161622013301105,
          "rate": 0.1937375494414501,
          "cv": 1.0,
          "lambda": 0.15
        },
        "MS2_2": {
          "meanserv": 0.7009218053118254,
          "stddevserv": 0.7009218053118254,
          "rate": 1.4266926673156088,
          "cv": 1.0,
          "lambda": 0.15
        },
        "MS2_3": {
          "meanserv": 2.6643649075453917,
          "stddevserv": 2.6643649075453917,
          "rate": 0.3753239645095286,
          "cv": 1.0,
          "lambda": 0.15
        },
        "MS2_4": {
          "meanserv": 0.18077801694598605,
          "stddevserv": 0.18077801694598605,
          "rate": 5.531646031379944,
          "cv": 1.0,
          "lambda": 0.15
        },
        "MS2_5": {
          "meanserv": 1.2923132568956923,
          "stddevserv": 1.2923132568956923,
          "rate": 0.7738061918533069,
          "cv": 1.0,
          "lambda": 0.15
        }
      },
      "sensors": [
        "S2"
      ],
      "sources": [
        {
          "startTime": 0,
          "stopTime": -1,
          "lambda": 0.15
        }
      ]
    },
    "SC3": {
      "resptime": 35.697393031016844,
      "resptime_old": 25.69739303101684,
      "waittime": 20.89276032409653,
      "servicetime": 10.0,
      "networktime": 4.804632706920314,
      "services": {
        "MS3_1": {
          "meanserv": 0.9153855289004964,
          "stddevserv": 0.9153855289004964,
          "rate": 1.0924358845842115,
          "cv": 1.0,
          "lambda": 0.15
        },
        "MS3_2": {
          "meanserv": 1.1996503557081373,
          "stddevserv": 1.1996503557081373,
          "rate": 0.833576212637151,
          "cv": 1.0,
          "lambda": 0.15
        },
        "MS3_3": {
          "meanserv": 4.399294238488691,
          "stddevserv": 4.399294238488691,
          "rate": 0.22730918774451747,
          "cv": 1.0,
          "lambda": 0.15
        },
        "MS3_4": {
          "meanserv": 3.1459952140758958,
          "stddevserv": 3.1459952140758958,
          "rate": 0.3178644377861013,
          "cv": 1.0,
          "lambda": 0.15
        },
        "MS3_5": {
          "meanserv": 0.33967466282677883,
          "stddevserv": 0.33967466282677883,
          "rate": 2.943993501540508,
          "cv": 1.0,
          "lambda": 0.15
        }
      },
      "sensors": [
        "S3"
      ],
      "sources": [
        {
          "startTime": 0,
          "stopTime": -1,
          "lambda": 0.15
        }
      ]
    },
    "SC4": {
      "resptime": 29.97534096706741,
      "resptime_old": 19.975340967067414,
      "waittime": 12.380186943740075,
      "servicetime": 9.999999999999998,
      "networktime": 7.595154023327338,
      "services": {
        "MS4_1": {
          "meanserv": 1.0008888715732545,
          "stddevserv": 1.0008888715732545,
          "rate": 0.9991119178177521,
          "cv": 1.0,
          "lambda": 0.15
        },
        "MS4_2": {
          "meanserv": 2.4754206098122253,
          "stddevserv": 2.4754206098122253,
          "rate": 0.40397175172418703,
          "cv": 1.0,
          "lambda": 0.15
        },
        "MS4_3": {
          "meanserv": 2.483830331479077,
          "stddevserv": 2.483830331479077,
          "rate": 0.4026039892203578,
          "cv": 1.0,
          "lambda": 0.15
        },
        "MS4_4": {
          "meanserv": 3.098935931589451,
          "stddevserv": 3.098935931589451,
          "rate": 0.3226914083012674,
          "cv": 1.0,
          "lambda": 0.15
        },
        "MS4_5": {
          "meanserv": 0.9409242555459922,
          "stddevserv": 0.9409242555459922,
          "rate": 1.0627848034587308,
          "cv": 1.0,
          "lambda": 0.15
        }
      },
      "sensors": [
        "S4"
      ],
      "sources": [
        {
          "startTime": 0,
          "stopTime": -1,
          "lambda": 0.15
        }
      ]
    }
  },
  "microservice": {
    "MS1_1": "F8",
    "MS1_2": "F3",
    "MS1_3": "F6",
    "MS1_4": "F6",
    "MS1_5": "F6",
    "MS2_1": "F1",
    "MS2_2": "F5",
    "MS2_3": "F5",
    "MS2_4": "F6",
    "MS2_5": "F6",
    "MS3_1": "F5",
    "MS3_2": "F10",
    "MS3_3": "F2",
    "MS3_4": "F9",
    "MS3_5": "F9",
    "MS4_1": "F6",
    "MS4_2": "F10",
    "MS4_3": "F7",
    "MS4_4": "F4",
    "MS4_5": "F7"
  },
  "sensor": {
    "S1": "F8",
    "S2": "F1",
    "S3": "F5",
    "S4": "F6"
  },
  "fog": {
    "F1": {
      "rho": 0.7742433019951657,
      "capacity": 1.0,
      "tserv": 5.161622013301105,
      "stddev": 5.161622013301105,
      "mu": 0.1937375494414501,
      "cv": 1.0,
      "lambda": 0.15,
      "twait": 17.702027477136493
    },
    "F2": {
      "rho": 0.6598941357733037,
      "capacity": 1.0,
      "tserv": 4.399294238488691,
      "stddev": 4.399294238488691,
      "mu": 0.22730918774451747,
      "cv": 1.0,
      "lambda": 0.15,
      "twait": 8.535778929071741
    },
    "F3": {
      "rho": 0.658521003494388,
      "capacity": 1.0,
      "tserv": 4.3901400232959205,
      "stddev": 4.3901400232959205,
      "mu": 0.22778316743738958,
      "cv": 1.0,
      "lambda": 0.15,
      "twait": 8.466111951849413
    },
    "F4": {
      "rho": 0.4648403897384176,
      "capacity": 1.0,
      "tserv": 3.098935931589451,
      "stddev": 3.098935931589451,
      "mu": 0.3226914083012674,
      "cv": 1.0,
      "lambda": 0.15,
      "twait": 2.691740106302707
    },
    "F5": {
      "rho": 0.642100836263657,
      "capacity": 1.0,
      "tserv": 1.4268907472525711,
      "stddev": 1.8927997952502167,
      "mu": 0.7008245038559998,
      "cv": 1.326520477404971,
      "lambda": 0.44999999999999996,
      "twait": 3.532305992107671
    },
    "F6": {
      "rho": 0.719679852515787,
      "capacity": 1.0,
      "tserv": 0.7996442805730967,
      "stddev": 1.0531161144404728,
      "mu": 1.2505560588557083,
      "cv": 1.3169807375921148,
      "lambda": 0.9,
      "twait": 2.8068551038439753
    },
    "F7": {
      "rho": 0.5137131880537604,
      "capacity": 1.0,
      "tserv": 1.7123772935125345,
      "stddev": 2.0303978858620115,
      "mu": 0.5839834502527991,
      "cv": 1.1857187627716865,
      "lambda": 0.3,
      "twait": 2.1761082339500595
    },
    "F8": {
      "rho": 0.49289616580206486,