{
  "servicechain": {
    "SC1": {
      "resptime": 22.951854478169054,
      "resptime_old": 12.951854478169052,
      "waittime": 9.015612254417142,
      "servicetime": 10.0,
      "networktime": 3.9362422237519104,
      "services": {
        "MS1_1": {
          "meanserv": 1.4576894789421535,
          "stddevserv": 1.4576894789421535,
          "rate": 0.6860171623970976,
          "cv": 1.0,
          "lambda": 0.125
        },
        "MS1_2": {
          "meanserv": 1.462871348701803,
          "stddevserv": 1.462871348701803,
          "rate": 0.6835871116673593,
          "cv": 1.0,
          "lambda": 0.125
        },
        "MS1_3": {
          "meanserv": 0.5591075916935897,
          "stddevserv": 0.5591075916935897,
          "rate": 1.7885645175571763,
          "cv": 1.0,
          "lambda": 0.125
        },
        "MS1_4": {
          "meanserv": 2.277690540618055,
          "stddevserv": 2.277690540618055,
          "rate": 0.43904120518876477,
          "cv": 1.0,
          "lambda": 0.125
        },
        "MS1_5": {
          "meanserv": 4.242641040044399,
          "stddevserv": 4.242641040044399,
          "rate": 0.23570224078856672,
          "cv": 1.0,
          "lambda": 0.125
        }
      },
      "sensors": [
        "S1"
      ],
      "sources": [
        {
          "startTime": 0,
          "stopTime": -1,
          "lambda": 0.125
        }
      ]
    },
    "SC2": {
      "resptime": 26.714802417642364,
      "resptime_old": 16.71480241764236,
      "waittime": 8.823700437528505,
      "servicetime": 10.0,
      "networktime": 7.891101980113858,
      "services": {
        "MS2_1": {
          "meanserv": 1.183047007888206,
          "stddevserv": 1.183047007888206,
          "rate": 0.8452749496277807,
          "cv": 1.0,
          "lambda": 0.125
        },
        "MS2_2": {
          "meanserv": 3.6444962699761927,
          "stddevserv": 3.6444962699761927,
          "rate": 0.2743863420133319,
          "cv": 1.0,
          "lambda": 0.125
        },
        "MS2_3": {
          "meanserv": 0.9474675231624987,
          "stddevserv": 0.9474675231624987,
          "rate": 1.0554451477789508,
          "cv": 1.0,
          "lambda": 0.125
        },
        "MS2_4": {
          "meanserv": 3.5960173932355266,
          "stddevserv": 3.5960173932355266,
          "rate": 0.27808541801858394,
          "cv": 1.0,
          "lambda": 0.125
        },
        "MS2_5": {
          "meanserv": 0.6289718057375762,
          "stddevserv": 0.6289718057375762,
          "rate": 1.5898963846675613,
          "cv": 1.0,
          "lambda": 0.125
        }
      },
      "sensors": [
        "S2"
      ],
      "sources": [
        {
          "startTime": 0,
          "stopTime": -1,
          "lambda": 0.125
        }
      ]
    },
    "SC3": {
      "resptime": 32.261064143325925,
      "resptime_old": 22.261064143325925,
      "waittime": 18.108837165805195,
      "servicetime": 10.0,
      "networktime": 4.15222697752073,
      "services": {
        "MS3_1": {
          "meanserv": 0.883457361070582,
          "stddevserv": 0.883457361070582,
          "rate": 1.1319165407011726,
          "cv": 1.0,
          "lambda": 0.125
        },
        "MS3_2": {
          "meanserv": 0.8120129853124147,
          "stddevserv": 0.8120129853124147,
          "rate": 1.2315073996202892,
          "cv": 1.0,
          "lambda": 0.125
        },
        "MS3_3": {
          "meanserv": 1.6714924673927323,
          "stddevserv": 1.6714924673927323,
          "rate": 0.5982677274997501,
          "cv": 1.0,
          "lambda": 0.125
        },
        "MS3_4": {
          "meanserv": 0.9456138236101927,
          "stddevserv": 0.9456138236101927,
          "rate": 1.0575141511596882,
          "cv": 1.0,
          "lambda": 0.125
        },
        "MS3_5": {
          "meanserv": 5.687423362614078,
          "stddevserv": 5.687423362614078,
          "rate": 0.1758265450350395,
          "cv": 1.0,
          "lambda": 0.125
        }
      },
      "sensors": [
        "S3"
      ],
      "sources": [
        {
          "startTime": 0,
          "stopTime": -1,
          "lambda": 0.125
        }
      ]
    },
    "SC4": {
      "resptime": 28.711219095144518,
      "resptime_old": 18.711219095144518,
      "waittime": 15.632502913804416,
      "servicetime": 10.0,
      "networktime": 3.078716181340103,
      "services": {
        "MS4_1": {
          "meanserv": 5.279332433859549,
          "stddevserv": 5.279332433859549,
          "rate": 0.18941788806220947,
          "cv": 1.0,
          "lambda": 0.125
        },
        "MS4_2": {
          "meanserv": 1.0040333825957415,
          "stddevserv": 1.0040333825957415,
          "rate": 0.9959828202272379,
          "cv": 1.0,
          "lambda": 0.125
        },
        "MS4_3": {
          "meanserv": 0.281336031932641,
          "stddevserv": 0.281336031932641,
          "rate": 3.5544682745771627,
          "cv": 1.0,
          "lambda": 0.125
        },
        "MS4_4": {
          "meanserv": 2.4515971457972707,
          "stddevserv": 2.4515971457972707,
          "rate": 0.4078973585502341,
          "cv": 1.0,
          "lambda": 0.125
        },
        "MS4_5": {
          "meanserv": 0.9837010058147975,
          "stddevserv": 0.9837010058147975,
          "rate": 1.0165690530850908,
          "cv": 1.0,
          "lambda": 0.125
        }
      },
      "sensors": [
        "S4"
      ],
      "sources": [
        {
          "startTime": 0,
          "stopTime": -1,
          "lambda": 0.125
        }
      ]
    }
  },
  "microservice": {
    "MS1_1": "F9",
    "MS1_2": "F9",
    "MS1_3": "F8",
    "MS1_4": "F8",
    "MS1_5": "F3",
    "MS2_1": "F10",
    "MS2_2": "F4",
    "MS2_3": "F10",
    "MS2_4": "F5",
    "MS2_5": "F9",
    "MS3_1": "F10",
    "MS3_2": "F10",
    "MS3_3": "F7",
    "MS3_4": "F7",
    "MS3_5": "F1",
    "MS4_1": "F2",
    "MS4_2": "F7",
    "MS4_3": "F7",
    "MS4_4": "F6",
    "MS4_5": "F6"
  },
  "sensor": {
    "S1": "F9",
    "S2": "F10",
    "S3": "F10",
    "S4": "F2"
  },
  "fog": {
    "F1": {
      "rho": 0.7109279203267598,
      "capacity": 1.0,
      "tserv": 5.687423362614078,
      "stddev": 5.687423362614078,
      "mu": 0.1758265450350395,
      "cv": 1.0,
      "lambda": 0.125,
      "twait": 13.987335157970124
    },
    "F2": {
      "rho": 0.6599165542324437,
      "capacity": 1.0,
      "tserv": 5.279332433859549,
      "stddev": 5.279332433859549,
      "mu": 0.18941788806220947,
      "cv": 1.0,
      "lambda": 0.125,
      "twait": 10.244305954196307
    },
    "F3": {
      "rho": 0.5303301300055498,
      "capacity": 1.0,
      "tserv": 4.242641040044399,
      "stddev": 4.242641040044399,
      "mu": 0.23570224078856672,
      "cv": 1.0,
      "lambda": 0.125,
      "twait": 4.790599776732995
    },
    "F4": {
      "rho": 0.4555620337470241,
      "capacity": 1.0,
      "tserv": 3.6444962699761927,
      "stddev": 3.6444962699761927,
      "mu": 0.2743863420133319,
      "cv": 1.0,
      "lambda": 0.125,
      "twait": 3.0495561214449425
    },
    "F5": {
      "rho": 0.4495021741544408,
      "capacity": 1.0,
      "tserv": 3.5960173932355266,
      "stddev": 3.5960173932355266,
      "mu": 0.27808541801858394,
      "cv": 1.0,
      "lambda": 0.125,
      "twait": 2.936283415967634
    },
    "F6": {
      "rho": 0.4294122689515085,
      "capacity": 1.0,
      "tserv": 1.717649075806034,
      "stddev": 2.006907543088382,
      "mu": 0.5821910971720077,
      "cv": 1.1684037044334032,
      "lambda": 0.25,
      "twait": 1.5286860929562602
    },
    "F7": {
      "rho": 0.4878094631914135,
      "capacity": 1.0,
      "tserv": 0.9756189263828269,
      "stddev": 1.1982572739505535,
      "mu": 1.0249903655596018,
      "cv": 1.2282021612610299,
      "lambda": 0.5,
      "twait": 1.1654123868477948
    },
    "F8": {
      "rho": 0.3545997665389556,
      "capacity": 1.0,