{
  "servicechain": {
    "SC1": {
      "resptime": 15.513376537437521,
      "resptime_old": 5.513376537437521,
      "waittime": 2.2424640416336103,
      "servicetime": 10.0,
      "networktime": 3.270912495803911,
      "services": {
        "MS1_1": {
          "meanserv": 0.14312667656167122,
          "stddevserv": 0.14312667656167122,
          "rate": 6.986817719959524,
          "cv": 1.0,
          "lambda": 0.025
        },
        "MS1_2": {
          "meanserv": 0.4572003741565067,
          "stddevserv": 0.4572003741565067,
          "rate": 2.187224806727049,
          "cv": 1.0,
          "lambda": 0.025
        },
        "MS1_3": {
          "meanserv": 0.5964917971168993,
          "stddevserv": 0.5964917971168993,
          "rate": 1.6764689889004827,
          "cv": 1.0,
          "lambda": 0.025
        },
        "MS1_4": {
          "meanserv": 8.330960665113183,
          "stddevserv": 8.330960665113183,
          "rate": 0.12003417615301082,
          "cv": 1.0,
          "lambda": 0.025
        },
        "MS1_5": {
          "meanserv": 0.47222048705173947,
          "stddevserv": 0.47222048705173947,
          "rate": 2.1176548401010686,
          "cv": 1.0,
          "lambda": 0.025
        }
      },
      "sensors": [
        "S1"
      ],
      "sources": [
        {
          "startTime": 0,
          "stopTime": -1,
          "lambda": 0.025
        }
      ]
    },
    "SC2": {
      "resptime": 14.898239584812247,
      "resptime_old": 4.898239584812249,
      "waittime": 2.020862241759212,
      "servicetime": 10.0,
      "networktime": 2.877377343053036,
      "services": {
        "MS2_1": {
          "meanserv": 2.9258524220749416,
          "stddevserv": 2.9258524220749416,
          "rate": 0.34178073796723657,
          "cv": 1.0,
          "lambda": 0.025
        },
        "MS2_2": {
          "meanserv": 0.06754155024319086,
          "stddevserv": 0.06754155024319086,
          "rate": 14.805701029949546,
          "cv": 1.0,
          "lambda": 0.025
        },
        "MS2_3": {
          "meanserv": 2.7508091430420163,
          "stddevserv": 2.7508091430420163,
          "rate": 0.3635294009871356,
          "cv": 1.0,
          "lambda": 0.025
        },
        "MS2_4": {
          "meanserv": 2.6335180164621548,
          "stddevserv": 2.6335180164621548,
          "rate": 0.37972020458906575,
          "cv": 1.0,
          "lambda": 0.025
        },
        "MS2_5": {
          "meanserv": 1.6222788681776965,
          "stddevserv": 1.6222788681776965,
          "rate": 0.6164168316655068,
          "cv": 1.0,
          "lambda": 0.025
        }
      },
      "sensors": [
        "S2"
      ],
      "sources": [
        {
          "startTime": 0,
          "stopTime": -1,
          "lambda": 0.025
        }
      ]
    },
    "SC3": {
      "resptime": 14.28184607684879,
      "resptime_old": 4.281846076848791,
      "waittime": 1.1166262930306368,
      "servicetime": 10.0,
      "networktime": 3.1652197838181544,
      "services": {
        "MS3_1": {
          "meanserv": 3.707952358981028,
          "stddevserv": 3.707952358981028,
          "rate": 0.26969062792241677,
          "cv": 1.0,
          "lambda": 0.025
        },
        "MS3_2": {
          "meanserv": 0.6649647517350048,
          "stddevserv": 0.6649647517350048,
          "rate": 1.5038391093525363,
          "cv": 1.0,
          "lambda": 0.025
        },
        "MS3_3": {
          "meanserv": 3.003695115024379,
          "stddevserv": 3.003695115024379,
          "rate": 0.3329232700742611,
          "cv": 1.0,
          "lambda": 0.025
        },
        "MS3_4": {
          "meanserv": 0.7593258061979009,
          "stddevserv": 0.7593258061979009,
          "rate": 1.3169577430894965,
          "cv": 1.0,
          "lambda": 0.025
        },
        "MS3_5": {
          "meanserv": 1.8640619680616872,
          "stddevserv": 1.8640619680616872,
          "rate": 0.5364628521657103,
          "cv": 1.0,
          "lambda": 0.025
        }
      },
      "sensors": [
        "S3"
      ],
      "sources": [
        {
          "startTime": 0,
          "stopTime": -1,
          "lambda": 0.025
        }
      ]
    },
    "SC4": {
      "resptime": 14.169372137568349,
      "resptime_old": 4.169372137568351,
      "waittime": 2.5339158896663947,
      "servicetime": 10.0,
      "networktime": 1.6354562479019554,
      "services": {
        "MS4_1": {
          "meanserv": 1.6223102661089295,
          "stddevserv": 1.6223102661089295,
          "rate": 0.6164049016335666,
          "cv": 1.0,
          "lambda": 0.025
        },
        "MS4_2": {
          "meanserv": 0.7006161477580009,
          "stddevserv": 0.7006161477580009,
          "rate": 1.4273150900104703,
          "cv": 1.0,
          "lambda": 0.025
        },
        "MS4_3": {
          "meanserv": 1.875841104845723,
          "stddevserv": 1.875841104845723,
          "rate": 0.5330941930085513,
          "cv": 1.0,
          "lambda": 0.025
        },
        "MS4_4": {
          "meanserv": 4.508296152301346,
          "stddevserv": 4.508296152301346,
          "rate": 0.22181328959268365,
          "cv": 1.0,
          "lambda": 0.025
        },
        "MS4_5": {
          "meanserv": 1.2929363289860003,
          "stddevserv": 1.2929363289860003,
          "rate": 0.7734332910146172,
          "cv": 1.0,
          "lambda": 0.025
        }
      },
      "sensors": [
        "S4"
      ],
      "sources": [
        {
          "startTime": 0,
          "stopTime": -1,
          "lambda": 0.025
        }
      ]
    }
  },
  "microservice": {
    "MS1_1": "F9",
    "MS1_2": "F9",
    "MS1_3": "F9",
    "MS1_4": "F1",
    "MS1_5": "F10",
    "MS2_1": "F5",
    "MS2_2": "F5",
    "MS2_3": "F6",
    "MS2_4": "F6",
    "MS2_5": "F6",
    "MS3_1": "F3",
    "MS3_2": "F4",
    "MS3_3": "F4",
    "MS3_4": "F7",
    "MS3_5": "F7",
    "MS4_1": "F8",
    "MS4_2": "F8",
    "MS4_3": "F2",
    "MS4_4": "F2",
    "MS4_5": "F2"
  },
  "sensor": {
    "S1": "F9",
    "S2": "F5",
    "S3": "F3",
    "S4": "F8"
  },
  "fog": {
    "F1": {
      "rho": 0.2082740166278296,
      "capacity": 1.0,
      "tserv": 8.330960665113183,
      "stddev": 8.330960665113183,
      "mu": 0.12003417615301082,
      "cv": 1.0,
      "lambda": 0.025,
      "twait": 2.191569654820764
    },
    "F2": {
      "rho": 0.1919268396533268,
      "capacity": 1.0,
      "tserv": 2.5590245287110234,
      "stddev": 3.2344281916570385,
      "mu": 0.390773901844426,
      "cv": 1.2639301246894319,
      "lambda": 0.07500000000000001,
      "twait": 0.7893839212327451
    },
    "F3": {
      "rho": 0.0926988089745257,
      "capacity": 1.0,
      "tserv": 3.707952358981028,
      "stddev": 3.707952358981028,
      "mu": 0.26969062792241677,
      "cv": 1.0,
      "lambda": 0.025,
      "twait": 0.3788408643256962
    },
    "F4": {
      "rho": 0.0917164966689846,
      "capacity": 1.0,
      "tserv": 1.8343299333796919,
      "stddev": 2.4697360507913735,
      "mu": 0.5451581974446295,
      "cv": 1.346396853613443,
      "lambda": 0.05,
      "twait": 0.2605013310921634
    },
    "F5": {
      "rho": 0.07483484930795332,
      "capacity": 1.0,
      "tserv": 1.4966969861590662,
      "stddev": 2.514969659537352,
      "mu": 0.6681379125151267,
      "cv": 1.6803465783621654,
      "lambda": 0.05,
      "twait": 0.23144987277039392
    },
    "F6": {
      "rho": 0.1751651506920467,
      "capacity": 1.0,
      "tserv": 2.3355353425606222,
      "stddev": 2.442958425909806,
      "mu": 0.42816735922464144,
      "cv": 1.0459950579173887,
      "lambda": 0.07500000000000001,
      "twait": 0.5193208320728081
    },
    "F7": {
      "rho": 0.0655846943564897,
      "capacity": 1.0,
      "tserv": 1.311693887129794,
      "stddev": 1.5266832831987236,
      "mu": 0.7623729970932224,
      "cv": 1.1639021102243317,
      "lambda": 0.05,
      "twait": 0.10839138326030695
    },