{
  "servicechain": {
    "SC1": {
      "resptime": 35.398428905276475,
      "resptime_old": 25.398428905276475,
      "waittime": 21.52130147129528,
      "servicetime": 10.0,
      "networktime": 3.877127433981195,
      "services": {
        "MS1_1": {
          "meanserv": 0.6223186117699253,
          "stddevserv": 0.6223186117699253,
          "rate": 1.6068939303549314,
          "cv": 1.0,
          "lambda": 0.15
        },
        "MS1_2": {
          "meanserv": 3.1587559011359745,
          "stddevserv": 3.1587559011359745,
          "rate": 0.3165803345679142,
          "cv": 1.0,
          "lambda": 0.15
        },
        "MS1_3": {
          "meanserv": 0.7005517850378999,
          "stddevserv": 0.7005517850378999,
          "rate": 1.4274462236162881,
          "cv": 1.0,
          "lambda": 0.15
        },
        "MS1_4": {
          "meanserv": 0.8717400050752246,
          "stddevserv": 0.8717400050752246,
          "rate": 1.1471310186271737,
          "cv": 1.0,
          "lambda": 0.15
        },
        "MS1_5": {
          "meanserv": 0.7816932582325213,
          "stddevserv": 0.7816932582325213,
          "rate": 1.2792741775221266,
          "cv": 1.0,
          "lambda": 0.15
        },
        "MS1_6": {
          "meanserv": 0.01978602618136094,
          "stddevserv": 0.01978602618136094,
          "rate": 50.54071953781359,
          "cv": 1.0,
          "lambda": 0.15
        },
        "MS1_7": {
          "meanserv": 1.421757016330126,
          "stddevserv": 1.421757016330126,
          "rate": 0.7033550659600221,
          "cv": 1.0,
          "lambda": 0.15
        },
        "MS1_8": {
          "meanserv": 0.6841355977077948,
          "stddevserv": 0.6841355977077948,
          "rate": 1.4616985336686368,
          "cv": 1.0,
          "lambda": 0.15
        },
        "MS1_9": {
          "meanserv": 0.8278419287088106,
          "stddevserv": 0.8278419287088106,
          "rate": 1.2079600770641146,
          "cv": 1.0,
          "lambda": 0.15
        },
        "MS1_10": {
          "meanserv": 0.8523772744431604,
          "stddevserv": 0.8523772744431604,
          "rate": 1.1731894197358539,
          "cv": 1.0,
          "lambda": 0.15
        },
        "MS1_11": {
          "meanserv": 0.044810596101493516,
          "stddevserv": 0.044810596101493516,
          "rate": 22.31615035281065,
          "cv": 1.0,
          "lambda": 0.15
        },
        "MS1_12": {
          "meanserv": 0.014231999275708063,
          "stddevserv": 0.014231999275708063,
          "rate": 70.26419694293081,
          "cv": 1.0,
          "lambda": 0.15
        }
      },
      "sensors": [
        "S1"
      ],
      "sources": [
        {
          "startTime": 0,
          "stopTime": -1,
          "lambda": 0.15
        }
      ]
    },
    "SC2": {
      "resptime": 28.124934681925815,
      "resptime_old": 18.124934681925815,
      "waittime": 15.403129405249434,
      "servicetime": 10.0,
      "networktime": 2.721805276676382,
      "services": {
        "MS2_1": {
          "meanserv": 0.8497272013972246,
          "stddevserv": 0.8497272013972246,
          "rate": 1.1768482853740339,
          "cv": 1.0,
          "lambda": 0.15
        },
        "MS2_2": {
          "meanserv": 0.31303429791142423,
          "stddevserv": 0.31303429791142423,
          "rate": 3.1945381278410543,
          "cv": 1.0,
          "lambda": 0.15
        },
        "MS2_3": {
          "meanserv": 0.5522808717281902,
          "stddevserv": 0.5522808717281902,
          "rate": 1.8106728861907038,
          "cv": 1.0,
          "lambda": 0.15
        },
        "MS2_4": {
          "meanserv": 1.105193430450865,
          "stddevserv": 1.105193430450865,
          "rate": 0.9048189868374885,
          "cv": 1.0,
          "lambda": 0.15
        },
        "MS2_5": {
          "meanserv": 0.2365833156147188,
          "stddevserv": 0.2365833156147188,
          "rate": 4.226840753337494,
          "cv": 1.0,
          "lambda": 0.15
        },
        "MS2_6": {
          "meanserv": 0.46806598495172214,
          "stddevserv": 0.46806598495172214,
          "rate": 2.136450911089263,
          "cv": 1.0,
          "lambda": 0.15
        },
        "MS2_7": {
          "meanserv": 0.8623951680098356,
          "stddevserv": 0.8623951680098356,
          "rate": 1.1595612279550656,
          "cv": 1.0,
          "lambda": 0.15
        },
        "MS2_8": {
          "meanserv": 1.3543497570933765,
          "stddevserv": 1.3543497570933765,
          "rate": 0.7383617080909288,
          "cv": 1.0,
          "lambda": 0.15
        },
        "MS2_9": {
          "meanserv": 1.076422954690294,
          "stddevserv": 1.076422954690294,
          "rate": 0.9290028567699189,
          "cv": 1.0,
          "lambda": 0.15
        },
        "MS2_10": {
          "meanserv": 0.6295356560198062,
          "stddevserv": 0.6295356560198062,
          "rate": 1.5884723771206668,
          "cv": 1.0,
          "lambda": 0.15
        },
        "MS2_11": {
          "meanserv": 1.4355402722361115,
          "stddevserv": 1.4355402722361115,
          "rate": 0.6966018434594807,
          "cv": 1.0,
          "lambda": 0.15
        },
        "MS2_12": {
          "meanserv": 1.1168710898964314,
          "stddevserv": 1.1168710898964314,
          "rate": 0.8953584787414732,
          "cv": 1.0,
          "lambda": 0.15
        }
      },
      "sensors": [
        "S2"
      ],
      "sources": [
        {
          "startTime": 0,
          "stopTime": -1,
          "lambda": 0.15
        }
      ]
    },
    "SC3": {
      "resptime": 33.60660861536855,
      "resptime_old": 23.60660861536855,
      "waittime": 20.23451395427138,
      "servicetime": 10.0,
      "networktime": 3.372094661097171,
      "services": {
        "MS3_1": {
          "meanserv": 1.4294414002546818,
          "stddevserv": 1.4294414002546818,
          "rate": 0.6995739733170113,
          "cv": 1.0,
          "lambda": 0.15
        },
        "MS3_2": {
          "meanserv": 0.19704670960164705,
          "stddevserv": 0.19704670960164705,
          "rate": 5.0749388407531235,
          "cv": 1.0,
          "lambda": 0.15
        },
        "MS3_3": {
          "meanserv": 0.8242367739094469,
          "stddevserv": 0.8242367739094469,
          "rate": 1.2132436111251,
          "cv": 1.0,
          "lambda": 0.15
        },
        "MS3_4": {
          "meanserv": 0.5330951808502027,
          "stddevserv": 0.5330951808502027,
          "rate": 1.8758376288548657,
          "cv": 1.0,
          "lambda": 0.15
        },
        "MS3_5": {
          "meanserv": 1.0183185737902423,
          "stddevserv": 1.0183185737902423,
          "rate": 0.9820109597706154,
          "cv": 1.0,
          "lambda": 0.15
        },
        "MS3_6": {
          "meanserv": 0.6436659898989996,
          "stddevserv": 0.6436659898989996,
          "rate": 1.5536008049095686,
          "cv": 1.0,
          "lambda": 0.15
        },
        "MS3_7": {
          "meanserv": 0.12865794839551103,
          "stddevserv": 0.12865794839551103,
          "rate": 7.772547382194155,
          "cv": 1.0,
          "lambda": 0.15
        },
        "MS3_8": {
          "meanserv": 1.5376731017424712,
          "stddevserv": 1.5376731017424712,
          "rate": 0.6503332853171542,
          "cv": 1.0,
          "lambda": 0.15
        },
        "MS3_9": {
          "meanserv": 1.5545630911182462,
          "stddevserv": 1.5545630911182462,
          "rate": 0.6432675558253917,
          "cv": 1.0,
          "lambda": 0.15
        },
        "MS3_10": {
          "meanserv": 1.0565875973593446,
          "stddevserv": 1.0565875973593446,
          "rate": 0.946443061133057,
          "cv": 1.0,
          "lambda": 0.15
        },
        "MS3_11": {
          "meanserv": 0.07263176344892841,
          "stddevserv": 0.07263176344892841,
          "rate": 13.768080967814553,