{
  "servicechain": {
    "SC1": {
      "resptime": 33.53145072180201,
      "resptime_old": 23.53145072180201,
      "waittime": 18.307715209255512,
      "servicetime": 10.0,
      "networktime": 5.223735512546499,
      "services": {
        "MS1_1": {
          "meanserv": 0.10813975073670656,
          "stddevserv": 0.10813975073670656,
          "rate": 9.247293369805814,
          "cv": 1.0,
          "lambda": 0.15
        },
        "MS1_2": {
          "meanserv": 1.3072111920208496,
          "stddevserv": 1.3072111920208496,
          "rate": 0.7649873303594316,
          "cv": 1.0,
          "lambda": 0.15
        },
        "MS1_3": {
          "meanserv": 1.9574660078428563,
          "stddevserv": 1.9574660078428563,
          "rate": 0.5108645544767382,
          "cv": 1.0,
          "lambda": 0.15
        },
        "MS1_4": {
          "meanserv": 0.28404172794465055,
          "stddevserv": 0.28404172794465055,
          "rate": 3.520609479586266,
          "cv": 1.0,
          "lambda": 0.15
        },
        "MS1_5": {
          "meanserv": 0.8456798530021641,
          "stddevserv": 0.8456798530021641,
          "rate": 1.1824805763670487,
          "cv": 1.0,
          "lambda": 0.15
        },
        "MS1_6": {
          "meanserv": 2.8179705607392256,
          "stddevserv": 2.8179705607392256,
          "rate": 0.3548653112038454,
          "cv": 1.0,
          "lambda": 0.15
        },
        "MS1_7": {
          "meanserv": 0.057188213008084965,
          "stddevserv": 0.057188213008084965,
          "rate": 17.48612078259248,
          "cv": 1.0,
          "lambda": 0.15
        },
        "MS1_8": {
          "meanserv": 1.0776316052329626,
          "stddevserv": 1.0776316052329626,
          "rate": 0.9279609053261014,
          "cv": 1.0,
          "lambda": 0.15
        },
        "MS1_9": {
          "meanserv": 1.277151157990609,
          "stddevserv": 1.277151157990609,
          "rate": 0.7829926737672449,
          "cv": 1.0,
          "lambda": 0.15
        },
        "MS1_10": {
          "meanserv": 0.2675199314818908,
          "stddevserv": 0.2675199314818908,
          "rate": 3.738039234910962,
          "cv": 1.0,
          "lambda": 0.15
        }
      },
      "sensors": [
        "S1"
      ],
      "sources": [
        {
          "startTime": 0,
          "stopTime": -1,
          "lambda": 0.15
        }
      ]
    },
    "SC2": {
      "resptime": 32.03226162810807,
      "resptime_old": 22.032261628108063,
      "waittime": 17.778881030621275,
      "servicetime": 10.0,
      "networktime": 4.253380597486792,
      "services": {
        "MS2_1": {
          "meanserv": 0.8337685392107852,
          "stddevserv": 0.8337685392107852,
          "rate": 1.1993736306560132,
          "cv": 1.0,
          "lambda": 0.15
        },
        "MS2_2": {
          "meanserv": 2.1873815910415635,
          "stddevserv": 2.1873815910415635,
          "rate": 0.4571676035381787,
          "cv": 1.0,
          "lambda": 0.15
        },
        "MS2_3": {
          "meanserv": 0.1429826147541391,
          "stddevserv": 0.1429826147541391,
          "rate": 6.993857272225131,
          "cv": 1.0,
          "lambda": 0.15
        },
        "MS2_4": {
          "meanserv": 0.4344505543563928,
          "stddevserv": 0.4344505543563928,
          "rate": 2.3017579100144734,
          "cv": 1.0,
          "lambda": 0.15
        },
        "MS2_5": {
          "meanserv": 1.1708394333827563,
          "stddevserv": 1.1708394333827563,
          "rate": 0.8540880768858529,
          "cv": 1.0,
          "lambda": 0.15
        },
        "MS2_6": {
          "meanserv": 3.194547453260318,
          "stddevserv": 3.194547453260318,
          "rate": 0.3130333841118596,
          "cv": 1.0,
          "lambda": 0.15
        },
        "MS2_7": {
          "meanserv": 0.41052997206556974,
          "stddevserv": 0.41052997206556974,
          "rate": 2.4358757412242737,
          "cv": 1.0,
          "lambda": 0.15
        },
        "MS2_8": {
          "meanserv": 0.9853458351851181,
          "stddevserv": 0.9853458351851181,
          "rate": 1.0148721030643306,
          "cv": 1.0,
          "lambda": 0.15
        },
        "MS2_9": {
          "meanserv": 0.5911173561717042,
          "stddevserv": 0.5911173561717042,
          "rate": 1.6917114504577768,
          "cv": 1.0,
          "lambda": 0.15
        },
        "MS2_10": {
          "meanserv": 0.04903665057165263,
          "stddevserv": 0.04903665057165263,
          "rate": 20.39290996310595,
          "cv": 1.0,
          "lambda": 0.15
        }
      },
      "sensors": [
        "S2"
      ],
      "sources": [
        {
          "startTime": 0,
          "stopTime": -1,
          "lambda": 0.15
        }
      ]
    },
    "SC3": {
      "resptime": 34.633633647069,
      "resptime_old": 24.633633647068997,
      "waittime": 21.04139173889307,
      "servicetime": 10.0,
      "networktime": 3.592241908175927,
      "services": {
        "MS3_1": {
          "meanserv": 0.2585592736576603,
          "stddevserv": 0.2585592736576603,
          "rate": 3.867585122179868,
          "cv": 1.0,
          "lambda": 0.15
        },
        "MS3_2": {
          "meanserv": 0.6554634788407931,
          "stddevserv": 0.6554634788407931,
          "rate": 1.525638013834928,
          "cv": 1.0,
          "lambda": 0.15
        },
        "MS3_3": {
          "meanserv": 0.010044666748623143,
          "stddevserv": 0.010044666748623143,
          "rate": 99.55531876028375,
          "cv": 1.0,
          "lambda": 0.15
        },
        "MS3_4": {
          "meanserv": 1.520426947736282,
          "stddevserv": 1.520426947736282,
          "rate": 0.6577099948727362,
          "cv": 1.0,
          "lambda": 0.15
        },
        "MS3_5": {
          "meanserv": 0.5813283759273546,
          "stddevserv": 0.5813283759273546,
          "rate": 1.7201981554827188,
          "cv": 1.0,
          "lambda": 0.15
        },
        "MS3_6": {
          "meanserv": 1.1244927349196177,
          "stddevserv": 1.1244927349196177,
          "rate": 0.8892898717317931,
          "cv": 1.0,
          "lambda": 0.15
        },
        "MS3_7": {
          "meanserv": 2.663722091260202,
          "stddevserv": 2.663722091260202,
          "rate": 0.37541453865665914,
          "cv": 1.0,
          "lambda": 0.15
        },
        "MS3_8": {
          "meanserv": 0.9761472693317605,
          "stddevserv": 0.9761472693317605,
          "rate": 1.0244355861227459,
          "cv": 1.0,
          "lambda": 0.15
        },
        "MS3_9": {
          "meanserv": 1.4908712425943556,
          "stddevserv": 1.4908712425943556,
          "rate": 0.6707487349878983,
          "cv": 1.0,
          "lambda": 0.15
        },
        "MS3_10": {
          "meanserv": 0.7189439189833511,
          "stddevserv": 0.7189439189833511,
          "rate": 1.390929074710148,
          "cv": 1.0,
          "lambda": 0.15
        }
      },
      "sensors": [
        "S3"
      ],
      "sources": [
        {
          "startTime": 0,
          "stopTime": -1,
          "lambda": 0.15
        }
      ]
    },
    "SC4": {
      "resptime": 36.62929067355789,
      "resptime_old": 26.629290673557893,
      "waittime": 20.772478066430846,
      "servicetime": 10.0,
      "networktime": 5.856812607127046,
      "services": {
        "MS4_1": {
          "meanserv": 0.2977451452832358,
          "stddevserv": 0.2977451452832358,
          "rate": 3.3585770107140815,
          "cv": 1.0,
          "lambda": 0.15
        },
        "MS4_2": {
          "meanserv": 0.005474949314817623,
          "stddevserv": 0.005474949314817623,
          "rate": 182.65009272205677,
          "cv": 1.0,
          "lambda": 0.15
        },
        "MS4_3": {
          "meanserv": 1.0177824350685838,
          "stddevserv": 1.0177824350685838,
          "rate": 0.9825282551006242,
          "cv": 1.0,