{
  "servicechain": {
    "SC1": {
      "resptime": 36.90771323910103,
      "resptime_old": 26.907713239101025,
      "waittime": 23.651932629540532,
      "servicetime": 10.0,
      "networktime": 3.2557806095604933,
      "services": {
        "MS1_1": {
          "meanserv": 0.9230937648895532,
          "stddevserv": 0.9230937648895532,
          "rate": 1.0833135679555246,
          "cv": 1.0,
          "lambda": 0.15
        },
        "MS1_2": {
          "meanserv": 1.629994711970404,
          "stddevserv": 1.629994711970404,
          "rate": 0.6134989228223687,
          "cv": 1.0,
          "lambda": 0.15
        },
        "MS1_3": {
          "meanserv": 0.24719232313607176,
          "stddevserv": 0.24719232313607176,
          "rate": 4.045433075401499,
          "cv": 1.0,
          "lambda": 0.15
        },
        "MS1_4": {
          "meanserv": 1.9872694950445173,
          "stddevserv": 1.9872694950445173,
          "rate": 0.5032030142331545,
          "cv": 1.0,
          "lambda": 0.15
        },
        "MS1_5": {
          "meanserv": 0.9105726617484233,
          "stddevserv": 0.9105726617484233,
          "rate": 1.0982099968605075,
          "cv": 1.0,
          "lambda": 0.15
        },
        "MS1_6": {
          "meanserv": 0.17279122284139703,
          "stddevserv": 0.17279122284139703,
          "rate": 5.787330997234089,
          "cv": 1.0,
          "lambda": 0.15
        },
        "MS1_7": {
          "meanserv": 0.6152638223429099,
          "stddevserv": 0.6152638223429099,
          "rate": 1.6253190317480783,
          "cv": 1.0,
          "lambda": 0.15
        },
        "MS1_8": {
          "meanserv": 0.5096472441567341,
          "stddevserv": 0.5096472441567341,
          "rate": 1.9621414840663114,
          "cv": 1.0,
          "lambda": 0.15
        },
        "MS1_9": {
          "meanserv": 0.10650413137277148,
          "stddevserv": 0.10650413137277148,
          "rate": 9.38930712931627,
          "cv": 1.0,
          "lambda": 0.15
        },
        "MS1_10": {
          "meanserv": 2.897670622497218,
          "stddevserv": 2.897670622497218,
          "rate": 0.3451047859739828,
          "cv": 1.0,
          "lambda": 0.15
        }
      },
      "sensors": [
        "S1"
      ],
      "sources": [
        {
          "startTime": 0,
          "stopTime": -1,
          "lambda": 0.15
        }
      ]
    },
    "SC2": {
      "resptime": 39.47263732102536,
      "resptime_old": 29.472637321025363,
      "waittime": 24.379441582941258,
      "servicetime": 10.0,
      "networktime": 5.093195738084102,
      "services": {
        "MS2_1": {
          "meanserv": 0.36144871649944066,
          "stddevserv": 0.36144871649944066,
          "rate": 2.7666442135548364,
          "cv": 1.0,
          "lambda": 0.15
        },
        "MS2_2": {
          "meanserv": 1.811698660793749,
          "stddevserv": 1.811698660793749,
          "rate": 0.5519681730966649,
          "cv": 1.0,
          "lambda": 0.15
        },
        "MS2_3": {
          "meanserv": 2.361014774807689,
          "stddevserv": 2.361014774807689,
          "rate": 0.4235466930025682,
          "cv": 1.0,
          "lambda": 0.15
        },
        "MS2_4": {
          "meanserv": 1.7824603708788445,
          "stddevserv": 1.7824603708788445,
          "rate": 0.561022290502284,
          "cv": 1.0,
          "lambda": 0.15
        },
        "MS2_5": {
          "meanserv": 0.13952858608553775,
          "stddevserv": 0.13952858608553775,
          "rate": 7.166990134816903,
          "cv": 1.0,
          "lambda": 0.15
        },
        "MS2_6": {
          "meanserv": 0.38867878612661233,
          "stddevserv": 0.38867878612661233,
          "rate": 2.5728185733148026,
          "cv": 1.0,
          "lambda": 0.15
        },
        "MS2_7": {
          "meanserv": 0.2733817801485543,
          "stddevserv": 0.2733817801485543,
          "rate": 3.657888244990595,
          "cv": 1.0,
          "lambda": 0.15
        },
        "MS2_8": {
          "meanserv": 0.4742905721199522,
          "stddevserv": 0.4742905721199522,
          "rate": 2.1084121396937476,
          "cv": 1.0,
          "lambda": 0.15
        },
        "MS2_9": {
          "meanserv": 1.3970942511036997,
          "stddevserv": 1.3970942511036997,
          "rate": 0.7157713226648835,
          "cv": 1.0,
          "lambda": 0.15
        },
        "MS2_10": {
          "meanserv": 1.0104035014359205,
          "stddevserv": 1.0104035014359205,
          "rate": 0.9897036169994109,
          "cv": 1.0,
          "lambda": 0.15
        }
      },
      "sensors": [
        "S2"
      ],
      "sources": [
        {
          "startTime": 0,
          "stopTime": -1,
          "lambda": 0.15
        }
      ]
    },
    "SC3": {
      "resptime": 37.95688385776934,
      "resptime_old": 27.956883857769345,
      "waittime": 21.678961796773592,
      "servicetime": 10.0,
      "networktime": 6.277922060995751,
      "services": {
        "MS3_1": {
          "meanserv": 1.496345958610038,
          "stddevserv": 1.496345958610038,
          "rate": 0.6682946508766623,
          "cv": 1.0,
          "lambda": 0.15
        },
        "MS3_2": {
          "meanserv": 1.2538972431207018,
          "stddevserv": 1.2538972431207018,
          "rate": 0.7975135167465542,
          "cv": 1.0,
          "lambda": 0.15
        },
        "MS3_3": {
          "meanserv": 0.503038377794629,
          "stddevserv": 0.503038377794629,
          "rate": 1.9879198966569924,
          "cv": 1.0,
          "lambda": 0.15
        },
        "MS3_4": {
          "meanserv": 0.8501225948029494,
          "stddevserv": 0.8501225948029494,
          "rate": 1.176300931316607,
          "cv": 1.0,
          "lambda": 0.15
        },
        "MS3_5": {
          "meanserv": 1.514207195044003,
          "stddevserv": 1.514207195044003,
          "rate": 0.6604116023705329,
          "cv": 1.0,
          "lambda": 0.15
        },
        "MS3_6": {
          "meanserv": 1.1046530247966464,
          "stddevserv": 1.1046530247966464,
          "rate": 0.905261631980855,
          "cv": 1.0,
          "lambda": 0.15
        },
        "MS3_7": {
          "meanserv": 0.5959931971894701,
          "stddevserv": 0.5959931971894701,
          "rate": 1.6778715004058906,
          "cv": 1.0,
          "lambda": 0.15
        },
        "MS3_8": {
          "meanserv": 0.8225278217456617,
          "stddevserv": 0.8225278217456617,
          "rate": 1.2157643468857828,
          "cv": 1.0,
          "lambda": 0.15
        },
        "MS3_9": {
          "meanserv": 0.3340361606303013,
          "stddevserv": 0.3340361606303013,
          "rate": 2.9936878633531014,
          "cv": 1.0,
          "lambda": 0.15
        },
        "MS3_10": {
          "meanserv": 1.5251784262655992,
          "stddevserv": 1.5251784262655992,
          "rate": 0.6556609920378306,
          "cv": 1.0,
          "lambda": 0.15
        }
      },
      "sensors": [
        "S3"
      ],
      "sources": [
        {
          "startTime": 0,
          "stopTime": -1,
          "lambda": 0.15
        }
      ]
    },
    "SC4": {
      "resptime": 38.60541475140621,
      "resptime_old": 28.605414751406208,
      "waittime": 24.454072499868637,
      "servicetime": 10.0,
      "networktime": 4.151342251537569,
      "services": {
        "MS4_1": {
          "meanserv": 0.06923233694044573,
          "stddevserv": 0.06923233694044573,
          "rate": 14.444117361807516,
          "cv": 1.0,
          "lambda": 0.15
        },
        "MS4_2": {
          "meanserv": 1.315385849186429,
          "stddevserv": 1.315385849186429,
          "rate": 0.7602332050466437,
          "cv": 1.0,
          "lambda": 0.15
        },
        "MS4_3": {
          "meanserv": 0.006205502352497616,
          "stddevserv": 0.006205502352497616,
          "rate": 161.1473081784452,
          "cv": 1.0,