{
  "servicechain": {
    "SC1": {
      "resptime": 44.90777104274059,
      "resptime_old": 34.90777104274059,
      "waittime": 28.984496192462814,
      "servicetime": 10.0,
      "networktime": 5.923274850277778,
      "services": {
        "MS1_1": {
          "meanserv": 2.4223968836823087,
          "stddevserv": 2.4223968836823087,
          "rate": 0.4128142695097471,
          "cv": 1.0,
          "lambda": 0.2
        },
        "MS1_2": {
          "meanserv": 3.518270888609841,
          "stddevserv": 3.518270888609841,
          "rate": 0.28423053018385563,
          "cv": 1.0,
          "lambda": 0.2
        },
        "MS1_3": {
          "meanserv": 1.5493615781312293,
          "stddevserv": 1.5493615781312293,
          "rate": 0.6454271321263532,
          "cv": 1.0,
          "lambda": 0.2
        },
        "MS1_4": {
          "meanserv": 1.1249574925189219,
          "stddevserv": 1.1249574925189219,
          "rate": 0.8889224763158595,
          "cv": 1.0,
          "lambda": 0.2
        },
        "MS1_5": {
          "meanserv": 1.3850131570576991,
          "stddevserv": 1.3850131570576991,
          "rate": 0.7220148017397789,
          "cv": 1.0,
          "lambda": 0.2
        }
      },
      "sensors": [
        "S1"
      ],
      "sources": [
        {
          "startTime": 0,
          "stopTime": -1,
          "lambda": 0.2
        }
      ]
    },
    "SC2": {
      "resptime": 8497.184271641509,
      "resptime_old": 8487.18427164151,
      "waittime": 8483.257944172075,
      "servicetime": 9.999999999999998,
      "networktime": 3.926327469433532,
      "services": {
        "MS2_1": {
          "meanserv": 1.2063910716474202,
          "stddevserv": 1.2063910716474202,
          "rate": 0.8289186015231551,
          "cv": 1.0,
          "lambda": 0.2
        },
        "MS2_2": {
          "meanserv": 0.2652602732402254,
          "stddevserv": 0.2652602732402254,
          "rate": 3.7698822661408427,
          "cv": 1.0,
          "lambda": 0.2
        },
        "MS2_3": {
          "meanserv": 6.510806685137547,
          "stddevserv": 6.510806685137547,
          "rate": 0.1535907988610284,
          "cv": 1.0,
          "lambda": 0.2
        },
        "MS2_4": {
          "meanserv": 0.17365251182902686,
          "stddevserv": 0.17365251182902686,
          "rate": 5.7586267510174025,
          "cv": 1.0,
          "lambda": 0.2
        },
        "MS2_5": {
          "meanserv": 1.8438894581457799,
          "stddevserv": 1.8438894581457799,
          "rate": 0.5423318602871143,
          "cv": 1.0,
          "lambda": 0.2
        }
      },
      "sensors": [
        "S2"
      ],
      "sources": [
        {
          "startTime": 0,
          "stopTime": -1,
          "lambda": 0.2
        }
      ]
    },
    "SC3": {
      "resptime": 135.76494674266326,
      "resptime_old": 125.76494674266323,
      "waittime": 120.88848763232697,
      "servicetime": 10.0,
      "networktime": 4.876459110336273,
      "services": {
        "MS3_1": {
          "meanserv": 1.5054362280954325,
          "stddevserv": 1.5054362280954325,
          "rate": 0.6642592899900692,
          "cv": 1.0,
          "lambda": 0.2
        },
        "MS3_2": {
          "meanserv": 4.788089133998785,
          "stddevserv": 4.788089133998785,
          "rate": 0.20885158400650897,
          "cv": 1.0,
          "lambda": 0.2
        },
        "MS3_3": {
          "meanserv": 1.4991872799719168,
          "stddevserv": 1.4991872799719168,
          "rate": 0.6670280713819372,
          "cv": 1.0,
          "lambda": 0.2
        },
        "MS3_4": {
          "meanserv": 1.1425322081529137,
          "stddevserv": 1.1425322081529137,
          "rate": 0.8752488488851095,
          "cv": 1.0,
          "lambda": 0.2
        },
        "MS3_5": {
          "meanserv": 1.064755149780952,
          "stddevserv": 1.064755149780952,
          "rate": 0.939183060261062,
          "cv": 1.0,
          "lambda": 0.2
        }
      },
      "sensors": [
        "S3"
      ],
      "sources": [
        {
          "startTime": 0,
          "stopTime": -1,
          "lambda": 0.2
        }
      ]
    },
    "SC4": {
      "resptime": 50.334336625819894,
      "resptime_old": 40.33433662581989,
      "waittime": 32.57537386170864,
      "servicetime": 10.0,
      "networktime": 7.758962764111251,
      "services": {
        "MS4_1": {
          "meanserv": 1.0604655621420012,
          "stddevserv": 1.0604655621420012,
          "rate": 0.9429820596721041,
          "cv": 1.0,
          "lambda": 0.2
        },
        "MS4_2": {
          "meanserv": 1.6325320452332068,
          "stddevserv": 1.6325320452332068,
          "rate": 0.6125454032708744,
          "cv": 1.0,
          "lambda": 0.2
        },
        "MS4_3": {
          "meanserv": 1.4814457366894729,
          "stddevserv": 1.4814457366894729,
          "rate": 0.675016286613818,
          "cv": 1.0,
          "lambda": 0.2
        },
        "MS4_4": {
          "meanserv": 1.6772258760815575,
          "stddevserv": 1.6772258760815575,
          "rate": 0.5962226163218183,
          "cv": 1.0,
          "lambda": 0.2
        },
        "MS4_5": {
          "meanserv": 4.148330779853762,
          "stddevserv": 4.148330779853762,
          "rate": 0.24106081531792706,
          "cv": 1.0,
          "lambda": 0.2
        }
      },
      "sensors": [
        "S4"
      ],
      "sources": [
        {
          "startTime": 0,
          "stopTime": -1,
          "lambda": 0.2
        }
      ]
    }
  },
  "microservice": {
    "MS1_1": "F10",
    "MS1_2": "F8",
    "MS1_3": "F1",
    "MS1_4": "F1",
    "MS1_5": "F10",
    "MS2_1": "F4",
    "MS2_2": "F2",
    "MS2_3": "F5",
    "MS2_4": "F6",
    "MS2_5": "F6",
    "MS3_1": "F9",
    "MS3_2": "F7",
    "MS3_3": "F4",
    "MS3_4": "F2",
    "MS3_5": "F4",
    "MS4_1": "F1",
    "MS4_2": "F9",
    "MS4_3": "F6",
    "MS4_4": "F2",
    "MS4_5": "F3"
  },
  "sensor": {
    "S1": "F10",
    "S2": "F4",
    "S3": "F9",
    "S4": "F1"
  },
  "fog": {
    "F1": {
      "rho": 0.7469569265584305,
      "capacity": 1.0,
      "tserv": 1.2449282109307174,
      "stddev": 1.2821514452139078,
      "mu": 0.8032591688579318,
      "cv": 1.0298999042325196,
      "lambda": 0.6000000000000001,
      "twait": 3.786420867480584
    },
    "F2": {
      "rho": 0.6170036714949393,
      "capacity": 1.0,
      "tserv": 1.0283394524915654,
      "stddev": 1.3172209266223642,
      "mu": 0.972441539199044,
      "cv": 1.2809203453498428,
      "lambda": 0.6000000000000001,
      "twait": 2.187399296997934
    },
    "F3": {
      "rho": 0.8296661559707524,
      "capacity": 1.0,
      "tserv": 4.148330779853762,
      "stddev": 4.148330779853762,
      "mu": 0.24106081531792706,
      "cv": 1.0,
      "lambda": 0.2,
      "twait": 20.2057886465913
    },
    "F4": {
      "rho": 0.7540667002800578,
      "capacity": 1.0,
      "tserv": 1.2567778338000961,
      "stddev": 1.2825520553096132,
      "mu": 0.795685580303655,
      "cv": 1.0205081763986752,
      "lambda": 0.6000000000000001,
      "twait": 3.9332985428756664
    },
    "F5": {
      "rho": 1.3021613370275096,
      "capacity": 1.0,
      "tserv": 6.510806685137547,
      "stddev": 6.510806685137547,
      "mu": 0.1535907988610284,
      "cv": 1.0,
      "lambda": 0.2,
      "twait": 8469.642617508101
    },
    "F6": {
      "rho": 0.6997975413328559,
      "capacity": 1.0,
      "tserv": 1.1663292355547596,
      "stddev": 1.5458070537028992,
      "mu": 0.8573908374373846,
      "cv": 1.3253608042909448,
      "lambda": 0.6000000000000001,
      "twait": 3.747314412049943
    },
    "F7": {
      "rho": 0.957617826799757,
      "capacity": 1.0,
      "tserv": 4.788089133998785,
      "stddev": 4.788089133998785,
      "mu": 0.20885158400650897,
      "cv": 1.0,
      "lambda": 0.2,
      "twait": 108.18604061098883
    },
    "F8": {
      "rho": 0.7036541777219683,