{
  "servicechain": {
    "SC1": {
      "resptime": 38.18084866103342,
      "resptime_old": 28.180848661033423,
      "waittime": 21.563021806404965,
      "servicetime": 10.0,
      "networktime": 6.617826854628455,
      "services": {
        "MS1_1": {
          "meanserv": 0.38663282197645477,
          "stddevserv": 0.38663282197645477,
          "rate": 2.586433285430946,
          "cv": 1.0,
          "lambda": 0.15
        },
        "MS1_2": {
          "meanserv": 2.9842302454222835,
          "stddevserv": 2.9842302454222835,
          "rate": 0.33509478751981986,
          "cv": 1.0,
          "lambda": 0.15
        },
        "MS1_3": {
          "meanserv": 3.4166349151092943,
          "stddevserv": 3.4166349151092943,
          "rate": 0.2926856467975921,
          "cv": 1.0,
          "lambda": 0.15
        },
        "MS1_4": {
          "meanserv": 0.18933922810031856,
          "stddevserv": 0.18933922810031856,
          "rate": 5.281525704066803,
          "cv": 1.0,
          "lambda": 0.15
        },
        "MS1_5": {
          "meanserv": 1.5909211519969455,
          "stddevserv": 1.5909211519969455,
          "rate": 0.6285666632471298,
          "cv": 1.0,
          "lambda": 0.15
        },
        "MS1_6": {
          "meanserv": 0.87392817547879,
          "stddevserv": 0.87392817547879,
          "rate": 1.1442587938672881,
          "cv": 1.0,
          "lambda": 0.15
        },
        "MS1_7": {
          "meanserv": 0.5583134619159136,
          "stddevserv": 0.5583134619159136,
          "rate": 1.7911085227434618,
          "cv": 1.0,
          "lambda": 0.15
        }
      },
      "sensors": [
        "S1"
      ],
      "sources": [
        {
          "startTime": 0,
          "stopTime": -1,
          "lambda": 0.15
        }
      ]
    },
    "SC2": {
      "resptime": 32.491003396300485,
      "resptime_old": 22.49100339630049,
      "waittime": 17.465021091666443,
      "servicetime": 10.0,
      "networktime": 5.025982304634045,
      "services": {
        "MS2_1": {
          "meanserv": 0.6396857376492759,
          "stddevserv": 0.6396857376492759,
          "rate": 1.5632676189949315,
          "cv": 1.0,
          "lambda": 0.15
        },
        "MS2_2": {
          "meanserv": 0.9975413959442614,
          "stddevserv": 0.9975413959442614,
          "rate": 1.0024646636878776,
          "cv": 1.0,
          "lambda": 0.15
        },
        "MS2_3": {
          "meanserv": 0.17775785782979225,
          "stddevserv": 0.17775785782979225,
          "rate": 5.625630350234789,
          "cv": 1.0,
          "lambda": 0.15
        },
        "MS2_4": {
          "meanserv": 3.7751305130471313,
          "stddevserv": 3.7751305130471313,
          "rate": 0.26489150415963786,
          "cv": 1.0,
          "lambda": 0.15
        },
        "MS2_5": {
          "meanserv": 0.007091828710709791,
          "stddevserv": 0.007091828710709791,
          "rate": 141.00735378589175,
          "cv": 1.0,
          "lambda": 0.15
        },
        "MS2_6": {
          "meanserv": 1.1654697198428758,
          "stddevserv": 1.1654697198428758,
          "rate": 0.8580231497861791,
          "cv": 1.0,
          "lambda": 0.15
        },
        "MS2_7": {
          "meanserv": 3.2373229469759535,
          "stddevserv": 3.2373229469759535,
          "rate": 0.3088972019100286,
          "cv": 1.0,
          "lambda": 0.15
        }
      },
      "sensors": [
        "S2"
      ],
      "sources": [
        {
          "startTime": 0,
          "stopTime": -1,
          "lambda": 0.15
        }
      ]
    },
    "SC3": {
      "resptime": 34.71507983965822,
      "resptime_old": 24.715079839658227,
      "waittime": 19.636457607043518,
      "servicetime": 10.0,
      "networktime": 5.0786222326147055,
      "services": {
        "MS3_1": {
          "meanserv": 3.6594682981611246,
          "stddevserv": 3.6594682981611246,
          "rate": 0.27326374175792095,
          "cv": 1.0,
          "lambda": 0.15
        },
        "MS3_2": {
          "meanserv": 1.5629164651865342,
          "stddevserv": 1.5629164651865342,
          "rate": 0.6398294613145878,
          "cv": 1.0,
          "lambda": 0.15
        },
        "MS3_3": {
          "meanserv": 0.7312925406821673,
          "stddevserv": 0.7312925406821673,
          "rate": 1.3674418161946187,
          "cv": 1.0,
          "lambda": 0.15
        },
        "MS3_4": {
          "meanserv": 1.2032503885113721,
          "stddevserv": 1.2032503885113721,
          "rate": 0.8310822165926514,
          "cv": 1.0,
          "lambda": 0.15
        },
        "MS3_5": {
          "meanserv": 0.7008333740999158,
          "stddevserv": 0.7008333740999158,
          "rate": 1.426872687511929,
          "cv": 1.0,
          "lambda": 0.15
        },
        "MS3_6": {
          "meanserv": 0.09391870184897577,
          "stddevserv": 0.09391870184897577,
          "rate": 10.647506623420236,
          "cv": 1.0,
          "lambda": 0.15
        },
        "MS3_7": {
          "meanserv": 2.0483202315099103,
          "stddevserv": 2.0483202315099103,
          "rate": 0.48820491279474126,
          "cv": 1.0,
          "lambda": 0.15
        }
      },
      "sensors": [
        "S3"
      ],
      "sources": [
        {
          "startTime": 0,
          "stopTime": -1,
          "lambda": 0.15
        }
      ]
    },
    "SC4": {
      "resptime": 29.296352763247718,
      "resptime_old": 19.296352763247715,
      "waittime": 15.446557718967544,
      "servicetime": 10.0,
      "networktime": 3.8497950442801727,
      "services": {
        "MS4_1": {
          "meanserv": 2.4283843690001983,
          "stddevserv": 2.4283843690001983,
          "rate": 0.4117964243081151,
          "cv": 1.0,
          "lambda": 0.15
        },
        "MS4_2": {
          "meanserv": 0.2335744589950628,
          "stddevserv": 0.2335744589950628,
          "rate": 4.281290019047577,
          "cv": 1.0,
          "lambda": 0.15
        },
        "MS4_3": {
          "meanserv": 0.4834409104418915,
          "stddevserv": 0.4834409104418915,
          "rate": 2.0685051231720233,
          "cv": 1.0,
          "lambda": 0.15
        },
        "MS4_4": {
          "meanserv": 3.863579097422802,
          "stddevserv": 3.863579097422802,
          "rate": 0.2588273657104754,
          "cv": 1.0,
          "lambda": 0.15
        },
        "MS4_5": {
          "meanserv": 1.5109422384922429,
          "stddevserv": 1.5109422384922429,
          "rate": 0.6618386689605633,
          "cv": 1.0,
          "lambda": 0.15
        },
        "MS4_6": {
          "meanserv": 1.0485884250394903,
          "stddevserv": 1.0485884250394903,
          "rate": 0.9536630160325673,
          "cv": 1.0,
          "lambda": 0.15
        },
        "MS4_7": {
          "meanserv": 0.4314905006083123,
          "stddevserv": 0.4314905006083123,
          "rate": 2.3175481235165245,
          "cv": 1.0,
          "lambda": 0.15
        }
      },
      "sensors": [
        "S4"
      ],
      "sources": [
        {
          "startTime": 0,
          "stopTime": -1,
          "lambda": 0.15
        }
      ]
    }
  },
  "microservice": {
    "MS1_1": "F10",
    "MS1_2": "F6",
    "MS1_3": "F5",
    "MS1_4": "F10",
    "MS1_5": "F2",
    "MS1_6": "F4",
    "MS1_7": "F4",
    "MS2_1": "F10",
    "MS2_2": "F10",
    "MS2_3": "F10",
    "MS2_4": "F1",
    "MS2_5": "F10",
    "MS2_6": "F8",
    "MS2_7": "F2",
    "MS3_1": "F9",
    "MS3_2": "F7",
    "MS3_3": "F7",
    "MS3_4": "F6",
    "MS3_5": "F10",
    "MS3_6": "F10",
    "MS3_7": "F7",
    "MS4_1": "F4",
    "MS4_2": "F10",
    "MS4_3": "F10",
    "MS4_4": "F3",
    "MS4_5": "F8",
    "MS4_6": "F8",
    "MS4_7": "F8"
  },
  "sensor": {
    "S1": "F10",
    "S2": "F10",
    "S3": "F9",
    "S4": "F4"
  },
  "fog": {
    "F1": {
      "rho": 0.5662695769570697,
      "capacity": 1.0,
      "tserv": 3.7751305130471313,